#include "pet_sprites.h"

static const uint16_t s_pet_idle[128 * 150] = {
    0xEFDE,0xEFDE,0xEFDE,0xEFDE,0xEFDE,0xEFDE,0xEFDE,0xEFDE,0xEFDE,0xEFDE,0xEFDE,0xEFDE,0xEFDE,0xEFDE,0xEFDE,0xEFDE,
    0xEFDE,0xEFDE,0xEFDE,0xEFDE,0xEFDE,0xEFDE,0xEFDE,0xEFDE,0xEFDE,0xEFDE,0xEFDE,0xEFDE,0xEFDE,0xEFDE,0xEFDE,0xEFDE,
    0xEFDE,0xEFDE,0xEFDE,0xEFDE,0xEFDE,0xEFDE,0xEFDE,0xEFDE,0xEFDE,0xEFDE,0xEFDE,0xEFDE,0xEFDE,0xEFDE,0xEFDE,0xEFDE,
    0xEFDE,0xEFDE,0xEFDE,0xEFDE,0xEFDE,0xEFDE,0xEFDE,0xEFDE,0xEFDE,0xEFDE,0xEFDE,0xEFDE,0xEFDE,0xEFDE,0xEFDE,0xEFDE,
    0xEFDE,0xEFDE,0xEFDE,0xEFDE,0xEFDE,0xEFDE,0xEFDE,0xEFDE,0xEFDE,0xEFDE,0xEFDE,0xEFDE,0xEFDE,0xEFDE,0xEFDE,0xEFDE,
    0xEFDE,0xEFDE,0xEFDE,0xEFDE,0xEFDE,0xEFDE,0xEFDE,0xEFDE,0xEFDE,0xEFDE,0xEFDE,0xEFDE,0xEFDE,0xEFDE,0xEFDE,0xEFDE,
    0xEFDE,0xEFDE,0xEFDE,0xEFDE,0xEFDE,0xEFDE,0xEFDE,0xEFDE,0xEFDE,0xEFDE,0xEFDE,0xEFDE,0xEFDE,0xEFDE,0xEFDE,0xEFDE,
    0xEFDE,0xEFDE,0xEFDE,0xEFDE,0xEFDE,0xEFDE,0xEFDE,0xEFDE,0xEFDE,0xEFDE,0xEFDE,0xEFDE,0xEFDE,0xEFDE,0xEFDE,0xEFDE,
    0xEFDE,0xEFDE,0xEFDE,0xEFDE,0xEFDE,0xEFDE,0xEFDE,0xEFDE,0xEFDE,0xEFDE,0xEFDE,0xEFDE,0xEFDE,0xEFDE,0xEFDE,0xEFDE,
    0xEFDE,0xEFDE,0xEFDE,0xEFDE,0xEFDE,0xEFDE,0xEFDE,0xEFDE,0xEFDE,0xEFDE,0xEFDE,0xEFDE,0xEFDE,0xEFDE,0xEFDE,0xEFDE,
    0xEFDE,0xEFDE,0xEFDE,0xEFDE,0xEFDE,0xEFDE,0xEFDE,0xEFDE,0xEFDE,0xEFDE,0xEFDE,0xEFDE,0xEFDE,0xEFDE,0xEFDE,0xEFDE,
    0xEFDE,0xEFDE,0xEFDE,0xEFDE,0xEFDE,0xEFDE,0xEFDE,0xEFDE,0xEFDE,0xEFDE,0xEFDE,0xEFDE,0xEFDE,0xEFDE,0xEFDE,0xEFDE,
    0xEFDE,0xEFDE,0xEFDE,0xEFDE,0xEFDE,0xEFDE,0xEFDE,0xEFDE,0xEFDE,0xEFDE,0xEFDE,0xEFDE,0xEFDE,0xEFDE,0xEFDE,0xEFDE,
    0xEFDE,0xEFDE,0xEFDE,0xEFDE,0xEFDE,0xEFDE,0xEFDE,0xEFDE,0xEFDE,0xEFDE,0xEFDE,0xEFDE,0xEFDE,0xEFDE,0xEFDE,0xEFDE,
    0xEFDE,0xEFDE,0xEFDE,0xEFDE,0xEFDE,0xEFDE,0xEFDE,0xEFDE,0xEFDE,0xEFDE,0xEFDE,0xEFDE,0xEFDE,0xEFDE,0xEFDE,0xEFDE,
    0xEFDE,0xEFDE,0xEFDE,0xEFDE,0xEFDE,0xEFDE,0xEFDE,0xEFDE,0xEFDE,0xEFDE,0xEFDE,0xEFDE,0xEFDE,0xEFDE,0xEFDE,0xEFDE,
    0xEFDE,0xEFDE,0xEFDE,0xEFDE,0xEFDE,0xEFDE,0xEFDE,0xEFDE,0xEFDE,0xEFDE,0xEFDE,0xEFDE,0xEFDE,0xEFDE,0xEFDE,0xEFDE,
    0xEFDE,0xEFDE,0xEFDE,0xEFDE,0xEFDE,0xEFDE,0xEFDE,0xEFDE,0xEFDE,0xEFDE,0xEFDE,0xEFDE,0xEFDE,0xEFDE,0xEFDE,0xEFDE,
    0xEFDE,0xEFDE,0xEFDE,0xEFDE,0xEFDE,0xEFDE,0xEFDE,0xEFDE,0xEFDE,0xEFDE,0xEFDE,0xEFDE,0xEFDE,0xEFDE,0xEFDE,0xEFDE,
    0xEFDE,0xEFDE,0xEFDE,0xEFDE,0xEFDE,0xEFDE,0xEFDE,0xEFDE,0xEFDE,0xEFDE,0xEFDE,0xEFDE,0xEFDE,0xEFDE,0xEFDE,0xEFDE,
    0xEFDE,0xEFDE,0xEFDE,0xEFDE,0xEFDE,0xEFDE,0xEFDE,0xEFDE,0xEFDE,0xEFDE,0xEFDE,0xEFDE,0xEFDE,0xEFDE,0xEFDE,0xEFDE,
    0xEFDE,0xEFDE,0xEFDE,0xEFDE,0xEFDE,0xEFDE,0xEFDE,0xEFDE,0xEFDE,0xEFDE,0xEFDE,0xEFDE,0xEFDE,0xEFDE,0xEFDE,0xEFDE,
    0xEFDE,0xEFDE,0xEFDE,0xEFDE,0xEFDE,0xEFDE,0xEFDE,0xEFDE,0xEFDE,0xEFDE,0xEFDE,0xEFDE,0xEFDE,0xEFDE,0xEFDE,0xEFDE,
    0xEFDE,0xEFDE,0xEFDE,0xEFDE,0xEFDE,0xEFDE,0xEFDE,0xEFDE,0xEFDE,0xEFDE,0xEFDE,0xEFDE,0xEFDE,0xEFDE,0xEFDE,0xEFDE,
    0xEFDE,0xEFDE,0xEFDE,0xEFDE,0xEFDE,0xEFDE,0xEFDE,0xEFDE,0xEFDE,0xEFDE,0xEFDE,0xEFDE,0xEFDE,0xEFDE,0xEFDE,0xEFDE,
    0xEFDE,0xEFDE,0xEFDE,0xEFDE,0xEFDE,0xEFDE,0xEFDE,0xEFDE,0xEFDE,0xEFDE,0xEFDE,0xEFDE,0xEFDE,0xEFDE,0xEFDE,0xEFDE,
    0xEFDE,0xEFDE,0xEFDE,0xEFDE,0xEFDE,0xEFDE,0xEFDE,0xEFDE,0xEFDE,0xEFDE,0xEFDE,0xEFDE,0xEFDE,0xEFDE,0xEFDE,0xEFDE,
    0xEFDE,0xEFDE,0xEFDE,0xEFDE,0xEFDE,0xEFDE,0xEFDE,0xEFDE,0xEFDE,0xEFDE,0xEFDE,0xEFDE,0xEFDE,0xEFDE,0xEFDE,0xEFDE,
    0xEFDE,0xEFDE,0xEFDE,0xEFDE,0xEFDE,0xEFDE,0xEFDE,0xEFDE,0xEFDE,0xEFDE,0xEFDE,0xEFDE,0xEFDE,0xEFDE,0xEFDE,0xEFDE,
    0xEFDE,0xEFDE,0xEFDE,0xEFDE,0xEFDE,0xEFDE,0xEFDE,0xEFDE,0xEFDE,0xEFDE,0xEFDE,0xEFDE,0xEFDE,0xEFDE,0xEFDE,0xEFDE,
    0xEFDE,0xEFDE,0xEFDE,0xEFDE,0xEFDE,0xEFDE,0xEFDE,0xEFDE,0xEFDE,0xEFDE,0xEFDE,0xEFDE,0xEFDE,0xEFDE,0xEFDE,0xEFDE,
    0xEFDE,0xEFDE,0xEFDE,0xEFDE,0xEFDE,0xEFDE,0xEFDE,0xEFDE,0xEFDE,0xEFDE,0xEFDE,0xEFDE,0xEFDE,0xEFDE,0xEFDE,0xEFDE,
    0xEFDE,0xEFDE,0xEFDE,0xEFDE,0xEFDE,0xEFDE,0xEFDE,0xEFDE,0xEFDE,0xEFDE,0xEFDE,0xEFDE,0xEFDE,0xEFDE,0xEFDE,0xEFDE,
    0xEFDE,0xEFDE,0xEFDE,0xEFDE,0xEFDE,0xEFDE,0xEFDE,0xEFDE,0xEFDE,0xEFDE,0xEFDE,0xEFDE,0xEFDE,0xEFDE,0xEFDE,0xEFDE,
    0xEFDE,0xEFDE,0xEFDE,0xEFDE,0xEFDE,0xEFDE,0xEFDE,0xEFDE,0xEFDE,0xEFDE,0xEFDE,0xEFDE,0xEFDE,0xEFDE,0xEFDE,0xEFDE,
    0xEFDE,0xEFDE,0xEFDE,0xEFBE,0xEFBE,0xEFBE,0xE7BE,0xE7BD,0xDEFA,0xC5D5,0x4A6A,0x526A,0x6B2D,0x9492,0xE79D,0xE7BE,
    0xE7BE,0xEFBE,0xEFDE,0xE7BE,0xE79D,0x52CC,0x5289,0x4A28,0x4229,0x5ACB,0xDEFA,0xE79D,0xEFDE,0xEFDE,0xEFDE,0xEFDE,
    0xEFDE,0xEFDE,0xEFDE,0xEFDE,0xEFDE,0xEFDE,0xEFDE,0xEFDE,0xEFDE,0xEFDE,0xEFDE,0xEFDE,0xEFDE,0xEFDE,0xEFDE,0xEFDE,
    0xEFDE,0xEFDE,0xEFDE,0xEFDE,0xEFDE,0xEFDE,0xEFDE,0xEFDE,0xEFDE,0xEFDE,0xEFDE,0xEFDE,0xEFDE,0xEFDE,0xEFDE,0xEFDE,
    0xEFDE,0xEFDE,0xEFDE,0xEFDE,0xEFDE,0xEFDE,0xEFDE,0xEFDE,0xEFDE,0xEFDE,0xEFDE,0xEFDE,0xEFDE,0xEFDE,0xEFDE,0xEFDE,
    0xEFDE,0xEFDE,0xEFDE,0xEFDE,0xEFDE,0xEFDE,0xEFDE,0xEFDE,0xEFDE,0xEFDE,0xEFDE,0xEFDE,0xEFDE,0xEFDE,0xEFDE,0xEFDE,
    0xEFDE,0xEFDE,0xEFDE,0xEFDE,0xEFDE,0xEFDE,0xEFDE,0xEFDE,0xEFDE,0xEFDE,0xEFDE,0xEFDE,0xEFDE,0xEFDE,0xEFDE,0xEFDE,
    0xEFDE,0xEFDE,0xEFDE,0xEFDE,0xEFDE,0xEFDE,0xEFDE,0xEFDE,0xEFDE,0xEFDE,0xEFDE,0xEFDE,0xEFDE,0xEFDE,0xEFDE,0xEFDE,
    0xEFBE,0xEFBE,0xEFBE,0xE7BE,0xE7BE,0xE7BE,0xBDF7,0x940E,0x7AEA,0x92C8,0xCBCA,0xED2D,0x7B0A,0xAD95,0xE79D,0xE7BE,
    0xE7BE,0xE7BE,0xCEBA,0x9CB2,0x8C50,0x7B6C,0x7268,0xEE32,0xF6B3,0x8AE8,0x7AC8,0x4208,0xCE98,0xE7BE,0xE7BE,0xEFDE,
    0xEFDE,0xEFDE,0xEFDE,0xEFDE,0xEFDE,0xEFDE,0xEFDE,0xEFDE,0xEFDE,0xEFDE,0xEFDE,0xEFDE,0xEFDE,0xEFDE,0xEFDE,0xEFDE,
    0xEFDE,0xEFDE,0xEFDE,0xEFDE,0xEFDE,0xEFDE,0xEFDE,0xEFDE,0xEFDE,0xEFDE,0xEFDE,0xEFDE,0xEFDE,0xEFDE,0xEFDE,0xEFDE,
    0xEFDE,0xEFDE,0xEFDE,0xEFDE,0xEFDE,0xEFDE,0xEFDE,0xEFDE,0xEFDE,0xEFDE,0xEFDE,0xEFDE,0xEFDE,0xEFDE,0xEFDE,0xEFDE,
    0xEFDE,0xEFDE,0xEFDE,0xEFDE,0xEFDE,0xEFDE,0xEFDE,0xEFDE,0xEFDE,0xEFDE,0xEFDE,0xEFDE,0xEFDE,0xEFDE,0xEFDE,0xEFDE,
    0xEFDE,0xEFDE,0xEFDE,0xEFDE,0xEFDE,0xEFDE,0xEFDE,0xEFDE,0xEFDE,0xEFDE,0xEFDE,0xEFDE,0xEFDE,0xEFDE,0xEFDE,0xEFDE,
    0xEFDE,0xEFDE,0xEFDE,0xEFDE,0xEFDE,0xEFDE,0xEFDE,0xEFDE,0xEFDE,0xEFDE,0xEFDE,0xEFDE,0xEFDE,0xEFDE,0xEFDE,0xEFBE,
    0xE7BE,0xE7BE,0xE77D,0x5228,0xACD1,0x7B4C,0x6A06,0xBB69,0xFEB3,0xF6D6,0x92A9,0x6268,0xDF5C,0xE7BD,0xE7BE,0xE79D,
    0xE77D,0x6289,0x72A9,0xC46D,0xBC2D,0xBC4D,0xB40B,0xA3AA,0xFF14,0xFEF5,0xE570,0xB42B,0x5207,0x632C,0xE77C,0xE7BE,
    0xEFDE,0xEFDE,0xEFDE,0xEFDE,0xEFDE,0xEFDE,0xEFDE,0xEFDE,0xEFDE,0xEFDE,0xEFDE,0xEFDE,0xEFDE,0xEFDE,0xEFDE,0xEFDE,
    0xEFDE,0xEFDE,0xEFDE,0xEFDE,0xEFDE,0xEFDE,0xEFDE,0xEFDE,0xEFDE,0xEFDE,0xEFDE,0xEFDE,0xEFDE,0xEFDE,0xEFDE,0xEFDE,
    0xEFDE,0xEFDE,0xEFDE,0xEFDE,0xEFDE,0xEFDE,0xEFDE,0xEFDE,0xEFDE,0xEFDE,0xEFDE,0xEFDE,0xEFDE,0xEFDE,0xEFDE,0xEFDE,
    0xEFDE,0xEFDE,0xEFDE,0xEFDE,0xEFDE,0xEFDE,0xEFDE,0xEFDE,0xEFDE,0xEFDE,0xEFDE,0xEFDE,0xEFDE,0xEFDE,0xEFDE,0xEFDE,
    0xEFDE,0xEFDE,0xEFDE,0xEFDE,0xEFDE,0xEFDE,0xEFDE,0xEFDE,0xEFDE,0xEFDE,0xEFDE,0xEFDE,0xEFDE,0xEFDE,0xEFDE,0xEFDE,
    0xEFDE,0xEFDE,0xEFDE,0xEFDE,0xEFDE,0xEFDE,0xEFDE,0xEFDE,0xEFDE,0xEFDE,0xEFDE,0xEFDE,0xEFDE,0xEFDE,0xEFDE,0xEFBE,
    0xE7BE,0xE7BD,0x49E7,0xDB49,0x9B29,0xA38A,0xF673,0xFF57,0xF6B3,0xCC2C,0x7248,0xD6DA,0xE7BE,0xE7BE,0xE7BD,0x83EF,
    0x7B4A,0xF6F6,0xFF37,0xFF36,0xFF15,0xFF56,0xFF57,0xFF78,0xF630,0xFEB3,0xFF57,0xFF57,0xEDF1,0x8B29,0x31A6,0xE77D,
    0xEFDE,0xEFDE,0xEFDE,0xEFDE,0xEFDE,0xEFDE,0xEFDE,0xEFDE,0xEFDE,0xEFDE,0xEFDE,0xEFDE,0xEFDE,0xEFDE,0xEFDE,0xEFDE,
    0xEFDE,0xEFDE,0xEFDE,0xEFDE,0xEFDE,0xEFDE,0xEFDE,0xEFDE,0xEFDE,0xEFDE,0xEFDE,0xEFDE,0xEFDE,0xEFDE,0xEFDE,0xEFDE,
    0xEFDE,0xEFDE,0xEFDE,0xEFDE,0xEFDE,0xEFDE,0xEFDE,0xEFDE,0xEFDE,0xEFDE,0xEFDE,0xEFDE,0xEFDE,0xEFDE,0xEFDE,0xEFDE,
    0xEFDE,0xEFDE,0xEFDE,0xEFDE,0xEFDE,0xEFDE,0xEFDE,0xEFDE,0xEFDE,0xEFDE,0xEFDE,0xEFDE,0xEFDE,0xEFDE,0xEFDE,0xEFDE,
    0xEFDE,0xEFDE,0xEFDE,0xEFDE,0xEFDE,0xEFDE,0xEFDE,0xEFDE,0xEFDE,0xEFDE,0xEFDE,0xEFDE,0xEFDE,0xEFDE,0xEFDE,0xEFDE,
    0xEFDE,0xEFDE,0xEFDE,0xEFDE,0xEFDE,0xEFDE,0xEFDE,0xEFDE,0xEFDE,0xEFDE,0xEFDE,0xEFDE,0xEFDE,0xEFDE,0xEFDE,0xEFBE,
    0xE7BE,0x9BED,0xFD0E,0xFCED,0x6227,0xFF36,0xFF56,0xFF36,0xFF34,0x6208,0xAD33,0xE79D,0xE7BE,0xE79D,0xCE98,0x7AE9,
    0xFF37,0xFF58,0xFF79,0xFF77,0xFF57,0xFF57,0xFF57,0xFF57,0xFF37,0xFF36,0xFF35,0xFF57,0xFF56,0xFF35,0xA348,0x3A09,
    0xE7BE,0xEFDE,0xEFDE,0xEFDE,0xEFDE,0xEFDE,0xEFDE,0xEFDE,0xEFDE,0xEFDE,0xEFDE,0xEFDE,0xEFDE,0xEFDE,0xEFDE,0xEFDE,
    0xEFDE,0xEFDE,0xEFDE,0xEFDE,0xEFDE,0xEFDE,0xEFDE,0xEFDE,0xEFDE,0xEFDE,0xEFDE,0xEFDE,0xEFDE,0xEFDE,0xEFDE,0xEFDE,
    0xEFDE,0xEFDE,0xEFDE,0xEFDE,0xEFDE,0xEFDE,0xEFDE,0xEFDE,0xEFDE,0xEFDE,0xEFDE,0xEFDE,0xEFDE,0xEFDE,0xEFDE,0xEFDE,
    0xEFDE,0xEFDE,0xEFDE,0xEFDE,0xEFDE,0xEFDE,0xEFDE,0xEFDE,0xEFDE,0xEFDE,0xEFDE,0xEFDE,0xEFDE,0xEFDE,0xEFDE,0xEFDE,
    0xEFDE,0xEFDE,0xEFDE,0xEFDE,0xEFDE,0xEFDE,0xEFDE,0xEFDE,0xEFDE,0xEFDE,0xEFDE,0xEFDE,0xEFDE,0xEFDE,0xEFDE,0xEFDE,
    0xEFDE,0xEFDE,0xEFDE,0xEFDE,0xEFDE,0xEFDE,0xEFDE,0xEFDE,0xEFDE,0xEFDE,0xEFDE,0xEFDE,0xEFDE,0xEFDE,0xEFDE,0xEFBE,
    0xD699,0x81E6,0xFDD0,0xE40A,0xF5F3,0xFF16,0xFF57,0xFF35,0xCBCA,0x7B2B,0xE77C,0xE79D,0xE7BD,0xE79D,0x6AEB,0xE570,
    0xCCAE,0xD4CE,0xEDF1,0xFED4,0xFF77,0xFF57,0xFF57,0xFF57,0xFF57,0xFF57,0xFF57,0xFF57,0xFF77,0xFF57,0xF632,0x9B8A,
    0x6B6E,0xEFBE,0xE7BE,0xE7BE,0xEFDE,0xEFDE,0xEFDE,0xEFDE,0xEFDE,0xEFDE,0xEFDE,0xEFDE,0xEFDE,0xEFDE,0xEFDE,0xEFDE,
    0xEFDE,0xEFDE,0xEFDE,0xEFDE,0xEFDE,0xEFDE,0xEFDE,0xEFDE,0xEFDE,0xEFDE,0xEFDE,0xEFDE,0xEFDE,0xEFDE,0xEFDE,0xEFDE,
    0xEFDE,0xEFDE,0xEFDE,0xEFDE,0xEFDE,0xEFDE,0xEFDE,0xEFDE,0xEFDE,0xEFDE,0xEFDE,0xEFDE,0xEFDE,0xEFDE,0xEFDE,0xEFDE,
    0xEFDE,0xEFDE,0xEFDE,0xEFDE,0xEFDE,0xEFDE,0xEFDE,0xEFDE,0xEFDE,0xEFDE,0xEFDE,0xEFDE,0xEFDE,0xEFDE,0xEFDE,0xEFDE,
    0xEFDE,0xEFDE,0xEFDE,0xEFDE,0xEFDE,0xEFDE,0xEFDE,0xEFDE,0xEFDE,0xEFDE,0xEFDE,0xEFDE,0xEFDE,0xEFDE,0xEFDE,0xEFDE,
    0xEFDE,0xEFDE,0xEFDE,0xEFDE,0xEFDE,0xEFDE,0xEFDE,0xEFDE,0xEFDE,0xEFDE,0xEFDE,0xEFDE,0xEFDE,0xEFDE,0xEFDE,0xE7BE,
    0x7B2B,0xAA45,0xFE31,0xE46C,0xFE73,0xFF16,0xFF57,0xF6B3,0xB369,0xA513,0xE7BD,0xE7BD,0xE79D,0x7BAF,0xB42D,0x626A,
    0x62CA,0x4A09,0xBC2C,0xD4AC,0xF671,0xFF57,0xFF57,0xFF57,0xFF57,0xFF57,0xFF57,0xFF36,0xFF77,0xFF78,0xFF57,0xF673,
    0x830A,0xB5F7,0xE7BE,0xE7BE,0xEFDE,0xEFDE,0xEFDE,0xEFDE,0xEFDE,0xEFDE,0xEFDE,0xEFDE,0xEFDE,0xEFDE,0xEFDE,0xEFDE,
    0xEFDE,0xEFDE,0xEFDE,0xEFDE,0xEFDE,0xEFDE,0xEFDE,0xEFDE,0xEFDE,0xEFDE,0xEFDE,0xEFDE,0xEFDE,0xEFDE,0xEFDE,0xEFDE,
    0xEFDE,0xEFDE,0xEFDE,0xEFDE,0xEFDE,0xEFDE,0xEFDE,0xEFDE,0xEFDE,0xEFDE,0xEFDE,0xEFDE,0xEFDE,0xEFDE,0xEFDE,0xEFDE,
    0xEFDE,0xEFDE,0xEFDE,0xEFDE,0xEFDE,0xEFDE,0xEFDE,0xEFDE,0xEFDE,0xEFDE,0xEFDE,0xEFDE,0xEFDE,0xEFDE,0xEFDE,0xEFDE,
    0xEFDE,0xEFDE,0xEFDE,0xEFDE,0xEFDE,0xEFDE,0xEFDE,0xE7BE,0xEFDE,0xEFDE,0xEFDE,0xEFDE,0xEFDE,0xEFDE,0xEFDE,0xEFDE,
    0xEFDE,0xEFDE,0xEFDE,0xEFDE,0xEFDE,0xEFDE,0xEFDE,0xEFDE,0xEFDE,0xEFDE,0xEFDE,0xEFDE,0xEFBE,0xEFBE,0xEFBE,0xEFBE,
    0x7207,0xEC2A,0xFE10,0xF4CC,0xFE51,0xFED4,0xFF36,0xED6F,0x830B,0xE75C,0xE7BD,0xE7BD,0xE79D,0x94B2,0xC638,0xE79D,
    0xE75C,0xE75C,0xDEFA,0x3A08,0x39C6,0xAB88,0xE56D,0xFF77,0xFF77,0xFF57,0xFF58,0xFF57,0xFF57,0xFF99,0xFF78,0xFF37,
    0xE590,0x6AEA,0xDF5C,0xE79D,0xE7BE,0xEFDE,0xEFDE,0xEFDE,0xEFDE,0xEFDE,0xEFDE,0xEFDE,0xEFDE,0xEFDE,0xEFDE,0xEFDE,
    0xEFDE,0xEFDE,0xEFDE,0xEFDE,0xEFDE,0xEFDE,0xEFDE,0xEFDE,0xEFDE,0xEFDE,0xEFDE,0xEFDE,0xEFDE,0xEFDE,0xEFDE,0xEFDE,
    0xEFDE,0xEFDE,0xEFDE,0xEFDE,0xEFDE,0xEFDE,0xEFDE,0xEFDE,0xEFDE,0xEFDE,0xEFDE,0xEFDE,0xEFDE,0xEFDE,0xEFDE,0xEFDE,
    0xEFDE,0xEFDE,0xEFDE,0xEFDE,0xEFDE,0xEFDE,0xEFDE,0xEFDE,0xEFDE,0xEFDE,0xEFDE,0xEFDE,0xEFDE,0xEFDE,0xEFDE,0xEFDE,
    0xEFDE,0xEFDE,0xEFDE,0xEFDE,0xEFDE,0xEFDE,0xEFDE,0xEFDE,0xEFDE,0xEFDE,0xEFDE,0xEFDE,0xEFDE,0xEFDE,0xEFDE,0xEFDE,
    0xEFDE,0xEFDE,0xEFDE,0xEFDE,0xEFDE,0xEFDE,0xEFDE,0xEFDE,0xEFDE,0xEFDE,0xEFDE,0xEFDE,0xEFBE,0xEFBE,0xE7BE,0xE77D,
    0x7207,0xEC6A,0xFDF0,0xF52D,0xFE52,0xFEB3,0xFF15,0xED0D,0x6A89,0xE77D,0xE79D,0xE79D,0xE7BD,0xE79D,0xE79D,0xE7BE,
    0xE7BE,0xE7BE,0xE7BE,0xE7BD,0xDF3C,0x4A28,0x6267,0xD48B,0xFEF5,0xFF78,0xFF77,0xFF57,0xFF57,0xFF57,0xFF78,0xFF57,
    0xFF77,0xABCB,0x18E5,0xDF1B,0xEFDE,0xEFDE,0xEFDE,0xEFDE,0xEFDE,0xEFDE,0xEFDE,0xEFDE,0xEFDE,0xEFDE,0xEFDE,0xEFDE,
    0xEFDE,0xEFDE,0xEFDE,0xEFDE,0xEFDE,0xEFDE,0xEFDE,0xEFDE,0xEFDE,0xEFDE,0xEFDE,0xEFDE,0xEFDE,0xEFDE,0xEFDE,0xEFDE,
    0xEFDE,0xEFDE,0xEFDE,0xEFDE,0xEFDE,0xEFDE,0xEFDE,0xEFDE,0xEFDE,0xEFDE,0xEFDE,0xEFDE,0xEFDE,0xEFDE,0xEFDE,0xEFDE,
    0xEFDE,0xEFDE,0xEFDE,0xEFDE,0xEFDE,0xEFDE,0xEFDE,0xEFDE,0xEFDE,0xEFDE,0xEFDE,0xEFDE,0xEFDE,0xEFDE,0xEFDE,0xEFDE,
    0xEFDE,0xEFDE,0xEFDE,0xEFDE,0xEFDE,0xEFDE,0xEFDE,0xEFDE,0xEFDE,0xEFDE,0xEFDE,0xEFDE,0xEFDE,0xEFDE,0xEFDE,0xEFDE,
    0xEFDE,0xEFDE,0xEFDE,0xEFDE,0xEFDE,0xEFDE,0xEFDE,0xEFDE,0xEFDE,0xEFDE,0xEFDE,0xEFDE,0xEFBE,0xEFBE,0xE7BE,0xE77D,
    0x8206,0xF4CB,0xFD8D,0xFE72,0xFDEF,0xFEB3,0xFE71,0xD42B,0x72AA,0xDEDA,0xEF9D,0xE7BD,0xE79D,0xE79D,0xE77D,0xE79D,
    0xE7BE,0xE7BE,0xE7BE,0xE7BE,0xE7BE,0xE79D,0xBD11,0x3165,0xD44B,0xFF15,0xFF98,0xFF77,0xFF77,0xFF57,0xFF98,0xFF57,
    0xFF57,0xF6F6,0x49E6,0xAD53,0xE7BE,0xEFDE,0xEFDE,0xEFBE,0xEFDE,0xEFDE,0xEFDE,0xEFDE,0xEFDE,0xEFDE,0xEFDE,0xEFDE,
    0xEFDE,0xEFDE,0xEFDE,0xEFDE,0xEFDE,0xEFDE,0xEFDE,0xEFDE,0xEFDE,0xEFDE,0xEFDE,0xEFDE,0xEFDE,0xEFDE,0xEFDE,0xEFDE,
    0xEFDE,0xEFDE,0xEFDE,0xEFDE,0xEFDE,0xEFDE,0xEFDE,0xEFDE,0xEFDE,0xEFDE,0xEFDE,0xEFDE,0xEFDE,0xEFDE,0xEFDE,0xEFDE,
    0xEFDE,0xEFDE,0xEFDE,0xEFDE,0xEFDE,0xEFDE,0xEFDE,0xEFDE,0xEFDE,0xEFDE,0xEFDE,0xEFDE,0xEFDE,0xEFDE,0xEFDE,0xEFDE,
    0xEFDE,0xEFDE,0xEFDE,0xEFDE,0xEFDE,0xEFDE,0xEFDE,0xEFDE,0xEFDE,0xEFDE,0xEFDE,0xEFDE,0xEFDE,0xEFDE,0xEFDE,0xEFDE,
    0xEFDE,0xEFDE,0xEFDE,0xEFDE,0xEFDE,0xEFDE,0xEFDE,0xEFDE,0xEFDE,0xEFDE,0xEFDE,0xEFBE,0xEFBE,0xE7BE,0xE7BE,0xDF3C,
    0x8A27,0xECAB,0xFD4D,0xFE0F,0xFD6C,0xFE51,0xFDCF,0xCC0B,0x6A48,0x41E8,0xE73B,0xE79D,0xE79D,0xE75C,0x5A6A,0xCE16,
    0xE7BE,0xE7BE,0xE7BE,0xE7BE,0xE7BE,0xE79D,0xE77D,0xD637,0x4208,0xBBEC,0xFEF2,0xFF99,0xFF98,0xFF57,0xFF77,0xFF77,
    0xFF78,0xFF77,0x8308,0x3A08,0xE7BE,0xE7BE,0xE7BE,0xE7BE,0xE7BE,0xE7BE,0xE7BE,0xE7BE,0xEFDE,0xEFDE,0xEFDE,0xEFDE,
    0xEFDE,0xEFDE,0xEFDE,0xEFDE,0xEFDE,0xEFDE,0xEFDE,0xEFDE,0xEFDE,0xEFDE,0xEFDE,0xEFDE,0xEFDE,0xEFDE,0xEFDE,0xEFDE,
    0xEFDE,0xEFDE,0xEFDE,0xEFDE,0xEFDE,0xEFDE,0xEFDE,0xEFDE,0xEFDE,0xEFDE,0xEFDE,0xEFDE,0xEFDE,0xEFDE,0xEFDE,0xEFDE,
    0xEFDE,0xEFDE,0xEFDE,0xEFDE,0xEFDE,0xEFDE,0xEFDE,0xEFDE,0xEFDE,0xEFDE,0xEFDE,0xEFDE,0xEFDE,0xEFDE,0xEFDE,0xEFDE,
    0xEFDE,0xEFDE,0xEFDE,0xEFDE,0xEFDE,0xEFDE,0xEFDE,0xEFDE,0xEFDE,0xEFDE,0xEFDE,0xEFDE,0xEFDE,0xEFDE,0xEFDE,0xEFDE,
    0xEFDE,0xEFDE,0xEFDE,0xEFDE,0xEFDE,0xEFDE,0xEFDE,0xEFDE,0xEFDE,0xEFDE,0xEFDE,0xEFBE,0xEFBE,0xE7BE,0xE7BE,0xE77D,
    0x89E5,0xDB07,0xF4EA,0xFD0A,0xFD0A,0xFD8D,0xFDCF,0xC40C,0x7207,0xCA28,0xC4F2,0xE77D,0xE77D,0x5A89,0xDA29,0x626A,
    0xE7BD,0xE7BE,0xE7BE,0xE7BE,0xE79D,0x73AF,0x9C92,0xE73B,0xCDD5,0x62CA,0xE52E,0xFF16,0xFF57,0xFF57,0xFF57,0xFF98,
    0xFF56,0xFF56,0xCCCC,0x6ACA,0xE77C,0xE7BE,0xE7BE,0x94F4,0x52AA,0xAD33,0xE79D,0xE7BE,0xEFBE,0xEFDE,0xEFDE,0xEFDE,
    0xEFDE,0xEFDE,0xEFDE,0xEFDE,0xEFDE,0xEFDE,0xEFDE,0xEFDE,0xEFDE,0xEFDE,0xEFDE,0xEFDE,0xEFDE,0xEFDE,0xEFDE,0xEFDE,
    0xEFDE,0xEFDE,0xEFDE,0xEFDE,0xEFDE,0xEFDE,0xEFDE,0xEFDE,0xEFDE,0xEFDE,0xEFDE,0xEFDE,0xEFDE,0xEFDE,0xEFDE,0xEFDE,
    0xEFDE,0xEFDE,0xEFDE,0xEFDE,0xEFDE,0xEFDE,0xEFDE,0xEFDE,0xEFDE,0xEFDE,0xEFDE,0xEFDE,0xEFDE,0xEFDE,0xEFDE,0xEFDE,
    0xEFDE,0xEFDE,0xEFDE,0xEFDE,0xEFDE,0xEFDE,0xEFDE,0xEFDE,0xEFDE,0xEFDE,0xEFDE,0xEFDE,0xEFDE,0xEFDE,0xEFDE,0xEFDE,
    0xEFDE,0xEFDE,0xEFDE,0xEFDE,0xEFDE,0xEFDE,0xEFDE,0xEFDE,0xEFDE,0xEFDE,0xEFDE,0xEFBE,0xE7BE,0xE7BE,0xE7BE,0xE79D,
    0x6A28,0xC2E8,0xE3C7,0xF4EA,0xFD2B,0xF50A,0xFDF0,0xC40C,0x6965,0xFB6B,0x79E6,0xDEB9,0xE79D,0x5207,0xD227,0xCAA8,
    0x6209,0xEF7C,0xE7BE,0xE7BE,0xE79D,0x632C,0xAA6A,0x6A48,0x8B6C,0xCD72,0x6A89,0xE54E,0xFF56,0xFF56,0xFF57,0xFF78,
    0xFF56,0xFF36,0xEE94,0x9BCB,0xAD95,0xE79D,0xE79D,0xCE99,0xCD2F,0x82C8,0x5A68,0xE77C,0xEFBE,0xEFDE,0xEFDE,0xEFDE,
    0xEFDE,0xEFDE,0xEFDE,0xEFDE,0xEFDE,0xEFDE,0xEFDE,0xEFDE,0xEFDE,0xEFDE,0xEFDE,0xEFDE,0xEFDE,0xEFDE,0xEFDE,0xEFDE,
    0xEFDE,0xEFDE,0xEFDE,0xEFDE,0xEFDE,0xEFDE,0xEFDE,0xEFDE,0xEFDE,0xEFDE,0xEFDE,0xEFDE,0xEFDE,0xEFDE,0xEFDE,0xEFDE,
    0xEFDE,0xEFDE,0xEFDE,0xEFDE,0xEFDE,0xEFDE,0xEFDE,0xEFDE,0xEFDE,0xEFDE,0xEFDE,0xEFDE,0xEFDE,0xEFDE,0xEFDE,0xEFDE,
    0xEFDE,0xEFDE,0xEFDE,0xEFDE,0xEFDE,0xEFDE,0xEFDE,0xEFDE,0xEFDE,0xEFDE,0xEFDE,0xEFDE,0xEFDE,0xEFDE,0xEFDE,0xEFDE,
    0xEFDE,0xEFDE,0xEFDE,0xEFDE,0xEFDE,0xEFDE,0xEFDE,0xEFDE,0xEFDE,0xEFDE,0xEFBE,0xE7BE,0xC5F7,0x8BD0,0xE79D,0xE79D,
    0x93CE,0x79C7,0xE367,0xEC28,0xF4A9,0xFD4B,0xF50B,0xE4CD,0xA166,0xFB6B,0xE309,0x40A3,0xD658,0xDE78,0xC267,0xFBEB,
    0xE34B,0x79E7,0x6AEC,0xE77C,0xE77D,0xD678,0x5986,0xFBED,0xBAA9,0x4185,0x2904,0x92C8,0xEDCF,0xFF36,0xFF56,0xFF77,
    0xFF37,0xFF57,0xF6B5,0x9BAA,0x94B1,0xE79D,0xE7BD,0xE77D,0x5A69,0xF631,0xF652,0x3965,0xDF3C,0xEFBE,0xEFBE,0xEFDE,
    0xEFDE,0xEFDE,0xEFDE,0xEFDE,0xEFDE,0xEFDE,0xEFDE,0xEFDE,0xEFDE,0xEFDE,0xEFDE,0xEFDE,0xEFDE,0xEFDE,0xEFDE,0xEFDE,
    0xEFDE,0xEFDE,0xEFDE,0xEFDE,0xEFDE,0xEFDE,0xEFDE,0xEFDE,0xEFDE,0xEFDE,0xEFDE,0xEFDE,0xEFDE,0xEFDE,0xEFDE,0xEFDE,
    0xEFDE,0xEFDE,0xEFDE,0xEFDE,0xEFDE,0xEFDE,0xEFDE,0xEFDE,0xEFDE,0xEFDE,0xEFDE,0xEFDE,0xEFDE,0xEFDE,0xEFDE,0xEFDE,
    0xEFDE,0xEFDE,0xEFDE,0xEFDE,0xEFDE,0xEFDE,0xEFDE,0xEFDE,0xEFDE,0xEFDE,0xEFDE,0xEFDE,0xEFDE,0xEFDE,0xEFDE,0xEFDE,
    0xEFDE,0xEFDE,0xEFDE,0xEFBE,0xEFBE,0xE7BE,0xE7BE,0xEFBE,0xEFBE,0xEFBE,0xE7BE,0xB575,0x722A,0x8A09,0xCDD6,0xE79D,
    0xE79D,0x736E,0xAA88,0xEC29,0xEC29,0xEBE7,0xF4C8,0xF529,0xA126,0xFB6A,0xFBCB,0xF3AB,0x7985,0x3082,0xE2C8,0xFBEA,
    0xFC0B,0xF36A,0xA166,0x40C4,0x3926,0xD5D5,0x7268,0xD2A9,0xF32A,0xE288,0x89E6,0x0861,0xE48B,0xFF16,0xFF36,0xFF36,
    0xFF98,0xFF36,0xF6F5,0xDD2F,0x2945,0xE79D,0xE7BD,0xE79D,0x4A28,0xEDF1,0xFF36,0xB44B,0x3186,0xE79D,0xE7BE,0xEFBE,
    0xEFDE,0xEFDE,0xEFDE,0xEFDE,0xEFDE,0xEFDE,0xEFDE,0xEFDE,0xEFDE,0xEFDE,0xEFDE,0xEFDE,0xEFDE,0xEFDE,0xEFDE,0xEFDE,
    0xEFDE,0xEFDE,0xEFDE,0xEFDE,0xEFDE,0xEFDE,0xEFDE,0xEFDE,0xEFDE,0xEFDE,0xEFDE,0xEFDE,0xEFDE,0xEFDE,0xEFDE,0xEFDE,
    0xEFDE,0xEFDE,0xEFDE,0xEFDE,0xEFDE,0xEFDE,0xEFDE,0xEFDE,0xEFDE,0xEFDE,0xEFDE,0xEFDE,0xEFDE,0xEFDE,0xEFDE,0xEFDE,
    0xEFDE,0xEFDE,0xEFDE,0xEFDE,0xEFDE,0xEFDE,0xEFDE,0xEFDE,0xEFDE,0xEFDE,0xEFDE,0xEFDE,0xEFDE,0xEFDE,0xEFDE,0xEFDE,
    0xEFDE,0xEFDE,0xEFDE,0xEFBE,0xE7BE,0xEFBE,0xE79D,0xE79D,0xE7BE,0xE7BE,0xE7BE,0x8C10,0x7987,0xF42D,0x69C7,0xCE58,
    0xE79D,0xE77D,0x93CE,0xCB2A,0xE3A8,0xEBC7,0xE3C6,0xFDA8,0xB167,0xF32A,0xFC4C,0xFC6D,0xFC2D,0xEB8B,0xA164,0xE247,
    0xFB8A,0xFC2C,0xFCAD,0xF40C,0xDB6A,0x8A27,0x6185,0x7165,0xFB4A,0xFB09,0xF2A8,0xC267,0x92E8,0xF631,0xFF57,0xFF36,
    0xFF57,0xFF36,0xFF16,0xE5B1,0x3166,0xE79D,0xE7BD,0xE79D,0x4A07,0xEE32,0xFF57,0xDDB0,0x6206,0xA513,0xE7BE,0xE7BE,
    0xEFDE,0xEFDE,0xEFDE,0xEFDE,0xEFDE,0xEFDE,0xEFDE,0xEFDE,0xEFDE,0xEFDE,0xEFDE,0xEFDE,0xEFDE,0xEFDE,0xEFDE,0xEFDE,
    0xEFDE,0xEFDE,0xEFDE,0xEFDE,0xEFDE,0xEFDE,0xEFDE,0xEFDE,0xEFDE,0xEFDE,0xEFDE,0xEFDE,0xEFDE,0xEFDE,0xEFDE,0xEFDE,
    0xEFDE,0xEFDE,0xEFDE,0xEFDE,0xEFDE,0xEFDE,0xEFDE,0xEFDE,0xEFDE,0xEFDE,0xEFDE,0xEFDE,0xEFDE,0xEFDE,0xEFDE,0xEFDE,
    0xEFDE,0xEFDE,0xEFDE,0xEFDE,0xEFDE,0xEFDE,0xEFDE,0xEFDE,0xEFDE,0xEFDE,0xEFDE,0xEFDE,0xEFDE,0xEFDE,0xEFDE,0xEFDE,
    0xEFDE,0xEFDE,0xEFDE,0xEFBE,0xE7BE,0xE7BE,0x8B8E,0x7AEC,0xDF1B,0xE7BE,0xE7BE,0x83AE,0x7187,0xF44E,0xEB8B,0x5946,
    0xDEDA,0xE77D,0xE75C,0x51C8,0x89E7,0xC2C8,0xE3E6,0xDBE5,0xA245,0xB125,0xFB8A,0xFC4C,0xFCAD,0xFC8D,0xFC0B,0xDA66,
    0xE266,0xFBEB,0xFC6C,0xFC8D,0xFC8D,0xFC8C,0xF40A,0x58E3,0x58C3,0xFB4A,0xFBAB,0xDA48,0x5124,0xFDCF,0xFEF4,0xFF36,
    0xFF36,0xFF36,0xFF15,0xE5B1,0x2925,0xE79D,0xE79D,0xDF3C,0x49E7,0xF652,0xFF57,0xFF16,0xD50D,0x39E7,0xE7BE,0xE7BE,
    0xEFBE,0xEFDE,0xEFDE,0xEFDE,0xEFDE,0xEFDE,0xEFDE,0xEFDE,0xEFDE,0xEFDE,0xEFDE,0xEFDE,0xEFDE,0xEFDE,0xEFDE,0xEFDE,
    0xEFDE,0xEFDE,0xEFDE,0xEFDE,0xEFDE,0xEFDE,0xEFDE,0xEFDE,0xEFDE,0xEFDE,0xEFDE,0xEFDE,0xEFDE,0xEFDE,0xEFDE,0xEFDE,
    0xEFDE,0xEFDE,0xEFDE,0xEFDE,0xEFDE,0xEFDE,0xEFDE,0xEFDE,0xEFDE,0xEFDE,0xEFDE,0xEFDE,0xEFDE,0xEFDE,0xEFDE,0xEFDE,
    0xEFDE,0xEFDE,0xEFDE,0xEFDE,0xEFDE,0xEFDE,0xEFDE,0xEFDE,0xEFDE,0xEFDE,0xEFDE,0xEFDE,0xEFDE,0xEFDE,0xEFDE,0xEFDE,
    0xEFDE,0xEFDE,0xEFDE,0xE7BE,0xE7BE,0xE79D,0x4986,0xEAA9,0x61A7,0xE77D,0xE79D,0x93CF,0x71C7,0xF3AB,0xFC0C,0xF36A,
    0x79A6,0x7228,0x8AEA,0xA4D0,0x4248,0x5147,0xE3C6,0xE405,0xDBE5,0x9103,0xF309,0xFBEB,0xFC2C,0xFC8C,0xFD2F,0xFC4C,
    0xFC2B,0xFC4C,0xFC8D,0xFCEE,0xFCCE,0xFC8C,0xFC4C,0xFC2B,0xFC4C,0xD267,0xFC0D,0xF38B,0xA9E6,0x4963,0xFED3,0xFF35,
    0xFF36,0xFF36,0xFF15,0xE5B1,0x20E5,0xE79D,0xE79D,0xCE57,0x5A48,0xFF36,0xFF57,0xFF37,0xEDF0,0x6AEA,0xD6DA,0xE7BE,
    0xEFBE,0xEFDE,0xEFDE,0xEFDE,0xEFDE,0xEFDE,0xEFDE,0xEFDE,0xEFDE,0xEFDE,0xEFDE,0xEFDE,0xEFDE,0xEFDE,0xEFDE,0xEFDE,
    0xEFDE,0xEFDE,0xEFDE,0xEFDE,0xEFDE,0xEFDE,0xEFDE,0xEFDE,0xEFDE,0xEFDE,0xEFDE,0xEFDE,0xEFDE,0xEFDE,0xEFDE,0xEFDE,
    0xEFDE,0xEFDE,0xEFDE,0xEFDE,0xEFDE,0xEFDE,0xEFDE,0xEFDE,0xEFDE,0xEFDE,0xEFDE,0xEFDE,0xEFDE,0xEFDE,0xEFDE,0xEFDE,
    0xEFDE,0xEFDE,0xEFDE,0xEFDE,0xEFDE,0xEFDE,0xEFDE,0xEFDE,0xEFDE,0xEFDE,0xEFDE,0xEFDE,0xEFDE,0xEFDE,0xEFDE,0xEFDE,
    0xEFDE,0xEFDE,0xEFDE,0xEFDE,0xE7BE,0x838E,0x6965,0xF40D,0xA9C7,0x7186,0xDE99,0xDE57,0x6145,0xB9A6,0xFC0B,0xFC0C,
    0xFC8E,0xBA48,0x70E4,0x4883,0x4083,0x8944,0x8924,0x8904,0x8924,0x8104,0xA9A5,0xFB89,0xFC0B,0xFC2B,0xFC2C,0xFCCE,
    0xFCAD,0xFCCE,0xFCEE,0xFC8D,0xFC8D,0xFCEE,0xFC4C,0xFC4C,0xFC8D,0xF40C,0xC287,0xF3AB,0xC227,0x28E3,0xDC6B,0xFF77,
    0xFF36,0xFF36,0xFED4,0xDD4F,0x18C4,0xE79D,0xE7BD,0x5207,0xFF78,0xFF57,0xFF57,0xFF36,0xF692,0x9B49,0xAD75,0xE7BE,
    0xEFBE,0xEFDE,0xEFDE,0xEFDE,0xEFDE,0xEFDE,0xEFDE,0xEFDE,0xEFDE,0xEFDE,0xEFDE,0xEFDE,0xEFDE,0xEFDE,0xEFDE,0xEFDE,
    0xEFDE,0xEFDE,0xEFDE,0xEFDE,0xEFDE,0xEFDE,0xEFDE,0xEFDE,0xEFDE,0xEFDE,0xEFDE,0xEFDE,0xEFDE,0xEFDE,0xEFDE,0xEFDE,
    0xEFDE,0xEFDE,0xEFDE,0xEFDE,0xEFDE,0xEFDE,0xEFDE,0xEFDE,0xEFDE,0xEFDE,0xEFDE,0xEFDE,0xEFDE,0xEFDE,0xEFDE,0xEFDE,
    0xEFDE,0xEFDE,0xEFDE,0xEFDE,0xEFDE,0xEFDE,0xEFDE,0xEFDE,0xEFDE,0xEFDE,0xEFDE,0xEFDE,0xEFDE,0xEFDE,0xEFDE,0xEFDE,
    0xEFDE,0xEFDE,0xEFBE,0xE7BE,0xE7BE,0x7B0C,0xB9A5,0xFC0C,0xFCEF,0xCA48,0x6186,0x9B4C,0xABCE,0x7186,0xFB69,0xFC2C,
    0xFC4C,0xFCAD,0xFC6D,0xF3CB,0xE329,0xD1A5,0xFBCA,0xFBEB,0xF307,0xF308,0xE2A7,0xCA26,0xFB89,0xFB8A,0xFBEB,0xFC0C,
    0xFC2C,0xFC2C,0xFC0C,0xFC0C,0xFC0B,0xFC0B,0xFC6D,0xFC8D,0xFC8D,0xFC6D,0xFC8D,0xB184,0xD207,0xC227,0xD44C,0xFEB3,
    0xFF56,0xFF56,0xFE72,0xD4EE,0x2905,0xE77C,0xBDB5,0xA3CC,0xFFDB,0xFF57,0xFF57,0xFF56,0xF6D4,0xA349,0xA513,0xE7BE,
    0xEFBE,0xEFDE,0xEFDE,0xEFDE,0xEFDE,0xEFDE,0xEFDE,0xEFDE,0xEFDE,0xEFDE,0xEFDE,0xEFDE,0xEFDE,0xEFDE,0xEFDE,0xEFDE,
    0xEFDE,0xEFDE,0xEFDE,0xEFDE,0xEFDE,0xEFDE,0xEFDE,0xEFDE,0xEFDE,0xEFDE,0xEFDE,0xEFDE,0xEFDE,0xEFDE,0xEFDE,0xEFDE,
    0xEFDE,0xEFDE,0xEFDE,0xEFDE,0xEFDE,0xEFDE,0xEFDE,0xEFDE,0xEFDE,0xEFDE,0xEFDE,0xEFDE,0xEFDE,0xEFDE,0xEFDE,0xEFDE,
    0xEFDE,0xEFDE,0xEFDE,0xEFDE,0xEFDE,0xEFDE,0xEFDE,0xEFDE,0xEFDE,0xEFDE,0xEFDE,0xEFDE,0xEFDE,0xEFDE,0xEFDE,0xEFDE,
    0xEFDE,0xEFDE,0xEFBE,0xE7BE,0xE7BE,0x7B2C,0xD1A4,0xFBEB,0xFC6D,0xFCAD,0xA924,0x7165,0x4104,0x5945,0xFAE9,0xFC4C,
    0xFC4C,0xFC4C,0xFC6C,0xFC8D,0xFC8D,0xFC8D,0xFB89,0xFB89,0xFC4C,0xFBEA,0xFC0B,0xFBAA,0xFBCA,0xEA87,0xE287,0xF309,
    0xEAE9,0xEAC8,0xEA87,0xEAA7,0xF308,0xF3AA,0xFB8A,0xFBEB,0xFC8D,0xFC4C,0xFC2C,0xFC2C,0xDA27,0xD227,0xA34B,0xFE73,
    0xFF56,0xFF56,0xF651,0xBC2C,0x8ACA,0xAD34,0x20E3,0xEDF3,0xFF99,0xFF78,0xFF57,0xFF56,0xF692,0xA349,0xAD33,0xE7BE,
    0xEFBE,0xEFDE,0xEFDE,0xEFDE,0xEFDE,0xEFDE,0xEFDE,0xEFDE,0xEFDE,0xEFDE,0xEFDE,0xEFDE,0xEFDE,0xEFDE,0xEFDE,0xEFDE,
    0xEFDE,0xEFDE,0xEFDE,0xEFDE,0xEFDE,0xEFDE,0xEFDE,0xEFDE,0xEFDE,0xEFDE,0xEFDE,0xEFDE,0xEFDE,0xEFDE,0xEFDE,0xEFDE,
    0xEFDE,0xEFDE,0xEFDE,0xEFDE,0xEFDE,0xEFDE,0xEFDE,0xEFDE,0xEFDE,0xEFDE,0xEFDE,0xEFDE,0xEFDE,0xE7BE,0xE7BE,0xEFDE,
    0xEFDE,0xEFDE,0xEFDE,0xEFDE,0xEFDE,0xEFDE,0xEFDE,0xEFDE,0xEFDE,0xEFDE,0xEFDE,0xEFDE,0xEFDE,0xEFDE,0xEFDE,0xEFDE,
    0xEFDE,0xEFDE,0xEFBE,0xE7BE,0xE7BE,0x836D,0xD9C5,0xFBCA,0xFC0C,0xFC6C,0xFC6C,0xFC6D,0xF3EB,0xF38B,0xB125,0xFB2A,
    0xFC2C,0xFC0B,0xFC0B,0xFC2C,0xFD0E,0xFC6D,0xFC4C,0xFC2C,0xFBAA,0xFBEA,0xFBAA,0xD1C6,0xC165,0xD206,0xFC2C,0xFC8E,
    0xFCAE,0xFC8D,0xFC4C,0xFC2C,0xFC4C,0xFC6D,0xFC6D,0xFC6D,0xFBAB,0xFC0B,0xFC4C,0xFC2C,0xF3AB,0xD247,0x92E9,0xFE72,
    0xFF15,0xFED4,0xFE10,0x6A68,0x8A08,0x3904,0xCCAD,0xFF77,0xFF78,0xFF58,0xFF57,0xFF56,0xE5CF,0x9329,0xAD54,0xE7BE,
    0xEFBE,0xEFDE,0xEFDE,0xEFDE,0xEFDE,0xEFDE,0xEFDE,0xEFDE,0xEFDE,0xEFDE,0xEFDE,0xEFDE,0xEFDE,0xEFDE,0xEFDE,0xEFDE,
    0xEFDE,0xEFDE,0xEFDE,0xEFDE,0xEFDE,0xEFDE,0xE7BE,0xE7BE,0xEFDE,0xEFDE,0xEFDE,0xEFDE,0xEFDE,0xEFDE,0xEFDE,0xEFDE,
    0xEFDE,0xEFDE,0xEFDE,0xEFDE,0xEFDE,0xEFDE,0xEFDE,0xE7BE,0xE7BE,0xE7BE,0xDF5C,0xE79D,0xE7BE,0xE7BE,0xE7BE,0xE7BE,
    0xE7BE,0xE7BE,0xE7BE,0xE7BE,0xEFDE,0xEFDE,0xEFDE,0xEFDE,0xEFDE,0xEFDE,0xEFDE,0xEFDE,0xEFDE,0xEFDE,0xEFDE,0xEFDE,
    0xEFDE,0xEFBE,0xE7BE,0xE7BE,0xE7BD,0x9C30,0xB1A6,0xF2E8,0xFC0B,0xFCAD,0xFC4C,0xFCAD,0xFCCD,0xFCAD,0xFC4D,0xEA87,
    0xF2E8,0xFB69,0xFBEB,0xFC0B,0xFC0B,0xFC2C,0xFC4C,0xFB89,0xFB6A,0xFB8B,0xC165,0xB965,0xFC0B,0xFCAD,0xFD2E,0xFCAD,
    0xFC6D,0xFC6D,0xFC4C,0xFC4C,0xFC4C,0xFC4D,0xFC4D,0xFC4D,0xFC4C,0xFC2C,0xFBEB,0xFC2C,0xFC0C,0xDA27,0x99C6,0xED4E,
    0xFEF4,0xFE72,0xE52F,0x1883,0x71C6,0xD4AC,0xFF77,0xFF77,0xFF57,0xFF57,0xFF57,0xFEB4,0xDD0D,0x8B2A,0xBE17,0xE7BE,
    0xEFBE,0xEFDE,0xEFDE,0xEFDE,0xEFDE,0xEFDE,0xEFDE,0xEFDE,0xEFDE,0xEFDE,0xEFDE,0xEFDE,0xEFDE,0xEFDE,0xEFDE,0xEFDE,
    0xEFDE,0xEFDE,0xEFDE,0xEFDE,0xE7BE,0xE7BE,0xE7BE,0xE7BE,0xE7BE,0xEFDE,0xEFDE,0xEFDE,0xEFDE,0xEFDE,0xEFDE,0xEFDE,
    0xEFDE,0xEFDE,0xEFDE,0xEFDE,0xEFDE,0xEFDE,0xEFDE,0xE7BE,0xE79D,0x5AEC,0x59A7,0x39E8,0xCEBA,0xDF5C,0xE79D,0xE7BE,
    0xE7BE,0xE7BE,0xE7BE,0xE7BE,0xEFBE,0xEFDE,0xEFDE,0xEFDE,0xEFBE,0xEFBE,0xEFBE,0xEFBE,0xEFBE,0xEFBE,0xEFBE,0xEFBE,
    0xEFBE,0xEFBE,0xE7BE,0xE7BE,0xE7BE,0xD658,0x81C7,0xD1E6,0xF329,0xFC4C,0xFC8C,0xFC2C,0xFC4C,0xFC8D,0xFC8D,0xFC4C,
    0xFC2B,0xFC4C,0xFC4C,0xFC6C,0xFC0C,0xFB69,0xFB29,0xF2E8,0xB986,0xD288,0xF44C,0xFCAC,0xFCEC,0xFD0D,0xFD0D,0xFC8D,
    0xFC6D,0xFC6D,0xFC6D,0xFC6D,0xFC6D,0xFC4D,0xFC2C,0xFC2C,0xFC4C,0xFC4C,0xFC4C,0xFC0B,0xFC4C,0xF2C8,0x9165,0xED0D,
    0xFED3,0xE58F,0x4985,0x28C3,0xFEF6,0xFF77,0xFF77,0xFFB8,0xFF57,0xFF36,0xFEF5,0xFF37,0xCC8C,0x4228,0xE77D,0xE7BE,
    0xEFBE,0xEFDE,0xEFDE,0xEFDE,0xEFDE,0xEFDE,0xEFDE,0xEFDE,0xEFDE,0xEFDE,0xEFDE,0xEFDE,0xEFDE,0xEFDE,0xEFDE,0xEFDE,
    0xEFDE,0xEFDE,0xEFDE,0xE7BE,0xE7BE,0xE7BE,0xE79D,0xDF3C,0xE7BE,0xEFDE,0xEFDE,0xEFDE,0xEFDE,0xEFDE,0xEFDE,0xEFDE,
    0xEFDE,0xEFDE,0xEFDE,0xEFDE,0xEFDE,0xEFDE,0xEFDE,0xE7BE,0xE77D,0x10A5,0xDB0B,0x8186,0x3905,0x2946,0x526A,0xE79D,
    0xE7BE,0xE7BE,0xE7BE,0xEFBE,0xEFBE,0xEFBE,0xEFBE,0xEFBE,0xEFBE,0xEFBE,0xEFBE,0xEFBE,0xEFBE,0xEFBE,0xEFBE,0xEFBE,
    0xE7BE,0xEFBE,0xE7BE,0xE7BE,0xE7BE,0xE77D,0x51A7,0xC9C6,0xFAE8,0xF329,0xFC4C,0xFC6C,0xFC8D,0xFC8D,0xFC4C,0xFC4C,
    0xFC4C,0xFCAE,0xFC0B,0xFBEB,0xFB49,0xEAE9,0xB9A6,0xA124,0xFC4C,0xFC8D,0xFD0E,0xFCAC,0xFD4E,0xFD4D,0xFCCD,0xFC6C,
    0xFC4C,0xFCAD,0xFC8D,0xFCAD,0xFC4C,0xFC2C,0xFC0C,0xFB69,0xFB49,0xFB8A,0xFC4C,0xFC0C,0xFB8A,0xFB09,0x9185,0xED2E,
    0xFE31,0xCC8C,0x82A7,0xC3A9,0xFF56,0xFF57,0xFFB9,0xFF56,0xFF36,0xFF36,0xFF98,0xF632,0x9B6A,0x62EB,0xD678,0xE77D,
    0xEFBE,0xEFDE,0xEFDE,0xEFDE,0xEFDE,0xEFDE,0xEFDE,0xEFDE,0xEFDE,0xEFDE,0xEFDE,0xEFDE,0xEFDE,0xEFDE,0xEFDE,0xEFDE,
    0xEFDE,0xEFDE,0xEFDE,0xEFDE,0xE7BE,0xDF5C,0x3966,0x3987,0xDF3C,0xEFDE,0xEFDE,0xEFDE,0xEFDE,0xEFDE,0xEFDE,0xEFDE,
    0xEFDE,0xEFDE,0xEFDE,0xEFDE,0xEFDE,0xEFDE,0xEFDE,0xE7BE,0xE77D,0x10C5,0xA228,0xEBCA,0xEB8B,0x9A07,0x6186,0x3126,
    0x6B8E,0x8451,0xB5B6,0xE7BE,0xE7BE,0xE7BE,0xE7BE,0xE7BE,0xE7BE,0xE7BE,0xDEFB,0xA534,0x9CB3,0x9CB2,0xA4D3,0xA4F3,
    0xB595,0xE79D,0xE7BD,0xE79D,0xE79D,0xE77D,0x9B8C,0x58A3,0xE206,0xFB49,0xFBAA,0xFC2B,0xFC0B,0xFC4C,0x9165,0xCA05,
    0xDA47,0xEAE8,0xFB6A,0xA966,0x9945,0xB1E6,0xEBAB,0xFC6C,0xFC4C,0xFC4C,0xFC6C,0xFC6C,0xFC8C,0xFD2E,0xFD2E,0xFD0E,
    0xFCEE,0xFC6C,0xFC4C,0xFC2C,0xFB29,0xFB08,0xFC0B,0xFC0B,0xFC4C,0xFC4C,0xFC2C,0xFC0C,0xFBAB,0xFB09,0x89C6,0xED6F,
    0xEDAF,0x8286,0xFE71,0xFF35,0xFF56,0xFF56,0xFF57,0xFF56,0xFF56,0xFF77,0xFE92,0xBC8E,0x3165,0xBCD1,0x72AA,0xCD95,
    0xEFBE,0xEFDE,0xEFDE,0xEFDE,0xEFDE,0xEFDE,0xEFDE,0xEFDE,0xEFDE,0xEFDE,0xEFDE,0xEFBE,0xEFBE,0xEFBE,0xE7BE,0xE7BE,
    0xE7BE,0xE7BE,0xE7BE,0xE7BE,0x94B2,0x5185,0xC2EA,0xA945,0x10C4,0xEFDE,0xEFDE,0xEFDE,0xEFDE,0xEFDE,0xEFDE,0xEFDE,
    0xEFDE,0xEFDE,0xEFDE,0xEFDE,0xEFDE,0xEFDE,0xEFDE,0xE7BE,0xE79D,0xB5F7,0x49A7,0x6C2D,0xF3CB,0xFBEB,0xFC2C,0xA966,
    0x8986,0x8965,0x4105,0x0823,0x0843,0x0843,0x0864,0x0843,0x0863,0x1863,0x4083,0x60C4,0x68E4,0x7104,0x7104,0x70E4,
    0x60C3,0x3883,0x1883,0x2925,0xDD53,0xE71B,0xBD52,0x6105,0xA926,0xEA87,0xF2E8,0xFBCA,0xFBC9,0xFB89,0x9145,0xE3A9,
    0x8144,0x8964,0x8964,0xC985,0xFB8A,0xFBEA,0xFC2C,0xFC4C,0xFC4C,0xFC4C,0xFC4C,0xFC8D,0xFC6C,0xFC6C,0xFC6D,0xFC4C,
    0xFC2B,0xFBEA,0xFBEB,0xE287,0xEAC8,0xFCED,0xFC4C,0xFC4C,0xFC4C,0xFC4C,0xFC4C,0xFC6C,0xF38A,0xF309,0xABCB,0xEDB0,
    0x8AC7,0xFEB3,0xFF56,0xFF56,0xFF56,0xFF57,0xFF57,0xFF57,0xFF36,0xF630,0xE52D,0x6267,0x934A,0x7207,0xE30A,0x59E7,
    0xEFDE,0xEFDE,0xEFDE,0xEFDE,0xEFDE,0xEFDE,0xEFDE,0xEFDE,0xEFBE,0xEFBE,0xEFBE,0xE7BE,0xE7BE,0xE7BE,0xE7BE,0xE7BE,
    0xE7BE,0xE7BE,0xE79D,0x2125,0x5905,0xB166,0xEB6C,0x9945,0x10A4,0xEFDE,0xEFDE,0xEFDE,0xEFDE,0xEFDE,0xEFDE,0xEFDE,
    0xEFDE,0xEFDE,0xEFDE,0xEFDE,0xEFDE,0xEFDE,0xE7BE,0xE7BE,0xE7BE,0xE77D,0x10C4,0x6571,0x83AC,0xFBEA,0xFC2C,0xFC8E,
    0xEB6B,0xD288,0xCA67,0xBA68,0x9945,0xA165,0xA9A6,0xB1E7,0xB1C6,0xC206,0xCA06,0xDA88,0xEB8A,0xEB48,0xF369,0xF3AB,
    0xEB49,0xDAC9,0xDACA,0xBA89,0x91E7,0x5945,0x6A86,0x9AA7,0x78C4,0xC1A6,0xE247,0xEAA8,0xFB29,0xFAE8,0xD165,0xB9C5,
    0xFC2B,0xFC0B,0xFC0B,0xFBA9,0xFBCA,0xFC0B,0xFC4C,0xFC4C,0xFCCE,0xFC8D,0xFC6D,0xFC4C,0xFC4C,0xFC4C,0xFC4C,0xFC6C,
    0xFB8A,0xF2E8,0xE267,0xFD0E,0xFD0E,0xFD0E,0xFC4C,0xFC4C,0xFC4C,0xFC4C,0xFC4C,0xFC6C,0xFCCE,0xCA06,0xCD2F,0xB44C,
    0xFE93,0xFF57,0xFF78,0xFF57,0xFF57,0xFF77,0xFED4,0xFED4,0xF5F1,0xDCAC,0xA368,0x3923,0x99E6,0xFC6D,0xE30A,0x6186,
    0xEFDE,0xEFDE,0xEFDE,0xEFDE,0xEFDE,0xEFDE,0xEFDE,0xEFBE,0xEFBE,0xE7BE,0xE7BE,0xE7BE,0xE7BE,0xE7BE,0xE79D,0xE79D,
    0xE75D,0x4A08,0x18C3,0x9228,0xFBEA,0xFBCA,0x63AA,0x81E5,0x10A4,0xEFDE,0xEFDE,0xEFDE,0xEFDE,0xEFDE,0xEFDE,0xEFDE,
    0xEFDE,0xEFDE,0xEFDE,0xEFDE,0xEFDE,0xEFDE,0xEFDE,0xE7BE,0xE7BE,0xE79D,0x10C5,0x7631,0x550F,0x4B0A,0xF3CA,0xFC4D,
    0xFC4C,0xFC2C,0xFC2C,0xFC4C,0xFC4B,0xFC2C,0xFC8C,0xFC8D,0xFC8C,0xFC4C,0xFCAD,0xFCCE,0xFC6C,0xFCEE,0xFCAD,0xFC6C,
    0xFC6D,0xFC8D,0xFCAE,0xFCAD,0xFC2B,0xCA46,0x8923,0x6924,0xCA49,0xB186,0xC9E7,0xDA48,0xDA48,0xDA06,0xD9E6,0x8104,
    0xF308,0xFBEA,0xFBEA,0xFC2B,0xFC6C,0xFC6C,0xFC8D,0xFC8D,0xFC4C,0xFC4C,0xFC6C,0xFC6C,0xFC4C,0xFC2C,0xFBEB,0xFBAA,
    0xF2E8,0xC1A5,0xFCED,0xFCED,0xFCED,0xFC8C,0xFC6C,0xFC6C,0xFCAE,0xFC6C,0xFC0B,0xFC6C,0xFC8D,0xEB09,0xFE73,0xFE94,
    0xFE93,0xFEB3,0xFED4,0xFED4,0xFEB3,0xF610,0xF5F0,0xCCEF,0xC46E,0xA2A7,0x5903,0xF38A,0xF3EB,0xFC2C,0xDAEA,0x61E7,
    0xE7BE,0xEFBE,0xEFBE,0xEFBE,0xEFBE,0xEFBE,0xEFDE,0xEFBE,0xEFBE,0xE7BE,0xEFBE,0xE7BE,0xE79D,0xE77C,0xCE16,0x4A6A,
    0x0883,0x79A7,0xB1E8,0xFC4C,0xFC0B,0xC309,0x4C6E,0x6205,0x1083,0xEFDE,0xEFDE,0xEFDE,0xEFDE,0xEFDE,0xEFDE,0xEFDE,
    0xEFDE,0xEFDE,0xEFDE,0xEFDE,0xEFDE,0xEFDE,0xEFDE,0xE7BE,0xE7BE,0xE79D,0x10E6,0x3C6D,0x6E10,0x3510,0x650D,0xC267,
    0xF349,0xFBCA,0xFC0C,0xFC8D,0xFCAD,0xFCAD,0xFC8D,0xFC8E,0xFC6D,0xFC8D,0xFC8D,0xFC8D,0xFC6D,0xFC8D,0xFCAD,0xFD2F,
    0xFCCD,0xFC6D,0xFC6D,0xFCAD,0xFD0F,0xFC4C,0xFC0B,0xFC6C,0xB9A5,0xA145,0xA165,0xB9E7,0xA165,0xDB08,0xDB07,0xFC4C,
    0x8944,0xEA67,0xFAE8,0xFB69,0xFC0C,0xFC0B,0xFC0B,0xFC2B,0xFC4C,0xFC4C,0xFC4C,0xFC6D,0xFBCA,0xFBAA,0xFB29,0xF309,
    0xDA27,0xF42C,0xFCCC,0xFD2D,0xFD2E,0xFC6C,0xFC6C,0xFCCD,0xFC8D,0xFC6C,0xFC4C,0xFC6C,0xFC6D,0xFC8D,0xD3AA,0xC42B,
    0xCC8C,0xF610,0xF630,0xF631,0xEDAF,0xD4AC,0xA389,0x6206,0x81C5,0xDA47,0xEA88,0xF3CB,0xFC0B,0xFC6D,0x91A6,0xBCB1,
    0xE7BE,0xE7BE,0xEFBE,0xEFBE,0xEFBE,0xEFBE,0xEFDE,0xE7BE,0xE7BE,0xE7BE,0xE7BE,0xD6DA,0x7BCF,0x4A4A,0x4146,0x99C7,
    0xE2E9,0xEBEC,0xFC6D,0xFC6D,0xDB29,0x554F,0x4D0E,0x51C5,0x1082,0xEFDE,0xEFDE,0xEFDE,0xEFDE,0xEFDE,0xEFDE,0xEFDE,
    0xEFDE,0xEFDE,0xEFDE,0xEFDE,0xEFDE,0xEFDE,0xEFDE,0xE7BE,0xE7BE,0xE79D,0x426B,0x5CAE,0x7631,0x34EE,0x34CE,0x34AE,
    0x5BEC,0xFAC8,0xFB89,0xFC0C,0xFC8D,0xFC6D,0xFC6D,0xFC4D,0xFC4C,0xFC4C,0xFC4C,0xFC2C,0xFC4C,0xFC4C,0xFC4C,0xFC6C,
    0xFD0E,0xFD2F,0xFCAD,0xFC6D,0xFC4D,0xFC6C,0xFC6C,0xFC4D,0xFC6D,0xE2C8,0xFD91,0xF52F,0xECAD,0xF58E,0xFE72,0xFEB3,
    0xFE93,0x60C3,0xC9C5,0xF2E8,0xFB28,0xFB49,0xFB08,0xFC0B,0xFC2C,0xFBEB,0xFB89,0xFB89,0xFB69,0xF2C7,0xDA47,0xB166,
    0xC207,0xFC4C,0xFC6C,0xFD0D,0xFD0D,0xFCAC,0xFD0E,0xFCAD,0xFC8C,0xFBCB,0xFC4C,0xFC6D,0xFC6C,0xFC4C,0xDAC8,0xE4CC,
    0xDCCD,0x51C6,0x51C6,0x5A26,0x49A6,0x4123,0x8943,0xA9C6,0xD228,0xF2EA,0xFB8A,0xFC2B,0xFBAA,0xFBCB,0x9228,0xCE17,
    0xE79D,0xE79D,0xE79D,0xE79D,0xE79D,0xAD13,0x526A,0x10A5,0x0884,0x0884,0x0864,0x30E4,0x6104,0x8126,0xE2C9,0xFC0C,
    0xFC2C,0xFC4C,0xFC4C,0xFC0A,0x4CCD,0x350E,0x4D2E,0x5205,0x0882,0xEFDE,0xEFDE,0xEFDE,0xEFDE,0xEFDE,0xEFDE,0xEFDE,
    0xEFDE,0xEFDE,0xEFDE,0xEFDE,0xEFDE,0xEFDE,0xEFDE,0xE7BE,0xE7BE,0xE7BE,0x8CF3,0x2ACC,0x7E50,0x4CEE,0x34AD,0x34AE,
    0x346D,0x344D,0x340C,0x8B4E,0xD2EA,0xE2E9,0xF3CB,0xF42D,0xFC4D,0xFC2C,0xFC2C,0xFC2C,0xFC4C,0xFC4C,0xFC4C,0xFC4C,
    0xFC6C,0xFC8C,0xFCAD,0xFCAD,0xFC6D,0xFC6D,0xFC6D,0xFC6D,0xFC6D,0xFC6D,0xFC0C,0xF5F1,0xFF14,0xFEB2,0xFEF4,0xFF36,
    0xFEB3,0xF610,0xA226,0xA985,0xF349,0xF328,0xFB27,0xFB68,0xFB68,0xFB48,0xF2E8,0xEA46,0xE246,0xA185,0x7904,0x9125,
    0xFC6D,0xFC8C,0xFC6C,0xFC4C,0xFC6C,0xFD2E,0xFC6C,0xFC2B,0xFBCB,0xFC2C,0xFC6D,0xFC6D,0xFC6D,0xFC4C,0xDA88,0xFE10,
    0xED2E,0xECEE,0xE4EE,0xBC4E,0xBCCF,0xBC6C,0xB287,0xC1E7,0xD1E8,0xF349,0xFB69,0xFB28,0xFB08,0xD207,0xA3AD,0xDEFA,
    0xDF1B,0xD679,0xC5B5,0x2905,0x28C4,0x3924,0x6985,0x8985,0x9186,0xA1C7,0xCA27,0xD247,0xE36A,0xFC6D,0xFC6D,0xFC6D,
    0xFC4C,0xFC0B,0xEB08,0x84CE,0x3CED,0x34ED,0x554E,0x5A25,0x1084,0xEFDE,0xEFDE,0xEFDE,0xEFDE,0xEFDE,0xEFDE,0xEFDE,
    0xEFDE,0xEFDE,0xEFDE,0xEFDE,0xEFDE,0xEFDE,0xEFDE,0xE7BE,0xE7BE,0xE7BE,0xA5B6,0x08A5,0x7E10,0x550E,0x2C8E,0x348E,
    0x348D,0x348D,0x348D,0x3C8E,0x444D,0x43EC,0x12CC,0x0A8B,0x0A8B,0x324A,0xF348,0xFBEB,0xF3AA,0xFC2C,0xFC6C,0xFC6C,
    0xFC6C,0xFC4C,0xFCCD,0xFC6C,0xFC8D,0xFC8D,0xFC6D,0xFC6D,0xFC8D,0xFC6D,0xFC4C,0xFC0B,0xF50D,0xFF15,0xFF57,0xFF77,
    0xFF57,0xFF35,0xFE11,0xF4AB,0x9964,0xA144,0xB165,0xB165,0xB165,0xB9A6,0xB185,0xB1A6,0x9164,0xF50D,0xCAA8,0xEB09,
    0xFC4C,0xFC6C,0xFC6C,0xFC6C,0xFCEE,0xFC8C,0xFC2B,0xFBEB,0xFB29,0xFC6C,0xFC8D,0xFC6D,0xFCCE,0xFC6D,0xDA47,0xFF35,
    0xFEF4,0xFE93,0xFE92,0xFE72,0xEDD0,0xEDCF,0xDD2D,0xAA46,0xDA48,0xD207,0xF2E8,0xF308,0xB9A6,0xA1C6,0xB3ED,0xB491,
    0x3987,0x61C7,0x9186,0xE2C8,0xC247,0xFCED,0xFC6C,0xFC0B,0xFC0B,0xFCAD,0xFC8D,0xFC6C,0xFC4C,0xFC6D,0xFCAE,0xFC0C,
    0xFBCA,0xEBA8,0x3BAC,0x3C6D,0x348C,0x3CED,0x658F,0x1926,0x10C5,0xEFDE,0xEFDE,0xEFDE,0xEFDE,0xEFDE,0xEFDE,0xEFDE,
    0xEFDE,0xEFDE,0xEFDE,0xEFDE,0xEFDE,0xEFDE,0xEFDE,0xEFDE,0xE7BE,0xE7BE,0xD73C,0x0084,0x4C8E,0x6DCF,0x44EE,0x34AE,
    0x34AD,0x34AD,0x34AD,0x34AD,0x346D,0x242D,0x242D,0x23ED,0x23ED,0x1BCD,0x0A69,0x0A07,0x41E8,0xFC2B,0xFC8D,0xFC8D,
    0xFC6C,0xFC4C,0xFC4C,0xFC4C,0xFC4C,0xFC4C,0xFC8D,0xFCEE,0xFC8D,0xFC4C,0xFC6D,0xFC6C,0xFC4B,0xF42B,0xFF57,0xFF57,
    0xFF57,0xFF57,0xFF77,0xFEF4,0xF56E,0xF4ED,0xF46C,0xF42B,0xF44B,0xFCAD,0xF4AC,0xEC8B,0xFD8E,0xFE32,0xD206,0xFC2C,
    0xFCAD,0xFCAD,0xFC6C,0xFC6C,0xFC4C,0xFC4C,0xFBAA,0xEA67,0xFC6D,0xFCAD,0xFCCE,0xFCAD,0xFD6F,0xFC6D,0xDA27,0xFF77,
    0xFF16,0xFF36,0xFF36,0xFF36,0xFED4,0xFE92,0xFE72,0xF5F0,0xA9A7,0xD228,0xDA28,0xE228,0xDA68,0x5966,0x4186,0x4945,
    0x8105,0xEA67,0xFB6A,0xFC8D,0xFC8D,0xFC8D,0xFC6C,0xFC4C,0xFCAD,0xFCCD,0xFC6D,0xFC8D,0xFC4C,0xFC6D,0xFC2C,0xF349,
    0xD2E6,0x3C2D,0x348D,0x34AD,0x348C,0x5D8E,0x7DF0,0x08A5,0xC6B9,0xEFDE,0xEFDE,0xEFDE,0xEFDE,0xEFDE,0xEFDE,0xEFDE,
    0xEFDE,0xEFDE,0xEFDE,0xEFDE,0xEFDE,0xEFDE,0xEFDE,0xEFDE,0xEFDE,0xE7BE,0xE7BE,0x10C5,0x0043,0x7610,0x5D8F,0x4D2F,
    0x34CE,0x34AE,0x34AE,0x34AD,0x34AD,0x2C6D,0x2C4D,0x244D,0x1BED,0x13ED,0x13CD,0x13AC,0x130B,0x1249,0xB32A,0xFC4C,
    0xF44C,0xFC0C,0xFC0C,0xFC2C,0xFC4C,0xFC4C,0xFC4C,0xFC6C,0xFC6D,0xFC6D,0xFCCE,0xFE12,0xFE12,0xFF16,0xFF57,0xFF78,
    0xFF57,0xFF57,0xFF57,0xFF57,0xFF57,0xFF57,0xFE92,0xFE31,0xFE10,0xFE92,0xFF14,0xFF36,0xFF58,0xB923,0xFC4C,0xFC6D,
    0xFCAD,0xFC4C,0xFC6C,0xFC4C,0xFC0B,0xFB08,0xFAE8,0xD1A5,0xFC6D,0xFCAD,0xFC8D,0xFCEE,0xFD0E,0xFC0B,0xD1C6,0xFF98,
    0xFF37,0xFF36,0xFF56,0xFF56,0xFF36,0xFF36,0xFF16,0xFEB3,0xDBEC,0xBA09,0xB9E8,0x9987,0x9146,0xC9E7,0xD1E6,0xD1E6,
    0xF2A8,0xFBAB,0xFC0C,0xFC4C,0xFC6D,0xFCAD,0xFCEE,0xFCEE,0xFD0E,0xFD0E,0xFC6D,0xFC4C,0xFC2C,0xF40C,0xEA67,0x09C9,
    0x2C4D,0x240D,0x242D,0x34AD,0x34CD,0x65AF,0x7DF1,0x08C5,0xEFDE,0xEFDE,0xEFDE,0xEFDE,0xEFDE,0xEFDE,0xEFDE,0xEFDE,
    0xEFDE,0xEFDE,0xEFDE,0xEFDE,0xEFDE,0xEFDE,0xEFDE,0xEFDE,0xEFDE,0xEFDE,0xE7BE,0x9D95,0x0883,0x6D90,0x5D8F,0x658F,
    0x4D2E,0x34CE,0x34AE,0x34AE,0x34AE,0x34AE,0x348D,0x2C6D,0x244D,0x2C4D,0x2C2C,0x23EC,0x1BCD,0x13ED,0x0B0B,0x0A8A,
    0x2B0C,0x534B,0xF3A9,0xFBEB,0xFC4C,0xFC4C,0xFC6D,0xFC8D,0xFCAD,0xFC4C,0xFC6D,0xFC6D,0xFC8D,0xFC8C,0xFEF6,0xFF36,
    0xFF57,0xFF57,0xFF57,0xFF57,0xFF57,0xFF57,0xFF57,0xFF57,0xFF37,0xFF57,0xFF57,0xFF79,0xDBAA,0xF38A,0xFC8D,0xFC2C,
    0xFC4C,0xFC8D,0xFC4C,0xFBAA,0xFAE8,0xEA67,0xB124,0xFC4C,0xFCEE,0xFD0E,0xFCAD,0xFCEE,0xFC8C,0xFBAB,0xC165,0xFF98,
    0xFF37,0xFF57,0xFF56,0xFF36,0xFF36,0xFF36,0xFF37,0xFF36,0xFE53,0xBA89,0xB207,0xD207,0xE288,0xEAA8,0xEA87,0xFB6A,
    0xFB6A,0xFC2C,0xFC4C,0xFC6C,0xFCAD,0xFCAE,0xFC6D,0xFC6D,0xFC4C,0xFC4C,0xF44C,0xEB6A,0xA228,0x338B,0x2C4E,0x244D,
    0x2C6D,0x348D,0x34AD,0x34CD,0x5D4D,0x6DCF,0x7DF1,0x08C4,0xEFDE,0xEFDE,0xEFDE,0xEFDE,0xEFDE,0xEFDE,0xEFDE,0xEFDE,
    0xEFDE,0xEFDE,0xEFDE,0xEFDE,0xEFDE,0xEFDE,0xEFDE,0xEFDE,0xEFDE,0xEFDE,0xE7BE,0xE79D,0x10A4,0x5CEE,0x7E30,0x658F,
    0x658F,0x658F,0x34AD,0x34AD,0x2CAE,0x246E,0x246E,0x246E,0x246E,0x2C4C,0x2C4C,0x2C2D,0x2C4D,0x1C0D,0x1BED,0x1AEA,
    0xEC4B,0xF3CB,0xFC2B,0xFC2C,0xFC6D,0xFC6D,0xFC8D,0xFC6D,0xFC6D,0xFC6D,0xFC6D,0xFC6D,0xFC6D,0xFC8D,0xFC8C,0xFD2D,
    0xFF57,0xFF57,0xFF57,0xFF57,0xFF57,0xFF57,0xFF57,0xFF57,0xFF57,0xFF57,0xFFB9,0xD1E5,0xFC2C,0xFC6C,0xFC2B,0xFC2B,
    0xFC2B,0xFBEB,0xFB4A,0xF288,0x9985,0x9144,0xF309,0xFC6C,0xFCCE,0xFD0E,0xFCAD,0xFCCD,0xFC4C,0xFBEB,0xE42C,0xFF57,
    0xFF58,0xF6D5,0xE571,0xEDF2,0xFF37,0xFF37,0xFF37,0xFF37,0xFEB5,0xFDCF,0xDB28,0xC1C5,0xE327,0xF367,0xF369,0xFB49,
    0xFC2C,0xFC2B,0xFC6D,0xFCCD,0xFCAD,0xFC6D,0xFC6D,0xFC6D,0xFC6C,0xE40C,0x4A09,0x01A9,0x2C6E,0x242D,0x2C4D,0x2C4D,
    0x2C8D,0x34CE,0x34CE,0x3CCD,0x5D6E,0x6DAE,0x6D50,0x18E5,0xEFDE,0xEFDE,0xEFDE,0xEFDE,0xEFDE,0xEFDE,0xEFDE,0xEFDE,
    0xEFDE,0xEFDE,0xEFDE,0xEFDE,0xEFDE,0xEFDE,0xEFDE,0xEFDE,0xEFDE,0xEFDE,0xE7BE,0xE7BE,0x8513,0x0883,0x7E51,0x65AF,
    0x5D8F,0x5D6F,0x5D8F,0x554E,0x554E,0x450E,0x44ED,0x3CCE,0x34CE,0x3CCD,0x2C6D,0x348D,0x246D,0x244D,0x1BEC,0x238A,
    0x2289,0xBB2B,0xFC8D,0xFC8D,0xFC6D,0xFC6D,0xFC6D,0xFC6D,0xFC6D,0xFC8D,0xFC6D,0xFC6D,0xFC6D,0xFCCE,0xFED5,0xFF57,
    0xFF57,0xFF57,0xFF57,0xFF57,0xFF57,0xFF57,0xFF57,0xFF57,0xFE54,0xB944,0xD226,0xFBAB,0xFBEB,0xFBEB,0xFB8A,0xFB29,
    0xFB49,0xFB29,0xEA88,0xA1A5,0xD3EA,0xA985,0xFBCB,0xFC8C,0xFD2E,0xFC6D,0xFC4C,0xFC6C,0xFC2B,0xEA88,0xDCCF,0xFF36,
    0xFF98,0xA9A5,0xA164,0xA985,0xEC2C,0xFF37,0xFF36,0xFF36,0xFF36,0xFE72,0xF5AF,0xF52D,0xDC0A,0xEB48,0xEB08,0xFB6A,
    0xFBCB,0xFC6C,0xFC6C,0xFC6C,0xFC6C,0xFC4C,0xFC4C,0xFC2B,0x9B8A,0x09C7,0x0ACA,0x13AD,0x240D,0x2C4D,0x348D,0x348D,
    0x34AD,0x34ED,0x3CCD,0x5D6D,0x556E,0x7E30,0x2A6A,0x9D95,0xE7BE,0xEFDE,0xEFDE,0xEFDE,0xEFDE,0xEFDE,0xEFDE,0xEFDE,
    0xEFDE,0xEFDE,0xEFDE,0xEFDE,0xEFDE,0xEFDE,0xEFDE,0xEFDE,0xEFDE,0xEFDE,0xE7BE,0xE7BE,0xDF7D,0x10E5,0x1229,0x8651,
    0x5D6F,0x5D6F,0x5D6F,0x5D6F,0x5D6E,0x5D6F,0x552E,0x4D2E,0x3CEE,0x34EE,0x3CCD,0x34CD,0x3CAD,0x2C4D,0x2C2C,0x23EB,
    0x2BCB,0x1A89,0xCA8A,0xF32A,0xFBEB,0xFBEB,0xFC0B,0xFC2C,0xFC4C,0xFC6D,0xFC2C,0xFF16,0xFF37,0xFF56,0xFF36,0xFF36,
    0xFF57,0xFF57,0xFF57,0xFF57,0xFF57,0xFF37,0xFF57,0xFF56,0xFF36,0xFEF5,0xCB08,0xB1A5,0xC1E6,0xC9C5,0xC9A5,0xC1A5,
    0xB1A5,0xCB08,0xCB49,0xE44C,0xE46C,0xB985,0xFC2C,0xFC8C,0xFCAD,0xFC6C,0xFC4C,0xFC4C,0xFC2C,0xDA48,0xDC6E,0xFF36,
    0x9164,0xC369,0xF6F7,0xFF37,0xFF77,0xFED4,0xFF36,0xFF36,0xFF57,0xFF16,0xF5D0,0xED2E,0xDAA7,0xEAE8,0xF3AB,0xFBAA,
    0xFBEB,0xFBEB,0xFC4C,0xFC8D,0xFC6D,0xFC4D,0xEBEB,0xBAE7,0x1BAC,0x13AC,0x13CC,0x1BED,0x2C2D,0x2C6E,0x348E,0x34AD,
    0x44AD,0x34CE,0x5D6E,0x5D6E,0x5D8F,0x7E10,0x1146,0xBE58,0xE7BE,0xEFDE,0xEFDE,0xEFDE,0xEFDE,0xEFDE,0xEFDE,0xEFDE,
    0xEFDE,0xEFDE,0xEFDE,0xEFDE,0xEFDE,0xEFDE,0xEFDE,0xEFDE,0xEFDE,0xEFDE,0xE7BE,0xE7BE,0xE7BE,0x8492,0x0883,0x6DB0,
    0x5D8F,0x5D6F,0x5D8F,0x5D6F,0x658F,0x5D8F,0x5D6F,0x5D6F,0x5D6F,0x3D0E,0x3D0E,0x3CCD,0x3CAD,0x3C8D,0x2C4C,0x344C,
    0x23EB,0x23CB,0x1B4A,0x09C7,0x6207,0xCA85,0xF349,0xFBCB,0xFBCA,0xFBCA,0xFC6D,0xFD90,0xFEB3,0xFEB3,0xFF15,0xFF56,
    0xFF36,0xFF57,0xFF57,0xFF57,0xFF16,0xFF15,0xFE72,0xFED4,0xFED3,0xFEB3,0xFED3,0xFF56,0xF46B,0xF46C,0xF4CD,0xF4CD,
    0xF4AD,0xEC4A,0xEC8B,0xFDD0,0xFDAF,0xFBAA,0xFC0B,0xFCCD,0xFC2C,0xFC4C,0xFC8D,0xFC0C,0xFB4A,0xA924,0xFED5,0xC3AA,
    0xFFB8,0xFF35,0xFF57,0xFF36,0xFEF5,0xFEB3,0xFE52,0xFF36,0xFF57,0xFF17,0xB286,0xDAA8,0xDA47,0xF348,0xFB8A,0xFBEB,
    0xFC0B,0xFC0B,0xFC2B,0xFC4C,0xFC2C,0xEBEB,0x1208,0x0249,0x1BED,0x1BED,0x2C0D,0x2C4D,0x2C4D,0x348E,0x2C6D,0x348D,
    0x450E,0x5D6E,0x5D6E,0x5D8E,0x6DF0,0x22EB,0x2187,0xDF5C,0xE7BE,0xEFDE,0xEFDE,0xEFDE,0xEFDE,0xEFDE,0xEFDE,0xEFDE,
    0xEFDE,0xEFDE,0xEFDE,0xEFDE,0xEFDE,0xEFDE,0xEFDE,0xEFDE,0xEFDE,0xEFDE,0xE7BE,0xE7BE,0xE7BE,0xDF7D,0x10C4,0x336D,
    0x7631,0x6DF0,0x5D8F,0x658F,0x658F,0x5D6E,0x5D6E,0x5D6E,0x5D6E,0x656E,0x4D2E,0x450E,0x3CCD,0x346D,0x2C4D,0x1C2E,
    0x2C6E,0x2BCB,0x138B,0x132B,0x2186,0x5A27,0xCAE8,0xFBAA,0xFC4C,0xFC4C,0xFC4C,0xFC4C,0xFC2C,0xFDF0,0xFE92,0xFEF5,
    0xFF36,0xFF57,0xFF77,0xFF36,0xFE93,0xFE92,0xFE72,0xFE30,0xFE51,0xFE52,0xFE71,0xFE71,0xFE72,0xFDEF,0xFDD0,0xFDD0,
    0xF58E,0xFE71,0xFE71,0xFE93,0xFDD0,0xFB8A,0xFC4C,0xFC2C,0xFC2C,0xFCAD,0xFC6D,0xFBCB,0xE288,0x9103,0xFEF5,0xFF15,
    0xFEF4,0xFEB3,0xFE31,0xFE11,0xFE11,0xFE10,0xFE11,0xFEB4,0xFF36,0xFF16,0xF5F0,0xD2C8,0xDAC8,0xF328,0xF308,0xFB6A,
    0xFBCB,0xFBCB,0xF3A9,0xE368,0x5308,0x0A27,0x138B,0x140D,0x13ED,0x240D,0x2C2D,0x244D,0x348D,0x3CCE,0x44EE,0x552E,
    0x5D6F,0x5D8E,0x5D8E,0x7610,0x8672,0x2ACB,0x2187,0xE79D,0xE7BE,0xEFDE,0xEFDE,0xEFDE,0xEFDE,0xEFDE,0xEFDE,0xEFDE,
    0xEFDE,0xEFDE,0xEFDE,0xEFDE,0xEFDE,0xEFDE,0xEFDE,0xEFDE,0xEFDE,0xEFDE,0xEFDE,0xE7BE,0xE7BE,0xE7BE,0xD75C,0x0883,
    0x09C7,0x6DD0,0x65AF,0x658F,0x658F,0x658E,0x5D6E,0x5D6E,0x656E,0x658E,0x5D4C,0x550C,0x44CD,0x140E,0x0BEE,0x2C6E,
    0x244E,0x2B8B,0x1B6B,0x0B2B,0x5A27,0xEB48,0xFC0B,0xFC6C,0xFC4C,0xFC2C,0xFC2C,0xFC2C,0xFC2C,0xFBEB,0xFE31,0xFF15,
    0xFF15,0xFF15,0xFF15,0xFE72,0xFE72,0xFE51,0xFD0E,0xF4CD,0xFCED,0xFD0E,0xFCED,0xFCEC,0xFD4D,0xFE72,0xFEF5,0xFF16,
    0xFF15,0xFF15,0xFF15,0xFE30,0xFD6E,0xFC0C,0xFC6C,0xFC2C,0xFC2C,0xFC6D,0xFC4C,0xFB8B,0xB985,0xFE32,0xFF15,0xFEF5,
    0xFE31,0xFDAF,0xFDAF,0xFDAF,0xFDD0,0xFDF0,0xFE10,0xFDF0,0xFED4,0xFEF5,0xF5F0,0xF5F0,0xE48C,0xDAE7,0xF309,0xFBAB,
    0xF42C,0xE44C,0xE42C,0xEBCA,0xF389,0xC2C6,0x13AC,0x13ED,0x1BED,0x242C,0x244D,0x2C6D,0x3CCE,0x3CCE,0x5D6F,0x5D8F,
    0x5D8E,0x5D6E,0x5D8F,0x5D6F,0x54CE,0x10A4,0xCEFA,0xE7BE,0xE7BE,0xEFDE,0xEFDE,0xEFDE,0xEFDE,0xEFDE,0xEFDE,0xEFDE,
    0xEFDE,0xEFDE,0xEFDE,0xEFDE,0xEFDE,0xEFDE,0xEFDE,0xEFDE,0xEFDE,0xEFDE,0xEFDE,0xE7BE,0xE7BE,0xE7BE,0xE7BE,0x6BCF,
    0x0862,0x4C0D,0x8692,0x658F,0x5D8F,0x5D6E,0x5D6F,0x5D8E,0x5D8E,0x658E,0x5D2D,0x3CEE,0x1C4F,0x3CCD,0x4CEC,0x4CCD,
    0x3CAD,0x244D,0x242D,0x1BAC,0x132C,0x2AAA,0x99C7,0xDAA8,0xF309,0xF309,0xFB8A,0xFBCB,0xFBEB,0xFC4B,0xFEB3,0xFEF4,
    0xFF15,0xFEF5,0xFE11,0xFDF1,0xFD2E,0xFD0E,0xF4EF,0x0022,0x0023,0x0023,0xA309,0xECCE,0xFCED,0xF4AC,0xFDF1,0xFED4,
    0xFF36,0xFF36,0xFEF4,0xFDAF,0xCA05,0xFC2C,0xFC6C,0xFC4C,0xFC2C,0xFC0C,0xFBAA,0xE247,0xB329,0xFED4,0xFE93,0xFDF0,
    0xFD0D,0xFCED,0xECEF,0xDC4B,0xDC0B,0xF44B,0xFD6F,0xFD8F,0xFDD0,0xFED4,0xF5CF,0xCC4C,0xD4AE,0xF570,0xFB8A,0xFBCB,
    0xFC0B,0xFC4C,0xFC0B,0xFBA9,0xE2E7,0x2AC7,0x1BAC,0x1BED,0x240D,0x2C4D,0x34AE,0x3CCD,0x4D0E,0x5D6F,0x5D8F,0x5D8F,
    0x5D6E,0x5D6E,0x5D8F,0x8652,0x230A,0x2986,0xE7BE,0xE7BE,0xE7BE,0xEFDE,0xEFDE,0xEFDE,0xEFDE,0xEFDE,0xEFDE,0xEFDE,
    0xEFDE,0xEFDE,0xEFDE,0xEFDE,0xEFDE,0xEFDE,0xEFDE,0xEFDE,0xEFDE,0xEFDE,0xEFDE,0xEFDE,0xEFDE,0xEFDE,0xEFDE,0xE7BE,
    0x6C2F,0x1166,0x75D1,0x8692,0x6DCF,0x5D6E,0x65CF,0x65AF,0x65AE,0x5D4D,0x3CED,0x44ED,0x4D0D,0x4D2D,0x550D,0x4CED,
    0x4CCD,0x44AD,0x248D,0x140D,0x13ED,0x0B8C,0x0987,0xA1C7,0xDA48,0xEAA8,0xFB8A,0xFBCA,0xFC4C,0xFEB3,0xFED3,0xFEF4,
    0xFF15,0xFE11,0xFDD0,0xFCED,0xF48D,0x0004,0x0843,0x0023,0x0023,0x0023,0x0022,0x0024,0x1044,0xF48C,0xF46C,0xFE93,
    0xFF15,0xFF36,0xFED4,0xFDAF,0xD9E5,0xFC6C,0xFC8D,0xFC8D,0xFC0B,0xFBAA,0xFB28,0x9924,0xDC8B,0xFEF4,0xFE31,0xF48C,
    0xFCED,0x1044,0x0024,0x0841,0x0022,0x0025,0xD389,0xFCCC,0xFDCF,0xFE11,0xF56E,0xD34A,0xE2E9,0xF329,0xFB29,0xFB09,
    0xFB29,0xF309,0xE2C9,0x7125,0x22C9,0x138A,0x1BAC,0x1BED,0x242D,0x2CAF,0x34CE,0x4D0E,0x5D6F,0x5D8F,0x5D8F,0x65AF,
    0x5DAF,0x558E,0x6E10,0x8EB3,0x08A3,0xE79D,0xE7BE,0xE7BE,0xE7BE,0xEFDE,0xEFDE,0xEFDE,0xEFDE,0xEFDE,0xEFDE,0xEFDE,
    0xEFDE,0xEFDE,0xEFDE,0xEFDE,0xEFDE,0xEFDE,0xEFDE,0xEFDE,0xEFDE,0xEFDE,0xEFDE,0xEFDE,0xEFDE,0xEFDE,0xE7BE,0xE7BE,
    0xE79D,0x7471,0x08A4,0x22AA,0x3368,0x4AE5,0x65D0,0x6DF0,0x4D6D,0x2CCE,0x344D,0x556E,0x5D8F,0x5D8F,0x5D8E,0x550D,
    0x4CED,0x54CC,0x2C8E,0x246E,0x1C0D,0x0B8C,0x0B4B,0x01A8,0xE36A,0xFB6A,0xFB8A,0xFBEB,0xFC0A,0xFC8C,0xFE31,0xFED3,
    0xFE52,0xFDD0,0xFD2D,0xC329,0x0823,0x0024,0x0003,0x6450,0x0927,0x0023,0x0066,0x0046,0x0065,0x1085,0xFD4F,0xF44C,
    0xFE72,0xFF36,0xFE72,0xD246,0xEAC8,0xFC2B,0xFC6D,0xFC0C,0xFBEB,0xFB48,0xD2E6,0xF4CA,0xFED3,0xFEB3,0xFD8F,0xFDAE,
    0x0022,0x0021,0x1926,0x73CD,0x0002,0x0043,0x0824,0xF4CC,0xFD4D,0xFDCF,0xECCC,0xD2C8,0xE288,0xF308,0xF2E8,0xBAA9,
    0x71E7,0x1147,0x0988,0x028B,0x1C0C,0x240B,0x240D,0x342D,0x2C4D,0x2CCF,0x4D2E,0x5D6E,0x658F,0x65AF,0x65AF,0x6DF1,
    0x5DAF,0x5DAE,0x7DF0,0x2984,0x10C3,0xE79D,0xE7BE,0xE7BE,0xE7BE,0xEFDE,0xEFDE,0xEFDE,0xEFDE,0xEFDE,0xEFDE,0xEFDE,
    0xEFDE,0xEFDE,0xEFDE,0xEFDE,0xEFDE,0xEFDE,0xEFDE,0xEFDE,0xEFDE,0xEFDE,0xEFDE,0xEFDE,0xEFDE,0xEFDE,0xE7BE,0xE7BE,
    0xE7BE,0xE79D,0x10E3,0x6264,0xCBE5,0x9AA2,0x9A82,0x3AE7,0x1C2D,0x2CF0,0x556E,0x5D8F,0x5D8F,0x5D8F,0x5D8E,0x5D8E,
    0x5D6E,0x4CCC,0x246E,0x242D,0x240B,0x2BEB,0x134B,0x1288,0x0A48,0x3965,0xA9C5,0xEB08,0xF389,0xF3C9,0xFE31,0xFE31,
    0xFDF0,0xFDB0,0xF48B,0x0022,0x0002,0x5B6F,0x432F,0x0002,0x0024,0x00C6,0x00A6,0x0065,0x746F,0x0021,0x3966,0xF4AC,
    0xFE51,0xFE92,0xFE93,0xD226,0xFC0B,0xFC0B,0xFBEB,0xFB8A,0xF2E8,0xC266,0xAAA6,0xFE51,0xFED3,0xFE72,0xFD6F,0x1084,
    0x0022,0x0042,0x6B6D,0xB593,0xAD93,0x73AF,0x0020,0x0042,0xF56E,0xFD8F,0xECAC,0xDAA8,0xDA48,0xEAA8,0xF2A8,0xE267,
    0xDAC6,0x4965,0x0AEA,0x136C,0x1BCC,0x1C0D,0x13CD,0x13AD,0x2C4E,0x34CE,0x556F,0x556E,0x658F,0x65AF,0x65AF,0x65AF,
    0x5DAF,0x1962,0x9AA3,0x89C2,0x20A2,0xB615,0xE7BE,0xE7BE,0xE7BE,0xEFDE,0xEFDE,0xEFDE,0xEFDE,0xEFDE,0xEFDE,0xEFDE,
    0xEFDE,0xEFDE,0xEFDE,0xEFDE,0xEFDE,0xEFDE,0xEFDE,0xEFDE,0xEFDE,0xEFDE,0xEFDE,0xEFDE,0xEFDE,0xEFDE,0xEFDE,0xE7BE,
    0xE7BE,0xE7BD,0x20C2,0xE527,0xFFD7,0xFF90,0xF4E2,0x7961,0x33EC,0x558F,0x5DAF,0x5D8F,0x5D8F,0x5D8F,0x65AF,0x5DAE,
    0x4D0D,0x3CAD,0x2C6D,0x244D,0x2C4C,0x2C2C,0x1BCC,0x132A,0x0A69,0x0945,0x9A67,0xEAE9,0xF2E8,0xFD6E,0xFDF0,0xFDD0,
    0xFDD0,0xFD6F,0x1064,0x0022,0x434C,0x8553,0x0003,0x00E6,0x01A9,0x0AAB,0x138D,0x024A,0x0064,0xA4F1,0x0000,0xBC0C,
    0xFE11,0xFE72,0xFE92,0xEB29,0xFC4C,0xFBEB,0xFAE8,0xEA87,0xCAA7,0xE42A,0xECEC,0xFE92,0xFEB3,0xFE72,0x9248,0x0065,
    0x00E5,0x00E5,0x0085,0x424A,0xC636,0xBE15,0x0001,0x0821,0xCBAB,0xFD4E,0xEC8B,0xC208,0xCA07,0xC227,0xB208,0x39E9,
    0x0A49,0x0B0A,0x0B0A,0x1B8B,0x1BCC,0x1C0D,0x346D,0x346D,0x344D,0x34AD,0x246D,0x2CCF,0x3D0F,0x5D6E,0x658F,0x5DAE,
    0x444D,0xD5F0,0xFFBD,0xFEAA,0xE421,0x69E4,0xCEFA,0xE7BE,0xE7BE,0xEFDE,0xEFDE,0xEFDE,0xEFDE,0xEFDE,0xEFDE,0xEFDE,
    0xEFDE,0xEFDE,0xEFDE,0xEFDE,0xEFDE,0xEFDE,0xEFDE,0xEFDE,0xEFDE,0xEFDE,0xEFDE,0xEFDE,0xEFDE,0xEFDE,0xEFDE,0xE7BE,
    0xE7BE,0xDF5C,0x28E2,0xF5C9,0xFF92,0xFE85,0xE481,0xB283,0x08A3,0x65B0,0x65CF,0x5DAF,0x5D8F,0x5D8F,0x5D8F,0x556E,
    0x452E,0x2CAE,0x3CCE,0x34AD,0x348D,0x1C4D,0x1C2D,0x134C,0x2207,0xC166,0xE268,0xFB4A,0xFB8A,0xFDAF,0xFDD0,0xFDD0,
    0xFDD0,0xFCCE,0x0044,0x0044,0x8574,0x3ACD,0x08A5,0x0189,0x03AE,0x0B8E,0xFFDD,0x84B2,0x0106,0x31A7,0xA4D1,0x5164,
    0xFE10,0xFE31,0xFDB0,0xFBEB,0xFBAA,0xFB28,0xC1A5,0x8924,0xEC6B,0xF4ED,0xFE72,0xFE92,0xFE92,0xFDB0,0x3104,0x00A4,
    0x12EC,0x22AC,0x00A6,0x0023,0xBDD5,0xC635,0x9D32,0x0842,0x20C6,0xFD90,0xECAC,0xA9A7,0x8167,0x2967,0x09C6,0x0A08,
    0x132B,0x0B6C,0x134B,0x1B8B,0x23CC,0x348E,0x3CCE,0x550D,0x552D,0x4D4E,0x5D4D,0x4D0F,0x034D,0x0B4C,0x0B4D,0x0B6C,
    0x92C5,0xFF4E,0xFF6F,0xFE64,0xE421,0x9202,0xA554,0xE7BE,0xE7BE,0xEFDE,0xEFDE,0xEFDE,0xEFDE,0xEFDE,0xEFDE,0xEFDE,
    0xEFDE,0xEFDE,0xEFDE,0xEFDE,0xEFDE,0xEFDE,0xEFDE,0xEFDE,0xEFDE,0xEFDE,0xEFDE,0xEFDE,0xEFDE,0xEFDE,0xEFDE,0xE7BE,
    0xE7BE,0xDF5C,0x3103,0xF542,0xFE24,0xE4A1,0xC3A3,0xAA64,0x0882,0x6610,0x6DF0,0x65D0,0x5DAF,0x5DAF,0x5D6E,0x4D2E,
    0x3D0E,0x452E,0x4D0D,0x44ED,0x3CAD,0x244C,0x244D,0x2269,0x7966,0xFBAA,0xFBEB,0xFC0B,0xFC2C,0xFCAD,0xFDF0,0xFDD0,
    0xFDAF,0xF3AD,0x0842,0x324B,0xB677,0x19A9,0x00E6,0x01A9,0x036E,0x02CC,0xFFDD,0xEF39,0x08E5,0x1926,0xD676,0x1062,
    0xFDEF,0xFDD0,0xEB09,0xF34A,0xE2A8,0x9944,0x8944,0xF44B,0xFDAE,0xFE51,0xFE92,0xFE92,0xFE71,0xFDD1,0x0085,0x0948,
    0xF7DA,0xFFFB,0x096A,0x08E7,0xB5B5,0xF77A,0xD676,0x2187,0x10A5,0xFD8F,0xEC8C,0xB9A7,0x2127,0x09C6,0x0A48,0x130B,
    0x134C,0x1BCD,0x2BEC,0x23CC,0x346D,0x34AE,0x3CEE,0x552D,0x4D4D,0x5D8E,0x5D6D,0x5D6E,0x554F,0x4D0F,0x34CF,0x13AC,
    0x92A4,0xED22,0xFE45,0xED02,0xC361,0x89A2,0xA574,0xE7BD,0xE7BE,0xEFDE,0xEFDE,0xEFDE,0xEFDE,0xEFDE,0xEFDE,0xEFDE,
    0xEFDE,0xEFDE,0xEFDE,0xEFDE,0xEFDE,0xEFDE,0xEFDE,0xEFDE,0xEFDE,0xEFDE,0xEFDE,0xEFDE,0xEFDE,0xEFDE,0xEFDE,0xE7BE,
    0xE7BE,0xE79D,0x2924,0xBBA2,0xE481,0xD402,0xA2E6,0xA286,0x08E5,0x8EB2,0x8671,0x8671,0x75F0,0x656D,0x54CC,0x550D,
    0x554E,0x554E,0x4D4E,0x450D,0x3CAC,0x6288,0xAAE9,0xFC0B,0xF3CB,0xFBCB,0xFBEB,0xFC2C,0xFC4C,0xFD0E,0xFDD0,0xFDD0,
    0xFDAF,0xEB4C,0x0841,0xA4F2,0xD6F9,0x00A6,0x0169,0x01AA,0x02AC,0x0167,0x4C10,0x11CA,0x0148,0x0148,0xFFFE,0xAC8F,
    0xFE10,0xFEB3,0xE369,0xBA26,0xC2A7,0xF4AD,0xEC2B,0xFDCF,0xFE92,0xFE92,0xFE72,0xFE92,0xFE72,0xFDD3,0x00C7,0x0949,
    0xB654,0xEFDA,0x09AA,0x0907,0x4AAB,0xFFDC,0xF759,0x4229,0x0863,0xFD4E,0xEC0A,0xB9C7,0xA987,0x3945,0x1309,0x132B,
    0x1B8C,0x23CC,0x2C0D,0x2C2E,0x44AD,0x44ED,0x450D,0x4D2D,0x5D6E,0x5D6D,0x5D6D,0x5D6E,0x5D8E,0x75F0,0x6DEF,0x138B,
    0x7AC6,0xA301,0xD401,0xD3E1,0xBB02,0x4943,0xC678,0xE7BE,0xE7BE,0xEFDE,0xEFDE,0xEFDE,0xEFDE,0xEFDE,0xEFDE,0xEFDE,
    0xEFDE,0xEFDE,0xEFDE,0xEFDE,0xEFDE,0xEFDE,0xEFDE,0xEFDE,0xEFDE,0xEFDE,0xEFDE,0xEFDE,0xEFDE,0xEFDE,0xEFDE,0xEFDE,
    0xE7BE,0xE7BE,0xC679,0x3985,0x9A82,0x9A42,0x8A04,0x0841,0x0864,0x12CC,0x65F3,0x86B2,0x8672,0x8650,0x8630,0x6DEF,
    0x65AF,0x6DCF,0x5D4E,0x54EC,0x4D0D,0x5CED,0x5B4A,0x8247,0xF3AA,0xFC2C,0xFC2C,0xFC4C,0xFC8D,0xFCCD,0xFDD0,0xFDD0,
    0xFDAF,0xD32B,0x0842,0xD696,0xCED9,0x0128,0x02ED,0x02CC,0x00A6,0x0085,0x0065,0x0107,0x0169,0x0148,0xFFFE,0xE614,
    0xFE30,0xFE72,0xFE52,0xECAB,0xECAC,0xFDCF,0xFE10,0xFE72,0xFE72,0xFE72,0xFE72,0xFE72,0xFE51,0x10A7,0x0108,0x00E7,
    0x0149,0x00C6,0x0189,0x0106,0x226A,0xFFDD,0xF77B,0x4A4A,0x0863,0xFD0C,0xE348,0xD269,0xD289,0x8925,0x29A5,0x1B6B,
    0x13CC,0x2C4D,0x242D,0x242E,0x2C4E,0x3CCD,0x4D4E,0x5D6E,0x5D8E,0x5D8E,0x658D,0x65CF,0x65CF,0x6E0F,0x8E71,0x4D12,
    0x08A4,0x82C3,0x9A41,0x89C1,0x40C3,0x6BAD,0xE7BE,0xE7BE,0xE7BE,0xEFDE,0xEFDE,0xEFDE,0xEFDE,0xEFDE,0xEFDE,0xEFDE,
    0xEFDE,0xEFDE,0xEFDE,0xEFDE,0xEFDE,0xEFDE,0xEFDE,0xEFDE,0xEFDE,0xEFDE,0xEFDE,0xEFDE,0xEFDE,0xEFDE,0xEFDE,0xEFDE,
    0xEFDE,0xEFDE,0xE7BE,0xDF7D,0x18C3,0x1083,0x10A3,0xD71B,0xE79D,0x3A49,0x1082,0x08E5,0x0966,0x1187,0x1986,0x3CAC,
    0x4CCD,0x44CD,0x3C6C,0x3BAB,0x3AA7,0x8308,0xD2C8,0xFC0C,0xFC8E,0xFC2C,0xFC2C,0xFC2B,0xFC8C,0xFCAC,0xFDF0,0xFDD0,
    0xFDD0,0xFD71,0x0864,0xF7BE,0xDEFA,0x09EA,0x040E,0x042F,0x0065,0x00A5,0x0085,0x0127,0x024B,0x0147,0xFFFE,0xFFBC,
    0xF5F0,0xFE72,0xFE72,0xFE72,0xFE92,0xFE92,0xFE72,0xFE72,0xFE72,0xFE72,0xFE72,0xFE72,0xFE52,0x0024,0x0149,0x00A6,
    0x00A6,0x0168,0x038E,0x02CC,0x22EC,0xFFDE,0xFFDD,0x4229,0xCC8E,0xFCEC,0x8905,0xD228,0xD268,0xD2CA,0xBA07,0x39C7,
    0x1C0D,0x242D,0x244E,0x2CAF,0x2C8F,0x248E,0x2CEF,0x5D8E,0x5D6E,0x556E,0x65AF,0x5DAE,0x6E30,0x7E30,0x1A0A,0x1083,
    0xBE57,0x8471,0x10A3,0x10A3,0xDF5C,0xE7BE,0xE7BE,0xE7BE,0xEFDE,0xEFDE,0xEFDE,0xEFDE,0xEFDE,0xEFDE,0xEFDE,0xEFDE,
    0xEFDE,0xEFDE,0xEFDE,0xEFDE,0xEFDE,0xEFDE,0xEFDE,0xEFDE,0xEFDE,0xEFDE,0xEFDE,0xEFDE,0xEFDE,0xEFDE,0xEFDE,0xEFDE,
    0xEFDE,0xEFDE,0xEFDE,0xE7BE,0xE7BD,0xE7BE,0xE79D,0xE7BE,0xE7BE,0xE7BE,0xE7BE,0x4ACB,0x10E4,0x1926,0x2146,0x0885,
    0x0863,0x0863,0x0843,0x3043,0x9965,0xF369,0xFC2C,0xFC6D,0xFC6D,0xFC4C,0xFC0B,0xFD90,0xFE32,0xFE31,0xFE93,0xFDF0,
    0xFDF1,0xFDB2,0x0045,0xF7BE,0xF7BE,0x0229,0x038C,0x040E,0x00A6,0x00A5,0x0085,0x0106,0x040E,0x034E,0xFFFF,0xFFBC,
    0xFE92,0xFE72,0xFE72,0xFE72,0xFE92,0xFE92,0xFE92,0xFE72,0xFE72,0xFE72,0xFE72,0xFE92,0xF5F0,0x0066,0x0107,0x00C6,
    0x00C6,0x028A,0x038E,0x0BAE,0x6492,0xFFDD,0xFFBC,0x39E8,0xE48C,0xFCEC,0x9925,0xDA08,0xE2A9,0xF389,0xF3EA,0xCAE9,
    0x6146,0x342D,0x2C6D,0x2CAE,0x34EE,0x3D2E,0x454E,0x450E,0x5D6E,0x5D6E,0x5D6E,0x7E71,0x96F4,0x4BCD,0x0883,0x7C51,
    0xE7BE,0xE7BE,0xE7BE,0xE79D,0xE7BE,0xE7BE,0xE7BE,0xE7BE,0xEFDE,0xEFDE,0xEFDE,0xEFDE,0xEFDE,0xEFDE,0xEFDE,0xEFDE,
    0xEFDE,0xEFDE,0xEFDE,0xEFDE,0xEFDE,0xEFDE,0xEFDE,0xEFDE,0xEFDE,0xEFDE,0xEFDE,0xEFDE,0xEFDE,0xEFDE,0xEFDE,0xEFDE,
    0xEFDE,0xEFDE,0xEFDE,0xE7BE,0xE7BE,0xE7BE,0xE7BE,0xE7BE,0xE7BE,0xE7BE,0xE7BE,0xE79D,0xE79D,0xE77D,0xDF7D,0xBE37,
    0x9D13,0x39E7,0x40E5,0xDA47,0xFBCA,0xFC4D,0xFC6D,0xFC6D,0xFC0B,0xFB8A,0xFAE8,0xFB69,0xFB49,0xFD8F,0xFED4,0xFE93,
    0xFDCF,0xFD2E,0x3105,0x9CB0,0xF7BE,0x142F,0x2DAF,0x2DEF,0x140E,0x0085,0x0043,0x13CC,0x3E0D,0x03CC,0xFFFF,0xFFBC,
    0xFE72,0xFE72,0xFE72,0xFED4,0xFE93,0xFEF4,0xFEB3,0xFEB3,0xFE93,0xFED4,0xFE92,0xFE72,0xF5D0,0x0086,0x0269,0x00A5,
    0x00C5,0x0B8D,0x14AF,0x1490,0xC6DA,0xFFDD,0xFFFD,0x1084,0xF5F0,0xF4ED,0xCA27,0xD1C7,0xEA48,0xFB09,0xF348,0xEBE7,
    0xEC05,0xC284,0x9286,0x4CED,0x452D,0x450D,0x658E,0x658F,0x554E,0x75F0,0x7DF1,0x43ED,0x19C8,0x0883,0xADF7,0xE7BE,
    0xE7BE,0xE7BE,0xE7BE,0xE7BE,0xE7BE,0xE7BE,0xEFDE,0xEFDE,0xEFDE,0xEFDE,0xEFDE,0xEFDE,0xEFDE,0xEFDE,0xEFDE,0xEFDE,
    0xEFDE,0xEFDE,0xEFDE,0xEFDE,0xEFDE,0xEFDE,0xEFDE,0xEFDE,0xEFDE,0xEFDE,0xEFDE,0xEFDE,0xEFDE,0xEFDE,0xEFDE,0xEFDE,
    0xEFDE,0xEFDE,0xEFDE,0xEFDE,0xEFDE,0xE7BE,0xE7BE,0xE7BE,0xE7BE,0xE7BE,0xE7BE,0xE7BE,0xE7BE,0xE7BD,0xE77D,0xAD34,
    0x4986,0x8145,0xFB49,0xFC4B,0xFC2C,0xFC2C,0xFBCA,0xFB89,0xFB8A,0xFB89,0xFC6C,0xFD2E,0xFEB4,0xFED4,0xFEF4,0xFED4,
    0xFEB3,0xFDCE,0xB3AB,0x6B0C,0xF7BF,0xC71A,0x154F,0x462F,0x464F,0x2DB2,0x1CF0,0x2D8E,0x1D8D,0x036A,0xF7DF,0xFF9A,
    0xFE72,0xFEB3,0xFED4,0xFED4,0xFEF4,0xFF15,0xFF15,0xFF15,0xFEF5,0xFED4,0xFEF4,0xFEB3,0xF5EF,0x0147,0x1CCD,0x0023,
    0x0106,0x2DEF,0x35EF,0x0CAE,0xFFFE,0xFFDC,0xFFBC,0xA42E,0xFDCF,0xFDCF,0xDC2B,0xDA69,0xF309,0xFB29,0xFB4A,0xA9A6,
    0x5227,0x3329,0x5CED,0x6D0C,0x8630,0x8610,0x8671,0x7E70,0x8650,0x22EB,0x0085,0x0885,0x42AB,0xEFDE,0xEFDE,0xE7BE,
    0xE7BE,0xE7BE,0xEFDE,0xE7BE,0xEFDE,0xEFDE,0xEFDE,0xEFDE,0xEFDE,0xEFDE,0xEFDE,0xEFDE,0xEFDE,0xEFDE,0xEFDE,0xEFDE,
    0xEFDE,0xEFDE,0xEFDE,0xEFDE,0xEFDE,0xEFDE,0xEFDE,0xEFDE,0xEFDE,0xEFDE,0xEFDE,0xEFDE,0xEFDE,0xEFDE,0xEFDE,0xEFDE,
    0xEFDE,0xEFDE,0xEFDE,0xEFDE,0xEFDE,0xEFDE,0xEFDE,0xEFDE,0xEFDE,0xEFDE,0xE7BE,0xE7BE,0xE7BE,0xE7BE,0x630C,0x81C7,
    0xCA47,0xFB29,0xFB29,0xFB89,0xFBA9,0xFB48,0xFB68,0xFB49,0xE288,0xE268,0xFC4C,0xFED4,0xFED4,0xFED4,0xFEF4,0xFEF4,
    0xFF15,0xFE92,0xFE0F,0xA46E,0xFFFF,0xF7BE,0x03EB,0x460F,0x86AF,0xA68D,0x96EF,0x76D0,0x1D8E,0xC6D8,0xFFFE,0xFF57,
    0xFEB3,0xFED4,0xFF15,0xFEF5,0xFEF5,0xFF16,0xFF16,0xFF16,0xFF15,0xFEF4,0xFEF4,0xFED4,0xFED4,0x1A08,0x35AE,0x45CC,
    0x456B,0xAE89,0x256F,0x4D71,0xFFDD,0xF7BE,0x2861,0xF570,0xFE11,0xFE32,0xED6E,0xCAC9,0xE2CA,0xF34A,0xFB6A,0xF2E8,
    0xCA27,0x9186,0x18A3,0x2167,0x1167,0x19C8,0x1A08,0x19E9,0x10E4,0x2188,0xA5D6,0xE7BE,0xE7BE,0xEFDE,0xEFDE,0xEFDE,
    0xEFDE,0xEFDE,0xEFDE,0xEFDE,0xEFDE,0xEFDE,0xEFDE,0xEFDE,0xEFDE,0xEFDE,0xEFDE,0xEFDE,0xEFDE,0xEFDE,0xEFDE,0xEFDE,
    0xEFDE,0xEFDE,0xEFDE,0xEFDE,0xEFDE,0xEFDE,0xEFDE,0xEFDE,0xEFDE,0xEFDE,0xEFDE,0xEFDE,0xEFDE,0xEFDE,0xEFDE,0xEFDE,
    0xEFDE,0xEFDE,0xEFDE,0xEFDE,0xEFDE,0xEFDE,0xEFDE,0xEFDE,0xEFDE,0xEFDE,0xEFDE,0xE7BE,0xE7BE,0xE7BE,0x7BAE,0x5946,
    0xD226,0xC986,0xEA68,0xEAA9,0xE268,0xF309,0xD227,0xC9E7,0xC1C6,0xFC2D,0xFC4C,0xFC8D,0xF52E,0xFDF0,0xFED4,0xFEF5,
    0xFED4,0xFEF5,0xFEF6,0xFF17,0xED4F,0xFFDD,0xF77C,0x154D,0x5E70,0xB68D,0x9E8D,0x3DD0,0x0BAB,0xFFBC,0xFFBA,0xFEF4,
    0xFF15,0xFF35,0xFF35,0xFF57,0xFF37,0xFF37,0xE4AC,0x9983,0x99C3,0x99C4,0xF693,0xFF15,0xFEF4,0xFF15,0x252E,0x8ECE,
    0x7E8E,0x55EF,0x14CE,0xFFDC,0xFFDC,0xFF9A,0xF570,0xFE94,0xFEB4,0xFE51,0xF5AF,0xDC8D,0xCA69,0xF2C8,0xF329,0xFBCA,
    0xF389,0xD248,0xA146,0x0843,0x0863,0x0883,0x2146,0xD71B,0xE79D,0xE7BE,0xE7BE,0xE7BE,0xE7BE,0xEFDE,0xEFDE,0xEFDE,
    0xEFDE,0xEFDE,0xEFDE,0xEFDE,0xEFDE,0xEFDE,0xEFDE,0xEFDE,0xEFDE,0xEFDE,0xEFDE,0xEFDE,0xEFDE,0xEFDE,0xEFDE,0xEFDE,
    0xEFDE,0xEFDE,0xEFDE,0xEFDE,0xEFDE,0xEFDE,0xEFDE,0xEFDE,0xEFDE,0xEFDE,0xEFDE,0xEFDE,0xEFDE,0xEFDE,0xEFDE,0xEFDE,
    0xEFDE,0xEFDE,0xEFDE,0xEFDE,0xEFDE,0xEFDE,0xEFDE,0xEFDE,0xEFDE,0xEFDE,0xEFDE,0xEFDE,0xE7BE,0xEFDE,0xE7BE,0x6A69,
    0x3945,0x6987,0xB1C8,0xB1C8,0xB9C8,0xD228,0xCA07,0x88E3,0xF48E,0xFC2C,0xFC2C,0xFBEC,0xFBEB,0xF44B,0xFEB4,0xFEF5,
    0xFF37,0xFF57,0x9E33,0xE757,0xFF36,0xFF15,0xFF77,0xFFFF,0x3D6F,0x04EE,0x04CF,0xCF7B,0xFFDD,0xFF77,0xFF56,0xFF57,
    0xFF57,0xFF98,0xFF78,0xFF79,0xFF79,0xFF9B,0x69E5,0x81A4,0x9204,0x89C3,0x7B0A,0xFF78,0xFF57,0xFF16,0x9D91,0x1DEF,
    0x2DD1,0x042B,0xFFFF,0xFFDE,0xFF16,0xFEB3,0xFF37,0xFF37,0xFF16,0xFEF5,0xF5AE,0xB227,0xB1E8,0xE268,0xF2C8,0xF349,
    0xFC0A,0xFC2B,0xF3CA,0x7967,0x8C0F,0xDF3C,0xDF7D,0xE7BE,0xE7BE,0xE7BE,0xE7BE,0xE7BE,0xE7BE,0xEFDE,0xEFDE,0xEFDE,
    0xEFDE,0xEFDE,0xEFDE,0xEFDE,0xEFDE,0xEFDE,0xEFDE,0xEFDE,0xEFDE,0xEFDE,0xEFDE,0xEFDE,0xEFDE,0xEFDE,0xEFDE,0xEFDE,
    0xEFDE,0xEFDE,0xEFDE,0xEFDE,0xEFDE,0xEFDE,0xEFDE,0xEFDE,0xEFDE,0xEFDE,0xEFDE,0xEFDE,0xEFDE,0xEFDE,0xEFDE,0xEFDE,
    0xEFDE,0xEFDE,0xEFDE,0xEFDE,0xEFDE,0xEFDE,0xEFDE,0xEFDE,0xEFDE,0xEFDE,0xEFDE,0xEFDE,0xE7BE,0xE7BE,0xE7BE,0xE7BE,
    0xE79D,0xCD95,0x4126,0x4126,0x8187,0x7186,0x7124,0xEAC8,0xFC0B,0xFC4C,0xFC0C,0xFC0C,0xFD90,0xFED4,0xFED4,0xFF16,
    0xFF79,0xDF56,0x7E52,0x7E72,0x7E73,0xDEF5,0xFF57,0xFF37,0xFF16,0xF716,0xF6F5,0xFF37,0xFF36,0xFF57,0xFF99,0xFF9A,
    0xFF99,0xFF99,0xFF99,0xFF9A,0xFF9A,0xFF9A,0xFF9B,0x5922,0x7182,0x8B09,0xFF9B,0xFF99,0xFF99,0xFF79,0xFF79,0xFF37,
    0xFF78,0xFF16,0xFEF5,0xFED4,0xFEB3,0xE6D3,0x8632,0x6DF1,0xFF78,0xFF58,0xEDAF,0x99C6,0xB9E8,0xB1A8,0xEA67,0xF2C8,
    0xFBAA,0xFC0A,0xFBCA,0xFC8C,0x81C6,0x5AAB,0xDF3C,0xE79D,0xE7BE,0xE7BE,0xE7BE,0xE7BE,0xE7BE,0xEFDE,0xEFDE,0xEFDE,
    0xEFDE,0xEFDE,0xEFDE,0xEFDE,0xEFDE,0xEFDE,0xEFDE,0xEFDE,0xEFDE,0xEFDE,0xEFDE,0xEFDE,0xEFDE,0xEFDE,0xEFDE,0xEFDE,
    0xEFDE,0xEFDE,0xEFDE,0xEFDE,0xEFDE,0xEFDE,0xEFDE,0xEFDE,0xEFDE,0xEFDE,0xEFDE,0xEFDE,0xEFDE,0xEFDE,0xEFDE,0xEFDE,
    0xEFDE,0xEFDE,0xEFDE,0xEFDE,0xEFDE,0xEFDE,0xEFDE,0xEFDE,0xEFDE,0xEFDE,0xEFDE,0xEFDE,0xEFDE,0xEFDE,0xEFDE,0xEFDE,
    0xEFBE,0xE7BE,0xE79D,0xD6BA,0x82EB,0x6229,0x68E3,0xFBAA,0xFC0C,0xFC6D,0xFC0C,0xFD30,0xFED5,0xFEB4,0xFE93,0xFEF5,
    0xFF58,0x9E72,0x6E30,0x7651,0x7E72,0x7E72,0x7632,0xE716,0xFF36,0xFF78,0xFF98,0xFF79,0xFF9A,0xFF99,0xFF9A,0xFF9A,
    0xFF9A,0xFF9A,0xFF9A,0xFF9A,0xFF9A,0xFF9A,0xFF9A,0xF79B,0xFFFD,0xFF9A,0xFF9B,0xFF9A,0xFF9A,0xFF79,0xFF99,0xFF9A,
    0xFF78,0xFF35,0xFF15,0xFF15,0x9E72,0x8672,0x8672,0x65F1,0xBE54,0xFF58,0xDCEE,0xE369,0xA186,0xA1A7,0xC187,0xF287,
    0xF2E8,0xF329,0xFB89,0xF349,0xEB49,0xC248,0x5146,0xD71B,0xE7BE,0xE7BE,0xE7BE,0xEFDE,0xEFDE,0xEFDE,0xEFDE,0xEFDE,
    0xEFDE,0xEFDE,0xEFDE,0xEFDE,0xEFDE,0xEFDE,0xEFDE,0xEFDE,0xEFDE,0xEFDE,0xEFDE,0xEFDE,0xEFDE,0xEFDE,0xEFDE,0xEFDE,
    0xEFDE,0xEFDE,0xEFDE,0xEFDE,0xEFDE,0xEFDE,0xEFDE,0xEFDE,0xEFDE,0xEFDE,0xEFDE,0xEFDE,0xEFDE,0xEFDE,0xEFDE,0xEFDE,
    0xEFDE,0xEFDE,0xEFDE,0xEFDE,0xEFDE,0xEFDE,0xEFDE,0xEFDE,0xEFDE,0xEFDE,0xEFDE,0xEFDE,0xEFDE,0xEFDE,0xEFDE,0xEFDE,
    0xEFBE,0xE7BE,0xE7BE,0xE79D,0xD638,0x7A6A,0xD1E4,0xFC2B,0xFC0B,0xFC2C,0xFC0C,0xFC0B,0xFBA9,0xFBA8,0xFE11,0xFEB3,
    0xFF57,0xFF37,0x75AF,0x7E31,0x7E72,0x7E72,0x7671,0x7DD1,0xFF99,0xFF79,0xFF99,0xFF99,0xFF9A,0xFF9A,0xFF9A,0xFF9A,
    0xFF9A,0xDE35,0xFF9A,0xFF9A,0xFF99,0xFF9A,0xFFBB,0xFFBA,0xFFBA,0xFF9A,0xFF9B,0xFFDB,0xFF9B,0xFF9A,0xFF99,0xFF99,
    0xFF99,0xFF79,0xFF7A,0xB653,0x8652,0x8672,0x8652,0x7E31,0xFF17,0xEDD1,0xA288,0xEB8A,0xF309,0x68A3,0xB188,0xC9C9,
    0xC9E8,0xD208,0xDA28,0xDA08,0xDA89,0xBA69,0x730D,0xDF3C,0xE7BE,0xE7BE,0xEFDE,0xEFDE,0xEFDE,0xEFDE,0xEFDE,0xEFDE,
    0xEFDE,0xEFDE,0xEFDE,0xEFDE,0xEFDE,0xEFDE,0xEFDE,0xEFDE,0xEFDE,0xEFDE,0xEFDE,0xEFDE,0xEFDE,0xEFDE,0xEFDE,0xEFDE,
    0xEFDE,0xEFDE,0xEFDE,0xEFDE,0xEFDE,0xEFDE,0xEFDE,0xEFDE,0xEFDE,0xEFDE,0xEFDE,0xEFDE,0xEFDE,0xEFDE,0xEFDE,0xEFDE,
    0xEFDE,0xEFDE,0xEFDE,0xEFDE,0xEFDE,0xEFDE,0xEFDE,0xEFDE,0xEFDE,0xEFDE,0xEFDE,0xEFDE,0xEFDE,0xEFDE,0xEFDE,0xEFDE,
    0xEFBE,0xEFBE,0xE7BE,0xE79D,0xD638,0x6229,0xD225,0xF2E7,0xFC4D,0xFC4D,0xFC0C,0xFBCB,0xFB89,0xEA66,0xDA65,0xF5D0,
    0xFEF5,0xFF36,0xFF37,0xFFB9,0x65D0,0x5DCF,0xF7B8,0xFF7A,0xFF9A,0xFF99,0xFF79,0xFF9A,0xFF9A,0xFF9A,0xFF9A,0xFF9A,
    0xFF9A,0xD4F0,0xCC8D,0xFF36,0xFF78,0xFF9A,0xFF9A,0xBB89,0xEE12,0xFF9A,0xFF7A,0xC327,0xFFBB,0xFF99,0xFF99,0xFF9A,
    0xFF9A,0xFF9A,0xFF9A,0xFF9B,0xD777,0x7610,0xC755,0xFF77,0xFE93,0xDCEF,0xBAE9,0xF308,0xF36A,0xD266,0x6946,0xB1C9,
    0xA9C9,0xA1C9,0x6106,0x5106,0x38C5,0xACF3,0xE79D,0xE7BE,0xE7BE,0xEFDE,0xEFDE,0xEFDE,0xEFDE,0xEFDE,0xEFDE,0xEFDE,
    0xEFDE,0xEFDE,0xEFDE,0xEFDE,0xEFDE,0xEFDE,0xEFDE,0xEFDE,0xEFDE,0xEFDE,0xEFDE,0xEFDE,0xEFDE,0xEFDE,0xEFDE,0xEFDE,
    0xEFDE,0xEFDE,0xEFDE,0xEFDE,0xEFDE,0xEFDE,0xEFDE,0xEFDE,0xEFDE,0xEFDE,0xEFDE,0xEFDE,0xEFDE,0xEFDE,0xEFDE,0xEFDE,
    0xEFDE,0xEFDE,0xEFDE,0xEFDE,0xEFDE,0xEFDE,0xEFDE,0xEFDE,0xEFDE,0xEFDE,0xEFDE,0xEFDE,0xEFDE,0xEFDE,0xEFDE,0xEFDE,
    0xEFDE,0xEFBE,0xEFBE,0xE7BE,0xDF3B,0xBC91,0x69C7,0xEA87,0xFC6D,0xFBEB,0xFBCB,0xFB29,0xEA67,0xDA06,0xE3EB,0xF54F,
    0xF5D0,0xFE93,0xFEB4,0xFF36,0xFF9A,0xFF7A,0xFF79,0xFF99,0xFF9A,0xFF9A,0xFF9A,0xFF9A,0xFF9A,0xFF9A,0xFF9A,0xFF9A,
    0xFF9A,0xFFBB,0xFF7A,0x7921,0xC346,0xC365,0x9A66,0xFFBC,0xB349,0x99A3,0xBB28,0xFFDD,0xFF9A,0xFF99,0xFF7A,0xFF9A,
    0xFF9A,0xFF9A,0xFF9A,0xFF9A,0xFF99,0xFF7A,0xFF16,0xEDD1,0xAB09,0xCC4E,0xDCD0,0xEAC8,0xFC0B,0xEB08,0x7185,0x30E5,
    0x3926,0x3926,0x4945,0x4166,0xE7BE,0xE7BE,0xE7BE,0xE7BE,0xEFDE,0xEFDE,0xEFDE,0xEFDE,0xEFDE,0xEFDE,0xEFDE,0xEFDE,
    0xEFDE,0xEFDE,0xEFDE,0xEFDE,0xEFDE,0xEFDE,0xEFDE,0xEFDE,0xEFDE,0xEFDE,0xEFDE,0xEFDE,0xEFDE,0xEFDE,0xEFDE,0xEFDE,
    0xEFDE,0xEFDE,0xEFDE,0xEFDE,0xEFDE,0xEFDE,0xEFDE,0xEFDE,0xEFDE,0xEFDE,0xEFDE,0xEFDE,0xEFDE,0xEFDE,0xEFDE,0xEFDE,
    0xEFDE,0xEFDE,0xEFDE,0xEFDE,0xEFDE,0xEFDE,0xEFDE,0xEFDE,0xEFDE,0xEFDE,0xEFDE,0xEFDE,0xEFDE,0xEFDE,0xEFDE,0xEFDE,
    0xEFDE,0xEFBE,0xEFBE,0xE7BE,0xE7BD,0xE79D,0x49E8,0xC9E7,0xFBCB,0xFC6D,0xFB6A,0xF2A7,0xE206,0xB9E7,0xB1E7,0xA9A6,
    0xD38A,0xE44B,0xEDAF,0xFE93,0xF6D5,0xFF98,0xFF99,0xFF99,0xFF9A,0xFF9A,0xFF9A,0xFF9A,0xFF9A,0xFF9A,0xFF9A,0xFF9A,
    0xFF9A,0xFF9A,0xFF9A,0xFF9A,0xFF59,0xFF7A,0xFF7A,0xFF79,0xFF78,0xFF59,0xFF9A,0xFF9A,0xFF9A,0xFF9A,0xFF9A,0xFF9A,
    0xFF9A,0xFF9A,0xFF9A,0xFF79,0xFF37,0xF694,0xDD4F,0xC40C,0x99C7,0xCA69,0xE267,0xFBAA,0xFBCB,0xE2E8,0xBAE8,0xD637,
    0xD6DA,0xE79D,0xE7BE,0xEFDE,0xEFDE,0xEFDE,0xEFDE,0xEFDE,0xEFDE,0xEFDE,0xEFDE,0xEFDE,0xEFDE,0xEFDE,0xEFDE,0xEFDE,
    0xEFDE,0xEFDE,0xEFDE,0xEFDE,0xEFDE,0xEFDE,0xEFDE,0xEFDE,0xEFDE,0xEFDE,0xEFDE,0xEFDE,0xEFDE,0xEFDE,0xEFDE,0xEFDE,
    0xEFDE,0xEFDE,0xEFDE,0xEFDE,0xEFDE,0xEFDE,0xEFDE,0xEFDE,0xEFDE,0xEFDE,0xEFDE,0xEFDE,0xEFDE,0xEFDE,0xEFDE,0xEFDE,
    0xEFDE,0xEFDE,0xEFDE,0xEFDE,0xEFDE,0xEFDE,0xEFDE,0xEFDE,0xEFDE,0xEFDE,0xEFDE,0xEFDE,0xEFDE,0xEFDE,0xEFDE,0xEFDE,
    0xEFDE,0xEFDE,0xEFBE,0xE7BE,0xE7BE,0xE79D,0xA40F,0x9166,0xFB8A,0xFBAA,0xF2C7,0xDA48,0xC209,0xA167,0x7105,0x80E5,
    0x9146,0x7945,0x6944,0xC3C9,0xE56F,0xF652,0xFE92,0xFEF4,0xFF9A,0xFF9A,0xFF9A,0xFF99,0xFF9A,0xFF9A,0xFF9A,0xFF99,
    0xFF99,0xFF99,0xFF9A,0xFF9A,0xFF9A,0xFF9A,0xFF9A,0xFF99,0xFF79,0xFF79,0xFF99,0xFF9A,0xFF9A,0xFF9A,0xFF9A,0xFF9A,
    0xFF9A,0xFF9A,0xFF17,0xFF58,0xE5B1,0x69E5,0x81A5,0x99C8,0xBA09,0xDA68,0xEA47,0xF308,0xF3EB,0xF36A,0x59A8,0xD679,
    0xE7BE,0xE7BE,0xEFDE,0xEFDE,0xEFDE,0xEFDE,0xEFDE,0xEFDE,0xEFDE,0xEFDE,0xEFDE,0xEFDE,0xEFDE,0xEFDE,0xEFDE,0xEFDE,
    0xEFDE,0xEFDE,0xEFDE,0xEFDE,0xEFDE,0xEFDE,0xEFDE,0xEFDE,0xEFDE,0xEFDE,0xEFDE,0xEFDE,0xEFDE,0xEFDE,0xEFDE,0xEFDE,
    0xEFDE,0xEFDE,0xEFDE,0xEFDE,0xEFDE,0xEFDE,0xEFDE,0xEFDE,0xEFDE,0xEFDE,0xEFDE,0xEFDE,0xEFDE,0xEFDE,0xEFDE,0xEFDE,
    0xEFDE,0xEFDE,0xEFDE,0xEFDE,0xEFDE,0xEFDE,0xEFDE,0xEFDE,0xEFDE,0xEFDE,0xEFDE,0xEFDE,0xEFDE,0xEFDE,0xEFDE,0xEFDE,
    0xEFDE,0xEFDE,0xEFBE,0xE7BE,0xE7BE,0xE7BE,0xE75C,0x4925,0xDAE9,0xF2E8,0xDA26,0xBA28,0xA1C8,0x20C6,0x7187,0x924B,
    0x8A8D,0x6969,0x71C8,0x1043,0x18E5,0x31C7,0xB4AC,0xEDD0,0xF693,0xF6D5,0xFF16,0xFF9A,0xFF99,0xFF9A,0xFF9A,0xFF99,
    0xFF99,0xFF99,0xFF9A,0xFF9A,0xFF99,0xFF99,0xFF9A,0xFF9A,0xFF99,0xFF79,0xFF99,0xFF99,0xFF9A,0xFF9A,0xFF9A,0xFF99,
    0xFF99,0xF694,0xD550,0xBC4D,0x6A28,0x61C7,0x89C9,0x91CA,0xB20A,0xBA2A,0xEA87,0xEAC8,0xF3AB,0xF38A,0x59C8,0xD6BA,
    0xE7BE,0xEFDE,0xEFDE,0xEFDE,0xEFDE,0xEFDE,0xEFDE,0xEFDE,0xEFDE,0xEFDE,0xEFDE,0xEFDE,0xEFDE,0xEFDE,0xEFDE,0xEFDE,
    0xEFDE,0xEFDE,0xEFDE,0xEFDE,0xEFDE,0xEFDE,0xEFDE,0xEFDE,0xEFDE,0xEFDE,0xEFDE,0xEFDE,0xEFDE,0xEFDE,0xEFDE,0xEFDE,
    0xEFDE,0xEFDE,0xEFDE,0xEFDE,0xEFDE,0xEFDE,0xEFDE,0xEFDE,0xEFDE,0xEFDE,0xEFDE,0xEFDE,0xEFDE,0xEFDE,0xEFDE,0xEFDE,
    0xEFDE,0xEFDE,0xEFDE,0xEFDE,0xEFDE,0xEFDE,0xEFDE,0xEFBE,0xEFBE,0xEFBE,0xEFBE,0xE7BE,0xEFDE,0xEFBE,0xE7BE,0xEFBE,
    0xEFDE,0xEFDE,0xEFDE,0xEFBE,0xEFBE,0xE7BE,0xE7BE,0x5208,0xC288,0xDA67,0xB9C7,0x7167,0x4106,0xB4B2,0x81C8,0x8A6D,
    0x622B,0x3863,0x3167,0x29A8,0x0908,0x0022,0x0021,0x0001,0x1863,0xC46E,0xF654,0xFEB4,0xFE93,0xFEF5,0xFF58,0xFF9A,
    0xFF79,0xFF79,0xFF9A,0xFF9A,0xFF9A,0xFF79,0xFF9A,0xFF9A,0xFF9A,0xFF79,0xFF79,0xFF79,0xFF9B,0xFEF7,0xFEF6,0xFEB3,
    0xBC2D,0x28A5,0x2084,0x28E5,0x51EB,0x61AA,0x69EA,0x822B,0x89AA,0xBA4B,0xD269,0xEAE8,0xF328,0xBA27,0xB575,0xE77D,
    0xE7BE,0xEFDE,0xEFDE,0xEFDE,0xEFDE,0xEFDE,0xEFDE,0xEFDE,0xEFDE,0xEFDE,0xEFDE,0xEFDE,0xEFDE,0xEFDE,0xEFDE,0xEFDE,
    0xEFDE,0xEFDE,0xEFDE,0xEFDE,0xEFDE,0xEFDE,0xEFDE,0xEFDE,0xEFDE,0xEFDE,0xEFDE,0xEFDE,0xEFDE,0xEFDE,0xEFDE,0xEFDE,
    0xEFDE,0xEFDE,0xEFDE,0xEFDE,0xEFDE,0xEFDE,0xEFDE,0xEFDE,0xEFDE,0xEFDE,0xEFDE,0xEFDE,0xEFDE,0xEFDE,0xEFDE,0xEFDE,
    0xEFDE,0xEFDE,0xEFDE,0xEFDE,0xEFDE,0xEFDE,0xEFBE,0xE7BE,0xE7BE,0xE79D,0xE75C,0xB554,0x59C8,0x4166,0xE77D,0xEFDE,
    0xEFDE,0xEFDE,0xEFDE,0xEFDE,0xEFBE,0xEFBE,0xEFBE,0xEFDE,0x5208,0xCACA,0x7187,0x5A09,0xE7BE,0xDF5C,0x4167,0x4187,
    0x51C4,0x10A3,0x0084,0x31E8,0x39EA,0x828A,0x9ACA,0x9289,0x0023,0x0045,0x0842,0x0022,0x0021,0x9B6A,0xDD2E,0xFED4,
    0xF692,0xF672,0xF6B3,0xFF79,0xFF79,0xFF58,0xFF58,0xFF59,0xFF38,0xF6D6,0xFEF6,0xDDB0,0xD530,0x39A9,0x18A5,0x0843,
    0x31EA,0x3A6C,0x524C,0x5A6C,0x5A4E,0x69CA,0x18A3,0x18E5,0x6A2B,0xA22B,0xBA2A,0xE2E8,0xEB28,0x7967,0xDF1B,0xE7BE,
    0xE7BE,0xEFDE,0xEFDE,0xEFDE,0xEFDE,0xEFDE,0xEFDE,0xEFDE,0xEFDE,0xEFDE,0xEFDE,0xEFDE,0xEFDE,0xEFDE,0xEFDE,0xEFDE,
    0xEFDE,0xEFDE,0xEFDE,0xEFDE,0xEFDE,0xEFDE,0xEFDE,0xEFDE,0xEFDE,0xEFDE,0xEFDE,0xEFDE,0xEFDE,0xEFDE,0xEFDE,0xEFDE,
    0xEFDE,0xEFDE,0xEFDE,0xEFDE,0xEFDE,0xEFDE,0xEFDE,0xEFDE,0xEFDE,0xEFDE,0xEFDE,0xEFDE,0xEFDE,0xEFDE,0xEFDE,0xEFDE,
    0xEFDE,0xEFDE,0xEFDE,0xEFDE,0xEFDE,0xEFBE,0xEFBE,0xE7BE,0xE79D,0xC533,0x51A7,0xD248,0xCA88,0xACD2,0xE79D,0xEFDE,
    0xEFDE,0xEFDE,0xEFDE,0xEFDE,0xEFDE,0xEFDE,0xEFDE,0xE7BE,0xDEDA,0x61E9,0x59C8,0xD6BA,0xE79D,0xE79D,0xAD95,0xBD94,
    0x0862,0x30E4,0xA3AB,0xABCB,0x9B09,0x7A48,0x9ACA,0x20A5,0x08A7,0x08E7,0x0908,0x0085,0x0021,0x0001,0x0022,0x20A5,
    0x71C6,0x7A08,0x8228,0x8A49,0x8A69,0xABCB,0x7248,0x2906,0x28E6,0x28A4,0x1862,0x0023,0x0022,0x0022,0x29EC,0x32CF,
    0x222C,0x4371,0x5ACC,0x5A8B,0x528C,0x6A0B,0x2106,0xD6DA,0x49C7,0x69EA,0x91C9,0xDAA8,0xB207,0x5968,0xE77D,0xE7BE,
    0xE7BE,0xEFDE,0xEFDE,0xEFDE,0xEFDE,0xEFDE,0xEFDE,0xEFDE,0xEFDE,0xEFDE,0xEFDE,0xEFDE,0xEFDE,0xEFDE,0xEFDE,0xEFDE,
    0xEFDE,0xEFDE,0xEFDE,0xEFDE,0xEFDE,0xEFDE,0xEFDE,0xEFDE,0xEFDE,0xEFDE,0xEFDE,0xEFDE,0xEFDE,0xEFDE,0xEFDE,0xEFDE,
    0xEFDE,0xEFDE,0xEFDE,0xEFDE,0xEFDE,0xEFDE,0xEFDE,0xEFDE,0xEFDE,0xEFDE,0xEFDE,0xEFDE,0xEFDE,0xEFDE,0xEFDE,0xEFDE,
    0xEFDE,0xEFDE,0xEFDE,0xEFDE,0xEFDE,0xEFBE,0xE7BE,0xCE78,0x4125,0xA208,0xF3AA,0xB228,0x41C8,0xE7BE,0xE7BE,0xEFDE,
    0xEFDE,0xEFDE,0xEFDE,0xEFDE,0xEFDE,0xEFDE,0xEFDE,0xEFBE,0xE7BD,0xBDB6,0xA4F3,0xE7BE,0xE7BE,0xE7BE,0xE79D,0x2966,
    0xA40B,0xD4CE,0xE58F,0xEDF0,0xF5F0,0xBC6C,0x6A8A,0x1085,0x0885,0x08E7,0x1107,0x1127,0x1107,0x08E6,0x0022,0x5946,
    0x9269,0x9229,0x9228,0xA229,0x6186,0x4125,0x1883,0x0024,0x0045,0x0885,0x0885,0x0864,0x0884,0x62CC,0x39A8,0x21A9,
    0x5B90,0x630C,0x31C9,0xE77D,0x4A09,0x6AED,0x424A,0xE79D,0xDF5C,0x4987,0x51A9,0xCA68,0x5926,0x624A,0xE7BE,0xE7BE,
    0xE7BE,0xEFDE,0xEFDE,0xEFDE,0xEFDE,0xEFDE,0xEFDE,0xEFDE,0xEFDE,0xEFDE,0xEFDE,0xEFDE,0xEFDE,0xEFDE,0xEFDE,0xEFDE,
    0xEFDE,0xEFDE,0xEFDE,0xEFDE,0xEFDE,0xEFDE,0xEFDE,0xEFDE,0xEFDE,0xEFDE,0xEFDE,0xEFDE,0xEFDE,0xEFDE,0xEFDE,0xEFDE,
    0xEFDE,0xEFDE,0xEFDE,0xEFDE,0xEFDE,0xEFDE,0xEFDE,0xEFDE,0xEFDE,0xEFDE,0xEFDE,0xEFDE,0xEFDE,0xEFDE,0xEFDE,0xEFDE,
    0xEFDE,0xEFDE,0xEFDE,0xEFBE,0xEFBE,0xE7BD,0x6B2C,0x4945,0xE2E8,0xF328,0xC984,0x6987,0xE77D,0xE7BE,0xE7BE,0xEFDE,
    0xEFDE,0xEFDE,0xEFDE,0xEFDE,0xEFDE,0xEFDE,0xEFDE,0xEFBE,0xEFBE,0xE7BE,0xE7BE,0xE7BE,0xE7BE,0xE7BE,0xDF3B,0x1883,
    0xD52F,0xEE12,0xFEB2,0xFF14,0xFF57,0xFF36,0xFEF5,0xE570,0x41C7,0x0885,0x1107,0x1128,0x21A9,0x21CB,0x21AA,0x21CA,
    0x1127,0x0044,0x1063,0xD3A8,0xD3C9,0xB2E8,0x5144,0x0043,0x08A7,0x0044,0x08C5,0x08C5,0x0885,0x10C5,0x9C0F,0x7B4C,
    0x1905,0xB5F7,0xE79D,0xE79D,0xE77D,0x73AF,0xE79D,0xE7BE,0xE7BE,0xE79D,0x49C8,0x8146,0x8BF0,0xE7BE,0xE7BE,0xE7BE,
    0xEFDE,0xEFDE,0xEFDE,0xEFDE,0xEFDE,0xEFDE,0xEFDE,0xEFDE,0xEFDE,0xEFDE,0xEFDE,0xEFDE,0xEFDE,0xEFDE,0xEFDE,0xEFDE,
    0xEFDE,0xEFDE,0xEFDE,0xEFDE,0xEFDE,0xEFDE,0xEFDE,0xEFDE,0xEFDE,0xEFDE,0xEFDE,0xEFDE,0xEFDE,0xEFDE,0xEFDE,0xEFDE,
    0xEFDE,0xEFDE,0xEFDE,0xEFDE,0xEFDE,0xEFDE,0xEFDE,0xEFDE,0xEFDE,0xEFDE,0xEFDE,0xEFDE,0xEFDE,0xEFDE,0xEFDE,0xE7BE,
    0xEFBE,0xEFBE,0xEFBE,0xE7BE,0xE7BE,0x5249,0xAA27,0xF3AB,0xF38A,0xF308,0xB9A4,0x838E,0xEFBE,0xEFBE,0xEFBE,0xEFDE,
    0xEFDE,0xEFDE,0xEFDE,0xEFDE,0xEFDE,0xEFDE,0xEFDE,0xEFDE,0xEFDE,0xEFDE,0xE7BE,0xE7BE,0xE7BE,0xE7BE,0x3187,0x6A68,
    0xC4AE,0xDD90,0xF631,0xFF15,0xFF57,0xFF78,0xFF78,0xFF78,0xFE53,0x8AA8,0x0002,0x0907,0x1969,0x198B,0x2A2C,0x2A6D,
    0x328E,0x32AD,0x19AB,0x08C7,0x0066,0x28C5,0x28C4,0x1883,0x08E7,0x0908,0x1948,0x1107,0x0884,0x08A4,0xA3EE,0xAC2F,
    0x832C,0x2986,0xE7BE,0xE7BE,0xE7BE,0xEFDE,0xE7BE,0xE7BE,0xE7BE,0xE7BE,0xEFDE,0x5A8B,0xDF7D,0xEFDE,0xEFDE,0xEFDE,
    0xEFDE,0xEFDE,0xEFDE,0xEFDE,0xEFDE,0xEFDE,0xEFDE,0xEFDE,0xEFDE,0xEFDE,0xEFDE,0xEFDE,0xEFDE,0xEFDE,0xEFDE,0xEFDE,
    0xEFDE,0xEFDE,0xEFDE,0xEFDE,0xEFDE,0xEFDE,0xEFDE,0xEFDE,0xEFDE,0xEFDE,0xEFDE,0xEFDE,0xEFDE,0xEFDE,0xEFDE,0xEFDE,
    0xEFDE,0xEFDE,0xEFDE,0xEFDE,0xEFDE,0xEFDE,0xEFDE,0xEFDE,0xEFDE,0xEFDE,0xEFDE,0xEFDE,0xEFDE,0xEFDE,0xEFDE,0xEFBE,
    0xEFBE,0xEFBE,0xEFBE,0xDEFA,0x3986,0xCA27,0xF3AB,0xFBCB,0xF38A,0xE1E4,0x79C6,0xEFDE,0xEFBE,0xEFBE,0xEFDE,0xEFDE,
    0xEFDE,0xEFDE,0xEFDE,0xEFDE,0xEFDE,0xEFDE,0xEFDE,0xEFDE,0xEFDE,0xEFDE,0xE7BE,0xE7BE,0xE7BE,0xE79D,0x18C4,0x6A89,
    0x936A,0xDD70,0xFE94,0xFEB5,0xFEF6,0xFF36,0xFF78,0xFF78,0xFF79,0xFF16,0xE52E,0x0064,0x1128,0x1149,0x198A,0x2A2B,
    0x2A4D,0x326D,0x32CE,0x2A6C,0x2A6B,0x2A4B,0x220A,0x2A2A,0x29EB,0x21AA,0x198A,0x08E8,0x10A5,0xA48D,0xE5F1,0xE5B1,
    0x9B8C,0x2125,0xE79D,0xE7BE,0xE7BE,0xEFDE,0xEFDE,0xE7BE,0xE7BE,0xE7BE,0xE7BE,0xE7BE,0xE7BE,0xEFDE,0xEFDE,0xEFDE,
    0xEFDE,0xEFDE,0xEFDE,0xEFDE,0xEFDE,0xEFDE,0xEFDE,0xEFDE,0xEFDE,0xEFDE,0xEFDE,0xEFDE,0xEFDE,0xEFDE,0xEFDE,0xEFDE,
    0xEFDE,0xEFDE,0xEFDE,0xEFDE,0xEFDE,0xEFDE,0xEFDE,0xEFDE,0xEFDE,0xEFDE,0xEFDE,0xEFDE,0xEFDE,0xEFDE,0xEFDE,0xEFDE,
    0xEFDE,0xEFDE,0xEFDE,0xEFDE,0xEFDE,0xEFDE,0xEFDE,0xEFDE,0xEFDE,0xEFDE,0xEFDE,0xEFDE,0xEFDE,0xEFDE,0xEFDE,0xEFBE,
    0xE7BE,0xE7BE,0xEFBE,0x2986,0xBA07,0xFBCB,0xFBEB,0xFB6A,0xFB8A,0xDA06,0x4187,0xE7BE,0xEFBE,0xEFBE,0xEFBE,0xEFDE,
    0xEFDE,0xEFDE,0xEFDE,0xEFDE,0xEFDE,0xEFDE,0xEFDE,0xEFDE,0xEFDE,0xEFDE,0xEFDE,0xE7BE,0xE7BE,0xB5D6,0x18C4,0xBC4B,
    0xEE10,0xFF37,0xFF57,0xFF78,0xFF78,0xFF78,0xFF57,0xFF37,0xFF57,0xFF57,0xFF57,0xD550,0x0885,0x1149,0x0908,0x08C6,
    0x21AB,0x21EC,0x222C,0x2A6B,0x2A6B,0x222C,0x220B,0x21EA,0x21CA,0x1149,0x08E8,0x0065,0x1082,0xD5AE,0xF6B2,0xEE11,
    0xB3EC,0x7AEA,0x52EC,0xE79D,0xE7BE,0xEFDE,0xEFDE,0xE7BE,0xE7BE,0xE7BE,0xE7BE,0xE7BE,0xE7BE,0xEFDE,0xEFDE,0xEFDE,
    0xEFDE,0xEFDE,0xEFDE,0xEFDE,0xEFDE,0xEFDE,0xEFDE,0xEFDE,0xEFDE,0xEFDE,0xEFDE,0xEFDE,0xEFDE,0xEFDE,0xEFDE,0xEFDE,
    0xEFDE,0xEFDE,0xEFDE,0xEFDE,0xEFDE,0xEFDE,0xEFDE,0xEFDE,0xEFDE,0xEFDE,0xEFDE,0xEFDE,0xEFDE,0xEFDE,0xEFDE,0xEFDE,
    0xEFDE,0xEFDE,0xEFDE,0xEFDE,0xEFDE,0xEFDE,0xEFDE,0xEFDE,0xEFDE,0xEFDE,0xEFDE,0xEFDE,0xEFDE,0xEFDE,0xE7BE,0xE7BE,
    0xE7BE,0xE7BD,0x2926,0xB349,0xFC0C,0xFBCB,0xFBAA,0xFBAA,0xFBCA,0x98E5,0x6ACB,0xE7BE,0xEFBE,0xEFBE,0xEFDE,0xEFDE,
    0xEFDE,0xEFDE,0xEFDE,0xEFDE,0xEFDE,0xEFDE,0xEFDE,0xEFDE,0xEFDE,0xEFDE,0xEFDE,0xE7BE,0xE79D,0x736C,0xC4AE,0xEE11,
    0xFF56,0xFF36,0xFF37,0xFEF6,0xFF16,0xFF97,0xFF98,0xFF99,0xFF98,0xFF57,0xFF58,0xFF58,0xE52E,0x0044,0x19CA,0x198A,
    0x1128,0x10E7,0x1969,0x19AA,0x19AA,0x198A,0x198A,0x1127,0x08C6,0x0885,0x08A6,0x0042,0xCD2C,0xFF77,0xFFB9,0xF693,
    0xDD2F,0x830A,0x2147,0xADD7,0xEFDE,0xEFDE,0xEFDE,0xEFDE,0xEFDE,0xEFDE,0xE7BE,0xEFDE,0xEFDE,0xEFDE,0xEFDE,0xEFDE,
    0xEFDE,0xEFDE,0xEFDE,0xEFDE,0xEFDE,0xEFDE,0xEFDE,0xEFDE,0xEFDE,0xEFDE,0xEFDE,0xEFDE,0xEFDE,0xEFDE,0xEFDE,0xEFDE,
    0xEFDE,0xEFDE,0xEFDE,0xEFDE,0xEFDE,0xEFDE,0xEFDE,0xEFDE,0xEFDE,0xEFDE,0xEFDE,0xEFDE,0xEFDE,0xEFDE,0xEFDE,0xEFDE,
    0xEFDE,0xEFDE,0xEFDE,0xEFDE,0xEFDE,0xEFDE,0xEFDE,0xEFDE,0xEFDE,0xEFDE,0xEFDE,0xEFDE,0xEFDE,0xE7BE,0xEFBE,0xE7BE,
    0xDF3C,0x10A3,0xDB4A,0xF40C,0xFC4C,0xFBCB,0xFBAA,0xFBCA,0xF328,0x8986,0xE75C,0xEFBE,0xEFBE,0xEFDE,0xEFDE,0xEFDE,
    0xEFDE,0xEFDE,0xEFDE,0xEFDE,0xEFDE,0xEFDE,0xEFDE,0xEFDE,0xEFDE,0xEFDE,0xEFDE,0xE7BE,0xDF3B,0x20E4,0xE590,0xEDD0,
    0xEDF0,0xEDD0,0xDD6F,0x41E7,0x31C7,0xDD8F,0xEDD0,0xF672,0xF692,0xFF57,0xFF78,0xFF58,0xFF37,0xAB6C,0x0885,0x19AA,
    0x222C,0x21EB,0x21CA,0x10C5,0x1127,0x1148,0x1148,0x1127,0x0885,0x1107,0x1107,0x0000,0xFF16,0xFFBA,0xFF37,0xE5B0,
    0xA3CC,0x9B8C,0x5209,0x7C51,0xE7BE,0xEFDE,0xEFDE,0xEFDE,0xEFDE,0xEFDE,0xEFDE,0xEFDE,0xEFDE,0xEFDE,0xEFDE,0xEFDE,
    0xEFDE,0xEFDE,0xEFDE,0xEFDE,0xEFDE,0xEFDE,0xEFDE,0xEFDE,0xEFDE,0xEFDE,0xEFDE,0xEFDE,0xEFDE,0xEFDE,0xEFDE,0xEFDE,
    0xEFDE,0xEFDE,0xEFDE,0xEFDE,0xEFDE,0xEFDE,0xEFDE,0xEFDE,0xEFDE,0xEFDE,0xEFDE,0xEFDE,0xEFDE,0xEFDE,0xEFDE,0xEFDE,
    0xEFDE,0xEFDE,0xEFDE,0xEFDE,0xEFDE,0xEFDE,0xEFDE,0xEFDE,0xEFDE,0xEFDE,0xEFDE,0xE7BE,0xE7BE,0xE7BE,0xEFBE,0xDF5C,
    0x1905,0xCB69,0xFC2C,0xFC2C,0xFC2C,0xFBCB,0xFC4C,0xFBAA,0xF2E8,0x4125,0xE77D,0xE7BE,0xEFBE,0xEFBE,0xEFDE,0xEFDE,
    0xEFDE,0xEFDE,0xEFDE,0xEFDE,0xEFDE,0xEFDE,0xEFDE,0xEFDE,0xEFDE,0xEFDE,0xEFDE,0xE7BE,0xD71B,0x18A4,0xE56F,0xDD2F,
    0xB42D,0x5AEC,0x0001,0x0A8A,0x0AAA,0x0106,0x0044,0x00A5,0xD52F,0xF611,0xFF78,0xFF36,0xFF36,0xF654,0x1863,0x1927,
    0x2189,0x29EB,0x2A2C,0x2A6C,0x19CA,0x1969,0x1148,0x198A,0x19AA,0x1148,0x10E6,0xA40C,0xFF58,0xFF58,0xEE33,0x1064,
    0x4AAB,0xA3CD,0x3167,0x9D14,0xE7BE,0xEFDE,0xEFDE,0xEFDE,0xEFDE,0xEFDE,0xEFDE,0xEFDE,0xEFDE,0xEFDE,0xEFDE,0xEFDE,
    0xEFDE,0xEFDE,0xEFDE,0xEFDE,0xEFDE,0xEFDE,0xEFDE,0xEFDE,0xEFDE,0xEFDE,0xEFDE,0xEFDE,0xEFDE,0xEFDE,0xEFDE,0xEFDE,
    0xEFDE,0xEFDE,0xEFDE,0xEFDE,0xEFDE,0xEFDE,0xEFDE,0xEFDE,0xEFDE,0xEFDE,0xEFDE,0xEFDE,0xEFDE,0xEFDE,0xEFDE,0xEFDE,
    0xEFDE,0xEFDE,0xEFDE,0xEFDE,0xEFDE,0xEFDE,0xEFDE,0xEFDE,0xEFDE,0xEFDE,0xE7BE,0xE7BE,0xE7BE,0xEFBE,0xEFDE,0x6B6D,
    0x942C,0xFCAD,0xFC2C,0xFC2C,0xFC0B,0xFC2C,0xFC2C,0xFBCB,0xEAC7,0x40E5,0xE77C,0xE7BE,0xEFBE,0xEFBE,0xEFDE,0xEFDE,
    0xEFDE,0xEFDE,0xEFDE,0xEFDE,0xEFDE,0xEFDE,0xEFDE,0xEFDE,0xEFDE,0xEFDE,0xEFDE,0xE7BE,0xD6FB,0x10A4,0xB44C,0xAC0C,
    0x1107,0x01E9,0x2C4D,0x5D6E,0x65CE,0x556E,0x1C0C,0x138C,0x0A49,0x2187,0x7269,0xDD0F,0xFEF5,0xFEF6,0xE52F,0x0021,
    0x18E5,0x1948,0x1969,0x222C,0x224C,0x224D,0x2A4D,0x2A4D,0x19AA,0x0907,0x2946,0xFE93,0xFF37,0xDD71,0x2987,0x0ACC,
    0x0A6A,0x41E8,0x636E,0xE7BE,0xE7BE,0xEFDE,0xEFDE,0xEFDE,0xEFDE,0xEFDE,0xEFDE,0xEFDE,0xEFDE,0xEFDE,0xEFDE,0xEFDE,
    0xEFDE,0xEFDE,0xEFDE,0xEFDE,0xEFDE,0xEFDE,0xEFDE,0xEFDE,0xEFDE,0xEFDE,0xEFDE,0xEFDE,0xEFDE,0xEFDE,0xEFDE,0xEFDE,
    0xEFDE,0xEFDE,0xEFDE,0xEFDE,0xEFDE,0xEFDE,0xEFDE,0xEFDE,0xEFDE,0xEFDE,0xEFDE,0xEFDE,0xEFDE,0xEFDE,0xEFDE,0xEFDE,
    0xEFDE,0xEFDE,0xEFDE,0xEFDE,0xEFDE,0xEFDE,0xEFDE,0xE7BE,0xEFDE,0xEFDE,0xE7BE,0xE7BE,0xE7BE,0xEFBE,0xEFDE,0x31A6,
    0xFE2F,0xFC6C,0xFC2C,0xFC0C,0xFBCB,0xFC2C,0xFC4C,0xFC2C,0xEAC7,0x40E5,0xDEFB,0xE7BE,0xEFBE,0xEFBE,0xEFBE,0xEFDE,
    0xEFDE,0xEFDE,0xEFDE,0xEFDE,0xEFDE,0xEFDE,0xEFDE,0xEFDE,0xEFDE,0xEFDE,0xEFDE,0xE7BE,0xE7BD,0x10C4,0x6AE9,0x10E5,
    0x2BEE,0x656E,0xA62D,0xA5CC,0x75EE,0x660F,0x6E50,0x3D4F,0x1C8E,0x032C,0x026A,0x00E7,0xEDAF,0xF631,0xFEB4,0x4A48,
    0x4966,0x0843,0x0928,0x1169,0x1169,0x198A,0x11AA,0x1189,0x08E7,0x0021,0x830A,0xFF78,0xDD4F,0x00C6,0x02AB,0x13ED,
    0x1BCC,0x0906,0x3A4A,0xE79D,0xE7BE,0xEFDE,0xEFDE,0xEFDE,0xEFDE,0xEFDE,0xEFDE,0xEFDE,0xEFDE,0xEFDE,0xEFDE,0xEFDE,
    0xEFDE,0xEFDE,0xEFDE,0xEFDE,0xEFDE,0xEFDE,0xEFDE,0xEFDE,0xEFDE,0xEFDE,0xEFDE,0xEFDE,0xEFDE,0xEFDE,0xEFDE,0xEFDE,
    0xEFDE,0xEFDE,0xEFDE,0xEFDE,0xEFDE,0xEFDE,0xEFDE,0xEFDE,0xEFDE,0xEFDE,0xEFDE,0xEFDE,0xEFDE,0xEFDE,0xEFDE,0xEFDE,
    0xEFDE,0xEFDE,0xEFDE,0xEFDE,0xEFDE,0xEFDE,0xE7BE,0xE79D,0x2A8A,0x330B,0xE7BE,0xE7BE,0xE7BE,0xE79D,0x2146,0xE40C,
    0xFCCD,0xFCEE,0xFC2C,0xFC2C,0xFBEB,0xFC2C,0xFC4C,0xFC4C,0xF308,0x7165,0x628B,0xE7BE,0xE7BE,0xEFBE,0xEFBE,0xEFDE,
    0xEFDE,0xEFDE,0xEFDE,0xEFDE,0xEFDE,0xEFDE,0xEFDE,0xEFDE,0xEFDE,0xEFDE,0xEFDE,0xE7BE,0xE7BE,0xCED9,0x08C6,0x22EA,
    0x65EF,0x954B,0xE609,0x95EE,0x8E70,0x6630,0x6630,0x5E10,0x458F,0x0BAD,0x0BCD,0x032C,0x0106,0x6B09,0xF5AE,0x5A47,
    0x3145,0xBC2F,0x5ACC,0x0042,0x0021,0x8222,0x4163,0x0043,0x4208,0x9B0C,0xA3CC,0xEE10,0x00C6,0x00E5,0x0B4B,0x1C8E,
    0x95CF,0x848D,0x08A4,0x3A29,0xE7BE,0xEFDE,0xEFDE,0xEFDE,0xEFDE,0xEFDE,0xEFDE,0xEFDE,0xEFDE,0xEFDE,0xEFDE,0xEFDE,
    0xEFDE,0xEFDE,0xEFDE,0xEFDE,0xEFDE,0xEFDE,0xEFDE,0xEFDE,0xEFDE,0xEFDE,0xEFDE,0xEFDE,0xEFDE,0xEFDE,0xEFDE,0xEFDE,
    0xEFDE,0xEFDE,0xEFDE,0xEFDE,0xEFDE,0xEFDE,0xEFDE,0xEFDE,0xEFDE,0xEFDE,0xEFDE,0xEFDE,0xEFDE,0xEFDE,0xEFDE,0xEFDE,
    0xEFDE,0xEFDE,0xEFDE,0xEFDE,0xEFDE,0xEFDE,0xE7BE,0x7C91,0x1B0C,0x2BAC,0xB637,0xE7BE,0xE7BE,0x8451,0x3125,0xF40D,
    0xFC6C,0xFCEE,0xFC2C,0xFC2C,0xFC4C,0xFC2C,0xFC4C,0xFC4C,0xFBEB,0xA964,0x4A09,0xE7BE,0xE7BE,0xEFBE,0xEFBE,0xEFDE,
    0xEFDE,0xEFDE,0xEFDE,0xEFDE,0xEFDE,0xEFDE,0xEFDE,0xEFDE,0xEFDE,0xEFDE,0xE7BE,0xE7BE,0xE7BD,0xBE78,0x0947,0x550D,
    0xA66E,0xDD69,0xCE8C,0x6E73,0x6652,0x6630,0x6E30,0x6E10,0x4D6F,0x34F0,0x34EF,0x34AF,0x128B,0x08A4,0x2082,0xCC8D,
    0x4125,0x50E5,0xFF58,0x5102,0xF6CB,0xF5E4,0xFD62,0x6A04,0x93CC,0x38E5,0x938B,0x49E9,0x18C4,0x0043,0x240D,0x2510,
    0x9E0F,0x9D6E,0x2AEC,0x0084,0xDF7D,0xEFDE,0xEFDE,0xEFDE,0xEFDE,0xEFDE,0xEFDE,0xEFDE,0xEFDE,0xEFDE,0xEFDE,0xEFDE,
    0xEFDE,0xEFDE,0xEFDE,0xEFDE,0xEFDE,0xEFDE,0xEFDE,0xEFDE,0xEFDE,0xEFDE,0xEFDE,0xEFDE,0xEFDE,0xEFDE,0xEFDE,0xEFDE,
    0xEFDE,0xEFDE,0xEFDE,0xEFDE,0xEFDE,0xEFDE,0xEFDE,0xEFDE,0xEFDE,0xEFDE,0xEFDE,0xEFDE,0xEFDE,0xEFDE,0xEFDE,0xEFDE,
    0xEFDE,0xEFDE,0xEFDE,0xEFDE,0xEFDE,0xEFDE,0xE7BE,0x11C8,0x4CEF,0x6590,0x5C0F,0xE79D,0xE7BE,0x5ACB,0x5946,0xF48E,
    0xFC4C,0xFCEE,0xFC4C,0xFC2C,0xFC2C,0xFC6D,0xFC2C,0xFC4C,0xFC2C,0xA945,0x4987,0xE7BE,0xE7BE,0xEFBE,0xEFBE,0xEFDE,
    0xEFDE,0xEFDE,0xEFDE,0xEFDE,0xEFDE,0xEFDE,0xEFDE,0xEFDE,0xEFDE,0xE7BE,0xE7BE,0xE7BE,0xA5D6,0x1146,0x5611,0x65EF,
    0x9E30,0x8E30,0x6610,0x8691,0x6631,0x6E10,0x6E10,0x6DF0,0x34AF,0x2CAF,0x3D30,0x4DB0,0x1248,0xDBC9,0x1145,0x5CF1,
    0x08C4,0x9A28,0x5983,0xFFB3,0xFF2A,0xFEC9,0xE4C1,0xF501,0x3123,0xC40F,0x3A8B,0x128A,0xCBE8,0x0064,0x134B,0x2510,
    0x8E0E,0x756D,0x4C8E,0x00C6,0x7C52,0xE7BE,0xE7BE,0xE7BE,0xEFDE,0xEFDE,0xEFDE,0xEFDE,0xEFDE,0xEFDE,0xEFDE,0xEFDE,
    0xEFDE,0xEFDE,0xEFDE,0xEFDE,0xEFDE,0xEFDE,0xEFDE,0xEFDE,0xEFDE,0xEFDE,0xEFDE,0xEFDE,0xEFDE,0xEFDE,0xEFDE,0xEFDE,
    0xEFDE,0xEFDE,0xEFDE,0xEFDE,0xEFDE,0xEFDE,0xEFDE,0xEFDE,0xEFDE,0xEFDE,0xEFDE,0xEFDE,0xEFDE,0xEFDE,0xEFDE,0xEFDE,
    0xEFDE,0xEFDE,0xEFDE,0xEFDE,0xEFDE,0xEFDE,0xE7BE,0x09E9,0x5D6F,0x5D6F,0x3C2D,0xE79D,0xE75C,0x2946,0xF40D,0xFC4C,
    0xFC4C,0xFCAD,0xFCEE,0xFC0C,0xFC8D,0xFC0C,0xFC2C,0xFC4C,0xFBEA,0xD206,0x4985,0xE7BE,0xE7BE,0xE7BE,0xEFDE,0xEFDE,
    0xEFDE,0xEFDE,0xEFDE,0xEFDE,0xEFDE,0xEFDE,0xEFDE,0xEFDE,0xEFDE,0xE7BE,0xE7BE,0x42AA,0x0841,0x2CB0,0x7E50,0x9670,
    0xA62E,0x6611,0x5E11,0x55D0,0x6610,0x7610,0x6DF0,0x4D2F,0x2CD0,0x0A8B,0x24CE,0x4DB0,0x2B6B,0xE3A9,0x09E6,0x0B4B,
    0x31C7,0x2862,0x6181,0xFF72,0xFE6A,0xE4A0,0xD442,0xFD82,0xDC44,0xD470,0x0927,0x248E,0xA3A9,0x08A4,0x0A29,0x2D10,
    0x450D,0x7DCE,0x9E2E,0x4D91,0x1147,0xE7BE,0xE7BE,0xE7BE,0xEFDE,0xEFDE,0xEFDE,0xEFDE,0xEFDE,0xEFDE,0xEFDE,0xEFDE,
    0xEFDE,0xEFDE,0xEFDE,0xEFDE,0xEFDE,0xEFDE,0xEFDE,0xEFDE,0xEFDE,0xEFDE,0xEFDE,0xEFDE,0xEFDE,0xEFDE,0xEFDE,0xEFDE,
    0xEFDE,0xEFDE,0xEFDE,0xEFDE,0xEFDE,0xEFDE,0xEFDE,0xEFDE,0xEFDE,0xEFDE,0xEFDE,0xEFDE,0xEFDE,0xEFDE,0xEFDE,0xEFDE,
    0xEFDE,0xEFDE,0xEFDE,0xEFDE,0xEFDE,0xEFDE,0x222A,0x13CE,0x5D6F,0x5D6F,0x3C8E,0x1A29,0xBDB5,0x2146,0xF40C,0xFC0C,
    0xFC6D,0xFC8D,0xFC6D,0xFC0C,0xFC6C,0xFC4C,0xFC0C,0xFC4C,0xFBEB,0xF2E7,0x4145,0xE77C,0xD5B5,0x6186,0x7187,0xEFDE,
    0xEFDE,0xEFDE,0xEFDE,0xEFDE,0xEFDE,0xEFDE,0xEFDE,0xEFDE,0xE7BE,0xE7BE,0xB658,0x0041,0x1B6C,0x65F0,0x762F,0x7E2F,
    0x7E2F,0x6631,0x6631,0x5DF1,0x454F,0x6DF0,0x6DCF,0x2D30,0x24D0,0x01E8,0x0B6B,0x456F,0x3BCC,0xEC29,0x2247,0x4510,
    0x31E8,0xE5F5,0x69E3,0xFE23,0xF501,0xDC61,0xDC61,0xBB20,0xDC63,0xCC4E,0x08C6,0x34AE,0x8AE9,0x1104,0x09C8,0x2CAE,
    0x556F,0x558F,0x7610,0x3DB1,0x1C70,0x10C4,0xD73B,0xE7BE,0xE7BE,0xEFDE,0xEFDE,0xEFDE,0xEFDE,0xEFDE,0xEFDE,0xEFDE,
    0xEFDE,0xEFDE,0xEFDE,0xEFDE,0xEFDE,0xEFDE,0xEFDE,0xEFDE,0xEFDE,0xEFDE,0xEFDE,0xEFDE,0xEFDE,0xEFDE,0xEFDE,0xEFDE,
    0xEFDE,0xEFDE,0xEFDE,0xEFDE,0xEFDE,0xEFDE,0xEFDE,0xEFDE,0xEFDE,0xEFDE,0xEFDE,0xEFDE,0xEFDE,0xEFDE,0xEFDE,0xEFDE,
    0xEFDE,0xEFDE,0xEFDE,0xEFDE,0xEFDE,0xEFDE,0x1188,0x1C2F,0x658F,0x5D6F,0x556E,0x0A88,0x8BAD,0x49A7,0xFC2C,0xFC2C,
    0xFC2C,0xFC6D,0xFCCE,0xFC0C,0xFC4C,0xFC2C,0xFC2C,0xFC4C,0xFC0C,0xFB08,0x4924,0xAB8C,0x8145,0xF34A,0x7105,0xEFDE,
    0xEFDE,0xEFBE,0xEFDE,0xEFDE,0xEFDE,0xEFDE,0xEFDE,0xE7BE,0xE7BE,0xE79D,0x08A3,0x3470,0x65F0,0x6E10,0x7630,0x558F,
    0x3D4E,0x250E,0x252F,0x2D70,0x4D0E,0x4BEA,0x454F,0x2551,0x0B8D,0x0147,0x0B8B,0x4570,0x1987,0xE428,0x3A06,0x44CF,
    0x31E8,0xEE76,0x8B29,0xED24,0xFDA2,0xDC22,0xAAA1,0xDC01,0x8A01,0xC46C,0x3965,0x3CCF,0x8308,0x82C7,0x10C4,0x244E,
    0x1C2D,0x6DAE,0x860F,0x7E50,0x3D50,0x242E,0x2166,0xCF1B,0xE7BE,0xEFDE,0xEFDE,0xEFDE,0xEFDE,0xEFDE,0xEFDE,0xEFDE,
    0xEFDE,0xEFDE,0xEFDE,0xEFDE,0xEFDE,0xEFDE,0xEFDE,0xEFDE,0xEFDE,0xEFDE,0xEFDE,0xEFDE,0xEFDE,0xEFDE,0xEFDE,0xEFDE,
    0xEFDE,0xEFDE,0xEFDE,0xEFDE,0xEFDE,0xEFDE,0xEFDE,0xEFDE,0xEFDE,0xEFDE,0xEFDE,0xEFDE,0xEFDE,0xEFDE,0xEFDE,0xEFDE,
    0xEFDE,0xEFDE,0xEFDE,0xEFDE,0xEFDE,0xEFDE,0x0988,0x4570,0x65B0,0x65AF,0x5D6F,0x5D8E,0x0987,0x49C8,0xFC4C,0xFC4C,
    0xFC2C,0xFC2C,0xFC4C,0xFBEB,0xFC8D,0xFC2C,0xFC2C,0xFC4C,0xFC0C,0xEA46,0x4903,0xB247,0xFC2C,0xF34A,0x6125,0xEFBD,
    0xEFBE,0xEFBE,0xEFDE,0xEFDE,0xEFDE,0xEFDE,0xEFDE,0xE7BE,0xE79D,0x10E5,0x45B1,0x6DD0,0x5DD0,0x55D1,0x7630,0x65CE,
    0x5DEF,0x5DF0,0x5E11,0x55F1,0x0AEA,0x0A29,0x0C70,0x0C50,0x01A8,0x038F,0x1C6E,0x4570,0x1966,0xBB48,0x3164,0x5531,
    0x29A6,0xFF19,0xD591,0x59A4,0xD3C2,0xFCC1,0xE421,0xAAE4,0x51A6,0xDD90,0x6287,0x4590,0x3AA9,0xC347,0x0063,0x0BAE,
    0x3D0F,0x556E,0x3D4F,0x042D,0x13EC,0x13AC,0x136B,0x08A4,0xE79D,0xE7BE,0xEFDE,0xEFDE,0xEFDE,0xEFDE,0xEFDE,0xEFDE,
    0xEFDE,0xEFDE,0xEFDE,0xEFDE,0xEFDE,0xEFDE,0xEFDE,0xEFDE,0xEFDE,0xEFDE,0xEFDE,0xEFDE,0xEFDE,0xEFDE,0xEFDE,0xEFDE,
    0xEFDE,0xEFDE,0xEFDE,0xEFDE,0xEFDE,0xEFDE,0xEFDE,0xEFDE,0xEFDE,0xEFDE,0xEFDE,0xEFDE,0xEFDE,0xEFDE,0xEFDE,0xEFDE,
    0xEFDE,0xEFDE,0xEFDE,0xEFDE,0xEFDE,0xEFDE,0x0967,0x450F,0x7E31,0x5D8F,0x5D8F,0x5D8E,0x246E,0x122A,0xFC2C,0xFC2C,
    0xFC2C,0xFC2C,0xFC0B,0xFC2C,0xFCAD,0xFC2C,0xFC2C,0xFC4C,0xFBCB,0xD9E5,0x8903,0xFBCA,0xFC2C,0xF309,0x6945,0x6A4A,
    0xEFBE,0xEFBE,0xEFDE,0xEFDE,0xEFDE,0xEFDE,0xEFDE,0xE7BE,0x73EF,0x224A,0x65F1,0x75D0,0x5DAF,0x6E32,0x8650,0x8670,
    0x7E90,0x7670,0x7E71,0x8671,0x8630,0x546D,0x026A,0x01C8,0x01E9,0x0B2D,0x2CAE,0x4550,0x2207,0xD428,0x21A4,0x55B1,
    0x31A6,0xFF9A,0xFED6,0xAC0D,0x7226,0x4103,0x40E3,0x5165,0xDD91,0xFF37,0x49E6,0x55B1,0x1A68,0xE3C7,0x0884,0x0BAE,
    0x0C2E,0x044E,0x458F,0x5D8F,0x6DCE,0x6D8F,0x44ED,0x238C,0x10C4,0xEFBE,0xE7BE,0xEFDE,0xEFDE,0xEFDE,0xEFDE,0xEFDE,
    0xEFDE,0xEFDE,0xEFDE,0xEFDE,0xEFDE,0xEFDE,0xEFDE,0xEFDE,0xEFDE,0xEFDE,0xEFDE,0xEFDE,0xEFDE,0xEFDE,0xEFDE,0xEFDE,
    0xEFDE,0xEFDE,0xEFDE,0xEFDE,0xEFDE,0xEFDE,0xEFDE,0xEFDE,0xEFDE,0xEFDE,0xEFDE,0xEFDE,0xEFDE,0xEFDE,0xEFDE,0xEFDE,
    0xEFDE,0xEFDE,0xEFDE,0xEFDE,0xEFDE,0xEFDE,0x1188,0x3D0E,0x65CF,0x65AF,0x5D6F,0x5D6F,0x558F,0x0ACC,0x68A3,0xFC0C,
    0xFC4C,0xFC2C,0xFC4C,0xFC2C,0xFC2C,0xFC2C,0xFC2C,0xFC0C,0xFB8A,0xC123,0xFC8D,0xFC8D,0xFC2C,0xF309,0xE288,0x61C8,
    0xE7BE,0xE7BE,0xE7BE,0xEFDE,0xEFDE,0xEFDE,0xE7BE,0xE79D,0x0064,0x22EA,0x6DB0,0x6D90,0x856F,0x8DCF,0x8E31,0xA673,
    0xC66D,0x7E50,0x7E50,0x7650,0x4D4F,0x6590,0x4D30,0x0042,0x0209,0x032C,0x2CCE,0x3D50,0x3AA9,0x4185,0x2308,0x4DF1,
    0x3186,0xFFBA,0xFF9A,0xFED7,0xE5F3,0xBC8F,0xCD31,0xF696,0xFF78,0xFF57,0x41A5,0x4D6F,0x3BCC,0x9225,0x08E5,0x034E,
    0x036D,0x6DCF,0x6DAF,0x7E10,0x7E10,0x960F,0xAD6B,0x758E,0x4CAE,0x2126,0xE79D,0xE7BE,0xEFDE,0xEFDE,0xEFDE,0xEFDE,
    0xEFDE,0xEFDE,0xEFDE,0xEFDE,0xEFDE,0xEFDE,0xEFDE,0xEFDE,0xEFDE,0xEFDE,0xEFDE,0xEFDE,0xEFDE,0xEFDE,0xEFDE,0xEFDE,
    0xEFDE,0xEFDE,0xEFDE,0xEFDE,0xEFDE,0xEFDE,0xEFDE,0xEFDE,0xEFDE,0xEFDE,0xEFDE,0xEFDE,0xEFDE,0xEFDE,0xEFDE,0xEFDE,
    0xEFDE,0xEFDE,0xEFDE,0xEFDE,0xEFDE,0xEFDE,0x1167,0x450E,0x7631,0x65B0,0x5D6F,0x5D6F,0x556E,0x23EC,0x2228,0xF40C,
    0xFC4C,0xFC4C,0xFC4C,0xFC2C,0xFC2C,0xFC2C,0xFC0C,0xFBEB,0xF2E8,0xFBEA,0xFC8D,0xFC4D,0xFC2C,0xFBAA,0xE226,0x59A8,
    0xE7BE,0xE7BE,0xE7BE,0xE7BE,0xE7BE,0xE7BE,0xE7BE,0x8492,0x0064,0x54EE,0x6DCF,0x5D8F,0x8DAE,0x85AE,0x6E10,0x7E11,
    0x9DEE,0x65AE,0x34EF,0x1BEC,0x2C2C,0x2C4D,0x2C0E,0x130B,0x01A8,0x0B6C,0x248E,0x3DD1,0x21A7,0x6A27,0x1267,0x55B1,
    0x3186,0xFFBA,0xFFBA,0xFFBB,0xFFDB,0xFFDB,0xFF9A,0xFFDB,0xFFDB,0xF674,0x41A6,0x4D90,0x450E,0x2062,0x0A09,0x0146,
    0x1C6E,0x34AE,0x44EE,0x5D8F,0x4D2F,0x6570,0x956E,0x5DB0,0x55CF,0x00C3,0x52CB,0xE7BD,0xEFDE,0xEFDE,0xEFDE,0xEFDE,
    0xEFDE,0xEFDE,0xEFDE,0xEFDE,0xEFDE,0xEFDE,0xEFDE,0xEFDE,0xEFDE,0xEFDE,0xEFDE,0xEFDE,0xEFDE,0xEFDE,0xEFDE,0xEFDE,
    0xEFDE,0xEFDE,0xEFDE,0xEFDE,0xEFDE,0xEFDE,0xEFDE,0xEFDE,0xEFDE,0xEFDE,0xEFDE,0xEFDE,0xEFDE,0xEFDE,0xEFDE,0xEFDE,
    0xEFDE,0xEFDE,0xEFDE,0xEFDE,0xEFDE,0xEFDE,0x1167,0x3D0F,0x65AF,0x7611,0x5D8F,0x5D6E,0x5D6E,0x552D,0x0A89,0xF3EB,
    0xFC0B,0xFC6C,0xFC4C,0xFC2C,0xFC4C,0xFC4C,0xFC0B,0xFB49,0xFB08,0xFC8C,0xFC6D,0xFC2C,0xFC2C,0xFC2C,0xE247,0x5987,
    0xE7BE,0xE7BE,0xE7BE,0xE7BE,0xE7BE,0xE7BE,0xE7BE,0x6BEF,0x0085,0x246E,0x6DEF,0x8630,0x7DAE,0x85CF,0x6E10,0x7610,
    0x9E0E,0x138E,0x21C7,0xF607,0xDC22,0xC2A1,0x1082,0x0B0B,0x028A,0x034C,0x0C2E,0x35B0,0x1BAC,0x09E8,0x346B,0x65D1,
    0x39C6,0xFE94,0xFFBA,0xFFBA,0xFF9A,0xFF99,0xFF9A,0xFFBA,0xFF58,0xFEF6,0x4186,0x4CEF,0x5E31,0x1B0A,0x13ED,0x0063,
    0x144E,0x240D,0x2B8A,0x0165,0x0145,0x0B2B,0x7D8C,0x4DAF,0x4DB0,0x0946,0x10E5,0xDF5C,0xEFDE,0xEFDE,0xEFDE,0xEFDE,
    0xEFDE,0xEFDE,0xEFDE,0xEFDE,0xEFDE,0xEFDE,0xEFDE,0xEFDE,0xEFDE,0xEFDE,0xEFDE,0xEFDE,0xEFDE,0xEFDE,0xEFDE,0xEFDE,
    0xEFDE,0xEFDE,0xEFDE,0xEFDE,0xEFDE,0xEFDE,0xEFDE,0xEFDE,0xEFDE,0xEFDE,0xEFDE,0xEFDE,0xEFDE,0xEFDE,0xEFDE,0xEFDE,
    0xEFDE,0xEFDE,0xEFDE,0xEFDE,0xEFDE,0xEFDE,0x1188,0x34EF,0x65AF,0x65D0,0x5DAF,0x6DD1,0x658F,0x5D8E,0x556F,0x9349,
    0xFBEB,0xFC0C,0xFC4C,0xFBAA,0xFC4C,0xFC6C,0xFBEB,0xE206,0xFC0C,0xFC6C,0xFC2C,0xFC2C,0xFC2C,0xFB69,0xC1A5,0x59C8,
    0xE7BE,0xE7BE,0xE7BE,0xE7BE,0xE7BE,0xE7BE,0xE7BE,0x6BEF,0x0085,0x1C6E,0x55AF,0x9630,0x75AD,0x7D8C,0x3D4D,0x2C4C,
    0x9A43,0xFF30,0xFF32,0xF688,0xFE65,0xEC42,0xCB42,0x0042,0x02CC,0x144F,0x1CCF,0x3D70,0x4D6F,0x3CEF,0x86D1,0x0145,
    0x5228,0xFED6,0xFF59,0xFFBB,0xFF99,0xFF98,0xFF78,0xFF99,0xFFB9,0xEE13,0x6A28,0x21E9,0x7E31,0x350E,0x248F,0x0083,
    0x12CB,0x5142,0xF543,0xFDE5,0xFE07,0xF5E9,0x92E3,0x2C09,0x3D0E,0x1BAC,0x0843,0xD71B,0xEFDE,0xEFDE,0xEFDE,0xEFDE,
    0xEFDE,0xEFDE,0xEFDE,0xEFDE,0xEFDE,0xEFDE,0xEFDE,0xEFDE,0xEFDE,0xEFDE,0xEFDE,0xEFDE,0xEFDE,0xEFDE,0xEFDE,0xEFDE,
    0xEFDE,0xEFDE,0xEFDE,0xEFDE,0xEFDE,0xEFDE,0xEFDE,0xEFDE,0xEFDE,0xEFDE,0xEFDE,0xEFDE,0xEFDE,0xEFDE,0xEFDE,0xEFDE,
    0xEFDE,0xEFDE,0xEFDE,0xEFDE,0xEFDE,0xEFDE,0x19A8,0x34CF,0x658F,0x658F,0x5DAF,0x5DAF,0x65D1,0x5D8F,0x5D8F,0x140B,
    0xF38A,0xFC0B,0xFC2C,0xFB8A,0xFC2C,0xFC0C,0xFBCB,0xF2E8,0xFC4C,0xFC2C,0xFC6D,0xFC4C,0xFC2C,0xF328,0x88E4,0x5A4A,
    0xE7BD,0xE7BE,0xE7BE,0xE7BE,0xE7BE,0xE7BE,0xE7BE,0x7C91,0x0884,0x0B4D,0x2D2F,0x6DCD,0x758C,0x752C,0x3CCD,0x6A25,
    0xFE8A,0xFEA8,0xFEA9,0xFE88,0xF645,0xE461,0xDBE1,0x8A45,0x08E7,0x1D10,0x2D6F,0x4D8F,0x854B,0x854C,0x8671,0x0124,
    0x9B29,0xFF59,0xFFDB,0xFFBB,0xFF99,0xF6D6,0xF6B6,0xFFB9,0xFEF5,0xFEB4,0x7207,0x10C4,0x9610,0x6C8B,0x5C2D,0x08E5,
    0x1986,0xC382,0xF501,0xFDA3,0xFDE6,0xFED0,0xFE05,0xF4C2,0x3984,0x236B,0x0842,0xD71B,0xEFDE,0xEFDE,0xEFDE,0xEFDE,
    0xEFDE,0xEFDE,0xEFDE,0xEFDE,0xEFDE,0xEFDE,0xEFDE,0xEFDE,0xEFDE,0xEFDE,0xEFDE,0xEFDE,0xEFDE,0xEFDE,0xEFDE,0xEFDE,
    0xEFDE,0xEFDE,0xEFDE,0xEFDE,0xEFDE,0xEFDE,0xEFDE,0xEFDE,0xEFDE,0xEFDE,0xEFDE,0xEFDE,0xEFDE,0xEFDE,0xEFDE,0xEFDE,
    0xEFDE,0xEFDE,0xEFDE,0xEFDE,0xEFDE,0xEFDE,0x21E9,0x2C6F,0x5D8F,0x5D8F,0x6DF1,0x5D8F,0x65B0,0x5D8E,0x5D8E,0x34AD,
    0x9B6A,0xFC0C,0xFC0B,0xFC0B,0xFBCB,0xFBEB,0xFB49,0xFC2C,0xFC4C,0xFC2C,0xFC2C,0xFC2C,0xFBAA,0xE287,0x5904,0xA4D2,
    0xE79D,0xDF7C,0x9D55,0xCEFB,0xE7BE,0xE7BE,0xE7BE,0xE7BD,0x10E4,0x0A0A,0x1C6E,0x34AD,0x54EB,0x2CAF,0x21A8,0xF669,
    0xFE26,0xFE68,0xF66C,0x79A3,0x7A46,0x61A4,0x5164,0x4964,0x18E6,0x2C2F,0x4DF0,0x6E30,0x7CEB,0x956C,0x758E,0x1165,
    0xD52F,0xFF99,0xFFBA,0xFFBA,0xFF9A,0xFF9A,0xFF59,0xFF98,0xFFDA,0xFEB3,0xBB8B,0x08C6,0x9DEE,0xA56C,0x84ED,0x2B0C,
    0x0043,0x7A43,0x92A2,0xBBE4,0xEDC8,0xF66D,0xF584,0xECC0,0xD3A4,0x2AA8,0x0862,0xDF5C,0xEFDE,0xEFDE,0xEFDE,0xEFDE,
    0xEFDE,0xEFDE,0xEFDE,0xEFDE,0xEFDE,0xEFDE,0xEFDE,0xEFDE,0xEFDE,0xEFDE,0xEFDE,0xEFDE,0xEFDE,0xEFDE,0xEFDE,0xEFDE,
    0xEFDE,0xEFDE,0xEFDE,0xEFDE,0xEFDE,0xEFDE,0xEFDE,0xEFDE,0xEFDE,0xEFDE,0xEFDE,0xEFDE,0xEFDE,0xEFDE,0xEFDE,0xEFDE,
    0xEFDE,0xEFDE,0xEFDE,0xEFDE,0xEFDE,0xEFDE,0x8533,0x1BCE,0x65AF,0x5DAF,0x65AF,0x65B0,0x5D8F,0x5D6E,0x5D6E,0x4D2D,
    0x1BEB,0xF40C,0xFBEB,0xFE74,0xFB89,0xFBCA,0xF2C7,0xFC4D,0xFC2C,0xFC4C,0xFC4C,0xFC2C,0xFB08,0xE247,0x28C5,0xDEFB,
    0xC637,0x11C8,0x234C,0x2A8B,0xC6DA,0xE7BE,0xE7BE,0xE7BE,0x9575,0x0947,0x13ED,0x140E,0x0C0D,0x1BEF,0xEDA9,0xED23,
    0xFE05,0xFE88,0x7123,0x9A85,0x8A64,0x8243,0x71C2,0x20C3,0x0041,0x4923,0x18E2,0x6E10,0x55D0,0x6DF1,0x95CF,0x08E3,
    0xDD6E,0xFEF5,0xFF78,0xFF9B,0xFF7A,0xFF18,0xFED7,0xFF79,0xFF15,0xFE93,0xD4F0,0x08C7,0x7DF1,0x9630,0x3CEF,0x33CF,
    0x0021,0x0021,0x0021,0x92E4,0x72A5,0x4163,0xDC85,0xDC21,0xB302,0x0863,0x2987,0xE77D,0xEFDE,0xEFDE,0xEFDE,0xEFDE,
    0xEFDE,0xEFDE,0xEFDE,0xEFDE,0xEFDE,0xEFDE,0xEFDE,0xEFDE,0xEFDE,0xEFDE,0xEFDE,0xEFDE,0xEFDE,0xEFDE,0xEFDE,0xEFDE,
    0xEFDE,0xEFDE,0xEFDE,0xEFDE,0xEFDE,0xEFDE,0xEFDE,0xEFDE,0xEFDE,0xEFDE,0xEFDE,0xEFDE,0xEFDE,0xEFDE,0xEFDE,0xEFDE,
    0xEFDE,0xEFDE,0xEFDE,0xEFDE,0xEFDE,0xEFDE,0xE7BE,0x09E9,0x65B0,0x5DAF,0x5DAF,0x658F,0x658F,0x5D6E,0x5D6E,0x556D,
    0x2C4C,0xDC2B,0xFBCA,0xFDB1,0xF2E7,0xFBA9,0xEA66,0xFC4D,0xFC4C,0xFC4C,0xFC4C,0xFBEB,0xF329,0xB186,0x2126,0x736C,
    0x234B,0x554E,0x4D2F,0x224B,0xDF5C,0xE7BE,0xE7BE,0xE7BE,0xE79D,0x1106,0x122A,0x1C6F,0x1450,0x0927,0xD443,0xD422,
    0xD421,0x79C4,0x9A65,0x9A85,0x8AA5,0x31C7,0x19AA,0x1169,0x21EA,0x1062,0x71A4,0x0881,0x3D90,0x8671,0x8D4D,0x0041,
    0xDD8E,0xEE71,0xFF76,0xDDAF,0x5164,0x4944,0x4944,0x4924,0xFFFD,0xFF78,0x5208,0x0023,0x4D10,0x7E50,0x344D,0x0020,
    0x40E3,0x218A,0x196A,0x0004,0x7348,0x9385,0x6A04,0x7224,0xBB83,0x0842,0x52AB,0xE7BE,0xEFDE,0xEFDE,0xEFDE,0xEFDE,
    0xEFDE,0xEFDE,0xEFDE,0xEFDE,0xEFDE,0xEFDE,0xEFDE,0xEFDE,0xEFDE,0xEFDE,0xEFDE,0xEFDE,0xEFDE,0xEFDE,0xEFDE,0xEFDE,
    0xEFDE,0xEFDE,0xEFDE,0xEFDE,0xEFDE,0xEFDE,0xEFDE,0xEFDE,0xEFDE,0xEFDE,0xEFDE,0xEFDE,0xEFDE,0xEFDE,0xEFDE,0xEFDE,
    0xEFDE,0xEFDE,0xEFDE,0xEFDE,0xEFDE,0xEFDE,0xE7BE,0x1147,0x44AF,0x5D90,0x5DAF,0x5DAF,0x5DAF,0x5D8E,0x556E,0x556D,
    0x554D,0x2B89,0xEB89,0xFF57,0xFE94,0xFB89,0xEA66,0xFC2C,0xFC4C,0xFC4C,0xFC4C,0xFBAA,0xE247,0x9A8A,0x1B6C,0x238B,
    0x5D8E,0x552E,0x2C0D,0x222A,0xE7BE,0xE7BE,0xE7BE,0xE7BE,0xE7BE,0xE7BE,0x31C8,0x1B6D,0x13AE,0x2126,0x9AA4,0x9AA4,
    0x9AC3,0x4944,0x9A85,0x8A86,0x1148,0x21CA,0x1148,0x3AAE,0x21EB,0x1149,0x4903,0x0042,0x5D4E,0xC5CB,0x94CC,0x10A3,
    0x1082,0x2904,0x38E3,0xED4B,0xFFFC,0xFFFB,0xFFD9,0xF796,0x40A2,0x0821,0x3904,0x3904,0x23CD,0x7631,0x3C6D,0x18C4,
    0x6164,0x2A0C,0x2A0B,0x21CB,0x08A6,0x18E5,0x59A4,0x5165,0xA283,0x1083,0xCEDA,0xE7BE,0xEFDE,0xEFDE,0xEFDE,0xEFDE,
    0xEFDE,0xEFDE,0xEFDE,0xEFDE,0xEFDE,0xEFDE,0xEFDE,0xEFDE,0xEFDE,0xEFDE,0xEFDE,0xEFDE,0xEFDE,0xEFDE,0xEFDE,0xEFDE,
    0xEFDE,0xEFDE,0xEFDE,0xEFDE,0xEFDE,0xEFDE,0xEFDE,0xEFDE,0xEFDE,0xEFDE,0xEFDE,0xEFDE,0xEFDE,0xEFDE,0xEFDE,0xEFDE,
    0xEFDE,0xEFDE,0xEFDE,0xEFDE,0xEFDE,0xEFDE,0xE7BE,0x5BAE,0x1B4C,0x5D8F,0x5D8F,0x5DAF,0x5D8E,0x5D6E,0x556E,0x554D,
    0x552D,0x44CC,0xF46C,0xFF36,0xFF57,0xFBCA,0xEA87,0xFC2C,0xFC2C,0xFC2C,0xFC2C,0xFB8A,0xE227,0x19C9,0x450F,0x5D8F,
    0x554E,0x550D,0x1BAB,0x3B4C,0xE7BE,0xE7BE,0xE7BE,0xE7BE,0xE7BE,0xE7BE,0xDF7D,0x18E4,0x0946,0x39A7,0x9284,0x9264,
    0x28A3,0x4145,0x4965,0x08C5,0x0928,0x08C6,0x2A2D,0x2A2D,0x21CB,0x19AB,0x1926,0x0863,0x8CEA,0xD549,0x2965,0x61C6,
    0x7A66,0x61C6,0x5A07,0xF68C,0xB2E5,0x9A24,0x9A03,0xB2A3,0xF751,0x4945,0x6165,0x2864,0x12A9,0x7631,0x552F,0x0063,
    0x1969,0x19AB,0x3A8D,0x324D,0x19CB,0x1169,0x20C4,0x4944,0x69A5,0x18C4,0xE79D,0xE7BE,0xEFDE,0xEFDE,0xEFDE,0xEFDE,
    0xEFDE,0xEFDE,0xEFDE,0xEFDE,0xEFDE,0xEFDE,0xEFDE,0xEFDE,0xEFDE,0xEFDE,0xEFDE,0xEFDE,0xEFDE,0xEFDE,0xEFDE,0xEFDE,
    0xEFDE,0xEFDE,0xEFDE,0xEFDE,0xEFDE,0xEFDE,0xEFDE,0xEFDE,0xEFDE,0xEFDE,0xEFDE,0xEFDE,0xEFDE,0xEFDE,0xEFDE,0xEFDE,
    0xEFDE,0xEFDE,0xEFDE,0xEFDE,0xEFDE,0xEFDE,0xE7BD,0xAE17,0x1187,0x4CF0,0x5D8F,0x5D8E,0x5D6E,0x554D,0x5D6E,0x556D,
    0x552D,0x4CED,0xC570,0xFF15,0xFF36,0xFE95,0xEA46,0xFB49,0xFC2C,0xFC2C,0xFBAB,0xFB09,0x5146,0x1B4B,0x5D8E,0x658F,
    0x5D4E,0x4CED,0x13CC,0x4BCE,0xE7BE,0xE7BE,0xE7BE,0xE7BE,0xE7BE,0xE7BE,0xE7BE,0xE79D,0x9513,0x10C4,0x4946,0x8204,
    0x3104,0x1883,0x3125,0x73AB,0x08E8,0x21EB,0x220C,0x2A2C,0x19AB,0x19AB,0x08E7,0x552F,0xAD4B,0xCDAC,0x10E4,0x5144,
    0x7205,0x2041,0xF713,0xA222,0x40E3,0x8A24,0x8225,0x3082,0xDCA0,0xE461,0x28E4,0x4925,0x0083,0x7611,0x7E52,0x00E4,
    0x08E7,0x19AB,0x220C,0x2A4D,0x328D,0x21EA,0x1127,0x10A4,0x4186,0xCEBA,0xE7BE,0xE7BE,0xEFDE,0xEFDE,0xEFDE,0xEFDE,
    0xEFDE,0xEFDE,0xEFDE,0xEFDE,0xEFDE,0xEFDE,0xEFDE,0xEFDE,0xEFDE,0xEFDE,0xEFDE,0xEFDE,0xEFDE,0xEFDE,0xEFDE,0xEFDE,
    0xEFDE,0xEFDE,0xEFDE,0xEFDE,0xEFDE,0xEFDE,0xEFDE,0xEFDE,0xEFDE,0xEFDE,0xEFDE,0xEFDE,0xEFDE,0xEFDE,0xEFDE,0xEFDE,
    0xEFDE,0xEFDE,0xEFDE,0xEFDE,0xEFDE,0xEFDE,0x3A4A,0x7491,0x19A7,0x0A09,0x554F,0x558E,0x556E,0x556E,0x556E,0x554D,
    0x554D,0x44ED,0xA5D2,0xFF36,0xFF36,0xFF37,0xDB48,0xF2A7,0xFC0C,0xFC4C,0xFB29,0xF2C7,0x2B4B,0x5DCF,0x5DAE,0x75EF,
    0x5D4D,0x554D,0x1C4E,0x2A6A,0xE79D,0xE7BE,0xE7BE,0xE7BE,0xE7BE,0xE7BE,0xE7BE,0xE7BE,0xE79D,0xBE58,0x1946,0x0842,
    0x0021,0x0000,0xFE2C,0xFECD,0x220A,0x220C,0x220C,0x19AA,0x21AA,0x19AA,0x0927,0x44CE,0xADCC,0xB5EF,0x1966,0x69C5,
    0x71E4,0x2862,0xE4E2,0xC322,0xC488,0x71A4,0x9A85,0x9265,0x8182,0xC360,0x4165,0x5966,0x1084,0x5D4E,0x7E51,0x3C8D,
    0x0002,0x19AB,0x21CB,0x21EB,0x3A8C,0x4B2B,0x1969,0x08A5,0x2125,0xDF5C,0xE7BE,0xE7BE,0xE7BE,0xEFDE,0xEFDE,0xEFDE,
    0xEFDE,0xEFDE,0xEFDE,0xEFDE,0xEFDE,0xEFDE,0xEFDE,0xEFDE,0xEFDE,0xEFDE,0xEFDE,0xEFDE,0xEFDE,0xEFDE,0xEFDE,0xEFDE,
    0xEFDE,0xEFDE,0xEFDE,0xEFDE,0xEFDE,0xEFDE,0xEFDE,0xEFDE,0xEFDE,0xEFDE,0xEFDE,0xEFDE,0xEFDE,0xEFDE,0xEFDE,0xEFDE,
    0xEFDE,0xEFDE,0xEFDE,0xEFDE,0xEFDE,0xEFDE,0x29C8,0x834A,0x4227,0x0946,0x136B,0x34CE,0x558E,0x556D,0x556E,0x556D,
    0x554D,0x4D6E,0xADF2,0xFF36,0xFF36,0xFF16,0xFF15,0xF389,0xFBEB,0xFC4C,0xFB49,0xD1A5,0x3C8D,0x5DAF,0x65AE,0x5D8E,
    0x5D6D,0x5D2D,0x244E,0x11E8,0x9D75,0xE7BE,0xE7BE,0xE7BE,0xE7BE,0xE7BE,0xE7BE,0xE7BE,0xE77D,0x18C3,0x1127,0x5186,
    0x2082,0xFDAB,0xFEF2,0xF5CB,0x21EB,0x21EB,0x21AA,0x21AA,0x1969,0x1127,0x23AD,0x4DAE,0xBEEE,0x536B,0x20A4,0x69A4,
    0x79E4,0x3082,0xD443,0x40C3,0x30A3,0x79E4,0x71E5,0x5964,0x9220,0x9AA1,0x3145,0x5165,0x0864,0x2B8B,0x7650,0x44ED,
    0x2BCD,0x0885,0x1149,0x198A,0x2A0B,0x2A0A,0x21CA,0x196A,0x08A5,0xADD6,0xE7BE,0xE7BE,0xE7BE,0xEFDE,0xEFDE,0xEFDE,
    0xEFDE,0xEFDE,0xEFDE,0xEFDE,0xEFDE,0xEFDE,0xEFDE,0xEFDE,0xEFDE,0xEFDE,0xEFDE,0xEFDE,0xEFDE,0xEFDE,0xEFDE,0xEFDE,
    0xEFDE,0xEFDE,0xEFDE,0xEFDE,0xEFDE,0xEFDE,0xEFDE,0xEFDE,0xEFDE,0xEFDE,0xEFDE,0xEFDE,0xEFDE,0xEFDE,0xEFDE,0xEFDE,
    0xEFDE,0xEFDE,0xEFDE,0xEFDE,0xEFDE,0xEFDE,0x3A09,0xBC4C,0xFF77,0xF735,0x2AE9,0x248D,0x34ED,0x554D,0x554D,0x554D,
    0x654C,0x5D4D,0xADD1,0xFF36,0xFF16,0xFF16,0xFF15,0xFEF5,0xF369,0xFC8D,0xF329,0xD1C6,0x552E,0x5D8E,0x5D8E,0x5D6D,
    0x5D6D,0x5D2E,0x248E,0x0987,0x7C71,0xE7BD,0xE7BE,0xE7BE,0xE7BE,0xE7BE,0xE7BE,0xE7BE,0xA595,0x1105,0x21E9,0x2905,
    0xBB48,0xFDEC,0xCBA7,0x49C9,0x198A,0x21AA,0x1969,0x1989,0x1189,0x0000,0x3D2D,0x760E,0x7DCF,0x08A4,0x5145,0x79A4,
    0x7A05,0x2882,0xC3E3,0x69A3,0x4143,0x69C4,0x59A4,0x30C3,0xAB20,0x3923,0x4186,0x18C5,0x2966,0x1249,0x7E71,0x4D4E,
    0x44CD,0x1B4E,0x00A5,0x1128,0x21A9,0x29C9,0x2A09,0x21CB,0x10E8,0x6B8E,0xE7BE,0xE7BE,0xEFDE,0xEFDE,0xEFDE,0xEFDE,
    0xEFDE,0xEFDE,0xEFDE,0xEFDE,0xEFDE,0xEFDE,0xEFDE,0xEFDE,0xEFDE,0xEFDE,0xEFDE,0xEFDE,0xEFDE,0xEFDE,0xEFDE,0xEFDE,
    0xEFDE,0xEFDE,0xEFDE,0xEFDE,0xEFDE,0xEFDE,0xEFDE,0xEFDE,0xEFDE,0xEFDE,0xEFDE,0xEFDE,0xEFDE,0xEFDE,0xEFDE,0xEFDE,
    0xEFDE,0xEFDE,0xEFDE,0xEFDE,0xEFDE,0xEFDE,0xE79D,0x72E9,0xEE30,0xFF56,0xF717,0xF717,0x9D90,0x4CCD,0x450D,0x556E,
    0x656D,0x556E,0x4D4E,0xFF36,0xFF15,0xFF36,0xFF16,0xFF36,0xFF16,0xFC6D,0xEAC8,0xD206,0x5D6F,0x5D8E,0x556D,0x658D,
    0x5D4D,0x552E,0x2CCF,0x0187,0x3A29,0xE79D,0xE7BE,0xE7BE,0xE7BE,0xE7BE,0xE7BE,0xC69A,0x2987,0x0946,0x1A8A,0x2146,
    0x1882,0xA226,0x2907,0x1948,0x1969,0x1148,0x1948,0x1128,0x09A7,0x3D4E,0x5DEE,0xB670,0x3C4F,0x0000,0x0822,0x20A3,
    0x18C3,0x1062,0x7A02,0xCC45,0xE548,0xDD88,0xD50A,0xCBE2,0xB344,0x1064,0x1863,0x4123,0x40E3,0x0022,0x8672,0xA6B2,
    0x750E,0x1C93,0x02AD,0x0064,0x1988,0x21A8,0x21E9,0x19CA,0x2169,0x0864,0xE79D,0xE7BE,0xEFDE,0xEFDE,0xEFDE,0xEFDE,
    0xEFDE,0xEFDE,0xEFDE,0xEFDE,0xEFDE,0xEFDE,0xEFDE,0xEFDE,0xEFDE,0xEFDE,0xEFDE,0xEFDE,0xEFDE,0xEFDE,0xEFDE,0xEFDE,
    0xEFDE,0xEFDE,0xEFDE,0xEFDE,0xE7BE,0xEFDE,0xEFDE,0xEFDE,0xEFDE,0xEFDE,0xEFDE,0xEFDE,0xEFDE,0xEFDE,0xEFDE,0xEFDE,
    0xEFDE,0xEFDE,0xEFDE,0xEFDE,0xEFDE,0xEFDE,0xE7BE,0x31C7,0xC46B,0xF6D3,0xFF57,0xFF36,0xFF36,0xFF35,0xFF57,0x95F1,
    0x454D,0x556D,0x452E,0xFF34,0xFF35,0xFF36,0xFF36,0xFF36,0xFF36,0xFF57,0xF287,0xCA27,0x5D6F,0x556E,0x5D6E,0x5D6D,
    0x5D4E,0x552E,0x24AF,0x19C7,0x7A28,0xDF3B,0xE79D,0xE7BE,0xE7BE,0xE7BE,0xE7BE,0x7C10,0x08A4,0x2329,0x4389,0x1228,
    0x1166,0x1085,0x08C7,0x1948,0x1128,0x1148,0x08A4,0x11A7,0x456F,0x55CF,0x6DCE,0xBE4F,0x224A,0x4903,0x61A3,0x51A4,
    0x5A07,0x93CD,0x1883,0x61A5,0x5103,0x4923,0x4923,0x4923,0x1044,0x30E4,0x5964,0x79C4,0x48E3,0x0022,0x5D51,0x9ED3,
    0x7D0E,0x5491,0x2C50,0x0A47,0x08A5,0x1148,0x19C9,0x1149,0x21A9,0x0843,0xE7BE,0xE7BE,0xEFDE,0xEFDE,0xEFDE,0xEFDE,
    0xEFDE,0xEFDE,0xEFDE,0xEFDE,0xEFDE,0xEFDE,0xEFDE,0xEFDE,0xEFDE,0xEFDE,0xEFDE,0xEFDE,0xEFDE,0xEFDE,0xEFDE,0xEFDE,
    0xEFDE,0xEFDE,0xEFDE,0xEFDE,0xEFDE,0xEFDE,0xEFDE,0xEFDE,0xEFDE,0xEFDE,0xEFDE,0xEFDE,0xEFDE,0xEFDE,0xEFDE,0xEFDE,
    0xEFDE,0xEFDE,0xEFDE,0xEFDE,0xEFDE,0xEFDE,0xE7BE,0x52CB,0x9B49,0xF672,0xFF15,0xFF36,0xFF36,0xFF36,0xFF36,0xFF37,
    0xF737,0xF735,0x3CCD,0xCDAF,0xFF36,0xFF36,0xFF36,0xFF36,0xFF36,0xFF36,0xFED6,0xDA47,0x4D0E,0x556E,0x556E,0x7D0D,
    0x552E,0x4D2E,0x246E,0x9AEA,0x9248,0xC637,0xE79D,0xE7BE,0xE7BE,0xE79D,0xD6DB,0x6207,0x1083,0x4307,0x82C5,0x22A7,
    0x0B4A,0x01E9,0x0907,0x0106,0x08C5,0x0986,0x344D,0x55B0,0x5DCF,0x65CE,0x9DEC,0x6C4E,0x18E5,0x71C4,0x69E4,0x6A27,
    0xC4CF,0xCCF0,0xC4F0,0xBC6E,0x9329,0x9BAB,0x9BAB,0x9BCB,0x9BAC,0x4985,0x69A4,0x8224,0x69A4,0x3944,0x3BCD,0x86B2,
    0x7D2C,0x5C90,0x4C8E,0x2C8C,0x140D,0x0064,0x0948,0x0927,0x1107,0x0863,0xE79D,0xEFDE,0xEFDE,0xEFDE,0xEFDE,0xEFDE,
    0xEFDE,0xEFDE,0xEFDE,0xEFDE,0xEFDE,0xEFDE,0xEFDE,0xEFDE,0xEFDE,0xEFDE,0xEFDE,0xEFDE,0xEFDE,0xEFDE,0xEFDE,0xEFDE,
    0xEFDE,0xEFDE,0xEFDE,0xEFDE,0xEFDE,0xEFDE,0xEFDE,0xEFDE,0xEFDE,0xEFDE,0xEFDE,0xEFDE,0xEFDE,0xEFDE,0xEFDE,0xEFDE,
    0xEFDE,0xEFDE,0xEFDE,0xEFDE,0xEFDE,0xEFDE,0xE7BE,0xADB5,0x1926,0xABCA,0xFED3,0xFF36,0xFF36,0xFF36,0xFF36,0xFF36,
    0xFF36,0xFF15,0xF6F4,0xDDCF,0xFF36,0xFF57,0xFF36,0xFF36,0xFF16,0xFF36,0xFF36,0xED0E,0x448D,0x4D4D,0x454E,0xD3EC,
    0x554D,0x552E,0x246D,0xE32C,0xAA28,0x2126,0xDF5C,0xE79D,0xE7BE,0x8410,0x9B4C,0xBAC8,0xB286,0x10A3,0xAB05,0xBB45,
    0x5BE7,0x1430,0x1C51,0x23EE,0x2C2E,0x1C0C,0x5DF0,0x65D0,0x5DAE,0x9D0A,0xC548,0x39E8,0x4924,0x6983,0x82C8,0xD52F,
    0xFEB2,0xFF35,0xFEB4,0xE5D0,0xBC0C,0xD52E,0xE5B0,0xCCAE,0xD530,0xB40C,0x4125,0x7A24,0x71E4,0x3903,0x09A7,0x6670,
    0x964F,0x6C8B,0xA48A,0xA4E9,0x2CCD,0x234C,0x0063,0x0906,0x0884,0xA596,0xE7BE,0xEFDE,0xEFDE,0xEFDE,0xEFDE,0xEFDE,
    0xEFDE,0xEFDE,0xEFDE,0xEFDE,0xEFDE,0xEFDE,0xEFDE,0xEFDE,0xEFDE,0xEFDE,0xEFDE,0xEFDE,0xEFDE,0xEFDE,0xEFDE,0xEFDE,
    0xEFDE,0xEFDE,0xEFDE,0xEFDE,0xEFDE,0xEFDE,0xEFDE,0xEFDE,0xEFDE,0xEFDE,0xEFDE,0xEFDE,0xEFDE,0xEFDE,0xEFDE,0xEFDE,
    0xEFDE,0xEFDE,0xEFDE,0xEFDE,0xEFDE,0xEFDE,0xE7BE,0xE79D,0x2146,0x7AC8,0xFE30,0xFED3,0xFF36,0xFF36,0xFF36,0xFF36,
    0xFF36,0xFF36,0xFF36,0xFF15,0xFF35,0xFF36,0xFF36,0xFF36,0xFF36,0xFF36,0xFF36,0xF673,0xD3A9,0x454D,0x456E,0xFC0D,
    0xAC8D,0x552E,0x348E,0xF34B,0xC248,0x30C5,0x8BAD,0xE77D,0xE77D,0x9451,0x5A29,0xA227,0x91C5,0x8A46,0x0842,0x8287,
    0x8C69,0x9D6D,0x952A,0x5D4D,0x760F,0x862F,0x8DCD,0x9D6B,0x7D6C,0xDC66,0xB3C6,0x1061,0x38C2,0x936A,0xDDD2,0xFED4,
    0xFF35,0xFF36,0xFF56,0xFF37,0xCCAE,0xEEB2,0xE5AF,0xE5D1,0xDD90,0xCCEE,0x82EA,0x5984,0x7A44,0x38E3,0x20E5,0x450E,
    0xAF54,0xED29,0xC4E9,0xA4EA,0x556E,0x242D,0x0042,0x40E3,0x0883,0xC69A,0xE7BE,0xEFDE,0xEFDE,0xEFDE,0xEFDE,0xEFDE,
    0xEFDE,0xEFDE,0xEFDE,0xEFDE,0xEFDE,0xEFDE,0xEFDE,0xEFDE,0xEFDE,0xEFDE,0xEFDE,0xEFDE,0xEFDE,0xEFDE,0xEFDE,0xEFDE,
    0xEFDE,0xEFDE,0xEFDE,0xEFDE,0xEFDE,0xEFDE,0xEFDE,0xEFDE,0xEFDE,0xEFDE,0xEFDE,0xEFDE,0xEFDE,0xEFDE,0xEFDE,0xEFDE,
    0xEFDE,0xEFDE,0xEFDE,0xEFDE,0xEFDE,0xEFDE,0xE7BE,0xE7BE,0xD6FB,0x2145,0xCC6B,0xFE31,0xFF36,0xFF36,0xFF36,0xFF36,
    0xFF36,0xFF36,0xFF36,0xFF36,0xFEB3,0xFEF5,0xFF36,0xFF36,0xFF36,0xFF36,0xFF36,0xFF15,0xF58F,0x5C6D,0x3D6D,0xFC4D,
    0xFC4C,0x84EE,0x2C2D,0xF34A,0xEB09,0xA187,0x4926,0x4209,0xCE17,0xBD13,0x49A8,0x38C5,0x48E4,0x48E4,0x20A3,0x0863,
    0x00E5,0xC4C8,0xC528,0x7650,0x8650,0xADCB,0xD5A8,0xE62B,0xA5EE,0xAD6C,0x29A5,0x4145,0xBC6D,0xE5D1,0xFF36,0xFF97,
    0xFEB3,0xFE72,0xFE92,0xFE92,0xC4AD,0xDD8E,0xABEB,0xC42C,0xE56F,0xF671,0xD52F,0x61C7,0x1862,0x4124,0x18A3,0x3C8D,
    0x7E72,0x8E51,0xD54B,0xB52B,0x656F,0x22A9,0x4944,0x6205,0x4249,0xE7BE,0xE7BE,0xEFDE,0xEFDE,0xEFDE,0xEFDE,0xEFDE,
    0xEFDE,0xEFDE,0xEFDE,0xEFDE,0xEFDE,0xEFDE,0xEFDE,0xEFDE,0xEFDE,0xEFDE,0xEFDE,0xEFDE,0xEFDE,0xEFDE,0xEFDE,0xEFDE,
    0xEFDE,0xEFDE,0xEFDE,0xEFDE,0xEFDE,0xEFDE,0xEFDE,0xEFDE,0xEFDE,0xEFDE,0xEFDE,0xEFDE,0xEFDE,0xEFDE,0xEFDE,0xEFDE,
    0xEFDE,0xEFDE,0xEFDE,0xEFDE,0xEFDE,0xEFDE,0xE7BE,0xE7BE,0xE7BE,0xCEDA,0x62A8,0xDCEC,0xF692,0xFF36,0xFF36,0xFF15,
    0xFF36,0xFF36,0xFF36,0xFF36,0xFF15,0xF5EF,0xFF16,0xFF36,0xFF36,0xFF36,0xFF36,0xFF15,0xFF14,0xE52F,0x450E,0xFC6C,
    0xFC2B,0xF3EB,0x8CAE,0xEBEA,0xFBAA,0xEAA8,0xCA08,0xA1E7,0x5945,0x5925,0x58E5,0xA9E7,0xB9C6,0xD1E6,0xDA08,0x0842,
    0x2082,0x0841,0x6AA5,0x8EB1,0xAE2E,0xED88,0xEF30,0x9E4E,0xCE6A,0x7AA6,0x82E8,0xBC0C,0xEDF1,0xFF15,0xFF56,0xFF77,
    0xFF57,0xFEF4,0xE5CF,0xC4AC,0xA3C9,0x9BC9,0xCD10,0xDDB1,0xEE11,0xF672,0xFE93,0xE5D0,0x9B2A,0x9BCC,0xA3ED,0x3B0A,
    0x6DF0,0x7E92,0xB50B,0x9C6B,0x0820,0x1861,0x82C7,0x3A08,0xEFDE,0xE7BE,0xEFDE,0xEFDE,0xEFDE,0xEFDE,0xEFDE,0xEFDE,
    0xEFDE,0xEFDE,0xEFDE,0xEFDE,0xEFDE,0xEFDE,0xEFDE,0xEFDE,0xEFDE,0xEFDE,0xEFDE,0xEFDE,0xEFDE,0xEFDE,0xEFDE,0xEFDE,
    0xEFDE,0xEFDE,0xEFDE,0xEFDE,0xEFDE,0xEFDE,0xEFDE,0xEFDE,0xEFDE,0xEFDE,0xEFDE,0xEFDE,0xEFDE,0xEFDE,0xEFDE,0xEFDE,
    0xEFDE,0xEFDE,0xEFDE,0xEFDE,0xEFDE,0xEFDE,0xEFDE,0xE7BE,0xE7BE,0xE7BE,0x94D2,0x6A88,0xD4AD,0xEDB0,0xFE52,0xFE92,
    0xFE92,0xFF36,0xFF36,0xFF36,0xFF15,0xFF14,0xFE10,0xFF36,0xFF36,0xFF36,0xFF36,0xFF16,0xFF15,0xFEF5,0xFBEA,0xFBEA,
    0xFC0B,0xFC2C,0xFC4C,0xF40B,0xFBCB,0xFBCB,0xFB49,0xFB29,0xFB2A,0xFB09,0xFB2A,0xFB29,0xF2E8,0xEA67,0x1801,0x4926,
    0xABAC,0x9B8B,0xAC0C,0x0821,0x4903,0xA386,0x750A,0x7E4C,0x9CE5,0x4964,0xBC2B,0xE5B0,0xFEF5,0xFF36,0xFF56,0xFF56,
    0xFF56,0xE5D1,0xDD4E,0x5164,0x6A05,0xCD0D,0xD52F,0xF632,0xFEB3,0xFEF4,0xFF56,0xFF56,0xF652,0xEDF1,0xB42D,0x18A3,
    0x448E,0x2AC6,0x4164,0x938A,0x7AC8,0x0021,0xBE38,0xE77D,0xE7BE,0xEFDE,0xEFDE,0xEFDE,0xEFDE,0xEFDE,0xEFDE,0xEFDE,
    0xEFDE,0xEFDE,0xEFDE,0xEFDE,0xEFDE,0xEFDE,0xEFDE,0xEFDE,0xEFDE,0xEFDE,0xEFDE,0xEFDE,0xEFDE,0xEFDE,0xEFDE,0xEFDE,
    0xEFDE,0xEFDE,0xEFDE,0xEFDE,0xEFDE,0xEFDE,0xEFDE,0xEFDE,0xEFDE,0xEFDE,0xEFDE,0xEFDE,0xEFDE,0xEFDE,0xEFDE,0xEFDE,
    0xEFDE,0xEFDE,0xEFDE,0xEFDE,0xEFDE,0xEFDE,0xEFDE,0xEFDE,0xE7BE,0xE7BE,0xE7BE,0x52CB,0x4248,0xB42B,0xED4D,0xFE30,
    0xFE92,0xFED4,0xFEB3,0xFEB2,0xFED3,0xFE31,0xFE10,0xF5AF,0xFED4,0xFF36,0xFF16,0xFF16,0xFF16,0xFF37,0xFF15,0xFBA9,
    0xFC0B,0xFC4C,0xFC2C,0xFC0C,0xFC2C,0xFBEB,0xFBAA,0xFBCA,0xFBEB,0xFB69,0xFB6A,0xFB69,0xF329,0xAA28,0x5165,0xC42D,
    0xDD4F,0xD50F,0xBC4D,0xB40C,0x7247,0x59C6,0x41E6,0x19A6,0x2964,0x7AC8,0xE5F1,0xEE74,0xFF36,0xFF36,0xFF56,0xFF56,
    0xFEF5,0xF652,0xD50E,0x61A3,0xBC0A,0xBC6B,0xEDF0,0xDD90,0xF652,0xFED3,0xFF57,0xFF57,0xFF57,0xFF57,0xE5D1,0xCCEE,
    0x20A2,0xAC0C,0xBC4B,0xC48D,0xB44C,0x20E4,0x39E8,0xE79D,0xE7BE,0xEFDE,0xEFDE,0xEFDE,0xEFDE,0xEFDE,0xEFDE,0xEFDE,
    0xEFDE,0xEFDE,0xEFDE,0xEFDE,0xEFDE,0xEFDE,0xEFDE,0xEFDE,0xEFDE,0xEFDE,0xEFDE,0xEFDE,0xEFDE,0xEFDE,0xEFDE,0xEFDE,
    0xEFDE,0xEFDE,0xEFDE,0xEFDE,0xEFDE,0xEFDE,0xEFDE,0xEFDE,0xEFDE,0xEFDE,0xEFDE,0xEFDE,0xEFDE,0xEFDE,0xEFDE,0xEFDE,
    0xEFDE,0xEFDE,0xEFDE,0xEFDE,0xEFDE,0xEFDE,0xEFDE,0xEFDE,0xEFDE,0xE7BE,0xE7BE,0xDF5C,0x94B0,0x1904,0x9B07,0xC48C,
    0xED8F,0xEDCF,0xFE51,0xF5CF,0xF5CF,0xF610,0xF5F0,0xF5AF,0xF4AC,0xFE92,0xFF15,0xFF36,0xFF36,0xFF36,0xFF36,0xFF15,
    0xFD4E,0xFBCB,0xFC4C,0xFC0C,0xFC0C,0xFC2C,0xFC4C,0xFC6C,0xFC2B,0xFC0B,0xFB49,0xFB09,0xEAC7,0x2863,0xC44C,0xED90,
    0xFF15,0xFEF4,0xE5D0,0xE5B0,0xD50E,0xC44C,0xB40B,0xB40C,0xBC4C,0xE5F2,0xFF37,0xFF57,0xFF57,0xFF36,0xFF36,0xFF56,
    0xF652,0xE52F,0x8B2A,0x830A,0xBC4E,0xBC4D,0xC44C,0xF631,0xFEB3,0xFED4,0xFF57,0xFF57,0xFF57,0xFF57,0xFEF6,0xDD2F,
    0xDD2F,0xD50E,0xE590,0xF693,0xE5B0,0xABAB,0x2925,0x9D13,0xEFDE,0xEFDE,0xEFDE,0xEFDE,0xEFDE,0xEFDE,0xEFDE,0xEFDE,
    0xEFDE,0xEFDE,0xEFDE,0xEFDE,0xEFDE,0xEFDE,0xEFDE,0xEFDE,0xEFDE,0xEFDE,0xEFDE,0xEFDE,0xEFDE,0xEFDE,0xEFDE,0xEFDE,
    0xEFDE,0xEFDE,0xEFDE,0xEFDE,0xEFDE,0xEFDE,0xEFDE,0xEFDE,0xEFDE,0xEFDE,0xEFDE,0xEFDE,0xEFDE,0xEFDE,0xEFDE,0xEFDE,
    0xEFDE,0xEFDE,0xEFDE,0xEFDE,0xEFDE,0xEFDE,0xEFDE,0xEFDE,0xEFDE,0xEFDE,0xE7BE,0xE7BE,0xE7BE,0xCEDA,0x4269,0x2987,
    0xC409,0xDCAA,0xF5AD,0xF54C,0xED0C,0xECCD,0xEC6C,0xF40A,0xF368,0xFD2E,0xFEB4,0xFEB4,0xFF36,0xFF36,0xFF36,0xFF56,
    0xFF36,0xFF14,0xF40A,0xFBEB,0xFBEB,0xFC2C,0xFC0C,0xFBCB,0xFBEB,0xFB29,0xFB29,0xF2C8,0x3862,0x7185,0xF631,0xFEF5,
    0xFF78,0xFEB4,0xFF36,0xFF56,0xFF57,0xEE52,0xDD4E,0xDD4F,0xD56F,0xFF56,0xFF57,0xFF57,0xFF57,0xFF37,0xFF56,0xFED4,
    0xEDF1,0xDCCD,0x2145,0x736C,0xB4B0,0xBC6F,0xD4EE,0xDD2E,0xFEB3,0xFF57,0xFF57,0xFF57,0xFF57,0xFF57,0xFF36,0xFF36,
    0xFED4,0xFEF4,0xFF15,0xFEB3,0xFEF5,0xE50D,0x4165,0x94F3,0xE7BE,0xEFDE,0xEFDE,0xEFDE,0xEFDE,0xEFDE,0xEFDE,0xEFDE,
    0xEFDE,0xEFDE,0xEFDE,0xEFDE,0xEFDE,0xEFDE,0xEFDE,0xEFDE,0xEFDE,0xEFDE,0xEFDE,0xEFDE,0xEFDE,0xEFDE,0xEFDE,0xEFDE,
    0xEFDE,0xEFDE,0xEFDE,0xEFDE,0xEFDE,0xEFDE,0xEFDE,0xEFDE,0xEFDE,0xEFDE,0xEFDE,0xEFDE,0xEFDE,0xEFDE,0xEFDE,0xEFDE,
    0xEFDE,0xEFDE,0xEFDE,0xEFDE,0xEFDE,0xEFDE,0xEFDE,0xEFDE,0xEFDE,0xEFDE,0xEFDE,0xE7BE,0xE7BE,0xEFBE,0xEFDE,0x8C91,
    0x29A8,0x2987,0x6A68,0x6A06,0x9206,0xCA26,0xFBAA,0xFC0C,0xFBEC,0xFC0B,0xFC4C,0xEC0A,0xFE10,0xFE50,0xFED4,0xFEF4,
    0xFEF4,0xFED4,0xFED3,0xFEB3,0xFE53,0xFD2F,0xFC4D,0xFC2C,0xFB49,0xFB29,0xE2C9,0xD288,0x4083,0x81E6,0xFE72,0xFF57,
    0xFF77,0xFF57,0xFF57,0xFF56,0xFF36,0xFF57,0xFF36,0xFF36,0xFF36,0xFF36,0xFF57,0xFF57,0xFF57,0xFF37,0xFF36,0xF631,
    0xE58F,0xABAA,0x6BAB,0x2985,0x9BAD,0xC48F,0xCCCF,0xE5D1,0xFEB3,0xFF37,0xFF57,0xFF57,0xFF57,0xFF37,0xFF56,0xFF57,
    0xFF57,0xFF36,0xFF56,0xFE93,0xFF16,0xCC8C,0x5185,0xA575,0xE7BE,0xEFDE,0xEFDE,0xEFDE,0xEFDE,0xEFDE,0xEFDE,0xEFDE,
    0xEFDE,0xEFDE,0xEFDE,0xEFDE,0xEFDE,0xEFDE,0xEFDE,0xEFDE,0xEFDE,0xEFDE,0xEFDE,0xEFDE,0xEFDE,0xEFDE,0xEFDE,0xEFDE,
    0xEFDE,0xEFDE,0xEFDE,0xEFDE,0xEFDE,0xEFDE,0xEFDE,0xEFDE,0xEFDE,0xEFDE,0xEFDE,0xEFDE,0xEFDE,0xEFDE,0xEFDE,0xEFDE,
    0xEFDE,0xEFDE,0xEFDE,0xEFDE,0xEFDE,0xEFDE,0xEFDE,0xEFDE,0xEFDE,0xEFDE,0xEFDE,0xE7BE,0xE7BE,0xEFBE,0xE7BE,0xE7BE,
    0xDEFB,0xC553,0x18C3,0x9944,0xDA26,0xFB89,0xFBEB,0xFC0B,0xFC0C,0xFC0C,0xFC0C,0xFC0B,0xFBEA,0xFD0D,0xFE11,0xFE11,
    0xFE10,0xFDF0,0xFDEF,0xFE10,0xFE31,0xFDD0,0xF42B,0xF328,0xF2C8,0xF308,0xCA69,0xBA8A,0x91E7,0x4904,0xE56F,0xF652,
    0xFF36,0xFF36,0xFF37,0xFF56,0xFF56,0xFF57,0xFF57,0xFF37,0xFF36,0xFF36,0xFF57,0xFF57,0xFF57,0xFF57,0xFEB3,0xEDD0,
    0xE54F,0x39A6,0x5B2B,0x2104,0x6AC8,0xCCCF,0xDD50,0xE612,0xFED4,0xFF15,0xFF36,0xFF36,0xFF37,0xFF57,0xFF57,0xFF57,
    0xFF57,0xFF57,0xFEF4,0xFE93,0xE5D1,0x82E9,0x1905,0xDF5C,0xE7BE,0xEFDE,0xEFDE,0xEFDE,0xEFDE,0xEFDE,0xEFDE,0xEFDE,
    0xEFDE,0xEFDE,0xEFDE,0xEFDE,0xEFDE,0xEFDE,0xEFDE,0xEFDE,0xEFDE,0xEFDE,0xEFDE,0xEFDE,0xEFDE,0xEFDE,0xEFDE,0xEFDE,
    0xEFDE,0xEFDE,0xEFDE,0xEFDE,0xEFDE,0xEFDE,0xEFDE,0xEFDE,0xEFDE,0xEFDE,0xEFDE,0xEFDE,0xEFDE,0xEFDE,0xEFDE,0xEFDE,
    0xEFDE,0xEFDE,0xEFDE,0xEFDE,0xEFDE,0xEFDE,0xEFDE,0xEFDE,0xEFDE,0xEFDE,0xEFDE,0xE7BE,0xE7BE,0xE7BE,0xE7BE,0xE7BE,
    0xBDD6,0x4986,0xF2C7,0xFB6A,0xFB8A,0xFB69,0xFBEB,0xFBCB,0xFBEB,0xFC0C,0xFC2C,0xFC0B,0xFBEB,0xFBCB,0xFBCB,0xF3CB,
    0xF44B,0xF44A,0xEC8B,0xF48B,0xF46B,0xF48B,0xE48B,0xDC4A,0xDC49,0xCBA9,0xBA6B,0xB26A,0xAA8B,0x0885,0x938B,0xD52E,
    0xF693,0xFEB2,0xFEF5,0xFF37,0xFF57,0xFF57,0xFF57,0xFF57,0xFF36,0xFF56,0xFF57,0xFF57,0xFF56,0xFED4,0xEE32,0xE5F3,
    0x9BAC,0x2125,0xBDB5,0x10A3,0x6AC8,0xCCED,0xE5F1,0xE5F2,0xF693,0xFEB3,0xFF16,0xFF36,0xFF36,0xFF57,0xFF56,0xFF57,
    0xFF16,0xFED4,0xF631,0xE5B0,0xB44D,0x0843,0x4A8A,0xE7BE,0xEFDE,0xEFDE,0xEFDE,0xEFDE,0xEFDE,0xEFDE,0xEFDE,0xEFDE,
    0xEFDE,0xEFDE,0xEFDE,0xEFDE,0xEFDE,0xEFDE,0xEFDE,0xEFDE,0xEFDE,0xEFDE,0xEFDE,0xEFDE,0xEFDE,0xEFDE,0xEFDE,0xEFDE,
    0xEFDE,0xEFDE,0xEFDE,0xEFDE,0xEFDE,0xEFDE,0xEFDE,0xEFDE,0xEFDE,0xEFDE,0xEFDE,0xEFDE,0xEFDE,0xEFDE,0xEFDE,0xEFDE,
    0xEFDE,0xEFDE,0xEFDE,0xEFDE,0xEFDE,0xEFDE,0xEFDE,0xEFDE,0xEFDE,0xEFDE,0xEFDE,0xEFDE,0xEFDE,0xEFDE,0xEFDE,0xB533,
    0x69A7,0xDA27,0xE226,0xF2A8,0xF2C8,0xF2C8,0xF2E8,0xFBAA,0xFC0B,0xFC0C,0xFC0C,0xFBEB,0xFC0B,0xFB8A,0xFB8A,0xFB8B,
    0xEB29,0xEC2B,0xE46B,0xE46B,0xDC4C,0xCCEF,0xCCEE,0xBBAA,0xC3AA,0xAB2B,0xA2CC,0x9A8C,0x82AC,0x632D,0x49E7,0xC48C,
    0xDD6F,0xFE71,0xF692,0xFF16,0xFF56,0xFF36,0xFF36,0xFF57,0xFF37,0xFF36,0xFF56,0xFF36,0xFEB3,0xFE72,0xE5D2,0xE5B1,
    0x9BCC,0x4208,0xE79D,0x2946,0x6AE8,0xCCED,0xDD6F,0xE5D1,0xE5B1,0xF693,0xFEF4,0xFEF4,0xFF15,0xFEF5,0xFF15,0xFEB3,
    0xF652,0xFE93,0xD50F,0xC46E,0x938B,0x31A7,0xE7BE,0xE7BE,0xEFDE,0xEFDE,0xEFDE,0xEFDE,0xEFDE,0xEFDE,0xEFDE,0xEFDE,
    0xEFDE,0xEFDE,0xEFDE,0xEFDE,0xEFDE,0xEFDE,0xEFDE,0xEFDE,0xEFDE,0xEFDE,0xEFDE,0xEFDE,0xEFDE,0xEFDE,0xEFDE,0xEFDE,
    0xEFDE,0xEFDE,0xEFDE,0xEFDE,0xEFDE,0xEFDE,0xEFDE,0xEFDE,0xEFDE,0xEFDE,0xEFDE,0xEFDE,0xEFDE,0xEFDE,0xEFDE,0xEFDE,
    0xEFDE,0xEFDE,0xEFDE,0xEFDE,0xEFDE,0xEFDE,0xEFDE,0xEFDE,0xEFDE,0xEFDE,0xEFDE,0xEFDE,0xEFDE,0xEFDE,0xEFDE,0x4A29,
    0x49C8,0x5187,0x99E6,0xD247,0xDA47,0xEA88,0xEAA7,0xEAC7,0xF308,0xF2C7,0xF3AA,0xEAE8,0xEAC8,0xEA87,0xE246,0xE227,
    0xDB4B,0xD4AD,0xC48D,0xC46D,0xAC0D,0x8B6D,0x6208,0xA3CC,0xA38D,0x938E,0x7370,0x6B4F,0x3A4D,0x49A7,0x20E4,0x936A,
    0xC4EE,0xD550,0xEE32,0xF631,0xF672,0xF6B3,0xFEB4,0xFED4,0xFED5,0xFEB3,0xF671,0xF631,0xF611,0xE590,0xD550,0xAC0C,
    0x2945,0xE79D,0xE7BE,0xE79D,0x2986,0xAC6C,0xC4CD,0xDD4F,0xDD50,0xDD70,0xE5B0,0xE5D0,0xEE11,0xEE11,0xEDF1,0xEDD0,
    0xE590,0xCCEF,0xBC6E,0x51C7,0x1082,0xDF5C,0xE7BE,0xE7BE,0xEFDE,0xEFDE,0xEFDE,0xEFDE,0xEFDE,0xEFDE,0xEFDE,0xEFDE,
    0xEFDE,0xEFDE,0xEFDE,0xEFDE,0xEFDE,0xEFDE,0xEFDE,0xEFDE,0xEFDE,0xEFDE,0xEFDE,0xEFDE,0xEFDE,0xEFDE,0xEFDE,0xEFDE,
    0xEFDE,0xEFDE,0xEFDE,0xEFDE,0xEFDE,0xEFDE,0xEFDE,0xEFDE,0xEFDE,0xEFDE,0xEFDE,0xEFDE,0xEFDE,0xEFDE,0xEFDE,0xEFDE,
    0xEFDE,0xEFDE,0xEFDE,0xEFDE,0xEFDE,0xEFDE,0xEFDE,0xEFDE,0xEFDE,0xEFDE,0xEFDE,0xEFDE,0xEFDE,0xEFDE,0xE7BE,0xE7BE,
    0xE75C,0x8C30,0x2967,0x4967,0x6966,0xA986,0xD227,0xDA47,0xDA47,0xDA07,0xD227,0xDA88,0xD288,0xD1E7,0xA146,0xBB8C,
    0xBC2C,0xBC4C,0xB44E,0x9C10,0x838E,0x5A49,0x9BCC,0x93F0,0x8BCF,0x630F,0x528D,0x31C8,0x6B6E,0xDF5C,0xDF3C,0x10A3,
    0xCCEE,0xD550,0xD551,0xE5D1,0xEDF1,0xE5F1,0xE5F1,0xE5F1,0xE5F1,0xEE12,0xD571,0xD530,0xD50F,0xD52F,0xAC2D,0x5247,
    0x94F3,0xE7BE,0xE7BE,0xE7BE,0xA534,0x2105,0x6AAA,0xCCEF,0xCCEF,0xCCCF,0xDD50,0xE5B0,0xDD90,0xDD90,0xD50F,0xD4EE,
    0xCCCE,0xB44D,0x93CD,0x20E5,0xEFDE,0xE7BE,0xE7BE,0xE7BE,0xEFDE,0xEFDE,0xEFDE,0xEFDE,0xEFDE,0xEFDE,0xEFDE,0xEFDE,
    0xEFDE,0xEFDE,0xEFDE,0xEFDE,0xEFDE,0xEFDE,0xEFDE,0xEFDE,0xEFDE,0xEFDE,0xEFDE,0xEFDE,0xEFDE,0xEFDE,0xEFDE,0xEFDE,
    0xEFDE,0xEFDE,0xEFDE,0xEFDE,0xEFDE,0xEFDE,0xEFDE,0xEFDE,0xEFDE,0xEFDE,0xEFDE,0xEFDE,0xEFDE,0xEFDE,0xEFDE,0xEFDE,
    0xEFDE,0xEFDE,0xEFDE,0xEFDE,0xEFDE,0xEFDE,0xEFDE,0xEFDE,0xEFDE,0xEFDE,0xEFDE,0xEFDE,0xEFDE,0xEFDE,0xEFDE,0xE7BE,
    0xE7BE,0xE79D,0xE79D,0x9C0F,0x2905,0x3105,0x3126,0x4107,0x4106,0x8947,0x9147,0x8948,0x794A,0x72CB,0x7B2A,0x7B2C,
    0x6AEC,0x5A8D,0x5A8D,0x41E9,0x7B2B,0x3146,0x31A9,0x31AA,0x31A9,0x5A8A,0xA513,0xE77D,0xE79D,0xE77D,0xDF5C,0x8BEE,
    0x3103,0xBC6D,0xCD10,0xCD10,0xD50F,0xD50F,0xD530,0xD50F,0xCD0F,0xD530,0xCD10,0xB46D,0x8B4B,0x7B2A,0x1926,0xB5F6,
    0xE7BE,0xE7BE,0xE7BE,0xE7BE,0xE79D,0xC658,0x39E7,0x62CA,0x6AAA,0xB44F,0xC4CF,0xCD10,0xCCEF,0xC4CF,0xC4AF,0xBCAF,
    0xC4F0,0x41E7,0x39A6,0xD6BA,0xE7BE,0xE7BE,0xE7BE,0xE7BE,0xEFDE,0xEFDE,0xEFDE,0xEFDE,0xEFDE,0xEFDE,0xEFDE,0xEFDE,
    0xEFDE,0xEFDE,0xEFDE,0xEFDE,0xEFDE,0xEFDE,0xEFDE,0xEFDE,0xEFDE,0xEFDE,0xEFDE,0xEFDE,0xEFDE,0xEFDE,0xEFDE,0xEFDE,
    0xEFDE,0xEFDE,0xEFDE,0xEFDE,0xEFDE,0xEFDE,0xEFDE,0xEFDE,0xEFDE,0xEFDE,0xEFDE,0xEFDE,0xEFDE,0xEFDE,0xEFDE,0xEFDE,
    0xEFDE,0xEFDE,0xEFDE,0xEFDE,0xEFDE,0xEFDE,0xEFDE,0xEFDE,0xEFDE,0xEFDE,0xEFDE,0xEFDE,0xEFDE,0xEFDE,0xEFDE,0xEFDE,
    0xE7BE,0xE7BE,0xE7BE,0xE7BE,0xEFDE,0xE7BE,0xBE18,0xA514,0x9410,0x3146,0x2946,0x2946,0x3167,0x2967,0x2968,0x3188,
    0x41E9,0x7B8E,0x83EF,0xE79D,0xE7BE,0xE79D,0xE77D,0xE79D,0xEFDE,0xE7BE,0xE7BE,0xE7BE,0xE79D,0xE77D,0xDF3C,0xAD13,
    0x0842,0x40C3,0x48C3,0xB40D,0xD550,0xCD10,0xCCCF,0xCCEE,0xD52F,0xB42C,0x93CC,0x18C5,0x18C4,0x2105,0xE79D,0xE7BE,
    0xE7BE,0xE7BE,0xE7BE,0xE7BE,0xE7BE,0xE7BE,0xE7BE,0x5B2C,0x0843,0x1864,0x20A4,0x59A4,0x4924,0x4104,0x4944,0x2083,
    0x0842,0x4208,0xD73B,0xE79D,0xE7BE,0xE7BE,0xE7BE,0xEFDE,0xEFDE,0xEFDE,0xEFDE,0xEFDE,0xEFDE,0xEFDE,0xEFDE,0xEFDE,
    0xEFDE,0xEFDE,0xEFDE,0xEFDE,0xEFDE,0xEFDE,0xEFDE,0xEFDE,0xEFDE,0xEFDE,0xEFDE,0xEFDE,0xEFDE,0xEFDE,0xEFDE,0xEFDE,
    0xEFDE,0xEFDE,0xEFDE,0xEFDE,0xEFDE,0xEFDE,0xEFDE,0xEFDE,0xEFDE,0xEFDE,0xEFDE,0xEFDE,0xEFDE,0xEFDE,0xEFDE,0xEFDE,
    0xEFDE,0xEFDE,0xEFDE,0xEFDE,0xEFDE,0xEFDE,0xEFDE,0xEFDE,0xEFDE,0xEFDE,0xEFDE,0xEFDE,0xEFDE,0xEFDE,0xEFDE,0xEFDE,
    0xEFDE,0xEFDE,0xEFDE,0xEFDE,0xEFDE,0xEFDE,0xEFDE,0xEFDE,0xEFBE,0xEFDE,0xEFDE,0xEFDE,0xEFDE,0xEFDE,0xEFDE,0xEFDE,
    0xEFDE,0xE7BE,0xE7BE,0xEFDE,0xEFDE,0xEFDE,0xEFDE,0xEFDE,0xEFDE,0xE7BE,0xE7BE,0xE7BE,0xDF7D,0x8451,0x18E5,0x1083,
    0x0022,0xBAA8,0xB246,0x7143,0x5984,0x51A5,0x41A5,0x4185,0x39A7,0x3166,0x5269,0xBE38,0xD71B,0xE7BE,0xEFDE,0xEFDE,
    0xEFDE,0xEFDE,0xE7BE,0xE7BE,0xE7BE,0xE7BE,0xE7BE,0xE77D,0x0842,0x8188,0x81A6,0x6965,0x6965,0x7985,0x8986,0xA1C7,
    0x1083,0x18E3,0xA575,0xE79D,0xE7BE,0xE7BE,0xEFDE,0xEFDE,0xEFDE,0xEFDE,0xEFDE,0xEFDE,0xEFDE,0xEFDE,0xEFDE,0xEFDE,
    0xEFDE,0xEFDE,0xEFDE,0xEFDE,0xEFDE,0xEFDE,0xEFDE,0xEFDE,0xEFDE,0xEFDE,0xEFDE,0xEFDE,0xEFDE,0xEFDE,0xEFDE,0xEFDE,
    0xEFDE,0xEFDE,0xEFDE,0xEFDE,0xEFDE,0xEFDE,0xEFDE,0xEFDE,0xEFDE,0xEFDE,0xEFDE,0xEFDE,0xEFDE,0xEFDE,0xEFDE,0xEFDE,
    0xEFDE,0xEFDE,0xEFDE,0xEFDE,0xEFDE,0xEFDE,0xEFDE,0xEFDE,0xEFDE,0xEFDE,0xEFDE,0xEFDE,0xEFDE,0xEFDE,0xEFDE,0xEFDE,
    0xEFDE,0xEFDE,0xEFDE,0xEFDE,0xEFDE,0xEFDE,0xEFDE,0xEFDE,0xE7BE,0xE7BE,0xE7BE,0xE7BE,0xE7BE,0xE7BE,0xE7BE,0xE7BE,
    0xEFDE,0xEFDE,0xEFDE,0xEFDE,0xEFDE,0xEFDE,0xEFDE,0xEFDE,0xEFDE,0xEFDE,0xE7BE,0xEFDE,0x18A3,0x19AA,0x1A0C,0x0822,
    0x0064,0x0083,0x00A3,0x4944,0xD307,0xC266,0xA1C6,0x8966,0x0862,0xCEBA,0xE7BE,0xE7BE,0xE7BE,0xE7BE,0xEFDE,0xEFDE,
    0xEFDE,0xEFDE,0xEFDE,0xE7BE,0xE7BE,0xE7BE,0xA555,0x0863,0x0843,0xA1A8,0xC226,0xD2C7,0xEB69,0x28A4,0x0063,0x00A4,
    0x0023,0x10A5,0x10A4,0x6B6D,0xEFDE,0xEFDE,0xEFDE,0xEFDE,0xEFDE,0xEFDE,0xEFDE,0xEFDE,0xEFDE,0xEFDE,0xEFDE,0xEFDE,
    0xEFDE,0xEFDE,0xEFDE,0xEFDE,0xEFDE,0xEFDE,0xEFDE,0xEFDE,0xEFDE,0xEFDE,0xEFDE,0xEFDE,0xEFDE,0xEFDE,0xEFDE,0xEFDE,
    0xEFDE,0xEFDE,0xEFDE,0xEFDE,0xEFDE,0xEFDE,0xEFDE,0xEFDE,0xEFDE,0xEFDE,0xEFDE,0xEFDE,0xEFDE,0xEFDE,0xEFDE,0xEFDE,
    0xEFDE,0xEFDE,0xEFDE,0xEFDE,0xEFDE,0xEFDE,0xEFDE,0xEFDE,0xEFDE,0xEFDE,0xEFDE,0xEFDE,0xEFDE,0xEFDE,0xEFDE,0xEFDE,
    0xEFDE,0xEFDE,0xEFDE,0xEFDE,0xEFDE,0xEFDE,0xEFDE,0xEFDE,0xEFDE,0xE7BE,0xE7BE,0xE7BE,0xEFDE,0xEFDE,0xEFDE,0xEFDE,
    0xEFDE,0xEFDE,0xEFDE,0xEFDE,0xEFDE,0xEFDE,0xEFDE,0xEFDE,0xEFDE,0xEFDE,0xE7BE,0x9D34,0x1084,0x19EB,0x19EB,0x1145,
    0xE776,0xE736,0xE715,0x7C2D,0x2164,0xB3AB,0x9228,0x79C8,0x18C6,0xD6FB,0xE79D,0xE7BE,0xE7BE,0xEFDE,0xEFDE,0xEFDE,
    0xEFDE,0xEFDE,0xEFDE,0xE7BE,0xE7BE,0x426A,0x10C5,0x1947,0x0822,0x8986,0xC2E8,0xC369,0x3964,0x33AA,0xE775,0xDF34,
    0x7D2F,0x10A4,0x198A,0x10A4,0xEFDE,0xE7BE,0xE7BE,0xEFDE,0xEFDE,0xEFDE,0xEFDE,0xEFDE,0xEFDE,0xEFDE,0xEFDE,0xEFDE,
    0xEFDE,0xEFDE,0xEFDE,0xEFDE,0xEFDE,0xEFDE,0xEFDE,0xEFDE,0xEFDE,0xEFDE,0xEFDE,0xEFDE,0xEFDE,0xEFDE,0xEFDE,0xEFDE,
    0xEFDE,0xEFDE,0xEFDE,0xEFDE,0xEFDE,0xEFDE,0xEFDE,0xEFDE,0xEFDE,0xEFDE,0xEFDE,0xEFDE,0xEFDE,0xEFDE,0xEFDE,0xEFDE,
    0xEFDE,0xEFDE,0xEFDE,0xEFDE,0xEFDE,0xEFDE,0xEFDE,0xEFDE,0xEFDE,0xEFDE,0xEFDE,0xEFDE,0xEFDE,0xEFDE,0xEFDE,0xEFDE,
    0xEFDE,0xEFDE,0xEFDE,0xEFDE,0xEFDE,0xEFDE,0xEFDE,0xEFDE,0xEFDE,0xEFDE,0xEFDE,0xEFDE,0xEFDE,0xEFDE,0xEFDE,0xEFDE,
    0xEFDE,0xEFDE,0xEFDE,0xEFDE,0xEFDE,0xEFDE,0xEFDE,0xEFDE,0xEFDE,0xE7BE,0xE7BE,0x9CF3,0x0842,0x1168,0x10C3,0x3AC8,
    0xC52D,0xE671,0xE6F4,0xBE72,0x652F,0x1129,0x10E7,0x08A6,0x10E7,0x18C4,0xEFDE,0xE7BE,0xE7BE,0xEFDE,0xEFDE,0xEFDE,
    0xEFDE,0xEFDE,0xEFDE,0xE7BE,0xD6FB,0x1083,0x1948,0x1947,0x1907,0x1127,0x21CA,0x1148,0x1249,0x760D,0xC62F,0xA56E,
    0x6CCC,0x0864,0x198A,0x0863,0xEFDE,0xE7BE,0xE7BE,0xE7BE,0xEFDE,0xEFDE,0xEFDE,0xEFDE,0xEFDE,0xEFDE,0xEFDE,0xEFDE,
    0xEFDE,0xEFDE,0xEFDE,0xEFDE,0xEFDE,0xEFDE,0xEFDE,0xEFDE,0xEFDE,0xEFDE,0xEFDE,0xEFDE,0xEFDE,0xEFDE,0xEFDE,0xEFDE,
    0xEFDE,0xEFDE,0xEFDE,0xEFDE,0xEFDE,0xEFDE,0xEFDE,0xEFDE,0xEFDE,0xEFDE,0xEFDE,0xEFDE,0xEFDE,0xEFDE,0xEFDE,0xEFDE,
    0xEFDE,0xEFDE,0xEFDE,0xEFDE,0xEFDE,0xEFDE,0xEFDE,0xEFDE,0xEFDE,0xEFDE,0xEFDE,0xEFDE,0xEFDE,0xEFDE,0xEFDE,0xEFDE,
    0xEFDE,0xEFDE,0xEFDE,0xEFDE,0xEFDE,0xEFDE,0xEFDE,0xEFDE,0xEFDE,0xEFDE,0xEFDE,0xEFDE,0xEFDE,0xEFDE,0xEFDE,0xEFDE,
    0xEFDE,0xEFDE,0xEFDE,0xEFDE,0xEFDE,0xEFDE,0xEFDE,0xEFDE,0xE7BE,0xE7BE,0xE7BE,0xBDF7,0x0883,0x18C3,0x8A01,0xF4C7,
    0xDBC4,0xD243,0x9142,0x84CC,0x00A3,0x21CB,0x21AB,0x2189,0x1107,0x10A5,0xEFDE,0xE7BE,0xE7BE,0xEFDE,0xEFDE,0xEFDE,
    0xEFDE,0xEFDE,0xEFDE,0xE7BE,0xB5F7,0x0863,0x1948,0x1107,0x1928,0x21EB,0x2A2C,0x19AA,0x0864,0x8549,0xA223,0xC281,
    0xDBC1,0xA200,0x7923,0x0021,0xDF7D,0xE7BE,0xE7BE,0xE7BE,0xEFDE,0xEFDE,0xEFDE,0xEFDE,0xEFDE,0xEFDE,0xEFDE,0xEFDE,
    0xEFDE,0xEFDE,0xEFDE,0xEFDE,0xEFDE,0xEFDE,0xEFDE,0xEFDE,0xEFDE,0xEFDE,0xEFDE,0xEFDE,0xEFDE,0xEFDE,0xEFDE,0xEFDE,
    0xEFDE,0xEFDE,0xEFDE,0xEFDE,0xEFDE,0xEFDE,0xEFDE,0xEFDE,0xEFDE,0xEFDE,0xEFDE,0xEFDE,0xEFDE,0xEFDE,0xEFDE,0xEFDE,
    0xEFDE,0xEFDE,0xEFDE,0xEFDE,0xEFDE,0xEFDE,0xEFDE,0xEFDE,0xEFDE,0xEFDE,0xEFDE,0xEFDE,0xEFDE,0xEFDE,0xEFDE,0xEFDE,
    0xEFDE,0xEFDE,0xEFDE,0xEFDE,0xEFDE,0xEFDE,0xEFDE,0xEFDE,0xEFDE,0xEFDE,0xEFDE,0xEFDE,0xEFDE,0xEFDE,0xEFDE,0xEFDE,
    0xEFDE,0xEFDE,0xEFDE,0xEFDE,0xEFDE,0xEFDE,0xEFDE,0xEFDE,0xE7BE,0xE7BE,0xE7BE,0x18A3,0x61E5,0x3923,0xF525,0xF5E9,
    0xFF97,0xFEAB,0xED03,0x92A2,0x0821,0x1968,0x1928,0x10E6,0x10E6,0x0842,0xE7BE,0xEFBE,0xEFDE,0xEFDE,0xEFDE,0xEFDE,
    0xEFDE,0xEFDE,0xEFDE,0xE7BE,0xB5D7,0x1084,0x1128,0x10E7,0x1928,0x1969,0x29EB,0x1968,0x0842,0x8A01,0xF585,0xFF97,
    0xFEEB,0xF4C1,0x4081,0x61C6,0x8C71,0xE7BE,0xE7BE,0xE7BE,0xE7BE,0xEFDE,0xEFDE,0xEFDE,0xEFDE,0xEFDE,0xEFDE,0xEFDE,
    0xEFDE,0xEFDE,0xEFDE,0xEFDE,0xEFDE,0xEFDE,0xEFDE,0xEFDE,0xEFDE,0xEFDE,0xEFDE,0xEFDE,0xEFDE,0xEFDE,0xEFDE,0xEFDE,
    0xEFDE,0xEFDE,0xEFDE,0xEFDE,0xEFDE,0xEFDE,0xEFDE,0xEFDE,0xEFDE,0xEFDE,0xEFDE,0xEFDE,0xEFDE,0xEFDE,0xEFDE,0xEFDE,
    0xEFDE,0xEFDE,0xEFDE,0xEFDE,0xEFDE,0xEFDE,0xEFDE,0xEFDE,0xEFDE,0xEFDE,0xEFDE,0xEFDE,0xEFDE,0xEFDE,0xEFDE,0xEFDE,
    0xEFDE,0xEFDE,0xEFDE,0xEFDE,0xEFDE,0xEFDE,0xEFDE,0xEFDE,0xEFDE,0xEFDE,0xEFDE,0xEFDE,0xEFDE,0xEFDE,0xEFDE,0xEFDE,
    0xEFDE,0xEFDE,0xEFDE,0xEFDE,0xEFDE,0xEFDE,0xEFDE,0xE7BE,0xE7BE,0xE7BE,0x8450,0x7205,0x6A05,0x20A3,0xF544,0xF66C,
    0xFE69,0xFE24,0xF5A2,0xD423,0x6163,0x38E3,0x10E6,0x10C6,0x10E7,0x0862,0xE7BE,0xE7BE,0xEFDE,0xEFDE,0xEFDE,0xEFDE,
    0xEFDE,0xEFDE,0xEFDE,0xE7BE,0xE79D,0x4A28,0x0843,0x08C6,0x10E6,0x1927,0x18C5,0x2882,0x6163,0xA261,0xFE05,0xFEC9,
    0xFEA6,0xFD80,0xD3A2,0x1041,0x3924,0xEFDE,0xE7BE,0xE7BE,0xE7BE,0xEFDE,0xEFDE,0xEFDE,0xEFDE,0xEFDE,0xEFDE,0xEFDE,
    0xEFDE,0xEFDE,0xEFDE,0xEFDE,0xEFDE,0xEFDE,0xEFDE,0xEFDE,0xEFDE,0xEFDE,0xEFDE,0xEFDE,0xEFDE,0xEFDE,0xEFDE,0xEFDE,
    0xEFDE,0xEFDE,0xEFDE,0xEFDE,0xEFDE,0xEFDE,0xEFDE,0xEFDE,0xEFDE,0xEFDE,0xEFDE,0xEFDE,0xEFDE,0xEFDE,0xEFDE,0xEFDE,
    0xEFDE,0xEFDE,0xEFDE,0xEFDE,0xEFDE,0xEFDE,0xEFDE,0xEFDE,0xEFDE,0xEFDE,0xEFDE,0xEFDE,0xEFDE,0xEFDE,0xEFDE,0xEFDE,
    0xEFDE,0xEFDE,0xEFDE,0xEFDE,0xEFDE,0xEFDE,0xEFDE,0xEFDE,0xEFDE,0xEFDE,0xEFDE,0xEFDE,0xEFDE,0xEFDE,0xEFDE,0xEFDE,
    0xEFDE,0xEFDE,0xEFDE,0xEFDE,0xEFDE,0xE7BE,0xE7BE,0xE7BE,0xE7BE,0xE7BE,0x4A89,0x30C3,0x4124,0x20A3,0xDC23,0xED23,
    0xFE24,0xF582,0xD401,0x2882,0x5943,0x8224,0x6961,0x4102,0x0042,0x4A4A,0xE7BE,0xE7BE,0xEFDE,0xEFDE,0xEFDE,0xEFDE,
    0xEFDE,0xEFDE,0xEFDE,0xE7BE,0xE7BE,0x10A3,0x38E3,0x5143,0x6143,0x81E3,0x7A03,0x92C5,0x6183,0x2861,0xF4E2,0xFECA,
    0xFEEA,0xED03,0xBAE1,0x2062,0x4985,0xE79C,0xE7BE,0xE7BE,0xE7BE,0xE7BE,0xE7BE,0xE7BE,0xE7BE,0xEFDE,0xEFDE,0xEFDE,
    0xEFDE,0xEFDE,0xEFDE,0xEFDE,0xEFDE,0xEFDE,0xEFDE,0xEFDE,0xEFDE,0xEFDE,0xEFDE,0xEFDE,0xEFDE,0xEFDE,0xEFDE,0xEFDE,
    0xEFDE,0xEFDE,0xEFDE,0xEFDE,0xEFDE,0xEFDE,0xEFDE,0xEFDE,0xEFDE,0xEFDE,0xEFDE,0xEFDE,0xEFDE,0xEFDE,0xEFDE,0xEFDE,
    0xEFDE,0xEFDE,0xEFDE,0xEFDE,0xEFDE,0xEFDE,0xEFDE,0xEFDE,0xEFDE,0xEFDE,0xEFDE,0xEFDE,0xEFDE,0xEFDE,0xEFDE,0xEFDE,
    0xEFDE,0xEFDE,0xEFDE,0xEFDE,0xEFDE,0xEFDE,0xEFDE,0xEFDE,0xEFDE,0xEFDE,0xEFDE,0xEFDE,0xEFDE,0xEFDE,0xEFDE,0xEFDE,
    0xEFDE,0xEFDE,0xEFDE,0xEFDE,0xE7BE,0xE7BE,0xE7BE,0xE7BD,0xD6FB,0x5B4D,0x0862,0x0043,0x0042,0x1168,0x1188,0x2145,
    0x4162,0x92A3,0x9263,0x28A3,0x6163,0x6163,0x5922,0x5142,0x4923,0x31A7,0xE7BE,0xE7BE,0xEFDE,0xEFDE,0xEFDE,0xEFDE,
    0xEFDE,0xEFDE,0xEFDE,0xE7BE,0xE7BE,0x10A3,0x4902,0x4903,0x71C3,0x71C2,0x71A2,0x71A4,0x71A4,0x48E3,0xBB63,0xED65,
    0x69C4,0x28E3,0x3103,0x19C9,0x08C5,0x0883,0x73EF,0x8CD3,0x9514,0xCEDA,0xE79D,0xE7BE,0xE7BE,0xE7BE,0xE7BE,0xEFDE,
    0xEFDE,0xEFDE,0xEFDE,0xEFDE,0xEFDE,0xEFDE,0xEFDE,0xEFDE,0xEFDE,0xEFDE,0xEFDE,0xEFDE,0xEFDE,0xEFDE,0xEFDE,0xEFDE,
    0xEFDE,0xEFDE,0xEFDE,0xEFDE,0xEFDE,0xEFDE,0xEFDE,0xEFDE,0xEFDE,0xEFDE,0xEFDE,0xEFDE,0xEFDE,0xEFDE,0xEFDE,0xEFDE,
    0xEFDE,0xEFDE,0xEFDE,0xEFDE,0xEFDE,0xEFDE,0xEFDE,0xEFDE,0xEFDE,0xEFDE,0xEFDE,0xEFDE,0xEFDE,0xEFDE,0xEFDE,0xEFDE,
    0xEFDE,0xEFDE,0xEFDE,0xEFDE,0xEFDE,0xEFDE,0xEFDE,0xEFDE,0xEFDE,0xEFDE,0xEFDE,0xEFDE,0xEFDE,0xEFDE,0xEFDE,0xEFDE,
    0xEFDE,0xEFDE,0xEFDE,0xE7BE,0xE7BE,0xE7BE,0xEFDE,0x1905,0x0883,0x08C6,0x0168,0x12AA,0x0A49,0x124A,0x0A4A,0x0A0A,
    0x1A6B,0x0087,0x0022,0x1906,0x0843,0x6163,0x4901,0x4902,0x4123,0x6B4D,0xE7BE,0xE7BE,0xEFDE,0xEFDE,0xEFDE,0xEFDE,
    0xEFDE,0xEFDE,0xEFDE,0xE7BE,0xE7BE,0x5AEB,0x38C3,0x5123,0x6983,0x69A2,0x69A2,0x79E4,0x40E3,0x0842,0x1863,0x1085,
    0x08E6,0x228D,0x33F0,0x09A9,0x0187,0x01A8,0x0A8A,0x0A4A,0x00C5,0x0863,0x0864,0x9D34,0xE7BD,0xE7BE,0xE7BE,0xE7BE,
    0xEFDE,0xEFDE,0xEFDE,0xEFDE,0xEFDE,0xEFDE,0xEFDE,0xEFDE,0xEFDE,0xEFDE,0xEFDE,0xEFDE,0xEFDE,0xEFDE,0xEFDE,0xEFDE,
    0xEFDE,0xEFDE,0xEFDE,0xEFDE,0xEFDE,0xEFDE,0xEFDE,0xEFDE,0xEFDE,0xEFDE,0xEFDE,0xEFDE,0xEFDE,0xEFDE,0xEFDE,0xEFDE,
    0xEFDE,0xEFDE,0xEFDE,0xEFDE,0xEFDE,0xEFDE,0xEFDE,0xEFDE,0xEFDE,0xEFDE,0xEFDE,0xEFDE,0xEFDE,0xEFDE,0xEFDE,0xEFDE,
    0xEFDE,0xEFDE,0xEFDE,0xEFDE,0xEFDE,0xEFDE,0xEFDE,0xEFDE,0xEFDE,0xEFDE,0xEFDE,0xEFDE,0xEFDE,0xEFDE,0xEFDE,0xEFDE,
    0xEFDE,0xEFDE,0xE7BE,0xE7BE,0xE7BE,0xC6B9,0x18E5,0x1167,0x240E,0x34AF,0x3C6E,0x446C,0x3C6C,0x346D,0x242D,0x344E,
    0x0A6B,0x19EB,0x0927,0x1927,0x1948,0x10A5,0x3103,0x28C2,0x0841,0xE79D,0xE7BE,0xE7BE,0xEFDE,0xEFDE,0xEFDE,0xEFDE,
    0xEFDE,0xEFDE,0xEFDE,0xE7BE,0xE7BE,0xA575,0x0843,0x1084,0x1884,0x5161,0x4941,0x10C5,0x1927,0x2189,0x2169,0x21CA,
    0x1A2B,0x11C9,0x1B6D,0x2C4D,0x44CE,0x3C8E,0x3C8D,0x3C8D,0x33EC,0x230A,0x1B0B,0x08A4,0x5B0C,0xE79D,0xE7BE,0xE7BE,
    0xEFDE,0xEFDE,0xEFDE,0xEFDE,0xEFDE,0xEFDE,0xEFDE,0xEFDE,0xEFDE,0xEFDE,0xEFDE,0xEFDE,0xEFDE,0xEFDE,0xEFDE,0xEFDE,
    0xEFDE,0xEFDE,0xEFDE,0xEFDE,0xEFDE,0xEFDE,0xEFDE,0xEFDE,0xEFDE,0xEFDE,0xEFDE,0xEFDE,0xEFDE,0xEFDE,0xEFDE,0xEFDE,
    0xEFDE,0xEFDE,0xEFDE,0xEFDE,0xEFDE,0xEFDE,0xEFDE,0xEFDE,0xEFDE,0xEFDE,0xEFDE,0xEFDE,0xEFDE,0xEFDE,0xEFDE,0xEFDE,
    0xEFDE,0xEFDE,0xEFDE,0xEFDE,0xEFDE,0xEFDE,0xEFDE,0xEFDE,0xEFDE,0xEFDE,0xEFDE,0xEFDE,0xEFDE,0xEFDE,0xEFDE,0xE7BE,
    0xE7BE,0xE7BE,0xE7BE,0xE7BE,0xA575,0x0862,0x1BCD,0x246E,0x3D0F,0x450E,0x44AE,0x4CEE,0x5D4E,0x656E,0x4D2F,0x450E,
    0x348D,0x1A4B,0x1989,0x1989,0x1969,0x1908,0x08C5,0x08C6,0x0842,0xBE18,0xE7BE,0xE7BE,0xEFDE,0xEFDE,0xEFDE,0xEFDE,
    0xEFDE,0xEFDE,0xEFDE,0xE7BE,0xE77D,0x0042,0x08C6,0x1108,0x1128,0x1128,0x1128,0x1969,0x1969,0x29EB,0x29EB,0x2A0B,
    0x19C9,0x2BED,0x44CE,0x44EE,0x450E,0x450E,0x3CCD,0x3CAD,0x654F,0x6D2F,0x5CF0,0x548F,0x29A6,0x2967,0xE7BE,0xE7BE,
    0xE7BE,0xEFDE,0xEFDE,0xEFDE,0xEFDE,0xEFDE,0xEFDE,0xEFDE,0xEFDE,0xEFDE,0xEFDE,0xEFDE,0xEFDE,0xEFDE,0xEFDE,0xEFDE,
    0xEFDE,0xEFDE,0xEFDE,0xEFDE,0xEFDE,0xEFDE,0xEFDE,0xEFDE,0xEFDE,0xEFDE,0xEFDE,0xEFDE,0xEFDE,0xEFDE,0xEFDE,0xEFDE,
    0xEFDE,0xEFDE,0xEFDE,0xEFDE,0xEFDE,0xEFDE,0xEFDE,0xEFDE,0xEFDE,0xEFDE,0xEFDE,0xEFDE,0xEFDE,0xEFDE,0xEFDE,0xEFDE,
    0xEFDE,0xEFDE,0xEFDE,0xEFDE,0xEFDE,0xEFDE,0xEFDE,0xEFDE,0xEFDE,0xEFDE,0xEFDE,0xEFDE,0xEFDE,0xEFDE,0xEFDE,0xE7BE,
    0xE7BE,0xE7BE,0xE7BE,0xC658,0x10A5,0x2B8F,0x4CCE,0xC695,0xF7BC,0xF79A,0xF77A,0xF7BA,0x8593,0x5D70,0x452F,0x44EE,
    0x4CCE,0x346F,0x1AED,0x1149,0x218A,0x1928,0x10E6,0x10E7,0x0885,0x31C8,0xE7BE,0xE7BE,0xEFDE,0xEFDE,0xEFDE,0xEFDE,
    0xEFDE,0xEFDE,0xEFDE,0xE7BE,0xA555,0x0022,0x10E7,0x1108,0x1128,0x1948,0x1969,0x1969,0x21AA,0x29CA,0x29EB,0x29EB,
    0x23AD,0x3CEE,0x44EE,0x450E,0x4D4F,0x450E,0xBEB7,0xF79A,0xFF99,0xFF79,0xFF9A,0xFF9A,0xFF36,0x28A4,0x2967,0xE7BD,
    0xEFDE,0xEFDE,0xEFDE,0xEFDE,0xEFDE,0xEFDE,0xEFDE,0xEFDE,0xEFDE,0xEFDE,0xEFDE,0xEFDE,0xEFDE,0xEFDE,0xEFDE,0xEFDE,
    0xEFDE,0xEFDE,0xEFDE,0xEFDE,0xEFDE,0xEFDE,0xEFDE,0xEFDE,0xEFDE,0xEFDE,0xEFDE,0xEFDE,0xEFDE,0xEFDE,0xEFDE,0xEFDE,
    0xEFDE,0xEFDE,0xEFDE,0xEFDE,0xEFDE,0xEFDE,0xEFDE,0xEFDE,0xEFDE,0xEFDE,0xEFDE,0xEFDE,0xEFDE,0xEFDE,0xEFDE,0xEFDE,
    0xEFDE,0xEFDE,0xEFDE,0xEFDE,0xEFDE,0xEFDE,0xEFDE,0xEFDE,0xEFDE,0xEFDE,0xEFDE,0xEFDE,0xEFDE,0xEFDE,0xEFDE,0xE7BE,
    0xE7BE,0xE7BE,0xEFDE,0x2988,0x1085,0xEEB6,0xF779,0xFF9A,0xFFBA,0xFF9A,0xFF9A,0xFFBA,0xFFBB,0xFFBB,0xD6B7,0x4CCF,
    0x3C6F,0x346F,0x1C0E,0x1A4B,0x1949,0x1928,0x10E6,0x1948,0x0886,0x2926,0xE7BE,0xE7BE,0xEFDE,0xEFDE,0xEFDE,0xEFDE,
    0xEFDE,0xEFDE,0xEFDE,0xE7BE,0x94F4,0x0042,0x1108,0x1949,0x1969,0x10E7,0x1969,0x1969,0x2189,0x29CA,0x2189,0x2B6D,
    0x34AE,0x450F,0x450E,0x450E,0x54F0,0xFFDB,0xFFBB,0xFFBA,0xFF99,0xFF79,0xFF99,0xFF79,0xFF16,0xE5B1,0x3146,0xC679,
    0xEFDE,0xEFDE,0xEFDE,0xEFDE,0xEFDE,0xEFDE,0xEFDE,0xEFDE,0xEFDE,0xEFDE,0xEFDE,0xEFDE,0xEFDE,0xEFDE,0xEFDE,0xEFDE,
    0xEFDE,0xEFDE,0xEFDE,0xEFDE,0xEFDE,0xEFDE,0xEFDE,0xEFDE,0xEFDE,0xEFDE,0xEFDE,0xEFDE,0xEFDE,0xEFDE,0xEFDE,0xEFDE,
    0xEFDE,0xEFDE,0xEFDE,0xEFDE,0xEFDE,0xEFDE,0xEFDE,0xEFDE,0xEFDE,0xEFDE,0xEFDE,0xEFDE,0xEFDE,0xEFDE,0xEFDE,0xEFDE,
    0xEFDE,0xEFDE,0xEFDE,0xEFDE,0xEFDE,0xEFDE,0xEFDE,0xEFDE,0xEFDE,0xEFDE,0xEFDE,0xEFDE,0xEFDE,0xEFDE,0xEFDE,0xE7BE,
    0xE7BE,0xE7BE,0xE79D,0x0842,0xCC6E,0xFEF6,0xFF78,0xFF78,0xFF79,0xFF78,0xFFBA,0xFFBA,0xFF9A,0xFF99,0xFF78,0xDED6,
    0x3C70,0x1C4F,0x244E,0x240D,0x1108,0x1107,0x10E6,0x1127,0x0885,0x2106,0xE79D,0xE7BE,0xEFDE,0xEFDE,0xEFDE,0xEFDE,
    0xEFDE,0xEFDE,0xEFDE,0xE7BE,0x8CB3,0x0843,0x1928,0x1948,0x1948,0x1968,0x1948,0x1969,0x29CA,0x21A9,0x0AAB,0x34AF,
    0x2CAE,0x2CAE,0x452F,0x348D,0xFF78,0xFF99,0xFFBA,0xFFBA,0xFF79,0xFF79,0xFF77,0xFF36,0xFF15,0xEE54,0x9B6C,0x3A2A,
    0xEFDE,0xEFDE,0xEFDE,0xEFDE,0xEFDE,0xEFDE,0xEFDE,0xEFDE,0xEFDE,0xEFDE,0xEFDE,0xEFDE,0xEFDE,0xEFDE,0xEFDE,0xEFDE,
    0xEFDE,0xEFDE,0xEFDE,0xEFDE,0xEFDE,0xEFDE,0xEFDE,0xEFDE,0xEFDE,0xEFDE,0xEFDE,0xEFDE,0xEFDE,0xEFDE,0xEFDE,0xEFDE,
    0xEFDE,0xEFDE,0xEFDE,0xEFDE,0xEFDE,0xEFDE,0xEFDE,0xEFDE,0xEFDE,0xEFDE,0xEFDE,0xEFDE,0xEFDE,0xEFDE,0xEFDE,0xEFDE,
    0xEFDE,0xEFDE,0xEFDE,0xEFDE,0xEFDE,0xEFDE,0xEFDE,0xEFDE,0xEFDE,0xEFDE,0xEFDE,0xEFDE,0xEFDE,0xEFDE,0xEFDE,0xE7BE,
    0xE7BE,0xE79D,0x10A4,0x7AAA,0xF591,0xFEB4,0xFF37,0xFF58,0xFF57,0xFF57,0xFF58,0xFF58,0xFF58,0xFF36,0xFF15,0xF6B2,
    0xBE54,0x144F,0x244E,0x0B4B,0x0907,0x1107,0x08A5,0x1126,0x0884,0x10A4,0xEFDE,0xE7BE,0xEFDE,0xEFDE,0xEFDE,0xEFDE,
    0xEFDE,0xEFDE,0xEFDE,0xEFDE,0x0863,0x28C3,0x10A5,0x1948,0x1927,0x1948,0x1106,0x1968,0x1968,0x1968,0x128A,0x1BED,
    0x2CCF,0x2CCF,0x1C4D,0xFF95,0xFF36,0xFF36,0xFF36,0xFF37,0xFF36,0xFF36,0xFF55,0xFF14,0xFEF4,0xEDD1,0xCC6D,0x0842,
    0xDF5C,0xEFDE,0xEFDE,0xEFDE,0xEFDE,0xEFDE,0xEFDE,0xEFDE,0xEFDE,0xEFDE,0xEFDE,0xEFDE,0xEFDE,0xEFDE,0xEFDE,0xEFDE,
    0xEFDE,0xEFDE,0xEFDE,0xEFDE,0xEFDE,0xEFDE,0xEFDE,0xEFDE,0xEFDE,0xEFDE,0xEFDE,0xEFDE,0xEFDE,0xEFDE,0xEFDE,0xEFDE,
    0xEFDE,0xEFDE,0xEFDE,0xEFDE,0xEFDE,0xEFDE,0xEFDE,0xEFDE,0xEFDE,0xEFDE,0xEFDE,0xEFDE,0xEFDE,0xEFDE,0xEFDE,0xEFDE,
    0xEFDE,0xEFDE,0xEFDE,0xEFDE,0xEFDE,0xEFDE,0xEFDE,0xEFDE,0xEFDE,0xEFDE,0xEFDE,0xEFDE,0xEFDE,0xEFDE,0xEFDE,0xE7BE,
    0xE7BE,0xDF7D,0x10A3,0x828A,0xE50F,0xF5F1,0xEDAC,0xDC46,0xDC65,0xFE91,0xFED2,0xFF17,0xFED5,0xFEB4,0xF694,0xF673,
    0xEDD2,0x13AE,0x138C,0x0B0B,0x0948,0x10E6,0x69C0,0x81E1,0x6143,0x0863,0xE79D,0xE7BE,0xEFDE,0xEFDE,0xEFDE,0xEFDE,
    0xEFDE,0xEFDE,0xEFDE,0xEFDE,0x0043,0x6983,0x71E3,0x18A3,0x20C4,0x5962,0x7181,0x1947,0x1968,0x1948,0x136C,0x1BCD,
    0x1C0E,0x1C4E,0x9DB0,0xFEB3,0xFED5,0xFEF5,0xFED4,0xFED4,0xFF57,0xBBE6,0x9325,0x82C5,0x8AE4,0xBBC4,0xC3E6,0x0842,
    0xC699,0xE7BE,0xEFDE,0xEFDE,0xEFDE,0xEFDE,0xEFDE,0xEFDE,0xEFDE,0xEFDE,0xEFDE,0xEFDE,0xEFDE,0xEFDE,0xEFDE,0xEFDE,
    0xEFDE,0xEFDE,0xEFDE,0xEFDE,0xEFDE,0xEFDE,0xEFDE,0xEFDE,0xEFDE,0xEFDE,0xEFDE,0xEFDE,0xEFDE,0xEFDE,0xEFDE,0xEFDE,
    0xEFDE,0xEFDE,0xEFDE,0xEFDE,0xEFDE,0xEFDE,0xEFDE,0xEFDE,0xEFDE,0xEFDE,0xEFDE,0xEFDE,0xEFDE,0xEFDE,0xEFDE,0xEFDE,
    0xEFDE,0xEFDE,0xEFDE,0xEFDE,0xEFDE,0xEFDE,0xEFDE,0xEFDE,0xEFDE,0xEFDE,0xEFDE,0xEFDE,0xEFDE,0xEFDE,0xEFDE,0xE7BE,
    0xE7BE,0x4229,0x60E2,0x81C5,0xB306,0xD3A3,0x39A7,0x39C8,0x29A9,0x3A08,0x92A2,0xBB02,0xFE31,0xF5F1,0xEDF2,0xE5D1,
    0xE590,0x9C4F,0x130B,0x130A,0x1189,0x89E3,0xBB20,0x9A61,0x6123,0x0863,0xE7BD,0xE7BE,0xE7BE,0xEFDE,0xEFDE,0xEFDE,
    0xEFDE,0xEFDE,0xEFDE,0xEFDE,0x0044,0x6183,0x61A3,0x7203,0xAB23,0xBB02,0xD3A1,0xEC22,0x0884,0x08C4,0x1B6C,0x1BAD,
    0x1BCD,0x0B8C,0xE5B0,0xEE11,0xEE12,0xF611,0xF610,0xC3E8,0xD3A0,0x218A,0x326D,0x2A2C,0x2A0C,0x21AA,0xAB83,0x9A22,
    0x0863,0xEFDE,0xEFDE,0xEFDE,0xEFDE,0xEFDE,0xEFDE,0xEFDE,0xEFDE,0xEFDE,0xEFDE,0xEFDE,0xEFDE,0xEFDE,0xEFDE,0xEFDE,
    0xEFDE,0xEFDE,0xEFDE,0xEFDE,0xEFDE,0xEFDE,0xEFDE,0xEFDE,0xEFDE,0xEFDE,0xEFDE,0xEFDE,0xEFDE,0xEFDE,0xEFDE,0xEFDE,
    0xEFDE,0xEFDE,0xEFDE,0xEFDE,0xEFDE,0xEFDE,0xEFDE,0xEFDE,0xEFDE,0xEFDE,0xEFDE,0xEFDE,0xEFDE,0xEFDE,0xEFDE,0xEFDE,
    0xEFDE,0xEFDE,0xEFDE,0xEFDE,0xEFDE,0xEFDE,0xEFDE,0xEFDE,0xEFDE,0xEFDE,0xEFDE,0xEFDE,0xEFDE,0xEFDE,0xE7BE,0xE7BE,
    0xE79D,0x1083,0x60C2,0xF541,0x9B01,0x1948,0x21AA,0x2189,0x218A,0x320C,0x322E,0x6A86,0xC3C1,0xC3C3,0xD489,0xD4AB,
    0xCC09,0xBB86,0x6284,0x6224,0xA2C1,0x8203,0x51C4,0x8A41,0x5984,0x0864,0xEFBE,0xE7BE,0xE7BE,0xEFDE,0xEFDE,0xEFDE,
    0xEFDE,0xEFDE,0xE7BE,0xEFDE,0x0844,0x5185,0x61A3,0x71E2,0x9AC2,0xBB21,0xC362,0xB301,0xBB42,0xC3A2,0x6AA5,0x5AC6,
    0x63E7,0x4B27,0xC428,0xD468,0xD488,0xDC87,0xCBE3,0xB383,0x2A0B,0x324C,0x29EB,0x21CB,0x1968,0x2168,0x10E6,0x81A1,
    0x0863,0xEFDE,0xE7BE,0xEFDE,0xEFDE,0xEFDE,0xEFDE,0xEFDE,0xEFDE,0xEFDE,0xEFDE,0xEFDE,0xEFDE,0xEFDE,0xEFDE,0xEFDE,
    0xEFDE,0xEFDE,0xEFDE,0xEFDE,0xEFDE,0xEFDE,0xEFDE,0xEFDE,0xEFDE,0xEFDE,0xEFDE,0xEFDE,0xEFDE,0xEFDE,0xEFDE,0xEFDE,
    0xEFDE,0xEFDE,0xEFDE,0xEFDE,0xEFDE,0xEFDE,0xEFDE,0xEFDE,0xEFDE,0xEFDE,0xEFDE,0xEFDE,0xEFDE,0xEFDE,0xEFDE,0xEFDE,
    0xEFDE,0xEFDE,0xEFDE,0xEFDE,0xEFDE,0xEFDE,0xEFDE,0xEFDE,0xEFDE,0xEFDE,0xEFDE,0xEFDE,0xEFDE,0xEFDE,0xEFDE,0xE7BE,
    0xE79D,0x0842,0x1862,0xDBE2,0x2147,0x1969,0x2169,0x2169,0x218A,0x218A,0x218B,0x21AA,0x4206,0xF708,0xFEE9,0xFF0C,
    0xFE46,0xFDE4,0xD3C1,0xBB01,0xA2A1,0x3925,0x5268,0x4963,0x0864,0x3188,0xE7BE,0xE7BE,0xE7BE,0xEFDE,0xEFDE,0xEFDE,
    0xEFDE,0xEFDE,0xE7BE,0xE7BE,0x3187,0x0024,0x28E3,0x3923,0x7A43,0xBB41,0x4103,0x0843,0xAAE1,0xB2E1,0xC341,0xCBA1,
    0xED02,0xFE65,0xFF2F,0xFF6F,0xFF90,0xFF2E,0xFEC8,0x18E5,0x21AA,0x21AA,0x21AA,0x21AA,0x1948,0x1968,0x1107,0x18A4,
    0x0843,0xEFDE,0xEFDE,0xEFDE,0xEFDE,0xEFDE,0xEFDE,0xEFDE,0xEFDE,0xEFDE,0xEFDE,0xEFDE,0xEFDE,0xEFDE,0xEFDE,0xEFDE,
    0xEFDE,0xEFDE,0xEFDE,0xEFDE,0xEFDE,0xEFDE,0xEFDE,0xEFDE,0xEFDE,0xEFDE,0xEFDE,0xEFDE,0xEFDE,0xEFDE,0xEFDE,0xEFDE,
    0xEFDE,0xEFDE,0xEFDE,0xEFDE,0xEFDE,0xEFDE,0xEFDE,0xEFDE,0xEFDE,0xEFDE,0xEFDE,0xEFDE,0xEFDE,0xEFDE,0xEFDE,0xEFDE,
    0xEFDE,0xEFDE,0xEFDE,0xEFDE,0xEFDE,0xEFDE,0xEFDE,0xEFDE,0xEFDE,0xEFDE,0xEFDE,0xEFDE,0xEFDE,0xEFDE,0xEFDE,0xE7BE,
    0xE7BE,0x18C4,0x0042,0x0023,0x1107,0x1928,0x2148,0x1948,0x1948,0x216A,0x218A,0x2149,0x1947,0x10A5,0xF4E1,0xDC21,
    0xCBC1,0xCBC1,0xCBA1,0xCB61,0x9A82,0x0044,0x10A6,0x0885,0x10A4,0xEFDE,0xE7BE,0xE7BE,0xEFDE,0xEFDE,0xEFDE,0xEFDE,
    0xEFDE,0xEFDE,0xEFDE,0xE7BE,0xE7BE,0x5B2D,0x10A4,0x0885,0x10E6,0x18E5,0x10A4,0x0023,0x1884,0xBB01,0xC361,0xBB61,
    0xC361,0xD3E0,0xE440,0xE480,0xE460,0xE4E1,0x31A6,0x19AA,0x1969,0x2169,0x2189,0x1948,0x1948,0x10E6,0x10E7,0x0885,
    0x0864,0xEFDE,0xEFDE,0xEFDE,0xEFDE,0xEFDE,0xEFDE,0xEFDE,0xEFDE,0xEFDE,0xEFDE,0xEFDE,0xEFDE,0xEFDE,0xEFDE,0xEFDE,
    0xEFDE,0xEFDE,0xEFDE,0xEFDE,0xEFDE,0xEFDE,0xEFDE,0xEFDE,0xEFDE,0xEFDE,0xEFDE,0xEFDE,0xEFDE,0xEFDE,0xEFDE,0xEFDE,
    0xEFDE,0xEFDE,0xEFDE,0xEFDE,0xEFDE,0xEFDE,0xEFDE,0xEFDE,0xEFDE,0xEFDE,0xEFDE,0xEFDE,0xEFDE,0xEFDE,0xEFDE,0xEFDE,
    0xEFDE,0xEFDE,0xEFDE,0xEFDE,0xEFDE,0xEFDE,0xEFDE,0xEFDE,0xEFDE,0xEFDE,0xEFDE,0xEFDE,0xEFDE,0xEFDE,0xEFDE,0xE7BE,
    0xE7BE,0xE79D,0x1084,0x0022,0x10E7,0x1107,0x1907,0x1927,0x1948,0x1948,0x1127,0x1927,0x1927,0x1128,0x2126,0xB322,
    0xA2E1,0x8A43,0x7224,0x6A03,0x1084,0x4A29,0x4A6A,0x634D,0xE7BE,0xE7BE,0xE7BE,0xE7BE,0xEFDE,0xEFDE,0xEFDE,0xEFDE,
    0xEFDE,0xEFDE,0xEFDE,0xE7BE,0xE7BE,0xE7BE,0xEFDE,0x6B6E,0x5AEC,0x5ACB,0x5AEC,0x62EB,0x10A4,0x2104,0x61E3,0x7243,
    0x8283,0xA302,0xA302,0x9AE1,0x8282,0x0842,0x1169,0x2189,0x1969,0x1107,0x10E6,0x10E6,0x10E6,0x10C6,0x0885,0x0843,
    0x94D3,0xE7BE,0xEFDE,0xEFDE,0xEFDE,0xEFDE,0xEFDE,0xEFDE,0xEFDE,0xEFDE,0xEFDE,0xEFDE,0xEFDE,0xEFDE,0xEFDE,0xEFDE,
    0xEFDE,0xEFDE,0xEFDE,0xEFDE,0xEFDE,0xEFDE,0xEFDE,0xEFDE,0xEFDE,0xEFDE,0xEFDE,0xEFDE,0xEFDE,0xEFDE,0xEFDE,0xEFDE,
    0xEFDE,0xEFDE,0xEFDE,0xEFDE,0xEFDE,0xEFDE,0xEFDE,0xEFDE,0xEFDE,0xEFDE,0xEFDE,0xEFDE,0xEFDE,0xEFDE,0xEFDE,0xEFDE,
    0xEFDE,0xEFDE,0xEFDE,0xEFDE,0xEFDE,0xEFDE,0xEFDE,0xEFDE,0xEFDE,0xEFDE,0xEFDE,0xEFDE,0xEFDE,0xEFDE,0xEFDE,0xE7BE,
    0xE7BE,0xE7BE,0xD71B,0x0863,0x0043,0x0043,0x08C6,0x08E6,0x10E6,0x10E6,0x10E6,0x08E6,0x08E6,0x10E7,0x10E7,0x0043,
    0x0842,0x0863,0x0865,0x0863,0xBE37,0xDF5C,0xE79D,0xE7BE,0xE7BE,0xE7BE,0xE7BE,0xE7BE,0xEFDE,0xEFDE,0xEFDE,0xEFDE,
    0xEFDE,0xEFDE,0xEFDE,0xEFDE,0xE7BE,0xE7BE,0xE7BE,0xE7BE,0xE7BE,0xE7BE,0xE79D,0xE79D,0xE79D,0xDF3C,0x0885,0x0863,
    0x0863,0x0864,0x0044,0x0044,0x0864,0x08C6,0x08C6,0x08E7,0x08C7,0x08C7,0x08C6,0x08C6,0x0043,0x0864,0x0863,0x5B0D,
    0xE7BE,0xE7BE,0xEFDE,0xEFDE,0xEFDE,0xEFDE,0xEFDE,0xEFDE,0xEFDE,0xEFDE,0xEFDE,0xEFDE,0xEFDE,0xEFDE,0xEFDE,0xEFDE,
    0xEFDE,0xEFDE,0xEFDE,0xEFDE,0xEFDE,0xEFDE,0xEFDE,0xEFDE,0xEFDE,0xEFDE,0xEFDE,0xEFDE,0xEFDE,0xEFDE,0xEFDE,0xEFDE,
    0xEFDE,0xEFDE,0xEFDE,0xEFDE,0xEFDE,0xEFDE,0xEFDE,0xEFDE,0xEFDE,0xEFDE,0xEFDE,0xEFDE,0xEFDE,0xEFDE,0xEFDE,0xEFDE,
    0xEFDE,0xEFDE,0xEFDE,0xEFDE,0xEFDE,0xEFDE,0xEFDE,0xEFDE,0xEFDE,0xEFDE,0xEFDE,0xEFDE,0xEFDE,0xEFDE,0xEFDE,0xE7BE,
    0xE7BE,0xE7BE,0xE7BE,0xE79D,0xC679,0x0884,0x0043,0x0023,0x0022,0x0022,0x0022,0x0022,0x0022,0x0023,0x0022,0x0021,
    0x0863,0x8C70,0xDF5C,0xE7BE,0xE7BE,0xE7BE,0xE7BE,0xE7BE,0xE7BE,0xE7BE,0xE7BE,0xEFDE,0xEFDE,0xEFDE,0xEFDE,0xEFDE,
    0xEFDE,0xEFDE,0xEFDE,0xEFDE,0xEFDE,0xE7BE,0xE7BE,0xE7BE,0xE7BE,0xE7BE,0xE7BE,0xE7BE,0xE7BE,0xEFDE,0xEFDE,0xEFDE,
    0xD6FA,0x10C4,0x0042,0x0042,0x0862,0x1083,0x10A3,0x10C4,0x18E4,0x2105,0x18C4,0x18C4,0x2106,0x73D0,0xEFDE,0xEFDE,
    0xEFDE,0xEFDE,0xEFDE,0xEFDE,0xEFDE,0xEFDE,0xEFDE,0xEFDE,0xEFDE,0xEFDE,0xEFDE,0xEFDE,0xEFDE,0xEFDE,0xEFDE,0xEFDE,
    0xEFDE,0xEFDE,0xEFDE,0xEFDE,0xEFDE,0xEFDE,0xEFDE,0xEFDE,0xEFDE,0xEFDE,0xEFDE,0xEFDE,0xEFDE,0xEFDE,0xEFDE,0xEFDE,
    0xEFDE,0xEFDE,0xEFDE,0xEFDE,0xEFDE,0xEFDE,0xEFDE,0xEFDE,0xEFDE,0xEFDE,0xEFDE,0xEFDE,0xEFDE,0xEFDE,0xEFDE,0xEFDE,
    0xEFDE,0xEFDE,0xEFDE,0xEFDE,0xEFDE,0xEFDE,0xEFDE,0xEFDE,0xEFDE,0xEFDE,0xEFDE,0xEFDE,0xEFDE,0xEFDE,0xEFDE,0xEFDE,
    0xEFDE,0xEFDE,0xEFDE,0xEFDE,0xEFDE,0xEFDE,0xEFDE,0xEFDE,0xEFDE,0xEFDE,0xEFDE,0xEFDE,0xEFDE,0xEFDE,0xEFDE,0xEFDE,
    0xEFDE,0xEFDE,0xEFDE,0xEFDE,0xEFDE,0xEFDE,0xEFDE,0xEFDE,0xEFDE,0xEFDE,0xEFDE,0xEFDE,0xEFDE,0xEFDE,0xEFDE,0xEFDE,
    0xEFDE,0xEFDE,0xEFDE,0xEFDE,0xEFDE,0xEFDE,0xEFDE,0xEFDE,0xEFDE,0xEFDE,0xEFDE,0xEFDE,0xEFDE,0xEFDE,0xEFDE,0xEFDE,
    0xEFDE,0xEFDE,0xEFDE,0xEFDE,0xEFDE,0xEFDE,0xEFDE,0xEFDE,0xEFDE,0xEFDE,0xEFDE,0xEFDE,0xEFDE,0xEFDE,0xEFDE,0xEFDE,
    0xEFDE,0xEFDE,0xEFDE,0xEFDE,0xEFDE,0xEFDE,0xEFDE,0xEFDE,0xEFDE,0xEFDE,0xEFDE,0xEFDE,0xEFDE,0xEFDE,0xEFDE,0xEFDE,
    0xEFDE,0xEFDE,0xEFDE,0xEFDE,0xEFDE,0xEFDE,0xEFDE,0xEFDE,0xEFDE,0xEFDE,0xEFDE,0xEFDE,0xEFDE,0xEFDE,0xEFDE,0xEFDE,
    0xEFDE,0xEFDE,0xEFDE,0xEFDE,0xEFDE,0xEFDE,0xEFDE,0xEFDE,0xEFDE,0xEFDE,0xEFDE,0xEFDE,0xEFDE,0xEFDE,0xEFDE,0xEFDE,
    0xEFDE,0xEFDE,0xEFDE,0xEFDE,0xEFDE,0xEFDE,0xEFDE,0xEFDE,0xEFDE,0xEFDE,0xEFDE,0xEFDE,0xEFDE,0xEFDE,0xEFDE,0xEFDE,
    0xEFDE,0xEFDE,0xEFDE,0xEFDE,0xEFDE,0xEFDE,0xEFDE,0xEFDE,0xEFDE,0xEFDE,0xEFDE,0xEFDE,0xEFDE,0xEFDE,0xEFDE,0xEFDE,
    0xEFDE,0xEFDE,0xEFDE,0xEFDE,0xEFDE,0xEFDE,0xEFDE,0xEFDE,0xEFDE,0xEFDE,0xEFDE,0xEFDE,0xEFDE,0xEFDE,0xEFDE,0xEFDE,
    0xEFDE,0xEFDE,0xEFDE,0xEFDE,0xEFDE,0xEFDE,0xEFDE,0xEFDE,0xEFDE,0xEFDE,0xEFDE,0xEFDE,0xEFDE,0xEFDE,0xEFDE,0xEFDE,
    0xEFDE,0xEFDE,0xEFDE,0xEFDE,0xEFDE,0xEFDE,0xEFDE,0xEFDE,0xEFDE,0xEFDE,0xEFDE,0xEFDE,0xEFDE,0xEFDE,0xEFDE,0xEFDE,
    0xEFDE,0xEFDE,0xEFDE,0xEFDE,0xEFDE,0xEFDE,0xEFDE,0xEFDE,0xEFDE,0xEFDE,0xEFDE,0xEFDE,0xEFDE,0xEFDE,0xEFDE,0xEFDE,
    0xEFDE,0xEFDE,0xEFDE,0xEFDE,0xEFDE,0xEFDE,0xEFDE,0xEFDE,0xEFDE,0xEFDE,0xEFDE,0xEFDE,0xEFDE,0xEFDE,0xEFDE,0xEFDE,
};

static const uint16_t s_pet_listen[128 * 150] = {
    0xEFDE,0xEFDE,0xEFDE,0xEFDE,0xEFDE,0xEFDE,0xEFDE,0xEFDE,0xEFDE,0xEFDE,0xEFDE,0xEFDE,0xEFDE,0xEFDE,0xEFDE,0xEFDE,
    0xEFDE,0xEFDE,0xEFDE,0xEFDE,0xEFDE,0xEFDE,0xEFDE,0xEFDE,0xEFDE,0xEFDE,0xEFDE,0xEFDE,0xEFDE,0xEFDE,0xEFDE,0xEFDE,
    0xEFDE,0xEFDE,0xEFDE,0xEFDE,0xEFDE,0xEFDE,0xEFDE,0xEFDE,0xEFDE,0xEFDE,0xEFDE,0xEFDE,0xEFDE,0xEFDE,0xEFDE,0xEFDE,
    0xEFDE,0xEFDE,0xEFDE,0xEFDE,0xEFDE,0xEFDE,0xEFDE,0xEFDE,0xEFDE,0xEFDE,0xEFDE,0xEFDE,0xEFDE,0xEFDE,0xEFDE,0xEFDE,
    0xEFDE,0xEFDE,0xEFDE,0xEFDE,0xEFDE,0xEFDE,0xEFDE,0xEFDE,0xEFDE,0xEFDE,0xEFDE,0xEFDE,0xEFDE,0xEFDE,0xEFDE,0xEFDE,
    0xEFDE,0xEFDE,0xEFDE,0xEFDE,0xEFDE,0xEFDE,0xEFDE,0xEFDE,0xEFDE,0xEFDE,0xEFDE,0xEFDE,0xEFDE,0xEFDE,0xEFDE,0xEFDE,
    0xEFDE,0xEFDE,0xEFDE,0xEFDE,0xEFDE,0xEFDE,0xEFDE,0xEFDE,0xEFDE,0xEFDE,0xEFDE,0xEFDE,0xEFDE,0xEFDE,0xEFDE,0xEFDE,
    0xEFDE,0xEFDE,0xEFDE,0xEFDE,0xEFDE,0xEFDE,0xEFDE,0xEFDE,0xEFDE,0xEFDE,0xEFDE,0xEFDE,0xEFDE,0xEFDE,0xEFDE,0xEFDE,
    0xEFDE,0xEFDE,0xEFDE,0xEFDE,0xEFDE,0xEFDE,0xEFDE,0xEFDE,0xEFDE,0xEFDE,0xEFDE,0xEFDE,0xEFDE,0xEFDE,0xEFDE,0xEFDE,
    0xEFDE,0xEFDE,0xEFDE,0xEFDE,0xEFDE,0xEFDE,0xEFDE,0xEFDE,0xEFDE,0xEFDE,0xEFDE,0xEFDE,0xEFDE,0xEFDE,0xEFDE,0xEFDE,
    0xEFDE,0xEFDE,0xEFDE,0xEFDE,0xEFDE,0xEFDE,0xEFDE,0xEFDE,0xEFDE,0xEFDE,0xEFDE,0xEFDE,0xEFDE,0xEFDE,0xEFDE,0xEFDE,
    0xEFDE,0xEFDE,0xEFDE,0xEFDE,0xEFDE,0xEFDE,0xEFDE,0xEFDE,0xEFDE,0xEFDE,0xEFDE,0xEFDE,0xEFDE,0xEFDE,0xEFDE,0xEFDE,
    0xEFDE,0xEFDE,0xEFDE,0xEFDE,0xEFDE,0xEFDE,0xEFDE,0xEFDE,0xEFDE,0xEFDE,0xEFDE,0xEFDE,0xEFDE,0xEFDE,0xEFDE,0xEFDE,
    0xEFDE,0xEFDE,0xEFDE,0xEFDE,0xEFDE,0xEFDE,0xEFDE,0xEFDE,0xEFDE,0xEFDE,0xEFDE,0xEFDE,0xEFDE,0xEFDE,0xEFDE,0xEFDE,
    0xEFDE,0xEFDE,0xEFDE,0xEFDE,0xEFDE,0xEFDE,0xEFDE,0xEFDE,0xEFDE,0xEFDE,0xEFDE,0xEFDE,0xEFDE,0xEFDE,0xEFDE,0xEFDE,
    0xEFDE,0xEFDE,0xEFDE,0xEFDE,0xEFDE,0xEFDE,0xEFDE,0xEFDE,0xEFDE,0xEFDE,0xEFDE,0xEFDE,0xEFDE,0xEFDE,0xEFDE,0xEFDE,
    0xEFDE,0xEFDE,0xEFDE,0xEFDE,0xEFDE,0xEFDE,0xEFDE,0xEFDE,0xEFDE,0xEFDE,0xEFDE,0xEFDE,0xEFDE,0xEFDE,0xEFDE,0xEFDE,
    0xEFDE,0xEFDE,0xEFDE,0xEFDE,0xEFDE,0xEFDE,0xEFDE,0xEFDE,0xEFDE,0xEFDE,0xEFDE,0xEFDE,0xEFDE,0xEFDE,0xEFDE,0xEFDE,
    0xEFDE,0xEFDE,0xEFDE,0xEFDE,0xEFDE,0xEFDE,0xEFDE,0xEFDE,0xEFDE,0xEFDE,0xEFDE,0xEFDE,0xEFDE,0xEFDE,0xEFDE,0xEFDE,
    0xEFDE,0xEFDE,0xEFDE,0xEFDE,0xEFDE,0xEFDE,0xEFDE,0xEFDE,0xEFDE,0xEFDE,0xEFDE,0xEFDE,0xEFDE,0xEFDE,0xEFDE,0xEFDE,
    0xEFDE,0xEFDE,0xEFDE,0xEFDE,0xEFDE,0xEFDE,0xEFDE,0xEFDE,0xEFDE,0xEFDE,0xEFDE,0xEFDE,0xEFDE,0xEFDE,0xEFDE,0xEFDE,
    0xEFDE,0xEFDE,0xEFDE,0xEFDE,0xEFDE,0xEFDE,0xEFDE,0xEFDE,0xEFDE,0xEFDE,0xEFDE,0xEFDE,0xEFDE,0xEFDE,0xEFDE,0xEFDE,
    0xEFDE,0xEFDE,0xEFDE,0xEFDE,0xEFDE,0xEFDE,0xEFDE,0xEFDE,0xEFDE,0xEFDE,0xEFDE,0xEFDE,0xEFDE,0xEFDE,0xEFDE,0xEFDE,
    0xEFDE,0xEFDE,0xEFDE,0xEFDE,0xEFDE,0xEFDE,0xEFDE,0xEFDE,0xEFDE,0xEFDE,0xEFDE,0xEFDE,0xEFDE,0xEFDE,0xEFDE,0xEFDE,
    0xEFDE,0xEFDE,0xEFDE,0xEFDE,0xEFDE,0xEFDE,0xEFDE,0xEFDE,0xEFDE,0xEFDE,0xEFDE,0xEFDE,0xEFDE,0xEFDE,0xEFDE,0xEFDE,
    0xEFDE,0xEFDE,0xEFDE,0xEFDE,0xEFDE,0xEFDE,0xEFDE,0xEFDE,0xEFDE,0xEFDE,0xEFDE,0xEFDE,0xEFDE,0xEFDE,0xEFDE,0xEFDE,
    0xEFDE,0xEFDE,0xEFDE,0xEFDE,0xEFDE,0xEFDE,0xEFDE,0xEFDE,0xEFDE,0xEFDE,0xEFDE,0xEFDE,0xEFDE,0xEFDE,0xEFDE,0xEFDE,
    0xEFDE,0xEFDE,0xEFDE,0xEFDE,0xEFDE,0xEFDE,0xEFDE,0xEFDE,0xEFDE,0xEFDE,0xEFDE,0xEFDE,0xEFDE,0xEFDE,0xEFDE,0xEFDE,
    0xEFDE,0xEFDE,0xEFDE,0xEFDE,0xEFDE,0xEFDE,0xEFDE,0xEFDE,0xEFDE,0xEFDE,0xEFDE,0xEFDE,0xEFDE,0xEFDE,0xEFDE,0xEFDE,
    0xEFDE,0xEFDE,0xEFDE,0xEFDE,0xEFDE,0xEFDE,0xEFDE,0xEFDE,0xEFDE,0xEFDE,0xEFDE,0xEFDE,0xEFDE,0xEFDE,0xEFDE,0xEFDE,
    0xEFDE,0xEFDE,0xEFDE,0xEFDE,0xEFDE,0xEFDE,0xEFDE,0xEFDE,0xEFDE,0xEFDE,0xEFDE,0xEFDE,0xEFDE,0xEFDE,0xEFDE,0xEFDE,
    0xEFDE,0xEFDE,0xEFDE,0xEFDE,0xEFDE,0xEFDE,0xEFDE,0xEFDE,0xEFDE,0xEFDE,0xEFDE,0xEFDE,0xEFDE,0xEFDE,0xEFDE,0xEFDE,
    0xEFDE,0xEFDE,0xEFDE,0xEFDE,0xEFDE,0xEFDE,0xEFDE,0xEFDE,0xEFDE,0xEFDE,0xEFDE,0xEFDE,0xEFDE,0xEFDE,0xEFDE,0xEFDE,
    0xEFDE,0xEFDE,0xEFDE,0xEFDE,0xEFDE,0xEFDE,0xEFDE,0xEFDE,0xEFDE,0xEFDE,0xEFDE,0xEFDE,0xEFDE,0xEFDE,0xEFDE,0xEFDE,
    0xEFDE,0xEFDE,0xEFDE,0xEFDE,0xEFDE,0xEFDE,0xEFDE,0xEFDE,0xEFDE,0xEFDE,0xEFBE,0xEFBE,0xE7BE,0xE7BE,0xE7BE,0xDF5C,
    0x634D,0x5B0C,0x5AEC,0xDF1B,0xEFBE,0xEFDE,0xEFDE,0xEFDE,0xEFDE,0xEFDE,0xEFDE,0xEFDE,0xEFDE,0xEFDE,0xEFDE,0xEFDE,
    0xE7BE,0xE7BE,0xE7BE,0xE7BE,0xE7BE,0xE7BE,0xE7BE,0xEFDE,0xEFDE,0xEFDE,0xEFDE,0xEFDE,0xEFDE,0xEFDE,0xEFDE,0xEFDE,
    0xEFDE,0xEFDE,0xEFDE,0xEFDE,0xEFDE,0xEFDE,0xEFDE,0xEFDE,0xEFDE,0xEFDE,0xEFDE,0xEFDE,0xEFDE,0xEFDE,0xEFDE,0xEFDE,
    0xEFDE,0xEFDE,0xEFDE,0xEFDE,0xEFDE,0xEFDE,0xEFDE,0xEFDE,0xEFDE,0xEFDE,0xEFDE,0xEFDE,0xEFDE,0xEFDE,0xEFDE,0xEFDE,
    0xEFDE,0xEFDE,0xEFDE,0xEFDE,0xEFDE,0xEFDE,0xEFDE,0xEFDE,0xEFDE,0xEFDE,0xEFDE,0xEFDE,0xEFDE,0xEFDE,0xEFDE,0xEFDE,
    0xEFDE,0xEFDE,0xEFDE,0xEFDE,0xEFDE,0xEFDE,0xEFDE,0xEFDE,0xEFDE,0xEFDE,0xEFDE,0xEFDE,0xEFDE,0xEFDE,0xEFDE,0xEFDE,
    0xEFDE,0xEFDE,0xEFDE,0xEFDE,0xEFDE,0xEFDE,0xEFDE,0xEFDE,0xEFDE,0xEFDE,0xEFDE,0xEFDE,0xEFDE,0xEFDE,0xEFDE,0xEFDE,
    0xEFDE,0xEFDE,0xEFDE,0xEFDE,0xEFDE,0xEFDE,0xEFDE,0xEFBE,0xEFBE,0xEFBE,0xE7BE,0xE7BE,0xEFDE,0x9D14,0x5A47,0x7AC8,
    0xC42A,0x8AC9,0x528B,0xDF5C,0xEFDE,0xEFDE,0xEFDE,0xEFDE,0xEFDE,0xEFDE,0xEFDE,0xEFBE,0xEFBE,0xEFDE,0xE7BE,0xE7BE,
    0xE7BE,0x4209,0x39E8,0x39C8,0x31A7,0x31A7,0x634D,0xEFDE,0xE7BE,0xEFDE,0xEFDE,0xEFDE,0xEFDE,0xEFDE,0xEFDE,0xEFDE,
    0xEFDE,0xEFDE,0xEFDE,0xEFDE,0xEFDE,0xEFDE,0xEFDE,0xEFDE,0xEFDE,0xEFDE,0xEFDE,0xEFDE,0xEFDE,0xEFDE,0xEFDE,0xEFDE,
    0xEFDE,0xEFDE,0xEFDE,0xEFDE,0xEFDE,0xEFDE,0xEFDE,0xEFDE,0xEFDE,0xEFDE,0xEFDE,0xEFDE,0xEFDE,0xEFDE,0xEFDE,0xEFDE,
    0xEFDE,0xEFDE,0xEFDE,0xEFDE,0xEFDE,0xEFDE,0xEFDE,0xEFDE,0xEFDE,0xEFDE,0xEFDE,0xEFDE,0xEFDE,0xEFDE,0xEFDE,0xEFDE,
    0xEFDE,0xEFDE,0xEFDE,0xEFDE,0xEFDE,0xEFDE,0xEFDE,0xEFDE,0xEFDE,0xEFDE,0xEFDE,0xEFDE,0xEFDE,0xEFDE,0xEFDE,0xEFDE,
    0xEFDE,0xEFDE,0xEFDE,0xEFDE,0xEFDE,0xEFDE,0xEFDE,0xEFDE,0xEFDE,0xEFDE,0xEFDE,0xEFDE,0xEFDE,0xEFDE,0xEFDE,0xEFDE,
    0xEFDE,0xEFDE,0xEFDE,0xEFDE,0xEFDE,0xEFDE,0xEFDE,0xEFBE,0xE7BE,0xE7BE,0xE7BD,0xC637,0x39C6,0x8B4A,0x8226,0xF759,
    0x8AC8,0x736C,0xE77D,0xE7BE,0xEFDE,0xEFDE,0xEFDE,0xEFDE,0xEFDE,0xEFDE,0xEFBE,0xEFBE,0xE7BE,0xE7BE,0xE79D,0x2966,
    0x2966,0xA328,0xC409,0xC3E9,0xB3A9,0xB38A,0x9B09,0x3165,0x31A6,0xD6FA,0xE79D,0xE7BE,0xEFDE,0xEFDE,0xEFDE,0xEFDE,
    0xEFDE,0xEFDE,0xEFDE,0xEFDE,0xEFDE,0xEFDE,0xEFDE,0xEFDE,0xEFDE,0xEFDE,0xEFDE,0xEFDE,0xEFDE,0xEFDE,0xEFDE,0xEFDE,
    0xEFDE,0xEFDE,0xEFDE,0xEFDE,0xEFDE,0xEFDE,0xEFDE,0xEFDE,0xEFDE,0xEFDE,0xEFDE,0xEFDE,0xEFDE,0xEFDE,0xEFDE,0xEFDE,
    0xEFDE,0xEFDE,0xEFDE,0xEFDE,0xEFDE,0xEFDE,0xEFDE,0xEFDE,0xEFDE,0xEFDE,0xEFDE,0xEFDE,0xEFDE,0xEFDE,0xEFDE,0xEFDE,
    0xEFDE,0xEFDE,0xEFDE,0xEFDE,0xEFDE,0xEFDE,0xEFDE,0xEFDE,0xEFDE,0xEFDE,0xEFDE,0xEFDE,0xEFDE,0xEFDE,0xEFDE,0xEFDE,
    0xEFDE,0xEFDE,0xEFDE,0xEFDE,0xEFDE,0xEFDE,0xEFDE,0xEFDE,0xEFDE,0xEFDE,0xEFDE,0xEFDE,0xEFDE,0xEFDE,0xEFDE,0xEFDE,
    0xEFDE,0xEFDE,0xEFDE,0xEFDE,0xEFDE,0xEFDE,0xEFDE,0xE7BE,0xE7BE,0xC678,0xDEDA,0x72C9,0xC42C,0xFF36,0xFF99,0xE4EE,
    0x6248,0xE79D,0xE7BD,0xE7BE,0xEFDE,0xEFDE,0xEFDE,0xEFDE,0xEFDE,0xEFBE,0xEFBE,0xE7BE,0xDF5C,0x424A,0x9308,0xCC6B,
    0xCC8C,0xCC6B,0xCC8B,0xD4ED,0xFED4,0xFF16,0xF715,0xF693,0xD50E,0x8B29,0x1924,0xCE77,0xE7BE,0xE7BE,0xEFDE,0xEFDE,
    0xEFDE,0xEFDE,0xEFDE,0xEFDE,0xEFDE,0xEFDE,0xEFDE,0xEFDE,0xEFDE,0xEFDE,0xEFDE,0xEFDE,0xEFDE,0xEFDE,0xEFDE,0xEFDE,
    0xEFDE,0xEFDE,0xEFDE,0xEFDE,0xEFDE,0xEFDE,0xEFDE,0xEFDE,0xEFDE,0xEFDE,0xEFDE,0xEFDE,0xEFDE,0xEFDE,0xEFDE,0xEFDE,
    0xEFDE,0xEFDE,0xEFDE,0xEFDE,0xEFDE,0xEFDE,0xEFDE,0xEFDE,0xEFDE,0xEFDE,0xEFDE,0xEFDE,0xEFDE,0xEFDE,0xEFDE,0xEFDE,
    0xEFDE,0xEFDE,0xEFDE,0xEFDE,0xEFDE,0xEFDE,0xEFDE,0xEFDE,0xEFDE,0xEFDE,0xEFDE,0xEFDE,0xEFDE,0xEFDE,0xEFDE,0xEFDE,
    0xEFDE,0xEFDE,0xEFDE,0xEFDE,0xEFDE,0xEFDE,0xEFDE,0xEFDE,0xEFDE,0xEFDE,0xEFDE,0xEFDE,0xEFDE,0xEFDE,0xEFDE,0xEFDE,
    0xEFDE,0xEFDE,0xEFDE,0xEFDE,0xEFDE,0xEFDE,0xEFDE,0xE7BE,0xE79D,0x834B,0x2945,0xBBEB,0xFF56,0xFF36,0xFF56,0xBC2C,
    0xCE98,0xE7BE,0xE7BE,0xE7BE,0xEFBE,0xEFDE,0xEFDE,0xEFDE,0xEFBE,0xEFBE,0xEFBE,0xE7BE,0x3187,0x7248,0x92E7,0xFF36,
    0xFF56,0xFF36,0xFF57,0xFED5,0xFED4,0xFE71,0xFF15,0xFF57,0xFF77,0xFF36,0xAB8A,0x2082,0x7C10,0xE7BE,0xE7BE,0xEFDE,
    0xEFDE,0xEFDE,0xEFDE,0xEFDE,0xEFDE,0xEFDE,0xEFDE,0xEFDE,0xEFDE,0xEFDE,0xEFDE,0xEFDE,0xEFDE,0xEFDE,0xEFDE,0xEFDE,
    0xEFDE,0xEFDE,0xEFDE,0xEFDE,0xEFDE,0xEFDE,0xEFDE,0xEFDE,0xEFDE,0xEFDE,0xEFDE,0xEFDE,0xEFDE,0xEFDE,0xEFDE,0xEFDE,
    0xEFDE,0xEFDE,0xEFDE,0xEFDE,0xEFDE,0xEFDE,0xEFDE,0xEFDE,0xEFDE,0xEFDE,0xEFDE,0xEFDE,0xEFDE,0xEFDE,0xEFDE,0xEFDE,
    0xEFDE,0xEFDE,0xEFDE,0xEFDE,0xEFDE,0xEFDE,0xEFDE,0xEFDE,0xEFDE,0xEFDE,0xEFDE,0xEFDE,0xEFDE,0xEFDE,0xEFDE,0xEFDE,
    0xEFDE,0xEFDE,0xEFDE,0xEFDE,0xEFDE,0xEFDE,0xEFDE,0xEFDE,0xEFDE,0xEFDE,0xEFDE,0xEFDE,0xEFDE,0xEFDE,0xEFDE,0xEFDE,
    0xEFDE,0xEFDE,0xEFDE,0xEFDE,0xEFDE,0xEFDE,0xEFDE,0xE7BE,0xAD12,0xDC6C,0x7247,0xFF36,0xFF15,0xFF35,0xBBCA,0x732B,
    0xE7BD,0xE7BE,0xE7BE,0xE7BE,0xEFBE,0xEFDE,0xEFDE,0xEFBE,0xE7BE,0xE7BE,0xE79E,0x41C7,0xBBEC,0xF653,0xF6F4,0xFF36,
    0xFF56,0xFF57,0xFF57,0xFF78,0xFF78,0xFF78,0xFEF5,0xFEF4,0xFF57,0xFF57,0xFF16,0xEE74,0x7288,0x39E8,0xE7BE,0xE7BE,
    0xEFDE,0xEFDE,0xEFDE,0xEFDE,0xEFDE,0xEFDE,0xEFDE,0xEFDE,0xEFDE,0xEFDE,0xEFDE,0xEFDE,0xEFDE,0xEFDE,0xEFDE,0xEFDE,
    0xEFDE,0xEFDE,0xEFDE,0xEFDE,0xEFDE,0xEFDE,0xEFDE,0xEFDE,0xEFDE,0xEFDE,0xEFDE,0xEFDE,0xEFDE,0xEFDE,0xEFDE,0xEFDE,
    0xEFDE,0xEFDE,0xEFDE,0xEFDE,0xEFDE,0xEFDE,0xEFDE,0xEFDE,0xEFDE,0xEFDE,0xEFDE,0xEFDE,0xEFDE,0xEFDE,0xEFDE,0xEFDE,
    0xEFDE,0xEFDE,0xEFDE,0xEFDE,0xEFDE,0xEFDE,0xEFDE,0xEFDE,0xEFDE,0xEFDE,0xEFDE,0xEFDE,0xEFDE,0xEFDE,0xEFDE,0xEFDE,
    0xEFDE,0xEFDE,0xEFDE,0xEFDE,0xEFDE,0xEFDE,0xEFDE,0xEFDE,0xEFDE,0xEFDE,0xEFDE,0xEFDE,0xEFDE,0xEFDE,0xEFDE,0xEFDE,
    0xEFDE,0xEFDE,0xEFDE,0xEFDE,0xEFDE,0xEFDE,0xEFDE,0xD6B9,0x7226,0xB3AA,0xB40B,0xFF15,0xFF15,0xFF35,0xAB68,0x9471,
    0xEFDE,0xE7BE,0xE7BE,0xEFBE,0xEFBE,0xEFDE,0xEFDE,0xEFBE,0xE7BE,0xE7BE,0x7BAD,0x830A,0xF674,0xFF36,0xFF57,0xFF57,
    0xFF57,0xFF57,0xFF58,0xFF78,0xFF58,0xFF78,0xFF78,0xFF57,0xFF36,0xFF78,0xFF57,0xFF57,0xEE53,0x7246,0x2987,0xE79D,
    0xEFDE,0xEFDE,0xEFDE,0xEFDE,0xEFDE,0xEFDE,0xEFDE,0xEFDE,0xEFDE,0xEFDE,0xEFDE,0xEFDE,0xEFDE,0xEFDE,0xEFDE,0xEFDE,
    0xEFDE,0xEFDE,0xEFDE,0xEFDE,0xEFDE,0xEFDE,0xEFDE,0xEFDE,0xEFDE,0xEFDE,0xEFDE,0xEFDE,0xEFDE,0xEFDE,0xEFDE,0xEFDE,
    0xEFDE,0xEFDE,0xEFDE,0xEFDE,0xEFDE,0xEFDE,0xEFDE,0xEFDE,0xEFDE,0xEFDE,0xEFDE,0xEFDE,0xEFDE,0xEFDE,0xEFDE,0xEFDE,
    0xEFDE,0xEFDE,0xEFDE,0xEFDE,0xEFDE,0xEFDE,0xEFDE,0xEFDE,0xEFDE,0xEFDE,0xEFDE,0xEFDE,0xEFDE,0xEFDE,0xEFDE,0xEFDE,
    0xEFDE,0xEFDE,0xEFDE,0xEFDE,0xEFDE,0xEFDE,0xEFDE,0xEFDE,0xEFDE,0xEFDE,0xEFDE,0xEFDE,0xEFDE,0xEFDE,0xEFDE,0xEFDE,
    0xEFDE,0xEFDE,0xEFDE,0xEFDE,0xEFBE,0xEFBE,0xE7BE,0xB573,0xB348,0xD4AD,0xFF36,0xFF56,0xFF36,0xFF15,0xA307,0xC617,
    0xEFDE,0xEFBE,0xEFBE,0xEFBE,0xEFDE,0xEFDE,0xEFDE,0xE7BE,0xE7BE,0xE75C,0x7B2A,0xEE33,0xFF37,0xFF57,0xFF77,0xFF78,
    0xFF57,0xFF57,0xFF57,0xFF78,0xFF78,0xFF58,0xFF58,0xFF58,0xFF57,0xFF57,0xFF77,0xFF57,0xFF78,0xFED3,0x7B2A,0x94B2,
    0xEFDE,0xEFDE,0xEFDE,0xEFDE,0xEFDE,0xEFDE,0xEFDE,0xEFDE,0xEFDE,0xEFDE,0xEFDE,0xEFDE,0xEFDE,0xEFDE,0xEFDE,0xEFDE,
    0xEFDE,0xEFDE,0xEFDE,0xEFDE,0xEFDE,0xEFDE,0xEFDE,0xEFDE,0xEFDE,0xEFDE,0xEFDE,0xE7BE,0xEFDE,0xEFDE,0xEFDE,0xEFDE,
    0xEFDE,0xEFDE,0xEFDE,0xEFDE,0xEFDE,0xEFDE,0xEFDE,0xEFDE,0xEFDE,0xEFDE,0xEFDE,0xEFDE,0xEFDE,0xEFDE,0xEFDE,0xEFDE,
    0xEFDE,0xEFDE,0xEFDE,0xEFDE,0xEFDE,0xEFDE,0xEFDE,0xEFDE,0xEFDE,0xEFDE,0xEFDE,0xEFDE,0xEFDE,0xEFDE,0xEFDE,0xEFDE,
    0xEFDE,0xEFDE,0xEFDE,0xEFDE,0xEFDE,0xEFDE,0xEFDE,0xEFDE,0xEFDE,0xEFDE,0xEFDE,0xEFDE,0xEFDE,0xEFDE,0xEFDE,0xEFDE,
    0xEFDE,0xEFDE,0xEFDE,0xEFBE,0xEFBE,0xEFBE,0xE79D,0x6A88,0xFEF3,0xDC4B,0xFF57,0xFF36,0xFF57,0xFF78,0x6227,0xE7BE,
    0xE7BE,0xEFBE,0xEFBE,0xEFBE,0xEFDE,0xEFDE,0xEFBE,0xE7BE,0xE79D,0xAD74,0xDD4F,0xEE52,0xE5B0,0xE54E,0xE570,0xEDB1,
    0xEE32,0xF6D5,0xFEF5,0xFF78,0xFF99,0xFF78,0xFF78,0xFF58,0xFF57,0xFF57,0xFF58,0xFF78,0xFF78,0xFF78,0xF653,0x49E6,
    0xC699,0xE7BE,0xEFDE,0xEFBE,0xEFDE,0xEFDE,0xEFDE,0xEFDE,0xEFDE,0xEFDE,0xEFDE,0xEFDE,0xEFDE,0xEFDE,0xEFDE,0xEFDE,
    0xEFDE,0xEFDE,0xEFDE,0xEFDE,0xEFDE,0xEFDE,0xEFDE,0xEFDE,0xEFDE,0xE7BE,0xEFDE,0xEFDE,0xEFDE,0xEFDE,0xEFDE,0xEFDE,
    0xEFDE,0xEFDE,0xEFDE,0xEFDE,0xEFDE,0xEFDE,0xEFDE,0xEFDE,0xEFDE,0xEFDE,0xEFDE,0xEFDE,0xEFDE,0xEFDE,0xEFDE,0xEFDE,
    0xEFDE,0xEFDE,0xEFDE,0xEFDE,0xEFDE,0xEFDE,0xEFDE,0xEFDE,0xEFDE,0xEFDE,0xEFDE,0xEFDE,0xEFDE,0xEFDE,0xEFDE,0xEFDE,
    0xEFDE,0xEFDE,0xEFDE,0xEFDE,0xEFDE,0xEFDE,0xEFDE,0xEFDE,0xEFDE,0xEFDE,0xEFDE,0xEFDE,0xEFDE,0xEFDE,0xEFDE,0xEFDE,
    0xEFDE,0xEFDE,0xEFDE,0xEFBE,0xEFBE,0xE7BE,0xE79D,0x82A8,0xFEF4,0xFE92,0xFF36,0xFF36,0xFF58,0xFF57,0x5A06,0xE7BE,
    0xEFDE,0xEFBE,0xEFBE,0xEFBE,0xEFBE,0xEFBE,0xE7BE,0xE7BE,0xE79D,0x41A7,0xCCCD,0x934A,0x7288,0x2945,0x2966,0x3186,
    0x3166,0x2925,0xAB68,0xD42B,0xFF35,0xFF15,0xFF78,0xFF78,0xFF57,0xFF78,0xFF78,0xFF58,0xFF58,0xFF57,0xFF35,0xBC4C,
    0x18A4,0xEFDE,0xE7BE,0xE7BE,0xEFBE,0xEFBE,0xEFBE,0xEFBE,0xEFBE,0xEFDE,0xEFDE,0xEFDE,0xEFDE,0xEFDE,0xEFDE,0xEFDE,
    0xEFDE,0xEFDE,0xEFDE,0xEFDE,0xEFDE,0xEFDE,0xEFDE,0xEFDE,0xEFDE,0xE79D,0x5B0D,0x2126,0xD6FB,0xE7BE,0xEFDE,0xEFDE,
    0xEFDE,0xEFDE,0xEFDE,0xEFDE,0xEFDE,0xEFDE,0xEFDE,0xEFDE,0xEFDE,0xEFDE,0xEFDE,0xEFDE,0xEFDE,0xEFDE,0xEFDE,0xEFDE,
    0xEFDE,0xEFDE,0xEFDE,0xEFDE,0xEFDE,0xEFDE,0xEFDE,0xEFDE,0xEFDE,0xEFDE,0xEFDE,0xEFDE,0xEFDE,0xEFDE,0xEFDE,0xEFDE,
    0xEFDE,0xEFDE,0xEFDE,0xEFDE,0xEFDE,0xEFDE,0xEFDE,0xEFDE,0xEFDE,0xEFDE,0xEFDE,0xEFDE,0xEFDE,0xEFDE,0xEFDE,0xEFDE,
    0xEFDE,0xEFDE,0xEFDE,0xE7BE,0xE7BE,0xE7BE,0x4208,0xA369,0xFEF4,0xFE93,0xFF35,0xFF36,0xFF57,0xFF36,0x5A06,0xE7BE,
    0xE7BE,0xEFBE,0xEFBE,0xEFBE,0xE7BE,0xE7BE,0xE7BE,0xE7BE,0xE79D,0x5AAA,0x3988,0x5A8A,0xEFDE,0xEFDE,0xE79E,0xE77C,
    0xDEFA,0xD698,0x4249,0x2126,0xABCB,0xCC8B,0xF610,0xFF97,0xFF78,0xFF78,0xFF78,0xFF57,0xFF57,0xFF78,0xFF36,0xFF14,
    0xB46E,0xACF1,0xE7BE,0xE7BE,0xE7BE,0xE7BE,0xE7BE,0xE7BE,0xEFDE,0xEFDE,0xEFDE,0xEFDE,0xEFDE,0xEFDE,0xEFDE,0xEFDE,
    0xEFDE,0xEFDE,0xEFDE,0xEFDE,0xE7BE,0xEFDE,0xE7BE,0xE7BE,0xE7BE,0xC658,0x91C7,0x99E8,0x10C4,0xDF3C,0xE7BE,0xE7BE,
    0xE7BE,0xEFDE,0xEFDE,0xEFDE,0xEFDE,0xEFDE,0xEFDE,0xEFDE,0xEFDE,0xEFDE,0xEFDE,0xEFDE,0xEFDE,0xEFDE,0xEFDE,0xEFDE,
    0xEFDE,0xEFDE,0xEFDE,0xEFDE,0xEFDE,0xEFDE,0xEFDE,0xEFDE,0xEFDE,0xEFDE,0xEFDE,0xEFDE,0xEFDE,0xEFDE,0xEFDE,0xEFDE,
    0xEFDE,0xEFDE,0xEFDE,0xEFDE,0xEFDE,0xEFDE,0xEFDE,0xEFDE,0xEFDE,0xEFDE,0xEFDE,0xEFDE,0xEFDE,0xEFDE,0xEFDE,0xEFDE,
    0xEFDE,0xEFDE,0xEFDE,0xEFBE,0xE7BE,0xE7BE,0x41E7,0xAB49,0xFEB3,0xFE92,0xFE31,0xFF36,0xFF58,0xFEF5,0x7226,0xE79D,
    0xEFBE,0xEFBE,0xEFBE,0xEFBE,0xE7BE,0xE7BE,0xEFDE,0xE7BE,0xE7BE,0x632D,0xCE37,0xE79D,0xE7BE,0xE7BE,0xE7BE,0xE7BE,
    0xDEFA,0xDEDA,0xCE78,0xD699,0x6B0C,0x39A6,0xCC29,0xFE50,0xFF15,0xFF78,0xFF57,0xFF78,0xFF57,0xFF78,0xFF57,0xFF57,
    0xF653,0x5208,0xE75C,0xE79D,0xC679,0xC658,0xE79D,0xE7BE,0xEFBE,0xEFDE,0xEFDE,0xEFDE,0xEFDE,0xEFDE,0xEFDE,0xEFDE,
    0xEFDE,0xEFDE,0xEFDE,0xEFDE,0xEFDE,0xE7BE,0xE7BE,0xE7BE,0xE77D,0x2946,0xFC6C,0xC2E9,0x20C5,0x8410,0xE7BE,0xE7BE,
    0xE7BE,0xEFDE,0xEFDE,0xEFDE,0xEFDE,0xEFDE,0xEFDE,0xEFDE,0xEFDE,0xEFDE,0xEFDE,0xEFDE,0xEFDE,0xEFDE,0xEFDE,0xEFDE,
    0xEFDE,0xEFDE,0xEFDE,0xEFDE,0xEFDE,0xEFDE,0xEFDE,0xEFDE,0xEFDE,0xEFDE,0xEFDE,0xEFDE,0xEFDE,0xEFDE,0xEFDE,0xEFDE,
    0xEFDE,0xEFDE,0xEFDE,0xEFDE,0xEFDE,0xEFDE,0xEFDE,0xEFDE,0xEFDE,0xEFDE,0xEFDE,0xEFDE,0xEFDE,0xEFDE,0xEFDE,0xEFDE,
    0xEFDE,0xEFDE,0xEFDE,0xEFBE,0xE7BE,0xE7BE,0x41E7,0xB327,0xFDCF,0xFE92,0xFDAF,0xFF36,0xFF57,0xFEF5,0x7A25,0xA513,
    0xEFBE,0xE7BE,0xE7BE,0xE7BE,0xE7BE,0xD699,0x4187,0xE79D,0xE79D,0xC5D6,0xE77C,0xE79D,0xE7BE,0xE7BE,0xE7BE,0xEFDE,
    0x6B4D,0x7A4A,0x51E7,0x72A9,0x6ACA,0xA42E,0x9C2D,0x8B09,0xED0C,0xFED3,0xFF15,0xFF57,0xFF57,0xFF57,0xFF57,0xFF78,
    0xFF98,0x8309,0x31C8,0xDEFB,0x6B8D,0x8BCC,0x5AEB,0xE7BE,0xEFBE,0xEFDE,0xEFDE,0xEFDE,0xEFDE,0xEFDE,0xEFDE,0xEFDE,
    0xEFDE,0xEFDE,0xEFDE,0xEFDE,0xEFBE,0xE7BE,0xE7BE,0xE79D,0x2105,0xAA48,0xFBEC,0x63AB,0x434B,0x18C6,0xEFDE,0xE7BE,
    0xEFDE,0xEFDE,0xEFDE,0xEFDE,0xEFDE,0xEFDE,0xEFDE,0xEFDE,0xEFDE,0xEFDE,0xEFDE,0xEFDE,0xEFDE,0xEFDE,0xEFDE,0xEFDE,
    0xEFDE,0xEFDE,0xEFDE,0xEFDE,0xEFDE,0xEFDE,0xEFDE,0xEFDE,0xEFDE,0xEFDE,0xEFDE,0xEFDE,0xEFDE,0xEFDE,0xEFDE,0xEFDE,
    0xEFDE,0xEFDE,0xEFDE,0xEFDE,0xEFDE,0xEFDE,0xEFDE,0xEFDE,0xEFDE,0xEFDE,0xEFDE,0xEFDE,0xEFDE,0xEFDE,0xEFDE,0xEFDE,
    0xEFDE,0xEFDE,0xEFDE,0xEFBE,0xEFBE,0xE7BE,0x41E7,0xBB68,0xF4EB,0xFEB3,0xFDAF,0xFE71,0xFEF4,0xFEB3,0x9224,0x62AA,
    0xE7BE,0xE7BE,0xE7BE,0xE7BE,0xE77D,0x61E7,0xEB4C,0x59E8,0xDF1B,0xDF3C,0xE77D,0xE79D,0xE7BE,0xE7BE,0xE7BE,0xE79D,
    0xBD33,0x7A69,0xEC4E,0xF34B,0xF329,0x6145,0x30C4,0x5A27,0x61C6,0xCBE9,0xF651,0xFF57,0xFF77,0xFF57,0xFF57,0xFF57,
    0xFF57,0xC44B,0x18E4,0xD6B9,0xCE78,0x4228,0xD4CF,0x4208,0xE7BE,0xEFDE,0xEFBE,0xEFDE,0xEFDE,0xEFDE,0xEFDE,0xEFDE,
    0xEFDE,0xEFDE,0xEFDE,0xEFBE,0xEFBE,0xE7BE,0xE7BE,0x526A,0x7166,0xFC0C,0xFBEB,0x3B6A,0x5D90,0x10E6,0x8CB2,0xE7BE,
    0xE7BE,0xEFDE,0xEFDE,0xEFDE,0xEFDE,0xEFDE,0xEFDE,0xEFDE,0xEFDE,0xEFDE,0xEFDE,0xEFDE,0xEFDE,0xEFDE,0xEFDE,0xEFDE,
    0xEFDE,0xEFDE,0xEFDE,0xEFDE,0xEFDE,0xEFDE,0xEFDE,0xEFDE,0xEFDE,0xEFDE,0xEFDE,0xEFDE,0xEFDE,0xEFDE,0xEFDE,0xEFDE,
    0xEFDE,0xEFDE,0xEFDE,0xEFDE,0xEFDE,0xEFDE,0xEFDE,0xEFDE,0xEFDE,0xEFDE,0xEFDE,0xEFDE,0xEFDE,0xEFDE,0xEFDE,0xEFDE,
    0xEFDE,0xEFDE,0xEFDE,0xEFBE,0xEFBE,0xE7BE,0x39E8,0xC389,0xFD2D,0xFD6E,0xFE72,0xFDAE,0xFE31,0xFE72,0xF56E,0x49A5,
    0xE77C,0xE79D,0xE79D,0xE79D,0xE75C,0x6166,0xFCCE,0xCAA9,0x8207,0x7AEB,0xBD33,0xDEFA,0xE75C,0xE71B,0xDF1B,0xD6B9,
    0xC594,0x9B2B,0x4945,0xF32A,0xF32A,0xF32A,0xEB0A,0xB1C7,0x5145,0x1842,0xD3A9,0xFE91,0xFF56,0xFF78,0xFF57,0xFF57,
    0xFF57,0xE5D1,0x49E7,0x39C7,0xDF1B,0x39C8,0xFF78,0x82E9,0xD71B,0xE7BE,0xE7BE,0xEFBE,0xEFDE,0xEFDE,0xEFDE,0xEFDE,
    0xEFDE,0xEFDE,0xEFBE,0xEFBE,0xE7BE,0xE79D,0xA4D2,0x30E4,0xFC6E,0xFC6D,0xC9A5,0x3BEB,0x5DAF,0x2AC9,0x0884,0xE79D,
    0xE7BE,0xEFDE,0xEFDE,0xEFDE,0xEFDE,0xEFDE,0xEFDE,0xEFDE,0xEFDE,0xEFDE,0xEFDE,0xEFDE,0xEFDE,0xEFDE,0xEFDE,0xEFDE,
    0xEFDE,0xEFDE,0xEFDE,0xEFDE,0xEFDE,0xEFDE,0xEFDE,0xEFDE,0xEFDE,0xEFDE,0xEFDE,0xEFDE,0xEFDE,0xEFDE,0xEFDE,0xEFDE,
    0xEFDE,0xEFDE,0xEFDE,0xEFDE,0xEFDE,0xEFDE,0xEFDE,0xEFDE,0xEFDE,0xEFDE,0xEFDE,0xEFDE,0xEFDE,0xEFDE,0xEFDE,0xEFDE,
    0xEFDE,0xEFDE,0xEFDE,0xEFBE,0xEFBE,0xEFBE,0x3A08,0xAAE7,0xFD6E,0xFD4D,0xFDAF,0xF50B,0xFDEF,0xFE31,0xFE31,0xAB8B,
    0xD658,0xE77D,0xE77D,0xE77D,0xDF1B,0x69A7,0xFC4D,0xFC6D,0xFC2C,0x91C6,0x61A7,0x61E7,0x6249,0x4A08,0x49A6,0x4986,
    0x59A7,0x61A6,0x6165,0x8145,0xB207,0xF3AB,0xFB8B,0xF309,0xD9A6,0x9986,0x5185,0xCBEB,0xFEB2,0xFF35,0xFF57,0xFF56,
    0xFF57,0xFEF5,0x936B,0x2124,0xDF1B,0x3186,0xFF78,0xCCCE,0x62CB,0xE79D,0xE7BE,0xE7BE,0xEFBE,0xEFDE,0xEFDE,0xEFDE,
    0xEFDE,0xEFBE,0xEFBE,0xEFBE,0xE7BE,0x8C0F,0x1062,0xCA28,0xFC6D,0xFC8D,0xA966,0x3CEE,0x5DAF,0x336B,0x0863,0xBE79,
    0xEFDE,0xEFDE,0xEFDE,0xEFDE,0xEFDE,0xEFDE,0xEFDE,0xEFDE,0xEFDE,0xEFDE,0xEFDE,0xEFDE,0xEFDE,0xEFDE,0xEFDE,0xEFDE,
    0xEFDE,0xEFDE,0xEFDE,0xEFDE,0xEFDE,0xEFDE,0xEFDE,0xEFDE,0xEFDE,0xEFDE,0xEFDE,0xEFDE,0xEFDE,0xEFDE,0xEFDE,0xEFDE,
    0xEFDE,0xEFDE,0xEFDE,0xEFDE,0xEFDE,0xEFDE,0xEFDE,0xEFDE,0xEFDE,0xEFDE,0xEFDE,0xEFDE,0xEFDE,0xEFDE,0xEFDE,0xEFDE,
    0xEFDE,0xEFDE,0xEFDE,0xEFDE,0xEFBE,0xEFBE,0xE79D,0x7A88,0xE42A,0xF52D,0xFD2C,0xFD2C,0xFD8D,0xFDCF,0xF611,0xD46C,
    0x72CA,0x830C,0x93AE,0xD678,0xDEFA,0xA3AC,0xC208,0xFC2C,0xFC2B,0xFC4C,0xF46D,0xB1C7,0x8925,0x8925,0xD1E6,0xDAE9,
    0xFC6C,0xF44C,0xF3AA,0xB985,0x7904,0x68E3,0xF309,0xFB6A,0xFB49,0xDA07,0xC207,0x1062,0xDC6B,0xFED3,0xFF56,0xFF57,
    0xFF57,0xFF16,0xD510,0x3166,0xCE16,0x5A48,0xFF56,0xFE72,0x5227,0xE77C,0xE7BE,0xE7BE,0xEFBE,0xEFDE,0xEFDE,0xEFDE,
    0xEFBE,0xEFBE,0xEFBE,0xE7BE,0x2125,0x4145,0xCA89,0xFC4D,0xFC8D,0xEB09,0x4CCE,0x3CEE,0x554E,0x658F,0x0864,0x424A,
    0xEFDE,0xEFDE,0xEFDE,0xEFDE,0xEFDE,0xEFDE,0xEFDE,0xEFDE,0xEFDE,0xEFDE,0xEFDE,0xEFDE,0xEFDE,0xEFDE,0xEFDE,0xEFDE,
    0xEFDE,0xEFDE,0xEFDE,0xEFDE,0xEFDE,0xEFDE,0xEFDE,0xEFDE,0xEFDE,0xEFDE,0xEFDE,0xEFDE,0xEFDE,0xEFDE,0xEFDE,0xEFDE,
    0xEFDE,0xEFDE,0xEFDE,0xEFDE,0xEFDE,0xEFDE,0xEFDE,0xEFDE,0xEFDE,0xEFDE,0xEFDE,0xEFDE,0xEFDE,0xEFDE,0xEFDE,0xEFDE,
    0xEFDE,0xEFDE,0xEFDE,0xEFDE,0xEFDE,0xEFDE,0xE7BE,0x49E7,0xBB6A,0xEC09,0xF4EB,0xFD4C,0xFD2B,0xFD6D,0xFD4C,0xF4EB,
    0x4125,0x8166,0xAA28,0x7A49,0xBCD2,0xB42E,0x9269,0xE288,0xFC0B,0xFCCD,0xFCEE,0xFCEE,0xFCEE,0xFC6C,0xFC8C,0xFC8C,
    0xFC6C,0xFC6C,0xFC6C,0xFC8D,0xFCCE,0xFC4D,0xEB49,0xD206,0xFBAA,0xFB8A,0xCA07,0xAA06,0x5A26,0xE56E,0xFF15,0xFF57,
    0xFF57,0xFF16,0xE571,0x28E4,0x83CE,0x9B6A,0xFF56,0xFEB3,0x7AC8,0x840F,0xE7BE,0xE7BE,0xEFBE,0xEFBE,0xEFBE,0xEFBE,
    0xEFBE,0xEFBE,0xEFDE,0x2966,0x61C6,0xCA88,0xFC6D,0xFC6D,0xFC8D,0xEB09,0x350F,0x34CE,0x4D0E,0x65AE,0x00C6,0x1925,
    0xE7DE,0xEFDE,0xEFDE,0xEFDE,0xEFDE,0xEFDE,0xEFDE,0xEFDE,0xEFDE,0xEFDE,0xEFDE,0xEFDE,0xEFDE,0xEFDE,0xEFDE,0xEFDE,
    0xEFDE,0xEFDE,0xEFDE,0xEFDE,0xEFDE,0xEFDE,0xEFDE,0xEFDE,0xEFDE,0xEFDE,0xEFDE,0xEFDE,0xEFDE,0xEFDE,0xEFDE,0xEFDE,
    0xEFDE,0xEFDE,0xEFDE,0xEFDE,0xEFDE,0xEFDE,0xEFDE,0xEFDE,0xEFDE,0xEFDE,0xEFDE,0xEFDE,0xEFDE,0xEFDE,0xEFDE,0xEFDE,
    0xEFDE,0xEFDE,0xEFDE,0xEFDE,0xEFDE,0xEFDE,0xEFDE,0xD6D9,0x51E7,0xC369,0xDBEA,0xE42A,0xEC6A,0xF4EB,0xFD0B,0xF50A,
    0xB2E8,0x7105,0xFC2D,0xFC2C,0x70E4,0x58C4,0x60E4,0xA104,0xFB48,0xFC4C,0xFC8C,0xFC8C,0xFD0E,0xFCAD,0xFCAD,0xFC6C,
    0xFC4C,0xFC4C,0xFC8D,0xFCCE,0xFCAD,0xFC6D,0xFC6D,0xFC6D,0xCB49,0xD329,0xDA67,0xC1C6,0x5965,0x3904,0xEDF0,0xFF78,
    0xFF57,0xFED3,0xE570,0x41A6,0x5248,0xCC2B,0xFF98,0xFEB4,0xBC4C,0x39C7,0xE79D,0xE7BE,0xE7BE,0xE7BE,0xE7BE,0xE7BE,
    0xE7BE,0xE79D,0x18A3,0x69A6,0xCA28,0xFC2C,0xFC6D,0xFC6D,0xFBEB,0x4CAF,0x34CE,0x34AE,0x4D0E,0x65AF,0x3B4B,0x0883,
    0xE79D,0xE7BE,0xE7BE,0xE7BE,0xEFDE,0xEFDE,0xEFDE,0xEFDE,0xEFDE,0xEFDE,0xEFDE,0xEFDE,0xEFDE,0xEFDE,0xEFDE,0xEFDE,
    0xEFDE,0xEFDE,0xEFDE,0xEFDE,0xEFDE,0xEFDE,0xEFDE,0xEFDE,0xEFDE,0xEFDE,0xEFDE,0xEFDE,0xEFDE,0xEFDE,0xEFDE,0xEFDE,
    0xEFDE,0xEFDE,0xEFDE,0xEFDE,0xEFDE,0xEFDE,0xEFDE,0xEFDE,0xEFDE,0xEFDE,0xEFDE,0xEFDE,0xEFDE,0xEFDE,0xEFDE,0xEFDE,
    0xEFDE,0xEFDE,0xEFDE,0xEFDE,0xEFDE,0xEFDE,0xEFDE,0xE7BE,0x4A49,0x92E9,0xCBEB,0xDC0B,0xE40A,0xE409,0xE407,0xE405,
    0xEC67,0xAA66,0xEAEA,0xFC0B,0xFBCB,0xFBEB,0xF3AB,0xEB09,0xFBAA,0xFB69,0xFC2B,0xFC2C,0xFC4C,0xFC4C,0xFCAD,0xFCAD,
    0xFC6C,0xFC2C,0xFC2B,0xFC6D,0xFC8D,0xFC6D,0xFC4D,0xFC4D,0xFC8E,0xD3CB,0xE308,0xD1C6,0xB986,0x4124,0xFDF0,0xFEF4,
    0xFF36,0xF630,0xED90,0x51A6,0xC42C,0xFED4,0xFF99,0xFEB4,0xBC4C,0x2966,0xE79D,0xE7BE,0xE7BE,0xE7BE,0xE7BE,0xE7BD,
    0x9410,0x18C3,0x9987,0xF38B,0xFC8D,0xFC4C,0xFC4C,0xFC0B,0x82C9,0x34AE,0x34AE,0x34AE,0x4D0E,0x5DAF,0x8630,0x19A9,
    0xBE99,0xE7BE,0xE7BE,0xE7BE,0xEFDE,0xEFDE,0xEFDE,0xEFDE,0xEFDE,0xEFDE,0xEFDE,0xEFDE,0xEFDE,0xEFDE,0xEFDE,0xEFDE,
    0xEFDE,0xEFDE,0xEFDE,0xEFDE,0xEFDE,0xEFDE,0xEFDE,0xEFDE,0xEFDE,0xEFDE,0xEFDE,0xEFDE,0xEFDE,0xEFDE,0xEFDE,0xEFDE,
    0xEFDE,0xEFDE,0xEFDE,0xEFDE,0xEFDE,0xEFDE,0xEFDE,0xEFDE,0xEFDE,0xEFDE,0xEFDE,0xEFDE,0xEFDE,0xEFDE,0xEFDE,0xEFDE,
    0xEFDE,0xEFDE,0xEFDE,0xEFDE,0xEFDE,0xEFDE,0xEFBE,0xE7BE,0xE7BD,0x7B2C,0x6228,0xBB6B,0xD3AA,0xDBC9,0xDBE7,0xDC07,
    0xDC06,0xE3E7,0xA1C6,0xFB8A,0xFBEB,0xFC0B,0xFC4C,0xFC4C,0xFC4C,0xFC6D,0xFC4C,0xFC0B,0xFC4C,0xFC8D,0xFC6D,0xFC2C,
    0xF34A,0xEB29,0xF349,0xFB69,0xFB69,0xFB8A,0xFB8A,0xFC0B,0xFC4C,0xFC2C,0xE2C7,0xE207,0xC9E7,0xB9C6,0x7226,0xFE71,
    0xFF36,0xF611,0xD4AE,0x6985,0xEDB1,0xFF77,0xFF78,0xFE93,0xBC2C,0x2946,0xE79D,0xE7BD,0xE7BD,0xE7BE,0xE7BD,0x6AAA,
    0x2083,0xB1E7,0xFC6D,0xFC6C,0xFC8D,0xFC4D,0xFCCD,0xE2C8,0x2C2D,0x34AE,0x34AD,0x348E,0x452E,0x65AF,0x8671,0x11EA,
    0x4B0C,0xE79D,0xE7BE,0xE7BE,0xEFDE,0xEFDE,0xEFDE,0xEFDE,0xEFDE,0xEFDE,0xEFDE,0xEFDE,0xEFDE,0xEFDE,0xEFDE,0xEFDE,
    0xEFDE,0xEFDE,0xEFDE,0xEFDE,0xEFDE,0xEFDE,0xEFDE,0xEFDE,0xEFDE,0xEFDE,0xEFDE,0xEFDE,0xEFDE,0xEFDE,0xEFDE,0xEFDE,
    0xEFDE,0xEFDE,0xEFDE,0xEFDE,0xEFDE,0xEFDE,0xEFDE,0xEFDE,0xEFDE,0xEFDE,0xEFDE,0xEFDE,0xEFDE,0xEFDE,0xEFDE,0xEFDE,
    0xEFDE,0xEFDE,0xEFDE,0xEFDE,0xEFDE,0xEFBE,0xEFBE,0xE7BE,0xE7BE,0xE79D,0xD5F6,0x2926,0x4987,0x69C7,0xB348,0xD408,
    0xDBE7,0xDBC7,0xD306,0x8986,0xC186,0xFB69,0xFBEB,0xFC2C,0xFC8D,0xFCAE,0xFC6D,0xFC4D,0xFB69,0xFBCB,0xD1C6,0xD1C6,
    0xF2E8,0xFC2C,0xFC0C,0xFC2C,0xFC2C,0xFC2C,0xFC2C,0xFB49,0xFBCA,0xFC0B,0xFC0B,0xE2E8,0xDA47,0xB9A6,0x5165,0xF5AF,
    0xFEF5,0xF5F1,0xC42C,0x7A06,0xFF57,0xFF78,0xFF16,0xFE73,0x9B49,0x2986,0xE77D,0xE79D,0xE79D,0xE77D,0x2104,0xA9E9,
    0xEAEA,0xFC2B,0xFC6C,0xFC6C,0xFC8D,0xFCCE,0xFB08,0x2B09,0x2CAD,0x34AE,0x348D,0x348D,0x450E,0x65AF,0x7E30,0x11C9,
    0x1147,0xE79D,0xE7BE,0xE7BE,0xEFDE,0xEFDE,0xEFDE,0xEFDE,0xEFDE,0xEFDE,0xEFDE,0xEFDE,0xEFDE,0xEFDE,0xEFDE,0xEFDE,
    0xEFDE,0xEFDE,0xEFDE,0xEFDE,0xEFDE,0xEFDE,0xEFDE,0xEFDE,0xEFDE,0xEFDE,0xEFDE,0xEFDE,0xEFDE,0xEFDE,0xEFDE,0xEFDE,
    0xEFDE,0xEFDE,0xEFDE,0xEFDE,0xEFDE,0xEFDE,0xEFDE,0xEFDE,0xEFDE,0xEFDE,0xEFDE,0xEFDE,0xEFDE,0xEFDE,0xEFDE,0xEFDE,
    0xEFDE,0xEFDE,0xEFDE,0xEFDE,0xEFBE,0xEFBE,0xE7BE,0xE7BE,0xE79D,0xE77D,0xE75C,0xE79D,0xC5F6,0x934B,0x3925,0x4905,
    0x5905,0x78E5,0xB9E7,0xE2E8,0xD227,0xC9C6,0xE247,0xFB49,0xFBCA,0xFBAA,0xFBAA,0xFB89,0xF2C8,0xD1C6,0xC164,0xFC0C,
    0xFC6D,0xFC4C,0xFC2C,0xFC2C,0xFC4C,0xFC4C,0xFC2C,0xFC2C,0xFC2C,0xFBCB,0xFBCA,0xFC4D,0xDA88,0xB9C7,0x8186,0xE4CD,
    0xF672,0xEDD0,0x82C8,0xA3AB,0xFF57,0xFF77,0xFE93,0xF5D1,0x4984,0xBCD1,0xE77D,0xE77D,0xBD74,0x4145,0xC249,0xFBCC,
    0xFCCE,0xFC6C,0xFC6C,0xFCED,0xFD2E,0xF36B,0xB32A,0x2C6D,0x2C8E,0x348E,0x34AE,0x34AD,0x44EE,0x5D6F,0x7610,0x3C2D,
    0x0883,0xE79D,0xE7BE,0xE7BE,0xEFDE,0xEFDE,0xEFDE,0xEFDE,0xEFDE,0xEFDE,0xEFDE,0xEFDE,0xEFDE,0xEFDE,0xEFDE,0xEFDE,
    0xEFDE,0xEFDE,0xEFDE,0xEFDE,0xEFDE,0xEFDE,0xEFDE,0xEFDE,0xEFDE,0xEFDE,0xEFDE,0xEFDE,0xEFDE,0xEFDE,0xEFDE,0xEFDE,
    0xEFDE,0xEFDE,0xEFDE,0xEFDE,0xEFDE,0xEFDE,0xEFDE,0xEFDE,0xEFDE,0xEFDE,0xEFDE,0xEFDE,0xEFDE,0xEFDE,0xEFDE,0xEFDE,
    0xEFDE,0xEFDE,0xEFDE,0xEFDE,0xEFBE,0xE7BE,0xE7BE,0xE7BE,0xE7BD,0x83CF,0xB44F,0xBC91,0x82EB,0x61E7,0x5946,0xF2AA,
    0xF30B,0xFBEB,0xFBEA,0xFC2B,0xFC8C,0xFC6C,0xFB69,0xF349,0xF328,0xEAA7,0xEA66,0xE267,0xC1A5,0xF3AB,0xFC0B,0xFCCD,
    0xFC6D,0xFC6D,0xFC4C,0xFC4C,0xFC6D,0xFCAE,0xFC4D,0xFC4C,0xFC2C,0xFC4C,0xFC2C,0xFBCA,0xEB29,0xB187,0x8965,0xD3AB,
    0xF611,0xE56F,0x7AC7,0xF653,0xFF77,0xFED4,0xF610,0xBBAA,0x5144,0xBD74,0xDEB9,0xA491,0x38C3,0x9967,0xFBCB,0xFC2C,
    0xFCCD,0xFC8C,0xFCCD,0xFC8C,0xF3AC,0x32CA,0x240C,0x2C8D,0x34CE,0x34AE,0x34CE,0x34CD,0x5D4E,0x5D6F,0x658F,0x23AB,
    0x0863,0xE79D,0xE7BE,0xE7BE,0xEFDE,0xEFDE,0xEFDE,0xEFDE,0xEFDE,0xEFDE,0xEFDE,0xEFDE,0xEFDE,0xEFDE,0xEFDE,0xEFDE,
    0xEFDE,0xEFDE,0xEFDE,0xEFDE,0xEFDE,0xEFDE,0xEFDE,0xEFDE,0xEFDE,0xEFDE,0xEFDE,0xEFDE,0xEFDE,0xEFDE,0xEFDE,0xEFDE,
    0xEFDE,0xEFDE,0xEFDE,0xEFDE,0xEFDE,0xEFDE,0xEFDE,0xEFDE,0xEFDE,0xEFDE,0xEFDE,0xEFDE,0xEFDE,0xEFDE,0xEFDE,0xEFDE,
    0xEFDE,0xEFDE,0xEFDE,0xEFDE,0xEFBE,0xE7BE,0xE7BE,0xE7BE,0xE7BE,0x524A,0x9A69,0x7924,0x9165,0xCA89,0xFBEB,0xFC2C,
    0xFC6C,0xFC6C,0xFCCD,0xFC8C,0xFC6D,0xFC8D,0xFC4C,0xFBEB,0xFBAA,0xFB89,0xF308,0xA104,0xFCEE,0xFCED,0xFCAD,0xFC4C,
    0xFC6C,0xFC6C,0xFC4D,0xFC4C,0xFC6D,0xFC4C,0xFC2C,0xFC2C,0xFB8A,0xFB8A,0xFBEB,0xFC8E,0xF308,0xCA28,0x9986,0xA228,
    0xF5D0,0xBC0B,0xCC8C,0xFF36,0xFED4,0xFE52,0xE52E,0xA2C7,0xB267,0x5249,0x730C,0x7146,0xA166,0xFBAB,0xFBEB,0xFC2C,
    0xFC8D,0xFC8C,0xFCCE,0xFC0C,0x3987,0x140C,0x1C4C,0x34CE,0x2C8D,0x3CAD,0x3CCD,0x4D2E,0x5D6E,0x5D6E,0x658F,0x7611,
    0x0863,0xE79D,0xE7BE,0xE7BE,0xEFDE,0xEFDE,0xEFDE,0xEFDE,0xEFDE,0xEFDE,0xEFDE,0xEFDE,0xEFDE,0xEFDE,0xEFDE,0xEFDE,
    0xEFDE,0xEFDE,0xEFDE,0xEFDE,0xEFDE,0xEFDE,0xEFDE,0xEFDE,0xEFDE,0xEFDE,0xEFDE,0xEFDE,0xEFDE,0xEFDE,0xEFDE,0xEFDE,
    0xEFDE,0xEFDE,0xEFDE,0xEFDE,0xEFDE,0xEFDE,0xEFDE,0xEFDE,0xEFDE,0xEFDE,0xEFDE,0xEFDE,0xEFDE,0xEFDE,0xEFDE,0xEFDE,
    0xEFDE,0xEFDE,0xEFDE,0xEFBE,0xEFBE,0xE7BE,0xE79D,0xE79D,0xE79D,0xA4B2,0x71C7,0xEAA8,0xFBAA,0xFC0B,0xFC2B,0xFC4C,
    0xFCAC,0xFCAD,0xFC6C,0xFC2C,0xFC0B,0xFC0B,0xFC0B,0xFBEB,0xFBAA,0xFB08,0xD248,0xF3EB,0xFD0E,0xFD2E,0xFC4B,0xFC2C,
    0xFC8C,0xFC6D,0xFCCE,0xFC4C,0xFC2C,0xFC0B,0xFB8A,0xFBCB,0xFC2C,0xFC4D,0xFC6C,0xFC4D,0xFBCA,0xEAA8,0xA187,0xB248,
    0xF631,0xD4CC,0xFF56,0xFF16,0xFE72,0xEDD0,0x81E4,0xA165,0xB9E6,0x61E7,0x4146,0xDA48,0xF32A,0xFC0B,0xFC0B,0xFC2C,
    0xFCAD,0xFD2F,0xFC6D,0xB30A,0x0AA8,0x1C2C,0x242C,0x34AE,0x3CCD,0x3CCD,0x3CEE,0x4D4E,0x5D6E,0x5D6E,0x6DD0,0x8ED4,
    0x0884,0xE79D,0xE7BE,0xE7BE,0xE7BE,0xEFDE,0xEFDE,0xEFDE,0xEFDE,0xEFDE,0xEFDE,0xEFDE,0xEFDE,0xEFDE,0xEFDE,0xEFDE,
    0xEFDE,0xEFDE,0xEFDE,0xEFDE,0xEFDE,0xEFDE,0xEFDE,0xEFDE,0xEFDE,0xEFDE,0xEFDE,0xEFDE,0xEFDE,0xEFDE,0xEFDE,0xEFDE,
    0xEFDE,0xEFDE,0xEFDE,0xEFDE,0xEFDE,0xEFDE,0xEFDE,0xEFDE,0xEFDE,0xEFDE,0xEFDE,0xEFDE,0xEFBE,0xEFBE,0xEFBE,0xEFDE,
    0xEFDE,0xEFDE,0xEFBE,0xE7BE,0xCE79,0x61E8,0x82CB,0xE73B,0xDF5C,0xE75C,0x9C10,0x9966,0xEAE8,0xF329,0xF2E8,0xF2C8,
    0xF2A7,0xF2E8,0xFBCB,0xFC0B,0xFC4C,0xFC4C,0xFBEB,0xFB8A,0xF308,0xC1A5,0xFC6D,0xFC8D,0xFD4E,0xFD2E,0xFCED,0xFC8C,
    0xFCCD,0xFC8D,0xFC8C,0xFC4C,0xFBEB,0xF2E8,0xFC8E,0xFC8D,0xFC6D,0xFC6D,0xFC6D,0xFC4C,0xFC2C,0xF349,0xBA07,0xDC8C,
    0xC46B,0xFEF5,0xF652,0xEE11,0xD52E,0x8B49,0xB9A5,0xC1A6,0xB9A6,0x30E4,0xB1A7,0xE268,0xFB8A,0xFC4C,0xFC0B,0xFC2C,
    0xFCEE,0xFC6C,0xFC2C,0xAC2C,0x1BCC,0x1BEC,0x344C,0x34AE,0x34EE,0x34EE,0x454F,0x5D8E,0x5D8F,0x658F,0x65AF,0x96D5,
    0x0883,0xE79D,0xE7BE,0xE7BE,0xE7BE,0xEFDE,0xEFDE,0xEFDE,0xEFDE,0xEFDE,0xEFDE,0xEFDE,0xEFDE,0xEFDE,0xEFDE,0xEFDE,
    0xEFDE,0xEFDE,0xEFDE,0xEFDE,0xEFDE,0xEFDE,0xEFDE,0xEFDE,0xEFDE,0xEFDE,0xEFDE,0xEFDE,0xEFDE,0xEFDE,0xEFDE,0xEFDE,
    0xEFDE,0xEFDE,0xEFDE,0xEFDE,0xEFDE,0xEFDE,0xEFDE,0xEFDE,0xEFDE,0xE7BE,0xE7BE,0xEFDE,0xE7BE,0xEFBE,0xEFBE,0xEFDE,
    0xEFDE,0xEFDE,0xEFBE,0xE7BE,0xC617,0x6966,0xDAE9,0x59C6,0x72AA,0xB4D2,0xAC71,0x5125,0xB166,0xB986,0xB985,0xB924,
    0xF3AA,0xFBEB,0xFC2C,0xFCAD,0xFC8D,0xFC2C,0xFC6D,0xFB8A,0xB984,0xF38A,0xFC8D,0xFC6C,0xFCED,0xFD0E,0xFC8C,0xFD4F,
    0xFD0E,0xFC8C,0xFC6C,0xFBEB,0xD9E5,0xFCAE,0xFCCE,0xFC8D,0xFC8D,0xFC6D,0xFC6D,0xFC6D,0xFC0C,0xFC2C,0xEA87,0xE50D,
    0xDD4E,0xE58F,0xDD6F,0x7AC8,0xA368,0xCC2B,0xC2E9,0xC9A6,0xB9A6,0x9987,0xD1A6,0xEA88,0xFBAA,0xFBCB,0xFC2C,0xFC0C,
    0xFC6C,0xFC0B,0xFB6A,0x1248,0x1BEC,0x242D,0x446C,0x34CE,0x450E,0x3CEE,0x5D8F,0x5D8F,0x5D8F,0x658F,0x75F0,0x44EF,
    0x0883,0xE79D,0xE7BD,0xE7BE,0xE7BE,0xEFDE,0xEFDE,0xEFDE,0xEFDE,0xEFDE,0xEFDE,0xEFDE,0xEFDE,0xEFDE,0xEFDE,0xEFDE,
    0xEFDE,0xEFDE,0xEFDE,0xEFDE,0xEFDE,0xEFDE,0xEFDE,0xEFDE,0xEFDE,0xEFDE,0xEFDE,0xEFDE,0xEFDE,0xEFDE,0xEFDE,0xEFDE,
    0xEFDE,0xEFDE,0xEFDE,0xEFDE,0xEFDE,0xEFDE,0xEFDE,0xEFDE,0xE7BE,0xE7BE,0xE7BE,0x6AAB,0xE75D,0xE7BE,0xEFBE,0xEFDE,
    0xEFDE,0xEFBE,0xEFBE,0xE7BE,0xE79D,0x4946,0xD227,0xFC8C,0xF42C,0x6905,0x7904,0x9105,0x9904,0xF36A,0xF329,0xFC0B,
    0xFC4C,0xFCAD,0xFCAD,0xFC6D,0xFC6D,0xFC4C,0xFBCA,0xE267,0xDA47,0xFC2C,0xFC4C,0xFC2C,0xFC6C,0xFC8C,0xFCED,0xFCEE,
    0xFC6C,0xFC6C,0xFBEB,0xD185,0xFC6C,0xFCAD,0xFC8D,0xFC6D,0xFC8D,0xFC6D,0xFC4C,0xFBCB,0xFC6D,0xFC2C,0xFBEB,0xE1A5,
    0xCC6B,0xABAA,0x9B8A,0xD4EE,0xDD4F,0xE58F,0xF6B4,0xF5F0,0x9104,0xB9A6,0xD206,0xE267,0xFB8A,0xFBAA,0xFBCB,0xFC4C,
    0xFBEB,0xFBCA,0xA9C7,0x0B0A,0x1C2D,0x1C2D,0x3C6C,0x3D0E,0x2CEE,0x452E,0x5D8F,0x5D8F,0x658F,0x658F,0x65AE,0x240C,
    0x1082,0x5B0A,0x73CE,0xE79D,0xE7BE,0xEFDE,0xEFDE,0xEFDE,0xEFDE,0xEFDE,0xEFDE,0xEFDE,0xEFDE,0xEFDE,0xEFDE,0xEFDE,
    0xEFDE,0xEFDE,0xEFDE,0xEFDE,0xEFDE,0xEFDE,0xEFDE,0xEFDE,0xEFDE,0xEFDE,0xEFDE,0xEFDE,0xEFDE,0xEFDE,0xEFDE,0xEFDE,
    0xEFDE,0xEFDE,0xEFDE,0xEFDE,0xEFDE,0xEFDE,0xEFDE,0xEFDE,0xE7BE,0xE7BE,0x49C7,0xF30B,0x7269,0xEFBD,0xE7BE,0xEFBE,
    0xEFBE,0xEFBE,0xE7BE,0xE7BE,0xE7BE,0xB514,0xAA07,0xF389,0xFC4B,0xFC6C,0xFC6C,0xFC8C,0xFC2C,0xFC2C,0xFCAD,0xFC8D,
    0xFD2E,0xFC6C,0xFC6C,0xFC6C,0xFC2C,0xFBEB,0xF2C8,0xC185,0xFC2D,0xFC0B,0xFC2C,0xFC2C,0xFC4C,0xFCEE,0xFC6C,0xFC6C,
    0xFC4B,0xFBCA,0xF2A8,0xF3CB,0xFCAD,0xFC6C,0xFC4C,0xFC4C,0xFCAE,0xFC4C,0xFBCB,0xFBCB,0xFC2C,0xFC4D,0xFC4D,0xFC0B,
    0xB205,0xF56D,0xF58E,0xFE11,0xFEF5,0xFF56,0xFF36,0xFF36,0xFE52,0xFCED,0xFCAC,0xFC6B,0xFC2C,0xFB29,0xFBEB,0xFBCA,
    0xFC0B,0xB34A,0x01A8,0x0BAB,0x242D,0x346E,0x448C,0x3CCD,0x3D2F,0x5DAF,0x5DAF,0x5D8F,0x5D8F,0x658E,0x6DEE,0x1288,
    0x6142,0xC302,0x9242,0x62EA,0xE7BE,0xEFDE,0xEFDE,0xEFDE,0xEFDE,0xEFDE,0xEFDE,0xEFDE,0xEFDE,0xEFDE,0xEFDE,0xEFDE,
    0xEFDE,0xEFDE,0xEFDE,0xEFDE,0xEFDE,0xEFDE,0xEFDE,0xEFDE,0xEFDE,0xEFDE,0xEFDE,0xEFDE,0xEFDE,0xEFDE,0xEFDE,0xEFDE,
    0xEFDE,0xEFDE,0xEFDE,0xEFDE,0xEFDE,0xEFDE,0xEFDE,0xE7BE,0xE7BE,0xE79D,0x4125,0xF32A,0xEB09,0x50E4,0xA4B2,0xE79E,
    0xE7BE,0xE7BE,0xE7BE,0xE7BE,0xE79D,0xE77D,0x938E,0xD1A6,0xF349,0xFCAD,0xFC8D,0xFC6C,0xFCAD,0xFC6C,0xFD2F,0xFC8D,
    0xFC6D,0xFC6C,0xFC4C,0xFBEB,0xFC0B,0xF286,0xA0C3,0xC9E6,0xFC2C,0xFC2C,0xFC2C,0xFC2C,0xFCAD,0xFC4C,0xFC6C,0xFC4C,
    0xFC4C,0xF308,0xB0E3,0xFCAD,0xFD2E,0xFC6C,0xFC4C,0xFCAD,0xFCCE,0xFC6D,0xFB8A,0xFC0B,0xFC4C,0xFC6D,0xFC6D,0xFC4D,
    0xEB6A,0xFE92,0xFED3,0xFF15,0xFF56,0xFF57,0xFF57,0xFF56,0xFF57,0xFE11,0xF4CC,0xF40B,0xE247,0xFB29,0xFB8A,0xFBEB,
    0xCBAA,0x1248,0x83E7,0x13AB,0x244D,0x3C6D,0x4CAC,0x2CAD,0x4D6F,0x5D8F,0x5D8F,0x5D8F,0x5D8E,0x65EF,0x5DD0,0x0985,
    0xF70E,0xFF0C,0xF542,0x81C2,0x630A,0xEFDE,0xEFDE,0xEFDE,0xEFDE,0xEFDE,0xEFDE,0xEFDE,0xEFDE,0xEFDE,0xEFDE,0xEFDE,
    0xEFDE,0xEFDE,0xEFDE,0xEFDE,0xEFDE,0xEFDE,0xEFDE,0xEFDE,0xEFDE,0xEFDE,0xEFDE,0xEFDE,0xEFDE,0xEFDE,0xEFDE,0xEFDE,
    0xEFDE,0xEFDE,0xEFDE,0xEFDE,0xEFDE,0xEFDE,0xEFDE,0xE7BE,0xE7BE,0xE79D,0x4925,0xF34A,0xFC2C,0xD247,0x8965,0x930B,
    0xC5B6,0xDEDA,0xE77D,0xE77D,0xE75C,0xDEBA,0xCDD6,0x40C4,0xD9E6,0xFB4A,0xFC0C,0xFC0B,0xFC0B,0xFC0C,0xFC4C,0xFC4C,
    0xFC6C,0xFC4C,0xFC4C,0xFC0C,0xFB69,0xE267,0xC9E6,0xFC2C,0xFC2C,0xFC2C,0xFC2B,0xFC4C,0xFC6D,0xFC4C,0xFC4C,0xFC0C,
    0xFBAA,0xF2C9,0xD226,0xFCCD,0xFD4E,0xFD6E,0xFCED,0xFCAD,0xFCAD,0xFC2C,0xFBAA,0xFC8D,0xFC4C,0xFC6C,0xFCAE,0xFC8E,
    0xF38B,0xAA46,0xFF36,0xFF15,0xFF9A,0xFFBA,0xFF57,0xFF56,0xFF57,0xFEB4,0xFDB0,0xEB49,0xDA47,0xFB4A,0xFB29,0xFB4A,
    0x9D0E,0xE3AB,0x7124,0x23EC,0x242C,0x3C8D,0x4CAC,0x4CED,0x5D6F,0x5D8F,0x5D8F,0x5D6F,0x65AF,0x65F0,0x1C8E,0xED69,
    0xFFB9,0xF793,0xF5C3,0xC301,0x20E2,0xEFDE,0xEFDE,0xEFDE,0xEFDE,0xEFDE,0xEFDE,0xEFDE,0xEFDE,0xEFDE,0xEFDE,0xEFDE,
    0xEFDE,0xEFDE,0xEFDE,0xEFDE,0xEFDE,0xEFDE,0xEFDE,0xEFDE,0xEFDE,0xEFDE,0xEFDE,0xEFDE,0xEFDE,0xEFDE,0xEFDE,0xEFDE,
    0xEFDE,0xEFDE,0xEFDE,0xEFDE,0xEFDE,0xEFDE,0xEFDE,0xE7BE,0xE7BE,0xE79D,0x3925,0xEB09,0xFC0B,0xFC8D,0xFC4C,0xC164,
    0x8185,0x79E7,0x3126,0x3146,0x61C7,0x5986,0x6165,0x7925,0x80E4,0xC9C6,0xE247,0xF309,0xFB29,0xFB69,0xFBAA,0xFC4C,
    0xFC4C,0xFC4C,0xFC2C,0xF2E8,0xEAC8,0xA145,0xFC4D,0xFC2D,0xFC2C,0xFC2C,0xFC2C,0xFC4C,0xFC4C,0xFC2C,0xFC2C,0xFB8A,
    0xFB29,0xD227,0xFC2C,0xFCAD,0xFC6C,0xFD0E,0xFCED,0xFD2E,0xFC6C,0xFC0C,0xFB8A,0xFC6D,0xFC4C,0xFC4C,0xFC8D,0xFC8D,
    0xFCCF,0xB1A6,0xF672,0xFF78,0xFF98,0xFF78,0xFF57,0xFF36,0xFF36,0xFF36,0xFED5,0xFDD0,0xFC6C,0xF2E8,0xFB29,0xFBCB,
    0xFBAB,0xFB8A,0x5186,0x1C0C,0x242C,0x2C8D,0x2C8D,0x54EC,0x5D6E,0x5D6E,0x5D4E,0x5D6F,0x5D6F,0x65D0,0x0B4A,0xDBC3,
    0xF5A3,0xF582,0xE481,0xCB01,0x28E3,0xEFDE,0xEFDE,0xEFDE,0xEFDE,0xEFDE,0xEFDE,0xEFDE,0xEFDE,0xEFDE,0xEFDE,0xEFDE,
    0xEFDE,0xEFDE,0xEFDE,0xEFDE,0xEFDE,0xEFDE,0xEFDE,0xEFDE,0xEFDE,0xEFDE,0xEFDE,0xEFDE,0xEFDE,0xEFDE,0xEFDE,0xEFDE,
    0xEFDE,0xEFDE,0xEFDE,0xEFDE,0xEFDE,0xEFDE,0xE7BE,0xE7BE,0xE7BE,0xE7BE,0x4126,0xE288,0xFBAB,0xFC4C,0xFCAD,0xFCCE,
    0xFC6D,0xFC0B,0xA9C6,0xA186,0xB186,0xC9C6,0xFC8D,0xFC4C,0xFC0B,0xFBCB,0xC986,0xC986,0xDA06,0xFB49,0xFC0B,0xFC4C,
    0xFBCB,0xFB6A,0xFB29,0xF2C9,0xA144,0xDA88,0xFC4C,0xFC2C,0xFC2C,0xFC2C,0xFC2C,0xFC4C,0xFC4C,0xFC0C,0xFBCA,0xF309,
    0xE267,0xA986,0xFCCE,0xFC6C,0xFC6C,0xFD2E,0xFC4C,0xFC6C,0xFC2C,0xFBCB,0xFBAB,0xFC8D,0xFCAD,0xFC4C,0xFC6D,0xFCAE,
    0xFCAE,0xD206,0xE5B0,0xFF99,0xFF98,0xFF77,0xFEF5,0xFE91,0xFE71,0xFE93,0xFF36,0xF5AF,0xDA87,0xE247,0xFB29,0xFBCB,
    0xF329,0xCA27,0x01C8,0x142D,0x1C4D,0x2CAE,0x3CCD,0x4D2D,0x554E,0x5D4E,0x5D6E,0x5D6E,0x554E,0x2C8D,0x132B,0xBAE2,
    0xDC01,0xED01,0xC361,0x8A23,0x2903,0xEFDE,0xEFDE,0xEFDE,0xEFDE,0xEFDE,0xEFDE,0xEFDE,0xEFDE,0xEFDE,0xEFDE,0xEFDE,
    0xEFDE,0xEFDE,0xEFDE,0xEFDE,0xEFDE,0xEFDE,0xEFDE,0xEFDE,0xEFDE,0xEFDE,0xEFDE,0xEFDE,0xEFDE,0xEFDE,0xEFDE,0xE7BE,
    0xE7BE,0xE7BE,0xE7BE,0xEFDE,0xEFDE,0xEFDE,0xE7BE,0xE7BE,0xE7BE,0xE7BE,0xE77D,0xA187,0xEAC8,0xFBCA,0xFC6C,0xFC4C,
    0xFCAD,0xFC2C,0xF40B,0xF40C,0xFC4C,0xFC8D,0xFCAD,0xFC6C,0xFC4C,0xFC4C,0xFC4D,0xFC6D,0xFC0C,0xFC2C,0xFBEB,0xFB49,
    0xF247,0xEA68,0xD227,0xA104,0xE2E9,0xFC2C,0xFC4C,0xFC4C,0xFC2C,0xFC2C,0xFC2C,0xFC4C,0xFC2C,0xFB69,0xFB49,0xF2A8,
    0xB1C6,0xA165,0xFCCD,0xFC8D,0xFC6C,0xFC6C,0xFC6C,0xFC2B,0xFBCA,0xEA87,0xFB4A,0xFC8D,0xFCAD,0xFC8D,0xFC8D,0xFC8D,
    0xFCAE,0xDA87,0xCBAA,0xFF78,0xFF56,0xFEF5,0xFE10,0xFE72,0xFDD0,0xFDF0,0xFE51,0xFEF4,0xD2A8,0xEAC8,0xEAC8,0xEAC8,
    0xBA07,0x09C8,0x13AB,0x140D,0x34AE,0x44AD,0x44ED,0x4D0D,0x34AD,0x3CED,0x3CCD,0x2CAD,0x1C4C,0x3CCD,0x1B4A,0x0883,
    0x9282,0xBB01,0x81E2,0x18C2,0xE7BE,0xE7BE,0xEFDE,0xEFDE,0xEFDE,0xEFDE,0xEFDE,0xEFDE,0xEFDE,0xEFDE,0xEFDE,0xEFDE,
    0xEFDE,0xEFDE,0xEFDE,0xEFDE,0xEFDE,0xEFDE,0xEFDE,0xEFDE,0xEFDE,0xEFDE,0xEFDE,0xEFDE,0xEFDE,0xEFDE,0xEFDE,0xE7BE,
    0xE77D,0x73CF,0xE79D,0xEFDE,0xEFDE,0xE7BE,0xE7BE,0xE7BE,0xE7BE,0xE7BE,0xEFDE,0x7988,0xDA26,0xFB08,0xFC0B,0xFC0B,
    0xFC2C,0xFC4C,0xFC6D,0xFC4C,0xFC6C,0xFC4C,0xFCCE,0xFC0B,0xFC2C,0xFBCA,0xFBEB,0xFC0B,0xFBCB,0xB1A6,0xA945,0x9145,
    0x9145,0x8924,0xF3AB,0xF3CB,0xFC2C,0xFC2C,0xFC4C,0xFC4C,0xFC4C,0xFC4C,0xFC0C,0xFBAA,0xFB8A,0xFB29,0xEA27,0xB9A6,
    0xB2C8,0xA944,0xFCCE,0xFC8D,0xFC6D,0xFC4C,0xFCAD,0xFBCA,0xFB49,0xC984,0xFBAA,0xFC4C,0xFD0E,0xFC8D,0xFC6D,0xFC4D,
    0xFC6D,0xE267,0x58A1,0xFF37,0xFF15,0xFE93,0xFDF0,0xFD8F,0xFDB0,0xFD8F,0xFDD0,0xFED3,0xF50D,0xF3CA,0xEAE8,0xF309,
    0xDA47,0x4145,0x1B4A,0x240C,0x240C,0x3C6D,0x246E,0x3D0E,0x4D6E,0x452E,0x5D6E,0x554E,0x5D4E,0x556E,0x2B8C,0x0882,
    0x3186,0x2965,0x2966,0xE79D,0xE7BE,0xE7BE,0xEFDE,0xEFDE,0xEFDE,0xEFDE,0xEFDE,0xEFDE,0xEFDE,0xEFDE,0xEFDE,0xEFDE,
    0xEFDE,0xEFDE,0xEFDE,0xEFDE,0xEFDE,0xEFDE,0xEFDE,0xEFDE,0xEFDE,0xEFDE,0xEFDE,0xEFDE,0xEFDE,0xEFDE,0xE7BE,0xE7BE,
    0x4A6A,0x9A4A,0x2125,0xEFDE,0xE7BE,0xE7BE,0xE7BE,0xE7BE,0xE7BE,0xE7BE,0xE7BE,0x4946,0x8146,0xEA67,0xFB28,0xFB08,
    0xFC0B,0xFC0B,0xFC2C,0xFC8D,0xFC4C,0xFC2C,0xFC0B,0xFC2C,0xFC8D,0xFB8A,0xFB8A,0xFB8A,0xFBAA,0xFB2A,0x80E3,0xEB2A,
    0xFB8A,0xF3EB,0xFC2B,0xFC4C,0xFC2C,0xFC2C,0xFC2C,0xFC2C,0xFC0C,0xFBAA,0xFB6A,0xFB8A,0xEAC8,0xE268,0xA945,0xCAE8,
    0xE48B,0xA944,0xFC8D,0xFC6D,0xFC4C,0xFC8D,0xFC0C,0xFB6A,0xF2A8,0x90C3,0xFBEB,0xFC4C,0xFCEE,0xFCCD,0xFC4D,0xFC4D,
    0xFC4C,0xEA46,0x5881,0xFF36,0xFE93,0xFD8F,0xF52D,0x71C7,0x5186,0xFBEB,0xF42B,0xFD4E,0xFDAE,0xC266,0xDA67,0xE268,
    0x71C9,0x0A6A,0x238C,0x13AD,0x1C2E,0x3CCD,0x3CED,0x4D4E,0x5D8E,0x658F,0x658F,0x658F,0x5D8F,0x65AE,0x0966,0x10A2,
    0xE79D,0xE79D,0xE79D,0xE7BD,0xE7BE,0xE7BE,0xEFDE,0xEFDE,0xEFDE,0xEFDE,0xEFDE,0xEFDE,0xEFDE,0xEFDE,0xEFDE,0xEFDE,
    0xEFDE,0xEFDE,0xEFDE,0xEFDE,0xEFDE,0xEFDE,0xEFDE,0xEFDE,0xEFDE,0xEFDE,0xEFDE,0xEFDE,0xEFDE,0xEFDE,0xE7BE,0xE7BE,
    0x3A29,0xA1A7,0xA166,0x3146,0xC659,0xE7BE,0xE7BE,0xE7BE,0xE7BE,0xE7BE,0xE7BE,0xD699,0x7208,0xC1C7,0xEA47,0xFB08,
    0xFB49,0xFB89,0xFBCB,0xFBEB,0xFC0B,0xFBEC,0xFBCB,0xFBAA,0xFB8A,0xFB69,0xF2E8,0xFB09,0xF2E9,0xE247,0xD208,0xA145,
    0xD1C6,0xE247,0xEAC8,0xFB6A,0xFB29,0xFB49,0xFB29,0xFB89,0xFB89,0xFBEB,0xFAE8,0xF288,0xE288,0x9124,0xB268,0xE48B,
    0xFDF0,0xA923,0xFC2C,0xFC4C,0xFC4D,0xFC6D,0xFBEB,0xFAE9,0xD288,0xB1A5,0xFC0C,0xFCEE,0xFC8D,0xFC6C,0xFC2C,0xFC4C,
    0xFC4C,0xEA26,0x68A2,0xFE72,0xFD0E,0xF4AD,0x0044,0x0044,0x0043,0x0042,0x40A5,0xFCCD,0xFE0F,0xE429,0xC9C7,0xB1E8,
    0x0905,0x0B6D,0x1BCC,0x242D,0x34CD,0x3CEC,0x556E,0x556E,0x5D6E,0x658E,0x65AF,0x658F,0x65AF,0x54AE,0x0862,0xB616,
    0xE79D,0xE7BD,0xE7BD,0xE7BD,0xE7BE,0xE7BE,0xE7BE,0xE7BE,0xEFDE,0xEFDE,0xEFDE,0xEFDE,0xEFDE,0xEFDE,0xEFDE,0xEFDE,
    0xEFDE,0xEFDE,0xEFDE,0xEFDE,0xEFDE,0xEFDE,0xEFDE,0xEFDE,0xEFDE,0xEFDE,0xEFDE,0xEFDE,0xEFDE,0xEFDE,0xE7BE,0xE7BE,
    0x31C8,0x9187,0xEB2A,0xBA28,0x2083,0x2926,0xBE17,0xE79D,0xE79D,0xE79D,0xE77D,0xE75C,0xCDD6,0x79C7,0xA987,0xC1C7,
    0xE207,0xF329,0xF36A,0xEB29,0xDA88,0xD247,0xE247,0xF2A8,0xFB49,0xFB49,0xEA88,0xE227,0xD9E6,0xD1E7,0xD1C6,0xC2A8,
    0xE4CE,0xC36A,0xA945,0xD207,0xD207,0xD1E6,0xE206,0xFBAA,0xF2C8,0xE248,0xB9C6,0xA1A6,0xAA07,0xEC6D,0xF5B0,0xFF36,
    0xD44C,0xDA46,0xFC0B,0xFC2C,0xFC6C,0xFBEB,0xFB6A,0xDA26,0x99A4,0x9924,0xFC2B,0xFCCD,0xFC6C,0xFC4C,0xFC2C,0xFC2C,
    0xFC4C,0xEA67,0x8903,0xFE31,0xF44B,0x0002,0x0042,0x0002,0x0022,0x00E5,0x0042,0x834A,0xF54E,0xF4CA,0xB9C7,0x89A7,
    0x0AEB,0x0B8D,0x1BCC,0x2C6D,0x34CD,0x450D,0x4D2E,0x5D2D,0x5D6E,0x656E,0x658E,0x75F1,0x96B2,0x338C,0x0883,0xE79D,
    0xE7BD,0xE7BD,0xE7BD,0xE7BD,0x840E,0x62EB,0xE7BE,0xE7BE,0xE7BE,0xEFDE,0xEFDE,0xEFDE,0xEFDE,0xEFDE,0xEFDE,0xEFDE,
    0xEFDE,0xEFDE,0xEFDE,0xEFDE,0xEFDE,0xEFDE,0xEFDE,0xEFDE,0xEFDE,0xEFDE,0xEFDE,0xEFDE,0xEFDE,0xEFDE,0xE7BE,0xE7BE,
    0x2987,0x5A08,0x4B4A,0xF36B,0xE34A,0x7A08,0x1083,0x18C4,0xCE99,0xDEFB,0xDF3C,0xE75C,0xDEDA,0xBD12,0x61A8,0xA146,
    0xD207,0xD227,0x40C3,0x48A3,0x60C4,0x68E4,0x60E4,0x58C4,0xC226,0xE268,0xE247,0xC9C6,0xB9C6,0xD309,0xEC6D,0xFE52,
    0xFEB4,0xFEF4,0xFEF4,0xAA05,0xB1C5,0xA165,0xA924,0xA104,0x9924,0x8924,0xD3AA,0xF4AE,0xEC8B,0xFE31,0xFEB3,0xFF58,
    0xDC2C,0xFC2B,0xFC2B,0xFC2C,0xFBEB,0xFB69,0xEAC7,0x9183,0xE44A,0x9124,0xFBCB,0xFCAD,0xFC6D,0xFC4C,0xFC2C,0xFC4C,
    0xFC6D,0xD1E7,0x8924,0xF56E,0xE3EC,0x0843,0x9D31,0x08A5,0x00A5,0x00A6,0x3CAC,0x0883,0x9B0A,0xF4AB,0x8966,0x01E7,
    0x02CA,0x0B4C,0x1B8B,0x23ED,0x34AD,0x450E,0x554E,0x554D,0x5D8E,0x656E,0x658E,0x65AF,0xA733,0x08E6,0x8471,0xE7BE,
    0xE7BD,0xE7BD,0xE7BD,0xCEB9,0x9AE6,0x8A86,0xA512,0xE79D,0xE7BE,0xEFDE,0xEFDE,0xEFDE,0xEFDE,0xEFDE,0xEFDE,0xEFDE,
    0xEFDE,0xEFDE,0xEFDE,0xEFDE,0xEFDE,0xEFDE,0xEFDE,0xEFDE,0xEFDE,0xEFDE,0xEFDE,0xEFDE,0xEFDE,0xEFDE,0xE7BE,0xE7BE,
    0x2146,0x0968,0x75B0,0x2B8A,0xFC2C,0xFBEB,0xA9A6,0x6946,0x18A3,0x18C4,0x6A8B,0x7B2D,0x836D,0x7AEB,0x3945,0x2884,
    0x60E4,0x60C3,0x8944,0x9144,0xE246,0xFC4C,0xFC2C,0xDAC8,0xA9A5,0x9924,0x9124,0x9104,0xF530,0xF54F,0xFE94,0xFEB4,
    0xFEF4,0xFF57,0xFF56,0xFE31,0xF632,0xED0E,0xE4ED,0xE4ED,0xECED,0xECED,0xF58F,0xF631,0xFED3,0xFF35,0xFF57,0xFFDA,
    0xD287,0xFBEB,0xFC4C,0xFBEB,0xFB6A,0xF287,0xDB06,0xD408,0xE4AB,0xB185,0xFB8A,0xFC2C,0xFC4C,0xFC4C,0xFC4C,0xFC2C,
    0xFC0B,0xC9C7,0x8985,0xF4EC,0x0821,0x0001,0x3AAC,0x0085,0x0107,0x0128,0x0085,0x5BAB,0x10A4,0xFCAC,0x6165,0x0AAB,
    0x0B0B,0x0AEA,0x1BAC,0x240D,0x1C2D,0x34AD,0x3CCE,0x554F,0x552D,0x5D6E,0x658E,0x7E51,0x1987,0x08A4,0xE77D,0xE7BD,
    0xE7BD,0xE79D,0xE77C,0x4123,0xED66,0xCBA3,0x5944,0xDF5B,0xE7BE,0xEFDE,0xEFDE,0xEFDE,0xEFDE,0xEFDE,0xEFDE,0xEFDE,
    0xEFDE,0xEFDE,0xEFDE,0xEFDE,0xEFDE,0xEFDE,0xEFDE,0xEFDE,0xEFDE,0xEFDE,0xEFDE,0xEFDE,0xEFDE,0xEFDE,0xE7BE,0xE7BE,
    0x2147,0x09A8,0x7E30,0x654E,0x6BAA,0xF3AA,0xFC0B,0xFC2C,0xFC2B,0xFC4C,0x81E7,0x7986,0x79A6,0x8186,0xEB09,0xF38B,
    0xF34A,0xEB09,0xFC0B,0xFC2C,0xFC4C,0xFC4C,0xFC4C,0xFC8D,0xFCEE,0xFC4C,0xFC8D,0xFB8A,0xFB8A,0xEAA7,0xEC2B,0xFF58,
    0xFF57,0xFF57,0xFF57,0xFF57,0xFF77,0xFF56,0xFF35,0xFF15,0xFF36,0xFF56,0xFF57,0xFF78,0xFF57,0xFF57,0xFF36,0xFFDA,
    0xEAC9,0xFC4D,0xFBEB,0xFB29,0xEA48,0x8925,0xD367,0xF58D,0xFEB2,0xF389,0xEB4A,0xFC2C,0xFC4C,0xFC4C,0xFC6C,0xFC0B,
    0xFB6A,0xB986,0xFDAE,0xF52C,0x0842,0xA4F1,0x10E5,0x0085,0xDF7B,0x00C7,0x0084,0x3249,0x0042,0xF52D,0x7904,0x9986,
    0x6207,0x1B0A,0x1B6B,0x2C2D,0x2CCE,0x34CD,0x34AD,0x3D0F,0x554D,0x658D,0x6DCF,0x4CAF,0x0062,0xB638,0xE7BD,0xE7BD,
    0xE7BD,0xE77C,0x6A45,0xC3A5,0xFE6A,0xFE69,0x7941,0x4A07,0xE7BE,0xEFDE,0xEFDE,0xEFDE,0xEFDE,0xEFDE,0xEFDE,0xEFDE,
    0xEFDE,0xEFDE,0xEFDE,0xEFDE,0xEFDE,0xEFDE,0xEFDE,0xEFDE,0xEFDE,0xEFDE,0xEFDE,0xEFDE,0xEFDE,0xEFDE,0xE7BE,0xE7BE,
    0x2988,0x11E9,0x7E30,0x4CAD,0x346D,0x11E7,0xFBAB,0xFC4C,0xFC6D,0xFCAD,0xFCCD,0xFC8C,0xFC6C,0xFC8D,0xFC8D,0xFC6D,
    0xFC4C,0xFC0C,0xFC2C,0xFC4C,0xFCAD,0xFCCD,0xFC8C,0xFC6D,0xFC6C,0xFC8D,0xFC6D,0xFC4C,0xFBEB,0xFBCB,0xFBAA,0xFC0B,
    0xFDB0,0xFF37,0xFF57,0xFF57,0xFF57,0xFF57,0xFF56,0xFF56,0xFF56,0xFF36,0xFF57,0xFF57,0xFF57,0xFF57,0xFF56,0xD226,
    0xFB6A,0xFB8A,0xF329,0xC166,0xBA68,0xE388,0xF4EC,0xFE30,0xFF15,0xEBCA,0xE2E9,0xFC4D,0xFC4C,0xFC4C,0xFC6C,0xFBCA,
    0xFB4A,0xA166,0xF5CF,0xF54E,0x1084,0xCE57,0x2988,0x228D,0xEF9E,0x226B,0x0064,0x0042,0x3A6A,0x3103,0x9124,0xB9C6,
    0xC1C6,0xA8E4,0x70C3,0x8144,0x6A26,0x3CAC,0x450D,0x456F,0x6DAC,0x7DEE,0x5D2F,0x0021,0x2126,0xE7BE,0xE7BE,0xE7BE,
    0xE77D,0x6205,0xDC04,0xF66C,0xFE8B,0xFEAB,0xFF2C,0x3945,0xE7BD,0xEFDE,0xEFDE,0xEFDE,0xEFDE,0xEFDE,0xEFDE,0xEFDE,
    0xEFDE,0xEFDE,0xEFDE,0xEFDE,0xEFDE,0xEFDE,0xEFDE,0xEFDE,0xEFDE,0xEFDE,0xEFDE,0xEFDE,0xEFDE,0xEFDE,0xEFDE,0xE7BE,
    0x31C9,0x08A6,0x658F,0x54ED,0x34AE,0x34AE,0x44AD,0x9B8B,0xF3ED,0xFC4D,0xFC4C,0xFC4C,0xFC6D,0xFCAE,0xFCAE,0xFC8D,
    0xFC6D,0xFC4C,0xFC8D,0xFC8D,0xFC8D,0xFCAC,0xFCED,0xFC8D,0xFC8D,0xFC6D,0xFC8D,0xFCAD,0xFC6D,0xFC4D,0xFCEE,0xFC6D,
    0xFBEB,0xFBEA,0xFF17,0xFF78,0xFF57,0xFF57,0xFF57,0xFF57,0xFF57,0xFF56,0xFF57,0xFF57,0xFF57,0xFF78,0xFE53,0xE247,
    0xFAE9,0xE247,0xB1A5,0xA289,0xDC2C,0xF4AC,0xFE31,0xFEF4,0xFF15,0xFCEE,0xEB09,0xFC4C,0xFC4C,0xFC4C,0xFC0B,0xFB8A,
    0xEAC9,0xECAD,0xFE30,0xFDEF,0x0002,0xDEBA,0x31C8,0x09EA,0xAE98,0x0002,0x00A5,0x00E7,0x9513,0x20C3,0xD2E8,0xB9C6,
    0xCA27,0xE30A,0xEBAB,0xDC0B,0x64AB,0x54AA,0x7469,0x6DCD,0x862E,0x64F0,0x19E9,0x3208,0xE79D,0xE7BE,0xE7BE,0xE7BE,
    0x51E6,0x8A63,0xFEAB,0xFEEE,0xFEEE,0xFE8C,0xFECC,0xCB01,0x49E6,0xEFDE,0xEFDE,0xEFDE,0xEFDE,0xEFDE,0xEFDE,0xEFDE,
    0xEFDE,0xEFDE,0xEFDE,0xEFDE,0xEFDE,0xEFDE,0xEFDE,0xEFDE,0xEFDE,0xEFDE,0xEFDE,0xEFDE,0xEFDE,0xEFDE,0xEFDE,0xE7BE,
    0x52EC,0x10A5,0x656F,0x5D2D,0x3CCD,0x3CCE,0x3CEE,0x3CEE,0x3C2D,0x8288,0xF38A,0xF3AA,0xFBCA,0xFC2C,0xFC8D,0xFC4C,
    0xFC4C,0xFC4C,0xFC4C,0xFC6D,0xFC8D,0xFC6C,0xFC4C,0xFC6C,0xFC4C,0xFC8D,0xFCAD,0xFC6D,0xFC8D,0xFC6D,0xFC4C,0xFC4C,
    0xFC4C,0xFC4C,0xFBEA,0xFE52,0xFED4,0xFF57,0xFF57,0xFF57,0xFF57,0xFF57,0xFF57,0xFF15,0xFF16,0xFF16,0xFED4,0xA124,
    0x9924,0xDB29,0xEC6B,0xECCD,0xFDD1,0xFE92,0xFEF4,0xFEF4,0xFEF4,0xFE11,0xEAA8,0xFC4D,0xFC4C,0xFC2C,0xFBCA,0xF2C8,
    0xA945,0xE44B,0xFE91,0xFE10,0x0884,0xEF7D,0x2987,0x01C9,0x00E6,0x0084,0x00C6,0x0108,0x42AB,0x2903,0xF48D,0xB186,
    0xE288,0xF329,0xEB8B,0xCAE8,0x9144,0x7964,0x9CEC,0x6530,0x1A0A,0x0884,0x31C8,0xDF5C,0xE7BE,0xE7BE,0xE7BE,0xC5D4,
    0x8202,0xFE48,0xFE6A,0xFE8D,0xFEAC,0xFEAC,0xF6AD,0xF4E3,0x4164,0xEFDE,0xEFDE,0xEFDE,0xEFDE,0xEFDE,0xEFDE,0xEFDE,
    0xEFDE,0xEFDE,0xEFDE,0xEFDE,0xEFDE,0xEFDE,0xEFDE,0xEFDE,0xEFDE,0xEFDE,0xEFDE,0xEFDE,0xEFDE,0xEFDE,0xEFDE,0xE7BE,
    0xDF7D,0x0884,0x3C4D,0x7E10,0x5D6E,0x3CEE,0x3CEE,0x3CCE,0x3CAE,0x3C6D,0x132B,0x1B6C,0x6BEB,0x936B,0x8AEA,0x9AEA,
    0x932B,0xE36A,0xFC8E,0xFC8D,0xFC4C,0xFC2B,0xFC2C,0xFC6D,0xFC6D,0xFC6C,0xFC6C,0xFC8D,0xFCAD,0xFCAE,0xFC6D,0xFC0C,
    0xFC0C,0xFC0C,0xFE94,0xFF36,0xFF57,0xFF57,0xFF57,0xFF57,0xFF57,0xFF57,0xFEF5,0xFED4,0xFF35,0xFE72,0xFE31,0xFE32,
    0xF48B,0xFCCC,0xFD8D,0xFE72,0xFDF0,0xFE31,0xFEF4,0xFEF4,0xFEF4,0xFDD0,0xF2C8,0xFC6D,0xFC6D,0xFC4C,0xFB69,0xB185,
    0xA9A5,0xFDEF,0xFE71,0xFE91,0x0063,0xF79E,0x39E8,0x0167,0x0188,0x0085,0x00C7,0x020B,0x0906,0x4164,0xF4CD,0xC186,
    0xF287,0xF329,0xFC0B,0xFC4C,0xFC4D,0xC9A5,0x68E4,0x3104,0x0841,0x840F,0xE79D,0xE79D,0xE7BE,0xE7BE,0xDF1A,0x61A4,
    0xFEEC,0xFE48,0xFE29,0xFE8B,0xFE8B,0xFE47,0xD403,0x4143,0x5207,0xEFDE,0xEFDE,0xEFDE,0xEFDE,0xEFDE,0xEFDE,0xEFDE,
    0xEFDE,0xEFDE,0xEFDE,0xEFDE,0xEFDE,0xEFDE,0xEFDE,0xEFDE,0xEFDE,0xEFDE,0xEFDE,0xEFDE,0xEFDE,0xEFDE,0xEFDE,0xE7BE,
    0xE79D,0x1084,0x00E4,0x8E71,0x5D8F,0x552F,0x3CCE,0x3CCE,0x3CAD,0x3CAD,0x3C8D,0x2C8D,0x2C2D,0x23CC,0x2BCC,0x23AC,
    0x23AC,0x1AEC,0x11E9,0x21CA,0xDC0C,0xFC2C,0xFCAD,0xFCCE,0xFD0E,0xFCCD,0xFCAD,0xFC6D,0xFC6D,0xFC6D,0xFC4C,0xFC0B,
    0xFC4C,0xFF14,0xFF16,0xFF36,0xFF57,0xFF57,0xFF57,0xFF57,0xFF57,0xFEF5,0xFE52,0xFE31,0xFE10,0xFD6E,0xFD8F,0xFDAF,
    0xED0E,0xED2E,0xF4CB,0xF4AD,0xEC6B,0xFDD0,0xFE92,0xFEF5,0xFED4,0xFD8F,0xEAC8,0xFC4C,0xFC6C,0xFB89,0xF2C8,0x9904,
    0xECCD,0xFE71,0xFE52,0xFE71,0x0042,0xF79C,0xFFDC,0x024A,0x034D,0x0065,0x00A6,0x030C,0x0187,0x8B4A,0xFD0D,0xEC6C,
    0xDA67,0xF2C8,0xFBAA,0xFBCA,0xFC4C,0xFC6C,0xFC4C,0xCA27,0x71A6,0x3965,0xCEBA,0xE79D,0xE79D,0xD6D9,0x61A5,0xE527,
    0xFE89,0xFE48,0xFDC6,0xF4E4,0x9A41,0x4944,0x7309,0xCE98,0xE7BE,0xEFDE,0xEFDE,0xEFDE,0xEFDE,0xEFDE,0xEFDE,0xEFDE,
    0xEFDE,0xEFDE,0xEFDE,0xEFDE,0xEFDE,0xEFDE,0xEFDE,0xEFDE,0xEFDE,0xEFDE,0xEFDE,0xEFDE,0xEFDE,0xEFDE,0xEFDE,0xE7BE,
    0xE7BE,0x3A4A,0x0883,0x7E52,0x65AF,0x5D6F,0x3CCE,0x3CAE,0x3CAE,0x3CCE,0x3CCE,0x3CAE,0x348D,0x2C2D,0x2C4D,0x2C6D,
    0x244E,0x13ED,0x1BED,0x13CD,0x1166,0xB2C7,0xFC4B,0xF42B,0xFC6C,0xFC2B,0xFC0B,0xFC0B,0xFC2C,0xFC2C,0xFC2C,0xFBEB,
    0xFC4C,0xFC6C,0xFDF1,0xFED5,0xFF15,0xFEF5,0xFF57,0xFF57,0xFF56,0xFE72,0xFE72,0xFD8F,0xF52D,0xF52D,0x1043,0x0823,
    0x0822,0x0821,0x0001,0x38A4,0xFD6F,0xFD0E,0xFDF0,0xFE92,0xFEF4,0xFD6F,0xEB09,0xFC4C,0xFC0B,0xFB69,0xC185,0xF46D,
    0xFDF1,0xFE71,0xFE71,0xFE92,0x0063,0xF7BD,0xFFDE,0x0B6E,0x040F,0x02CB,0x00C5,0x0BED,0x01A8,0xEE34,0xFD8F,0xFDD1,
    0xFD8D,0xE367,0xE246,0xF2C8,0xFB89,0xFB8A,0xF308,0xE247,0xD207,0x5927,0xBE58,0xE79D,0xE79D,0x5AAA,0xFDC6,0xFD84,
    0xFE25,0xBAE2,0x4103,0x28E4,0x5A46,0xEFDE,0xE7BE,0xE7BE,0xEFBE,0xEFDE,0xEFDE,0xEFDE,0xEFDE,0xEFDE,0xEFDE,0xEFDE,
    0xEFDE,0xEFDE,0xEFDE,0xEFDE,0xEFDE,0xEFDE,0xEFDE,0xEFDE,0xEFDE,0xEFDE,0xEFDE,0xEFDE,0xEFDE,0xEFDE,0xEFDE,0xE7BE,
    0xE7BE,0xE7BE,0x08C5,0x7632,0x7E30,0x554F,0x552E,0x3CCE,0x3CCE,0x3CCE,0x3CCE,0x3CCE,0x3CCE,0x3C8D,0x346D,0x2C8D,
    0x2C6D,0x2C4D,0x1BAC,0x1B8C,0x1B6B,0x0B4B,0x0987,0x8A48,0xF3A8,0xF369,0xFB28,0xFB69,0xFBAA,0xFBCA,0xFBCA,0xFC4C,
    0xFC2C,0xFC4C,0xFBCB,0xFBAA,0xFE11,0xFF15,0xFF36,0xFF36,0xFED4,0xFE72,0xFE11,0xFD4E,0xFD2F,0x0003,0x0023,0x0022,
    0x0043,0x0023,0x0042,0x0024,0x18E6,0xF630,0xFDB0,0xFE52,0xFE31,0xFD6F,0xE309,0xFC0B,0xFBCA,0xE267,0xA185,0xECAC,
    0xFE72,0xFE72,0xFE72,0xF672,0x1083,0xF7BC,0xFFDC,0x4532,0x0D31,0x0D71,0x00E5,0x2CF0,0x0A69,0xF6D6,0xFE12,0xFDF2,
    0xF54E,0xE448,0xBA06,0xEA88,0xEAE8,0xF2E8,0xCA29,0xD249,0x7988,0x20E6,0xE77D,0xE79D,0xE77D,0x6AC9,0xFD65,0xC3A3,
    0x6143,0x5184,0x8BAA,0xD6D9,0xE7BE,0xE7BE,0xE7BE,0xE7BE,0xEFBE,0xEFDE,0xEFDE,0xEFDE,0xEFDE,0xEFDE,0xEFDE,0xEFDE,
    0xEFDE,0xEFDE,0xEFDE,0xEFDE,0xEFDE,0xEFDE,0xEFDE,0xEFDE,0xEFDE,0xEFDE,0xEFDE,0xEFDE,0xEFDE,0xEFDE,0xEFDE,0xE7BE,
    0xE7BE,0xE7BE,0x1987,0x0085,0x7E10,0x656E,0x5D6E,0x5D4E,0x4D0E,0x3CCE,0x3CEE,0x3CCE,0x348E,0x348E,0x2C8D,0x2C8E,
    0x2C6D,0x2C4D,0x2C2D,0x2C0C,0x1BCC,0x1BCD,0x1BCC,0x0A2A,0x11C9,0x2209,0xC309,0xEB8A,0xF3EB,0xFC2C,0xFC6C,0xFC4C,
    0xFC2C,0xFC2C,0xFBEB,0xFB8A,0xFDB0,0xFEF4,0xFF36,0xFF36,0xFE92,0xFE10,0xFD4E,0xFC8C,0x0044,0x0022,0x0886,0x636C,
    0x7C6F,0x0065,0x0045,0x0045,0x0024,0x0022,0xFDB0,0xFDCF,0xFDF0,0xFD90,0xF309,0xFBAA,0xC9C5,0xB207,0xF4EC,0xFE52,
    0xFE72,0xFE72,0xFE92,0xFE73,0x4925,0xF7BC,0xFFDC,0x9656,0x0DB2,0x5670,0x4CCA,0x55AE,0x0AEA,0xF6F6,0xFE94,0xFED5,
    0xFED4,0xF56D,0x91A5,0xB1C7,0xCA48,0xD228,0xC249,0x81C9,0x20C5,0xE79D,0xE7BD,0xE7BD,0xE79D,0xBDB4,0x4165,0x3944,
    0x7B8D,0xE77C,0xE79D,0xE7BD,0xE7BE,0xE7BE,0xE7BE,0xE7BE,0xEFBE,0xEFDE,0xEFDE,0xEFDE,0xEFDE,0xEFDE,0xEFDE,0xEFDE,
    0xEFDE,0xEFDE,0xEFDE,0xEFDE,0xEFDE,0xEFDE,0xEFDE,0xEFDE,0xEFDE,0xEFDE,0xEFDE,0xEFDE,0xEFDE,0xEFDE,0xEFDE,0xE7BE,
    0xE7BE,0xE7BE,0xB638,0x08C5,0x3B6C,0x6DCF,0x5D8F,0x5D8F,0x5D6F,0x5D6F,0x34EF,0x34EF,0x3CEE,0x450D,0x450D,0x3CED,
    0x3CAD,0x2C8D,0x346D,0x2C6D,0x2C6D,0x1BEC,0x1BAC,0x1B6B,0x8AC7,0xF3E9,0xFC8C,0xFCCD,0xFC8D,0xFC4C,0xFC0C,0xFC2C,
    0xFC0C,0xFBCB,0xFB6A,0xFD4F,0xFD6E,0xFF36,0xFF36,0xFF15,0xFE72,0xFD2E,0xEBAA,0x0023,0x0023,0x0001,0xADB5,0xBDF5,
    0x08C5,0x0108,0x0189,0x228D,0x0107,0x0084,0x0001,0xF58E,0xFDF0,0xC1C4,0xFC2D,0xC185,0xE36A,0xF48C,0xFE31,0xFE92,
    0xFE92,0xFE92,0xFE72,0xFE72,0xFE52,0xE6D8,0xFFDB,0xFFBC,0x03CB,0x766C,0xA6AC,0x6E4E,0x134B,0xFF57,0xFEF4,0xFF15,
    0xFED4,0xF631,0xF40A,0xD2A9,0x91A6,0x5968,0x4988,0x39A7,0xE79D,0xE7BE,0xE7BE,0xE7BE,0xE7BE,0xE79D,0xE75C,0xE77D,
    0xE79D,0xE7BD,0xE79D,0xE79D,0xE7BD,0xE7BE,0xE7BE,0xE7BE,0xEFBE,0xEFDE,0xEFDE,0xEFDE,0xEFDE,0xEFDE,0xEFDE,0xEFDE,
    0xEFDE,0xEFDE,0xEFDE,0xEFDE,0xEFDE,0xEFDE,0xEFDE,0xEFDE,0xEFDE,0xEFDE,0xEFDE,0xEFDE,0xEFDE,0xEFDE,0xEFDE,0xEFDE,
    0xE7BE,0xE7BE,0xE7BE,0x1925,0x1209,0x8ED2,0x7611,0x658F,0x658F,0x5D8F,0x5D8F,0x5D8F,0x5D8F,0x554E,0x450E,0x450E,
    0x44ED,0x44ED,0x34AE,0x346D,0x346D,0x344D,0x2C2D,0x1BAC,0x236A,0x2B4B,0x9289,0xEB69,0xF348,0xF308,0xF328,0xF308,
    0xF309,0xF2A8,0xFC6D,0xFCAD,0xFEF5,0xFEF4,0xFED4,0xFEF4,0xFDD0,0xF4AD,0xA227,0x0022,0x10E5,0xAD94,0xBDF6,0x8C92,
    0x00E6,0x0169,0xEFDD,0xDF5B,0x00E6,0x00A5,0x0084,0xDD0E,0xFE10,0xD369,0xDB08,0xF3CA,0xFD4D,0xFD4D,0xFE72,0xFE72,
    0xFE92,0xFE92,0xFE72,0xFE72,0xFE51,0xFF38,0xFFDC,0xFFBD,0xDF19,0x0CEC,0x9E8E,0x3DAF,0xA4CE,0xFEF5,0xEEF4,0x7651,
    0xEEF4,0xF6B4,0xFD2E,0xF2C9,0xB126,0x3966,0xCE16,0xE79D,0xEFBE,0xEFBE,0xEFBE,0xEFBE,0xE7BE,0xE79D,0xE77C,0xDF3B,
    0xDF3B,0xE77C,0xE77C,0xE79C,0xE77B,0xDF3B,0xDF3B,0xE75B,0xEFBE,0xEFDE,0xEFDE,0xEFDE,0xEFDE,0xEFDE,0xEFDE,0xEFDE,
    0xEFDE,0xEFDE,0xEFDE,0xEFDE,0xEFDE,0xEFDE,0xEFDE,0xEFDE,0xEFDE,0xEFDE,0xEFDE,0xEFDE,0xEFDE,0xEFDE,0xEFDE,0xEFDE,
    0xE7BE,0xE7BE,0xE7BE,0xDF5C,0x1168,0x1B0A,0x7E11,0x658F,0x5D8F,0x5D6F,0x5D8F,0x658F,0x658F,0x658F,0x658F,0x44EE,
    0x44ED,0x4CEE,0x44ED,0x346D,0x346D,0x2C4D,0x2C2D,0x13CC,0x1BAB,0x138B,0x0ACB,0x09C9,0x3A28,0x7228,0x7A08,0xEAE9,
    0xFB6A,0xFBAA,0xFBEB,0xFDD1,0xFE11,0xFE11,0xFEB4,0xFE51,0xFD4E,0xF46C,0x18A3,0x0022,0x7C30,0xDE96,0xFF79,0x322A,
    0x0127,0x09AB,0xFFFD,0xE75C,0x0044,0x00A5,0x00C5,0x21A8,0xF610,0xFE92,0xF52E,0xF52D,0xFE51,0xFE51,0xFE72,0xFE92,
    0xFE93,0xFEB4,0xFED4,0xFEB3,0xFE72,0xFEB3,0xFFDE,0xFFDC,0xFFBC,0xFFDC,0x148E,0x4D90,0xF717,0xFEF6,0x7E31,0x6E31,
    0x5DD0,0xFEB3,0xFDCF,0xF44A,0xEAE8,0x89E7,0x39E9,0xE79D,0xEFBE,0xEFBE,0xEFBE,0xEFBE,0xE7BE,0xA4F1,0x4164,0x4164,
    0x3924,0x3924,0x3924,0x4123,0x4964,0x5184,0x4144,0x4964,0xE77C,0xEFDE,0xEFDE,0xEFDE,0xEFDE,0xEFDE,0xEFDE,0xEFDE,
    0xEFDE,0xEFDE,0xEFDE,0xEFDE,0xEFDE,0xEFDE,0xEFDE,0xEFDE,0xEFDE,0xEFDE,0xEFDE,0xEFDE,0xEFDE,0xEFDE,0xEFDE,0xEFDE,
    0xEFDE,0xE7BE,0xE7BE,0xE79D,0x5BEE,0x0063,0x548E,0x8672,0x5D8F,0x5D6F,0x5D8F,0x658F,0x658F,0x658F,0x658F,0x658F,
    0x656E,0x44ED,0x2CAE,0x244C,0x2C4C,0x1BAC,0x13ED,0x140E,0x23EB,0x1BAB,0x138B,0x136B,0x236C,0x21A7,0xD2C8,0xFB4A,
    0xFB6A,0xFB09,0xFB08,0xFB69,0xFC4C,0xFDAF,0xFE10,0xFDF0,0xFDAF,0xFC8D,0x0044,0x0046,0xD635,0xEED7,0xFFDC,0x31E9,
    0x0147,0x0168,0x0189,0x0925,0x0085,0x00A5,0x0107,0x0022,0xE50D,0xFE30,0xFE31,0xFE51,0xFE72,0xFE72,0xFE92,0xFE92,
    0xFEB3,0xFEB3,0xFEB3,0xFEF4,0xFEB3,0xFEB4,0xF632,0xFF7A,0xFFBC,0xFFDC,0xFF15,0xFF14,0xFF17,0x9673,0x7652,0x7631,
    0x6DD0,0xFE93,0xE50D,0xD3CA,0xF3A9,0xC226,0x2906,0xDEFB,0xEFBE,0xEFBE,0xEFBE,0xEFBE,0xE7BE,0x7B4C,0xED26,0xECC2,
    0xFDC5,0xF5E5,0xF5C5,0xF606,0xED26,0xED88,0xE546,0xCBC5,0x41C6,0xEFDE,0xEFDE,0xEFDE,0xEFDE,0xEFDE,0xEFDE,0xEFDE,
    0xEFDE,0xEFDE,0xEFDE,0xEFDE,0xEFDE,0xEFDE,0xEFDE,0xEFDE,0xEFDE,0xEFDE,0xEFDE,0xEFDE,0xEFDE,0xEFDE,0xEFDE,0xEFDE,
    0xEFDE,0xEFDE,0xE7BE,0xE7BE,0xE7BD,0x2966,0x19E9,0x96D4,0x7E51,0x5D8F,0x5D8F,0x658F,0x658F,0x658F,0x658F,0x65AF,
    0x658F,0x554D,0x450D,0x3CAC,0x242C,0x2C6D,0x348D,0x348D,0x2C4C,0x242C,0x1BEC,0x1BAC,0x136B,0x0B4B,0x0A8A,0x0147,
    0x39C8,0xB9C6,0xC9E6,0xA1A5,0xCA47,0xFD8F,0xFE11,0xFDF0,0xFDD0,0xFC0C,0x0025,0x0025,0xEED7,0xFF7A,0xFFDE,0x3A4A,
    0x0188,0x02AC,0x022B,0x0084,0x00A5,0x00A6,0x0107,0x01C9,0xA42D,0xFE10,0xFE31,0xFE51,0xFE72,0xFE93,0xFEF5,0xFEB3,
    0xFED4,0xFED4,0xFEF4,0xEDAF,0xF694,0xFF17,0xFF37,0xFEF5,0xFF15,0xFF15,0xFF36,0xFF57,0xDE96,0x7652,0x7E72,0x7631,
    0xC6B3,0xED8E,0xEB4A,0xE248,0xF3EB,0xD247,0x5126,0x83AF,0xEFBE,0xEFDE,0xEFDE,0xEFDE,0xEFBE,0x9450,0x7A25,0xF543,
    0xFDC4,0xFE89,0xFE89,0xFEAB,0xFEED,0xFF0D,0xFF0D,0xD363,0x41A6,0xEFDE,0xEFDE,0xEFDE,0xEFDE,0xEFDE,0xEFDE,0xEFDE,
    0xEFDE,0xEFDE,0xEFDE,0xEFDE,0xEFDE,0xEFDE,0xEFDE,0xEFDE,0xEFDE,0xEFDE,0xEFDE,0xEFDE,0xEFDE,0xEFDE,0xEFDE,0xEFDE,
    0xEFDE,0xEFDE,0xEFDE,0xE7BE,0xE7BE,0xE79D,0x3A8A,0x08E5,0x8692,0x8692,0x7610,0x65AF,0x65AF,0x658F,0x658F,0x65AF,
    0x65AF,0x4D6D,0x144D,0x3CCD,0x4D0E,0x4D0E,0x4D2E,0x44CD,0x44CD,0x346D,0x240D,0x138C,0x136C,0x0B4B,0x030B,0x02EC,
    0x0042,0x1062,0x38E2,0xEDAE,0xFFF8,0x6102,0xFE31,0xFE11,0xFDD0,0xFC0C,0x0845,0x8410,0xEEF7,0xFFDB,0xFFDC,0xCEBA,
    0x020A,0x026B,0x0C0F,0x0085,0x00A5,0x0085,0x024A,0x032C,0x00C6,0xF5F0,0xFE31,0xFE31,0xFED4,0xFEF4,0xFF15,0xFF15,
    0xFEF6,0xCBA9,0xB2C6,0xC2C6,0x7184,0xFFBA,0xFF79,0xFF99,0xFF57,0xFF9A,0xFF9A,0xFF99,0xFF9B,0x9EB4,0x7672,0x7DD0,
    0xF6D3,0xCBC9,0xE227,0xEA68,0xF40B,0xEB4A,0x5905,0x6AAB,0xEFBE,0xEFDE,0xEFDE,0xEFDE,0xEFBE,0xEFBE,0xA4D2,0x6226,
    0xB363,0xF562,0xFE88,0xFECC,0xFEED,0xFECA,0xFF0E,0xC2E2,0x5ACA,0xEFDE,0xEFDE,0xEFDE,0xEFDE,0xEFDE,0xEFDE,0xEFDE,
    0xEFDE,0xEFDE,0xEFDE,0xEFDE,0xEFDE,0xEFDE,0xEFDE,0xEFDE,0xEFDE,0xEFDE,0xEFDE,0xEFDE,0xEFDE,0xEFDE,0xEFDE,0xEFDE,
    0xEFDE,0xEFDE,0xEFDE,0xE7BE,0xE7BE,0xE7BE,0xE7BE,0x10A4,0x2ACB,0x96D4,0x7631,0x7652,0x6E11,0x658F,0x658F,0x5D8F,
    0x350E,0x0BED,0x5D6D,0x554D,0x656E,0x552D,0x4D4E,0x450E,0x3CCE,0x3CAD,0x344C,0x2BEC,0x1BAC,0x0B2B,0x0043,0x5986,
    0xA2E9,0x50E2,0xDC28,0xF691,0xFF97,0xFE71,0x6922,0xFE31,0xFDB0,0xFC2C,0x0843,0x738F,0xF779,0xFFDC,0xFFDC,0xFFDD,
    0x01E9,0x042E,0x04B0,0x0C6F,0x0086,0x0064,0x0065,0x1D0F,0x01C9,0xF611,0xFE51,0xFEB3,0xFEB3,0xFF16,0xFF15,0xFEF5,
    0xD530,0x9A25,0x9A25,0x81E4,0x5122,0xFFDA,0xFF79,0xFF99,0xFF9A,0xFF9A,0xFF9A,0xFF9A,0xFF9A,0xFF9A,0xFFBA,0xFF58,
    0xED8E,0xC349,0xB9C7,0xEA68,0xEB4A,0xE309,0x4905,0x732C,0xEFBE,0xEFDE,0xEFDE,0xEFDE,0xEFBE,0xEFBE,0xE7BE,0xD6FA,
    0x8B6A,0x4164,0xE402,0xFEEA,0xFECD,0xFECC,0xF523,0x4964,0xE79D,0xEFDE,0xEFDE,0xEFDE,0xEFDE,0xEFDE,0xEFDE,0xEFDE,
    0xEFDE,0xEFDE,0xEFDE,0xEFDE,0xEFDE,0xEFDE,0xEFDE,0xEFDE,0xEFDE,0xEFDE,0xEFDE,0xEFDE,0xEFDE,0xEFDE,0xEFDE,0xEFDE,
    0xEFDE,0xEFDE,0xEFDE,0xE7BE,0xE7BE,0xE7BE,0xE7BE,0xB5F6,0x1986,0x0863,0x3AE9,0x61E2,0x7A01,0x6AA4,0x5D2F,0x1BED,
    0x13CC,0x556F,0x5D8F,0x5D8F,0x5D8E,0x5D6C,0x5D4C,0x4D2D,0x450F,0x3C6C,0x2BAB,0x1BAD,0x23CC,0x1186,0xA3CB,0xFE93,
    0xFF77,0xFE50,0x2821,0xF5AC,0xFED3,0xFE4E,0xEBE7,0x60E4,0xFD2F,0xFD0E,0x1064,0x08A6,0xFFBD,0xFFDC,0xFFDC,0xFFBB,
    0x2AEB,0x044E,0x15B0,0x25F0,0x0AAA,0x0002,0x2CF0,0x3DCF,0x02CA,0xF631,0xFEF4,0xFEB3,0xFF36,0xFF57,0xFF36,0xFF78,
    0xFFBA,0xFF38,0x6183,0x5964,0xEEB6,0xFF9A,0xFF79,0xFF99,0xFF9A,0xFF9A,0xFF9A,0xFF9A,0xFF9A,0xFF9A,0xFF99,0xF694,
    0x71C5,0xA208,0xC228,0xDA68,0xE329,0xAA89,0x2925,0xCE58,0xEFBE,0xEFDE,0xEFDE,0xEFDE,0xEFDE,0xEFBE,0xE7BE,0xE7BE,
    0xE79D,0xD656,0x49A4,0x69E3,0xBAE1,0xF68A,0xBB62,0x3985,0xE7BE,0xEFDE,0xEFDE,0xEFDE,0xEFDE,0xEFDE,0xEFDE,0xEFDE,
    0xEFDE,0xEFDE,0xEFDE,0xEFDE,0xEFDE,0xEFDE,0xEFDE,0xEFDE,0xEFDE,0xEFDE,0xEFDE,0xEFDE,0xEFDE,0xEFDE,0xEFDE,0xEFDE,
    0xEFDE,0xEFDE,0xEFDE,0xEFDE,0xE7BE,0xE7BE,0xE7BE,0xE79D,0xCEB9,0x0862,0xB3E3,0xF66B,0xF628,0xEDE4,0x4921,0x238A,
    0x556F,0x5D6F,0x5D6F,0x5D6E,0x5D8E,0x65AF,0x5D6D,0x554D,0x450D,0x2C6D,0x242D,0x23CD,0x1965,0x18E4,0xE50B,0xFF36,
    0xFF36,0xFE51,0x8142,0xE449,0xF5AD,0xFD6B,0xEBA6,0x5883,0xFD0E,0xFD2E,0x6186,0x0002,0xFFBD,0xFFDC,0xFFDC,0xFFBB,
    0xFFDD,0x0C0E,0x7E4F,0x5E4F,0x5650,0x4DEF,0x5E4F,0x3DCF,0x032B,0xF672,0xFF15,0xFF36,0xFF57,0xFF57,0xFF78,0xFF78,
    0xFF9A,0xFF9B,0xFF9A,0xFFBB,0xFF79,0xFF9A,0xFF9A,0xFF9A,0xFF99,0xFF9A,0xFF9A,0xFF9A,0xFF9A,0xFF99,0xFF16,0xABAB,
    0x70E4,0xBA4A,0xBA29,0xD268,0xEB29,0x71A8,0x39A7,0xE77D,0xEFBE,0xEFDE,0xEFDE,0xEFDE,0xEFDE,0xEFDE,0xEFBE,0xEFBE,
    0xEFDE,0xE7BE,0xEFDE,0x9CB1,0x5164,0xD302,0x9A22,0x8C2F,0xE7BE,0xEFDE,0xEFDE,0xEFDE,0xEFDE,0xEFDE,0xEFDE,0xEFDE,
    0xEFDE,0xEFDE,0xEFDE,0xEFDE,0xEFDE,0xEFDE,0xEFDE,0xEFDE,0xEFDE,0xEFDE,0xEFDE,0xEFDE,0xEFDE,0xEFDE,0xEFDE,0xEFDE,
    0xEFDE,0xEFDE,0xEFDE,0xEFDE,0xEFDE,0xE7BE,0xE7BE,0xE7BE,0xBE78,0x58E2,0xF5E8,0xFFB9,0xFEEE,0xF5E2,0xAA81,0x3BAA,
    0x5D8F,0x5D6E,0x5D4E,0x5D6F,0x5D6F,0x5D6E,0x5D6E,0x450E,0x2C8E,0x2C8E,0x34AF,0x3A28,0xFFD6,0xFF54,0x9140,0xF54A,
    0xFE93,0xF60F,0x8142,0xCBAA,0xFD6C,0xE3E9,0xBA47,0x50C4,0xFD2F,0xFD2E,0xFCED,0x0002,0xFFDD,0xFFDC,0xFFDC,0xFFBC,
    0xFFDD,0x9E15,0x04CE,0x6670,0x96AD,0xAE8B,0x868F,0x5E91,0x85F3,0xFF36,0xFF36,0xFF57,0xFF78,0xFF9A,0xFF9A,0xFF9A,
    0xFF9A,0xFFBB,0xFFBB,0xFF9A,0xFF99,0xFF9A,0xFF9A,0xFF9A,0xFF9A,0xFF9A,0xFF9A,0xFF9A,0xFF9A,0xFF17,0xF5CF,0x7985,
    0x89AA,0x922C,0x9A0B,0xC208,0xEAEA,0x7187,0xD6BA,0xE7BD,0xE7BE,0xEFDE,0xEFDE,0xEFDE,0xEFDE,0xEFDE,0xEFDE,0xEFDE,
    0xEFDE,0xEFDE,0xEFDE,0xEFDE,0xEFDE,0x7BAD,0x734C,0xE7BD,0xEFDE,0xEFDE,0xEFDE,0xEFDE,0xEFDE,0xEFDE,0xEFDE,0xEFDE,
    0xEFDE,0xEFDE,0xEFDE,0xEFDE,0xEFDE,0xEFDE,0xEFDE,0xEFDE,0xEFDE,0xEFDE,0xEFDE,0xEFDE,0xEFDE,0xEFDE,0xEFDE,0xEFDE,
    0xEFDE,0xEFDE,0xEFDE,0xEFDE,0xEFDE,0xEFDE,0xE7BE,0xE7BE,0xB617,0x6144,0xFE88,0xFF50,0xF5A3,0xE4A0,0xA223,0x0062,
    0x4D0D,0x556E,0x5D6E,0x5D8E,0x5D8F,0x5D6E,0x4D2E,0x2C8E,0x2C6D,0x2C4D,0x338C,0xD530,0xFF37,0xFEF5,0xFCC7,0xC306,
    0xF5CF,0xEC6A,0x3842,0xDC8E,0xFDF0,0xE368,0x1864,0xF40D,0xFD2E,0xFD2D,0xFD2D,0xD42B,0x2148,0xFFDD,0xFFDC,0xFFDC,
    0xFFDC,0xFFBC,0x9DB4,0x14ED,0x562F,0x866F,0x5E51,0x1BEC,0xF716,0xFF57,0xFF58,0xFF9A,0xFF9A,0xFF9A,0xFF9A,0xFF9A,
    0xFF9A,0xFF9A,0xFF9B,0xB308,0xE675,0xFF9B,0xFF9A,0xFF9A,0xFF9A,0xFF9A,0xFF9A,0xFF9A,0xFF99,0xDD90,0x30E5,0x41C9,
    0x5A6D,0x820C,0x81CB,0xBA29,0x91A8,0x6A29,0xE77D,0xE7BD,0xE7BE,0xEFDE,0xEFDE,0xEFDE,0xEFDE,0xEFDE,0xEFDE,0xEFDE,
    0xEFDE,0xEFDE,0xEFDE,0xEFDE,0xE7BE,0xE7BE,0xE7BE,0xE7BE,0xEFDE,0xEFDE,0xEFDE,0xEFDE,0xEFDE,0xEFDE,0xEFDE,0xEFDE,
    0xEFDE,0xEFDE,0xEFDE,0xEFDE,0xEFDE,0xEFDE,0xEFDE,0xEFDE,0xEFDE,0xEFDE,0xEFDE,0xEFDE,0xEFDE,0xEFDE,0xEFDE,0xEFDE,
    0xEFDE,0xEFDE,0xEFDE,0xEFDE,0xEFDE,0xEFDE,0xE7BE,0xE7BE,0xC678,0x4144,0xECE1,0xF541,0xE4C1,0xCBE3,0x91A3,0x0042,
    0x556E,0x5D8F,0x5D8F,0x6DCF,0x656D,0x4D0D,0x2CEE,0x44CD,0x34AD,0x244C,0x0842,0xF5F2,0xFED6,0xF610,0xE426,0xAA86,
    0xEC6B,0xC2C8,0x0001,0x18A6,0x4188,0x2084,0x0022,0xF44C,0xFCEC,0xFDAE,0xFED3,0xF52C,0xD46C,0x2127,0xF7BE,0xFFDC,
    0xFFDB,0xFFDB,0xFFDB,0xFFBC,0xE79C,0xE75B,0xCED5,0xFF36,0xFF78,0xFF9A,0xFF9A,0xFF9A,0xFF9A,0xFF9A,0xFF9A,0xFF9A,
    0xFF9A,0xFF9A,0x5862,0x6083,0x60C4,0xEEB6,0xFF9A,0xFF99,0xFF9A,0xFF9A,0xFF9A,0xFF79,0xF632,0x3166,0x2988,0x1927,
    0x39A7,0x2988,0x71EB,0xA9C9,0x59A8,0xCE79,0xE79D,0xE7BE,0xE7BE,0xEFDE,0xEFDE,0xEFDE,0xEFDE,0xEFDE,0xEFDE,0xEFDE,
    0xEFDE,0xEFDE,0xEFDE,0xEFDE,0xE7BE,0xE7BE,0xE7BE,0xE7BE,0xEFDE,0xEFDE,0xEFDE,0xEFDE,0xEFDE,0xEFDE,0xEFDE,0xEFDE,
    0xEFDE,0xEFDE,0xEFDE,0xEFDE,0xEFDE,0xEFDE,0xEFDE,0xEFDE,0xEFDE,0xEFDE,0xEFDE,0xEFDE,0xEFDE,0xEFDE,0xEFDE,0xEFDE,
    0xEFDE,0xEFDE,0xEFDE,0xEFDE,0xEFDE,0xEFDE,0xEFDE,0xEFDE,0xE7BD,0x18E3,0x9AA2,0xC382,0xCB61,0x9A23,0x49A4,0x32EB,
    0x7E31,0x7E71,0x7E30,0x658F,0x65AF,0x5D8E,0x554E,0x4D0D,0x4D0D,0x3C8C,0x0822,0xF58E,0xFE71,0xF58D,0xD3E8,0x3927,
    0x1065,0x0022,0x1107,0x1128,0x196A,0x1129,0x0000,0xEC29,0x50C1,0x9A85,0xFEB3,0xFEB3,0xFEB3,0xFE73,0xE5D2,0xFF17,
    0xFFDB,0xFFDB,0xFFBB,0xFFDD,0xFFDD,0xFF57,0xFF37,0xFF79,0xFF99,0xFF99,0xFF9A,0xFF9A,0xFF9A,0xFF9A,0xFF9A,0xFF9A,
    0xFF9A,0x6061,0xAA08,0x70C4,0x60A4,0xA3EC,0xFF9A,0xFF99,0xFF9A,0xFF7A,0xFF7A,0xE5D2,0x28E4,0x4A8D,0x524A,0x6ACA,
    0xE79D,0xE77C,0x3147,0x9A6A,0x6B2D,0xE7BE,0xE7BE,0xE7BE,0xE7BE,0xEFDE,0xEFDE,0xEFDE,0xEFDE,0xEFDE,0xEFDE,0xEFDE,
    0xEFDE,0xEFDE,0xEFDE,0xEFDE,0xEFDE,0xE7BE,0xE7BE,0xE7BE,0xE7BE,0xEFDE,0xEFDE,0xEFDE,0xEFDE,0xEFDE,0xEFDE,0xEFDE,
    0xEFDE,0xEFDE,0xEFDE,0xEFDE,0xEFDE,0xEFDE,0xEFDE,0xEFDE,0xEFDE,0xEFDE,0xEFDE,0xEFDE,0xEFDE,0xEFDE,0xEFDE,0xEFDE,
    0xEFDE,0xEFDE,0xEFDE,0xEFDE,0xEFDE,0xEFDE,0xEFDE,0xE7BE,0xE7BE,0xE79D,0x5ACA,0x6A45,0x7246,0x49C6,0x52CB,0x10A3,
    0x1208,0x442D,0x8EB2,0x8EB2,0x8691,0x7E30,0x760F,0x6DEE,0x6E0F,0x65B0,0x0044,0xDD2C,0xF5ED,0xEDAC,0x0885,0x08A5,
    0x1149,0x1148,0x198A,0x21AB,0x198B,0x1149,0x0000,0x1041,0xF60B,0xE427,0x81E3,0xFEF5,0xFEF5,0xFEF5,0xFEF5,0xFEB4,
    0xFED5,0xFEF5,0xFEF4,0xFF15,0xFF57,0xFF58,0xFF99,0xFF99,0xFF99,0xFF9A,0xFF9A,0xFF9A,0xFF9A,0xFF9A,0xFF9A,0xFF9A,
    0xFF9C,0xB9C7,0xEACA,0xE2A9,0x70A3,0xFFBC,0xFF9A,0xFF9A,0xFF79,0xFED5,0xDD0F,0x2905,0x2148,0x6370,0x424C,0xB5B6,
    0xE7BE,0xE7BE,0xB5B6,0x3187,0xEFDE,0xE7BE,0xE7BE,0xE7BE,0xEFDE,0xEFDE,0xEFDE,0xEFDE,0xEFDE,0xEFDE,0xEFDE,0xEFDE,
    0xEFDE,0xEFDE,0xEFDE,0xEFDE,0xEFDE,0xEFDE,0xEFDE,0xEFDE,0xEFDE,0xEFDE,0xEFDE,0xEFDE,0xEFDE,0xEFDE,0xEFDE,0xEFDE,
    0xEFDE,0xEFDE,0xEFDE,0xEFDE,0xEFDE,0xEFDE,0xEFDE,0xEFDE,0xEFDE,0xEFDE,0xEFDE,0xEFDE,0xEFDE,0xEFDE,0xEFDE,0xEFDE,
    0xEFDE,0xEFDE,0xEFDE,0xEFDE,0xEFDE,0xEFDE,0xEFDE,0xEFDE,0xE7BE,0xE7BE,0xEFDE,0xDF5C,0xDF3B,0xDF7D,0xE7BD,0xDF5C,
    0xC6B8,0x1926,0x1105,0x0945,0x0926,0x1A07,0x1A07,0x11E6,0x0966,0x00E5,0x0844,0x218B,0x5249,0x29CA,0x19AA,0x198A,
    0x198A,0x21CB,0x21AB,0x1949,0x1928,0x08A5,0x0023,0xF716,0xFF57,0xFE2F,0xCB89,0xFF99,0xFF16,0xFF56,0x75F0,0x6E11,
    0x8E52,0x8E32,0x8E12,0xFF16,0xFF79,0xFF9A,0xFF9A,0xFF99,0xFF9A,0xFF9A,0xFF9A,0xFF9A,0xFF9A,0xFF9A,0xFF9A,0xFF7A,
    0x7A26,0xF2EA,0xF309,0xD267,0xE676,0xFF9A,0xFFBB,0xFF9B,0xF654,0x4105,0x18E4,0x83EF,0xC637,0xCEBA,0x8C71,0xD6DA,
    0xE7BE,0xE7BE,0xE7BE,0xE79D,0xE7BE,0xEFDE,0xEFDE,0xEFDE,0xEFDE,0xEFDE,0xEFDE,0xEFDE,0xEFDE,0xEFDE,0xEFDE,0xEFDE,
    0xEFDE,0xEFDE,0xEFDE,0xEFDE,0xEFDE,0xEFDE,0xEFDE,0xEFDE,0xEFDE,0xEFDE,0xEFDE,0xEFDE,0xEFDE,0xEFDE,0xEFDE,0xEFDE,
    0xEFDE,0xEFDE,0xEFDE,0xEFDE,0xEFDE,0xEFDE,0xEFDE,0xEFDE,0xEFDE,0xEFDE,0xEFDE,0xEFDE,0xEFDE,0xEFDE,0xEFDE,0xEFDE,
    0xEFDE,0xEFDE,0xEFDE,0xEFDE,0xEFDE,0xEFDE,0xEFDE,0xEFDE,0xEFDE,0xE7BE,0xE7BE,0xE7BE,0xE7BE,0xE7BE,0xE7BE,0xE7BE,
    0xE79D,0xDF5C,0xDF5C,0x9553,0x0862,0x0841,0x0841,0x0042,0x10C5,0xA249,0x0844,0x21AA,0x326D,0x2A4C,0x19AA,0x21AA,
    0x1947,0x1148,0x1128,0x10E7,0x21CB,0x220D,0x0086,0xF691,0xF651,0xECAA,0xA245,0xFF56,0xFEF6,0x6E11,0x7E31,0x7E32,
    0x8652,0x8652,0x7631,0x6DF1,0xFF79,0xFF9A,0xFF9A,0xFF9A,0xFF9A,0xFF9A,0xFF9A,0xFF9A,0xFF9A,0xFF9A,0xFF9A,0xFF9A,
    0xFF7A,0x9AA8,0xBBCB,0xF77A,0xFF79,0xFF79,0xFF58,0xEE12,0x4A08,0x4209,0x9491,0xD6FB,0xE79D,0xE79D,0xE79D,0xE7BE,
    0xE7BE,0xE7BE,0xE7BE,0xE7BE,0xE7BE,0xEFDE,0xEFDE,0xEFDE,0xEFDE,0xEFDE,0xEFDE,0xEFDE,0xEFDE,0xEFDE,0xEFDE,0xEFDE,
    0xEFDE,0xEFDE,0xEFDE,0xEFDE,0xEFDE,0xEFDE,0xEFDE,0xEFDE,0xEFDE,0xEFDE,0xEFDE,0xEFDE,0xEFDE,0xEFDE,0xEFDE,0xEFDE,
    0xEFDE,0xEFDE,0xEFDE,0xEFDE,0xEFDE,0xEFDE,0xEFDE,0xEFDE,0xEFDE,0xEFDE,0xEFDE,0xEFDE,0xEFDE,0xEFDE,0xEFDE,0xEFDE,
    0xEFDE,0xEFDE,0xEFDE,0xEFDE,0xEFDE,0xEFDE,0xEFDE,0xEFDE,0xEFDE,0xEFDE,0xE7BE,0xE7BE,0xE7BE,0xE7BE,0xE7BE,0xE7BE,
    0xE7BE,0xE7BE,0xE7BE,0xE7BE,0xE7BE,0xE7BE,0xE7BE,0xADF7,0x41C8,0x9209,0x0044,0x19AA,0x328C,0x226D,0x1A4D,0x220B,
    0x21CA,0x10E7,0x1108,0x19AB,0x2A2D,0x2A2D,0x19EC,0xAC0C,0xD44B,0x7123,0xBC6E,0xFEB5,0xFF16,0xAE53,0x7E31,0x7E32,
    0x7E32,0x7E52,0x7E52,0xFFB9,0xFF99,0xFF9A,0xFF9A,0xFF9A,0xFF9A,0xFF9A,0xFF9A,0xFF9A,0xFF9A,0xFF9A,0xFF9A,0xFF9A,
    0xFF9A,0xFF7A,0xFF9B,0xFF9A,0xFF59,0xE54F,0x9309,0x0842,0x0863,0x0883,0x0883,0xA533,0xE77D,0xE79D,0xE79D,0xE7BE,
    0xE7BE,0xE7BE,0xE7BE,0xE7BE,0xEFDE,0xEFDE,0xEFDE,0xEFDE,0xEFDE,0xEFDE,0xEFDE,0xEFDE,0xEFDE,0xEFDE,0xEFDE,0xEFDE,
    0xEFDE,0xEFDE,0xEFDE,0xEFDE,0xEFDE,0xEFDE,0xEFDE,0xEFDE,0xEFDE,0xEFDE,0xEFDE,0xEFDE,0xEFDE,0xEFDE,0xEFDE,0xEFDE,
    0xEFDE,0xEFDE,0xEFDE,0xEFDE,0xEFDE,0xEFDE,0xEFDE,0xEFDE,0xEFDE,0xEFDE,0xEFDE,0xEFDE,0xEFDE,0xEFDE,0xEFDE,0xEFDE,
    0xEFDE,0xEFDE,0xEFDE,0xEFDE,0xEFDE,0xEFDE,0xEFDE,0xEFDE,0xEFDE,0xEFDE,0xEFDE,0xEFDE,0xEFDE,0xEFDE,0xEFDE,0xEFDE,
    0xEFDE,0xEFDE,0xEFDE,0xEFDE,0xEFDE,0xEFDE,0xEFDE,0xEFDE,0x7C31,0x424A,0x0884,0x08C7,0x19EB,0x226B,0x224B,0x224C,
    0x1A0D,0x19ED,0x10C6,0x2A6E,0x2A2C,0x2A2B,0x19AA,0x2968,0x7268,0xA2E8,0xED90,0xFE93,0xFF15,0xFF57,0xF798,0x8E11,
    0x65D0,0xE7B8,0xFFDB,0xFF9A,0xFF9A,0xFF9A,0xFF9A,0xFF9A,0xFF9A,0xFF9A,0xFF9A,0xFF9A,0xFF9A,0xFF9A,0xFF9A,0xFF9A,
    0xFF9A,0xFF79,0xFF38,0xF694,0xD570,0x18A4,0x0841,0x938D,0x938D,0x9BCE,0xA40E,0x93CC,0x10C5,0xCEB9,0xE79D,0xE7BE,
    0xE7BE,0xEFDE,0xEFDE,0xEFDE,0xEFDE,0xEFDE,0xEFDE,0xEFDE,0xEFDE,0xEFDE,0xEFDE,0xEFDE,0xEFDE,0xEFDE,0xEFDE,0xEFDE,
    0xEFDE,0xEFDE,0xEFDE,0xEFDE,0xEFDE,0xEFDE,0xEFDE,0xEFDE,0xEFDE,0xEFDE,0xEFDE,0xEFDE,0xEFDE,0xEFDE,0xEFDE,0xEFDE,
    0xEFDE,0xEFDE,0xEFDE,0xEFDE,0xEFDE,0xEFDE,0xEFDE,0xEFDE,0xEFDE,0xEFDE,0xEFDE,0xEFDE,0xEFDE,0xEFDE,0xEFDE,0xEFDE,
    0xEFDE,0xEFDE,0xEFDE,0xEFDE,0xEFDE,0xEFDE,0xEFDE,0xEFDE,0xEFDE,0xEFDE,0xEFDE,0xEFDE,0xEFDE,0xEFDE,0xEFDE,0xEFDE,
    0xEFDE,0xEFDE,0xEFDE,0xEFDE,0xEFDE,0xEFDE,0xEFDE,0xE7BE,0xE7BE,0xE79D,0x9513,0x0885,0x222C,0x2A6C,0x226C,0x226C,
    0x220D,0x19EC,0x21C9,0x2A2C,0x2A2B,0x2188,0x1968,0x1085,0x9A2B,0xD267,0xF4ED,0xFE51,0xFEB3,0xFED5,0xFF57,0xFF57,
    0xFF78,0xFF9A,0xFF9A,0xFF9A,0xFF9A,0xFF9A,0xFF9A,0xFF9A,0xFF9A,0xFF9A,0xFF9A,0xFF9A,0xFF9B,0xFF9B,0xFF9A,0xFF15,
    0xF673,0xAC2D,0x3925,0x1062,0x0043,0x49C7,0x7ACA,0x7B0B,0x9BED,0x934B,0xB42D,0xB46F,0xAC6E,0x18C4,0xE77D,0xE7BE,
    0xE7BE,0xEFDE,0xEFDE,0xEFDE,0xEFDE,0xEFDE,0xEFDE,0xEFDE,0xEFDE,0xEFDE,0xEFDE,0xEFDE,0xEFDE,0xEFDE,0xEFDE,0xE7BE,
    0xEFDE,0xEFDE,0xEFDE,0xEFDE,0xEFDE,0xEFDE,0xEFDE,0xEFDE,0xEFDE,0xEFDE,0xEFDE,0xEFDE,0xEFDE,0xEFDE,0xEFDE,0xEFDE,
    0xEFDE,0xEFDE,0xEFDE,0xEFDE,0xEFDE,0xEFDE,0xEFDE,0xEFDE,0xEFDE,0xEFDE,0xEFDE,0xEFDE,0xEFDE,0xEFDE,0xEFDE,0xEFDE,
    0xEFDE,0xEFDE,0xEFDE,0xEFDE,0xEFDE,0xEFDE,0xEFDE,0xEFDE,0xEFDE,0xEFDE,0xEFDE,0xEFDE,0xEFDE,0xEFDE,0xEFDE,0xEFDE,
    0xEFDE,0xEFDE,0xEFDE,0xEFDE,0xEFDE,0xEFDE,0xEFDE,0xE7BE,0xE7BE,0xE7BE,0xC6B9,0x0022,0x1949,0x21AA,0x2A4C,0x224C,
    0x220C,0x21CB,0x1968,0x198A,0x218A,0x1948,0x10E7,0x2885,0xCA48,0xE2E7,0xF4CA,0xEC09,0xECAC,0xEE10,0xEE52,0xF673,
    0xFE92,0xFEB3,0xFF16,0xFF9A,0xFF99,0xFF98,0xFF99,0xFFBA,0xFF9A,0xFF58,0xFF58,0xFF79,0xFEF6,0xF675,0xEDD2,0xC42E,
    0x20E7,0x0023,0x0022,0x08E6,0x0927,0x0084,0x6269,0x6269,0xC4AE,0xDD4F,0xE5B0,0xE5D1,0xE5B0,0xABEB,0x2966,0xE79D,
    0xE7BE,0xEFDE,0xEFDE,0xEFDE,0xEFDE,0xEFDE,0xEFDE,0xEFDE,0xEFDE,0xEFDE,0xEFDE,0xEFDE,0xEFDE,0xEFDE,0xE7BE,0xEFDE,
    0xEFDE,0xEFDE,0xEFDE,0xEFDE,0xEFDE,0xEFDE,0xEFDE,0xEFDE,0xEFDE,0xEFDE,0xEFDE,0xEFDE,0xEFDE,0xEFDE,0xEFDE,0xEFDE,
    0xEFDE,0xEFDE,0xEFDE,0xEFDE,0xEFDE,0xEFDE,0xEFDE,0xEFDE,0xEFDE,0xEFDE,0xEFDE,0xEFDE,0xEFDE,0xEFDE,0xEFDE,0xEFDE,
    0xEFDE,0xEFDE,0xEFDE,0xEFDE,0xEFDE,0xEFDE,0xEFDE,0xEFDE,0xEFDE,0xEFDE,0xEFDE,0xEFDE,0xEFDE,0xEFDE,0xEFDE,0xEFDE,
    0xEFDE,0xEFDE,0xEFDE,0xEFDE,0xEFDE,0xEFDE,0xEFDE,0xE7BE,0xE7BE,0xE79D,0x2966,0x0021,0x10C5,0x1948,0x19AA,0x21EB,
    0x19AA,0x1969,0x08E6,0x1149,0x1129,0x08A6,0x0001,0xC1C5,0xD247,0xD226,0xD1E6,0xB986,0xA9A6,0x8A06,0x82E8,0x7288,
    0x6206,0xDD0C,0xDD4F,0xDD2F,0xDD0D,0xE56E,0xEDF0,0xC4EC,0xCCCD,0xD48E,0x9B0A,0x6228,0x3168,0x1886,0x0844,0x0024,
    0x0024,0x0024,0x1127,0x1128,0x1148,0x08A5,0x0001,0xEE31,0xFEB4,0xFF57,0xFF36,0xF672,0xEDD1,0xBC2D,0x0842,0x9CD2,
    0xE7BE,0xEFDE,0xEFDE,0xEFDE,0xEFDE,0xEFDE,0xEFDE,0xEFDE,0xEFDE,0xEFDE,0xEFDE,0xEFDE,0xEFDE,0xEFDE,0xEFDE,0xEFDE,
    0xEFDE,0xEFDE,0xEFDE,0xEFDE,0xEFDE,0xEFDE,0xEFDE,0xEFDE,0xEFDE,0xEFDE,0xEFDE,0xEFDE,0xEFDE,0xEFDE,0xEFDE,0xEFDE,
    0xEFDE,0xEFDE,0xEFDE,0xEFDE,0xEFDE,0xEFDE,0xEFDE,0xEFDE,0xEFDE,0xEFDE,0xEFDE,0xEFDE,0xEFDE,0xEFDE,0xEFDE,0xEFDE,
    0xEFDE,0xEFDE,0xEFDE,0xEFDE,0xEFDE,0xEFDE,0xEFDE,0xEFDE,0xEFDE,0xEFDE,0xEFDE,0xEFDE,0xEFDE,0xEFDE,0xEFDE,0xEFDE,
    0xEFDE,0xEFDE,0xEFDE,0xEFDE,0xEFDE,0xEFDE,0xEFDE,0xE7BE,0xE7BE,0xCEBA,0x18A2,0x61A4,0x1063,0x0022,0x1127,0x1169,
    0x1149,0x1107,0x1107,0x1108,0x08A7,0x0822,0xC1E7,0xCA07,0xB9E8,0xA168,0xA167,0x7146,0x4987,0x59C5,0x2904,0x2904,
    0x0883,0x0083,0x0045,0x0043,0x0023,0x0002,0x0022,0x0022,0x2084,0x8A29,0x9289,0x9269,0xA289,0xC309,0xBAC9,0x0022,
    0x0064,0x0907,0x1989,0x1148,0x1128,0x3986,0xDDB0,0xFEF5,0xFF57,0xFF78,0xFEF4,0xF672,0xCCCE,0xCCAD,0x6AA8,0x2104,
    0xE7BE,0xE7BE,0xEFDE,0xEFDE,0xEFDE,0xEFDE,0xEFDE,0xEFDE,0xEFDE,0xEFDE,0xEFDE,0xEFDE,0xEFDE,0xEFDE,0xEFDE,0xEFDE,
    0xEFDE,0xEFDE,0xEFDE,0xEFDE,0xEFDE,0xEFDE,0xEFDE,0xEFDE,0xEFDE,0xEFDE,0xEFDE,0xEFDE,0xEFDE,0xEFDE,0xEFDE,0xEFDE,
    0xEFDE,0xEFDE,0xEFDE,0xEFDE,0xEFDE,0xEFDE,0xEFDE,0xEFDE,0xEFDE,0xEFDE,0xEFDE,0xEFDE,0xEFDE,0xEFDE,0xEFDE,0xEFDE,
    0xEFDE,0xEFDE,0xEFDE,0xEFDE,0xEFDE,0xEFDE,0xEFDE,0xEFDE,0xEFDE,0xEFDE,0xEFDE,0xEFDE,0xEFDE,0xEFDE,0xEFDE,0xEFDE,
    0xEFDE,0xEFDE,0xEFDE,0xEFDE,0xEFDE,0xEFDE,0xEFDE,0xEFDE,0xBE38,0x08A3,0x79E4,0x71A4,0x8204,0x7183,0x4902,0x69A3,
    0x10A5,0x0885,0x0865,0x0843,0x4923,0x30E5,0xD248,0xB9C7,0x99A8,0x9169,0x38E6,0x9309,0xBC0B,0xB3EB,0xA3AA,0x7B6B,
    0x6B0A,0x3A68,0x0023,0x08C6,0x08C7,0x0865,0x0844,0x922B,0xAAAC,0xC36C,0xD3CB,0xDBCB,0xDBCC,0x6965,0x28E5,0x21A9,
    0x1969,0x218A,0x1128,0x0907,0x20E5,0xF653,0xFF57,0xFF98,0xFF57,0xFEF5,0xFEB3,0xFEF4,0xEE32,0xEDD1,0xA3A9,0x18C3,
    0xD71B,0xE7BE,0xE7BE,0xEFDE,0xEFDE,0xEFDE,0xEFDE,0xEFDE,0xEFDE,0xEFDE,0xEFDE,0xEFDE,0xEFDE,0xEFDE,0xEFDE,0xEFDE,
    0xEFDE,0xEFDE,0xEFDE,0xEFDE,0xEFDE,0xEFDE,0xEFDE,0xEFDE,0xEFDE,0xEFDE,0xEFDE,0xEFDE,0xEFDE,0xEFDE,0xEFDE,0xEFDE,
    0xEFDE,0xEFDE,0xEFDE,0xEFDE,0xEFDE,0xEFDE,0xEFDE,0xEFDE,0xEFDE,0xEFDE,0xEFDE,0xEFDE,0xEFDE,0xEFDE,0xEFDE,0xEFDE,
    0xEFDE,0xEFDE,0xEFDE,0xEFDE,0xEFDE,0xEFDE,0xEFDE,0xEFDE,0xEFDE,0xEFDE,0xEFDE,0xEFDE,0xEFDE,0xEFDE,0xEFDE,0xEFDE,
    0xEFDE,0xEFDE,0xEFDE,0xEFDE,0xEFDE,0xEFDE,0xEFDE,0x8492,0x0905,0x0926,0xBB83,0xCBE5,0x8A44,0x8A45,0x8A65,0x8A65,
    0x9264,0x8A23,0x7A24,0x61A3,0x38E3,0x1884,0xBA08,0xA1A8,0x7988,0x0865,0xA38B,0xBC2C,0xCCAE,0xCC8D,0xC48D,0xAC6E,
    0x5A89,0x0021,0x0908,0x10E7,0x0907,0x0864,0x0024,0x0066,0xCBEB,0xDC69,0xC44B,0x7267,0x08C4,0x21AA,0x220C,0x2A0B,
    0x21AA,0x196A,0x0064,0x0000,0xFED4,0xFF58,0xFF78,0xFF58,0xFF57,0xFF56,0xFF56,0xFF98,0xFF77,0xF694,0xE5D0,0x39C6,
    0x634D,0xE7BE,0xE7BE,0xEFDE,0xEFDE,0xEFDE,0xEFDE,0xEFDE,0xEFDE,0xEFDE,0xEFDE,0xEFDE,0xEFDE,0xEFDE,0xEFDE,0xEFDE,
    0xEFDE,0xEFDE,0xEFDE,0xEFDE,0xEFDE,0xEFDE,0xEFDE,0xEFDE,0xEFDE,0xEFDE,0xEFDE,0xEFDE,0xEFDE,0xEFDE,0xEFDE,0xEFDE,
    0xEFDE,0xEFDE,0xEFDE,0xEFDE,0xEFDE,0xEFDE,0xEFDE,0xEFDE,0xEFDE,0xEFDE,0xEFDE,0xEFDE,0xEFDE,0xEFDE,0xEFDE,0xEFDE,
    0xEFDE,0xEFDE,0xEFDE,0xEFDE,0xEFDE,0xEFDE,0xEFDE,0xEFDE,0xEFDE,0xEFDE,0xEFDE,0xEFDE,0xEFDE,0xEFDE,0xEFDE,0xEFDE,
    0xEFDE,0xEFDE,0xEFDE,0xEFDE,0xEFDE,0xE7BE,0xE7BE,0x10C4,0x12AA,0x1229,0xD4C3,0xE503,0x40A1,0x9245,0x8A45,0x8A45,
    0x8A45,0x6983,0x6983,0x4943,0x3903,0x2084,0x0002,0x8187,0x1085,0xB42C,0xCCCF,0xEDF2,0xEE11,0xFEB4,0xF6B4,0xF694,
    0xD550,0x08A3,0x08C6,0x1948,0x1989,0x1989,0x0907,0x0063,0x0002,0x0044,0x10C6,0x2A6C,0x2A4C,0x2A2C,0x2A2C,0x198A,
    0x196A,0x1149,0x0842,0xE611,0xFF78,0xFF78,0xFF78,0xFF78,0xFF78,0xFF16,0xFE93,0xF693,0xFF15,0xFF55,0xDD8F,0xB44C,
    0x3167,0xEFBE,0xE7BE,0xE7BE,0xEFDE,0xEFDE,0xEFDE,0xEFDE,0xEFDE,0xEFDE,0xEFDE,0xEFDE,0xEFDE,0xEFDE,0xEFDE,0xEFDE,
    0xEFDE,0xEFDE,0xEFDE,0xEFDE,0xEFDE,0xEFDE,0xEFDE,0xEFDE,0xEFDE,0xEFDE,0xEFDE,0xEFDE,0xEFDE,0xEFDE,0xEFDE,0xEFDE,
    0xEFDE,0xEFDE,0xEFDE,0xEFDE,0xEFDE,0xEFDE,0xEFDE,0xEFDE,0xEFDE,0xEFDE,0xEFDE,0xEFDE,0xEFDE,0xEFDE,0xEFDE,0xEFDE,
    0xEFDE,0xEFDE,0xEFDE,0xEFDE,0xEFDE,0xEFDE,0xEFDE,0xEFDE,0xEFDE,0xEFDE,0xEFDE,0xEFDE,0xEFDE,0xEFDE,0xEFDE,0xEFDE,
    0xEFDE,0xEFDE,0xEFDE,0xEFDE,0xE7BE,0xE7BE,0xA5B6,0x08E5,0x4D8F,0x136C,0x28C2,0xED63,0xF5A6,0xDD0C,0x81A4,0x6984,
    0x71A4,0x6163,0x6163,0x4943,0x6982,0x6183,0x0043,0x3064,0x7245,0x49A5,0x29C8,0xCD51,0xE5B0,0xF6D4,0xFF16,0xFF58,
    0xFEB4,0xD54F,0x0002,0x1128,0x1989,0x2A4C,0x32AD,0x21CB,0x21EC,0x32AE,0x3AEF,0x32AE,0x328D,0x21AA,0x1968,0x1127,
    0x10E6,0x08A5,0xE5F1,0xFF38,0xFF78,0xFF78,0xFF58,0xFE93,0xEE32,0xD550,0xCCEF,0xD550,0xE5D0,0xDD90,0xDD4F,0xC4CE,
    0x2927,0xDF7C,0xE7BE,0xE7BE,0xEFDE,0xEFDE,0xEFDE,0xEFDE,0xEFDE,0xEFDE,0xEFDE,0xEFDE,0xEFDE,0xEFDE,0xEFDE,0xEFDE,
    0xEFDE,0xEFDE,0xEFDE,0xEFDE,0xEFDE,0xEFDE,0xEFDE,0xEFDE,0xEFDE,0xEFDE,0xEFDE,0xEFDE,0xEFDE,0xEFDE,0xEFDE,0xEFDE,
    0xEFDE,0xEFDE,0xEFDE,0xEFDE,0xEFDE,0xEFDE,0xEFDE,0xEFDE,0xEFDE,0xEFDE,0xEFDE,0xEFDE,0xEFDE,0xEFDE,0xEFDE,0xEFDE,
    0xEFDE,0xEFDE,0xEFDE,0xEFDE,0xEFDE,0xEFDE,0xEFDE,0xEFDE,0xEFDE,0xEFDE,0xEFDE,0xEFDE,0xEFDE,0xEFDE,0xEFDE,0xEFDE,
    0xEFDE,0xEFDE,0xEFDE,0xEFDE,0xE7BE,0xE7BE,0x6BEF,0x2C2D,0x65F0,0x44EF,0x0946,0xE586,0xFDC5,0xFE89,0xFF0B,0xF5C5,
    0x7983,0x7162,0xBB24,0x9A64,0x8A03,0x61A3,0x032F,0x08C6,0x09A7,0x0B6D,0x0B6D,0x01C9,0x624B,0xDDB2,0xFF16,0xFF57,
    0xFF36,0xFE93,0x7267,0x0843,0x1127,0x21AA,0x328D,0x2A4C,0x2A4C,0x2A4C,0x2A4D,0x2A4D,0x21EB,0x19AA,0x1128,0x08A5,
    0x1927,0xCD71,0xFF58,0xFF79,0xFF79,0xFF78,0xF631,0xDD4D,0x2A08,0x11C9,0x0988,0x2A09,0x7BAD,0xC48E,0xD50E,0xCCEE,
    0x2106,0xDF7C,0xE7BE,0xE7BE,0xEFDE,0xEFDE,0xEFDE,0xEFDE,0xEFDE,0xEFDE,0xEFDE,0xEFDE,0xEFDE,0xEFDE,0xEFDE,0xEFDE,
    0xEFDE,0xEFDE,0xEFDE,0xEFDE,0xEFDE,0xEFDE,0xEFDE,0xEFDE,0xEFDE,0xEFDE,0xEFDE,0xEFDE,0xEFDE,0xEFDE,0xEFDE,0xEFDE,
    0xEFDE,0xEFDE,0xEFDE,0xEFDE,0xEFDE,0xEFDE,0xEFDE,0xEFDE,0xEFDE,0xEFDE,0xEFDE,0xEFDE,0xEFDE,0xEFDE,0xEFDE,0xEFDE,
    0xEFDE,0xEFDE,0xEFDE,0xEFDE,0xEFDE,0xEFDE,0xEFDE,0xEFDE,0xEFDE,0xEFDE,0xEFDE,0xEFDE,0xEFDE,0xEFDE,0xEFDE,0xEFDE,
    0xEFDE,0xEFDE,0xEFDE,0xE7BE,0xE7BE,0xE79D,0x1906,0x7E71,0x7E50,0x65D0,0x12EB,0x1987,0xD403,0xED03,0xECE2,0xECC2,
    0xD3E0,0xC361,0x9A64,0x8A24,0x7A04,0x0063,0x0063,0x038F,0x02AC,0x0C2E,0x0C0C,0x03AC,0x12EC,0x19A9,0xE5F0,0xFEF5,
    0xFF77,0xFF57,0xFE51,0x0023,0x10E6,0x1928,0x198A,0x21EB,0x21CB,0x21CB,0x19CB,0x21AB,0x1969,0x1149,0x1969,0x198A,
    0x0064,0xF6B4,0xFF78,0xFF58,0xFED5,0xC4EE,0x3A28,0x0A29,0x0B8D,0x24AD,0x2CCD,0x13CC,0x0946,0x636E,0xA48F,0xACAF,
    0x1904,0xDF9D,0xE7BE,0xE7BE,0xEFDE,0xEFDE,0xEFDE,0xEFDE,0xEFDE,0xEFDE,0xEFDE,0xEFDE,0xEFDE,0xEFDE,0xEFDE,0xEFDE,
    0xEFDE,0xEFDE,0xEFDE,0xEFDE,0xEFDE,0xEFDE,0xEFDE,0xEFDE,0xEFDE,0xEFDE,0xEFDE,0xEFDE,0xEFDE,0xEFDE,0xEFDE,0xEFDE,
    0xEFDE,0xEFDE,0xEFDE,0xEFDE,0xEFDE,0xEFDE,0xEFDE,0xE7BE,0xEFDE,0xE7BE,0xE7BE,0xE7BE,0xEFDE,0xEFDE,0xEFDE,0xEFDE,
    0xEFDE,0xE7BE,0xE7BE,0xEFDE,0xEFDE,0xEFDE,0xEFDE,0xEFDE,0xEFDE,0xEFDE,0xEFDE,0xEFDE,0xEFDE,0xEFDE,0xEFDE,0xEFDE,
    0xEFDE,0xEFDE,0xEFDE,0xE7BE,0xE7BE,0xE79D,0x1105,0x8E92,0x7E30,0x75F0,0x4590,0x13ED,0x0107,0x29E8,0xD463,0xDC01,
    0xDC21,0xA264,0x9A85,0x3965,0x0883,0x0269,0x0063,0x028B,0x03EE,0x0C6F,0x552D,0x4D6E,0x144E,0x032C,0x00A5,0xDD4E,
    0xFF57,0xFF78,0xFF37,0x0864,0x1128,0x198A,0x08A6,0x1148,0x1169,0x1989,0x10E6,0x10E6,0x08E7,0x2A0D,0x21EC,0x1148,
    0x0021,0xFF9A,0xFF15,0xEE52,0xCC6C,0x00E6,0x0B8B,0x1C6E,0x6DF0,0x8E2F,0x860E,0x65CF,0x1C0C,0x0946,0x942F,0x632D,
    0x4AAB,0xE7BE,0xE7BE,0xE7BE,0xEFDE,0xEFDE,0xEFDE,0xEFDE,0xEFDE,0xEFDE,0xEFDE,0xEFDE,0xEFDE,0xEFDE,0xEFDE,0xEFDE,
    0xEFDE,0xEFDE,0xEFDE,0xEFDE,0xEFDE,0xEFDE,0xEFDE,0xEFDE,0xEFDE,0xEFDE,0xEFDE,0xEFDE,0xEFDE,0xEFDE,0xEFDE,0xEFDE,
    0xEFDE,0xEFDE,0xEFDE,0xEFDE,0xEFDE,0xEFDE,0xEFDE,0xE7BE,0xE7BE,0xE7BE,0x8BCE,0x5146,0x6966,0x6966,0x6986,0x6966,
    0x6166,0x5966,0x5987,0xEF9D,0xEF9D,0xEF9D,0xE7BE,0xE7BE,0xE7BE,0xE7BE,0xE7BE,0xEFBE,0xEFDE,0xEFDE,0xEFDE,0xEFDE,
    0xEFDE,0xEFDE,0xE7BE,0xE7BE,0xE7BE,0xE79D,0x1106,0x7E10,0x7610,0x7E30,0x6E31,0x35B2,0x0BEE,0x0ACA,0x0A89,0x49A6,
    0x61A5,0x4965,0x0905,0x0A6A,0x0B4B,0x030B,0x00A4,0x03CE,0x246F,0x03EE,0x5D6E,0x654E,0x450F,0x142F,0x030B,0x00E6,
    0xC54F,0xFF77,0xFF98,0x72EA,0x08E8,0x1969,0x19AA,0x19AA,0x1169,0x1127,0x21CA,0x29EC,0x2A0C,0x21AB,0x1969,0x08A5,
    0xEE74,0xFF36,0xEE31,0xC4AD,0x0127,0x03EE,0x3D0E,0x55B0,0x7DF0,0xAD8D,0x8E0F,0x65EF,0x45B0,0x142D,0x31E9,0x634D,
    0xD73C,0xE7BE,0xE7BE,0xEFDE,0xEFDE,0xEFDE,0xEFDE,0xEFDE,0xEFDE,0xEFDE,0xEFDE,0xEFDE,0xEFDE,0xEFDE,0xEFDE,0xEFDE,
    0xEFDE,0xEFDE,0xEFDE,0xEFDE,0xEFDE,0xEFDE,0xEFDE,0xEFDE,0xEFDE,0xEFDE,0xEFDE,0xEFDE,0xEFDE,0xEFDE,0xEFDE,0xEFDE,
    0xEFDE,0xEFDE,0xEFDE,0xEFDE,0xEFDE,0xEFDE,0xEFDE,0xEFDE,0x6ACB,0x6186,0x9165,0xB9E7,0xF2E8,0xEAE8,0xEB08,0xEAC8,
    0xEA88,0xEA67,0xE247,0x8125,0x5905,0x4966,0xD637,0xEFBD,0xE7BE,0xE7BD,0xE7BE,0xEFBE,0xEFDE,0xEFDE,0xEFDE,0xEFDE,
    0xEFDE,0xEFDE,0xEFDE,0xE7BE,0xE7BE,0xE7BE,0x1927,0x1BCC,0x5D8F,0x8631,0x7611,0x5E12,0x6612,0x4D90,0x146E,0x1C0E,
    0x1B8D,0x136D,0x0BAC,0x144D,0x24CE,0x0BEE,0x0127,0x040E,0x2CCF,0x2CAF,0x24D0,0x552F,0x3D30,0x248F,0x03AE,0x038C,
    0x00C5,0xC511,0xFF15,0xB44D,0x0044,0x1127,0x1969,0x220C,0x2A4D,0x2A2C,0x2A2C,0x324D,0x1969,0x1127,0x10C5,0x1083,
    0xF695,0xF673,0xDDF1,0x0987,0x038E,0x1CF0,0x55AF,0x7651,0x6E31,0xFF32,0xDE6F,0x7611,0x65F1,0x1CAF,0x0020,0x1124,
    0xDF7D,0xE7BE,0xE7BE,0xE7BE,0xEFDE,0xEFDE,0xEFDE,0xEFDE,0xEFDE,0xEFDE,0xEFDE,0xEFDE,0xEFDE,0xEFDE,0xEFDE,0xEFDE,
    0xEFDE,0xEFDE,0xEFDE,0xEFDE,0xEFDE,0xEFDE,0xEFDE,0xEFDE,0xEFDE,0xEFDE,0xEFDE,0xEFDE,0xEFDE,0xEFDE,0xEFDE,0xEFDE,
    0xEFDE,0xEFDE,0xEFDE,0xEFDE,0xEFDE,0xEFDE,0xEFDE,0x3126,0x71E8,0xCA47,0xDA88,0xFBCA,0xFBCA,0xFC2C,0xFC6C,0xFCCE,
    0xFC8D,0xFC4C,0xFC6C,0xFC6D,0xE34A,0xCA67,0x80E4,0x89C7,0xB4F3,0xE77C,0xE7BE,0xEFBE,0xEFDE,0xEFDE,0xEFDE,0xEFDE,
    0xEFDE,0xEFDE,0xE7BE,0xE7BE,0xE7BE,0xE7BE,0xA5D6,0x0146,0x452F,0x5590,0x6DF0,0x6E31,0x65D0,0x65EF,0x6DEF,0x5D4D,
    0x4CED,0x44CD,0x44ED,0x3CED,0x1CAE,0x0BCF,0x0BCF,0x0C6F,0x3510,0x3D0F,0x24CF,0x2CCF,0x0C70,0x248F,0x03AE,0x03CC,
    0x032A,0x0189,0xDD90,0xDDB1,0x0022,0x0841,0x08A5,0x1169,0x21CB,0x21CB,0x1969,0x1169,0x1127,0x0884,0x3165,0xC44E,
    0xF674,0xBCEF,0x11E8,0x02EB,0x144F,0x4D8F,0x55CF,0x7672,0x6E92,0x6E72,0xA5EF,0xADEE,0xAE31,0x85F0,0x33CE,0x0882,
    0xCEDA,0xE7BE,0xE7BE,0xE7BE,0xEFDE,0xEFDE,0xEFDE,0xEFDE,0xEFDE,0xEFDE,0xEFDE,0xEFDE,0xEFDE,0xEFDE,0xEFDE,0xEFDE,
    0xEFDE,0xEFDE,0xEFDE,0xEFDE,0xEFDE,0xEFDE,0xEFDE,0xEFDE,0xEFDE,0xEFDE,0xEFDE,0xEFDE,0xEFDE,0xEFDE,0xEFDE,0xEFDE,
    0xEFDE,0xEFDE,0xEFDE,0xEFDE,0xEFDE,0xEFDE,0xEFDE,0xEFDE,0xB5B6,0x51E8,0x79A7,0xB166,0xFBAB,0xFBAA,0xFBAB,0xFBCB,
    0xFC2C,0xFC6D,0xFC8D,0xFC4C,0xFC2C,0xFC8D,0xFD0F,0xFCAE,0x9965,0x5926,0xDEFA,0xE7BE,0xEFBE,0xEFDE,0xEFDE,0xEFDE,
    0xEFDE,0xEFDE,0xE7BE,0xE7BE,0xE7BE,0xE7BE,0xC6DA,0x08A4,0x558F,0x454F,0x4D6F,0x6DF0,0x5DD0,0x65CF,0x65CE,0x554D,
    0x6DAF,0x4D2E,0x450E,0x1C8E,0x03EE,0x02ED,0x03EF,0x1CF0,0x2530,0x452F,0x048F,0x146F,0x0C0F,0x0BEE,0x032C,0x14CF,
    0x1C6E,0x1925,0x0000,0xDD90,0x0022,0x49A4,0x3984,0x0042,0x08C5,0x08E7,0x08A4,0x0063,0x1947,0xCC0E,0x4985,0xED2F,
    0xDD2F,0x0967,0x130B,0x13AD,0x34CF,0x34EE,0x55AF,0x7672,0x6652,0x6652,0x6E52,0x96B4,0xA6B3,0x6591,0x1C6F,0x0BAD,
    0x1905,0xE7BE,0xE7BE,0xE7BE,0xEFDE,0xEFDE,0xEFDE,0xEFDE,0xEFDE,0xEFDE,0xEFDE,0xEFDE,0xEFDE,0xEFDE,0xEFDE,0xEFDE,
    0xEFDE,0xEFDE,0xEFDE,0xEFDE,0xEFDE,0xEFDE,0xEFDE,0xEFDE,0xEFDE,0xEFDE,0xEFDE,0xEFDE,0xEFDE,0xEFDE,0xEFDE,0xEFDE,
    0xEFDE,0xEFDE,0xEFDE,0xEFDE,0xEFDE,0xEFDE,0xEFDE,0xEFDE,0xE7BE,0xE7BD,0xE79D,0x28C4,0xA1A7,0xFBAA,0xFBAA,0xFC2C,
    0xFC4C,0xFC0B,0xFC4C,0xFC6D,0xFC2C,0xFC4C,0xFC6D,0xFC8D,0xFC8C,0xCAA9,0x7105,0x626A,0xE7BE,0xE79D,0xE7BE,0xE7BE,
    0xE7BE,0xE7BE,0xE7BE,0xE7BE,0xE7BE,0xE7BE,0xE7BE,0x1946,0x236C,0x452F,0x450F,0x450E,0x5D8F,0x556E,0x554E,0x4D0E,
    0x44CE,0x3CCE,0x1CAF,0x0C70,0x0229,0x03CE,0x0C6F,0x1CD0,0x14F1,0x3530,0x04B0,0x0490,0x042F,0x02CC,0x026B,0x1D10,
    0x3530,0x5963,0x20E3,0xB4EF,0x0043,0x6244,0x49A3,0x2061,0xFD45,0xFE26,0x1881,0x6B0B,0xDDEF,0xCBE9,0x4985,0xD5EF,
    0x10E3,0xAA22,0x09E8,0x140E,0x34EF,0x0B6D,0x4DAF,0x7672,0x5631,0x5E31,0x8EB3,0x8EB3,0x7E31,0x75D0,0x3D71,0x2530,
    0x1CD0,0x1106,0xC6DA,0xE7BE,0xE7BE,0xE7BE,0xEFDE,0xEFDE,0xEFDE,0xEFDE,0xEFDE,0xEFDE,0xEFDE,0xEFDE,0xEFDE,0xEFDE,
    0xEFDE,0xEFDE,0xEFDE,0xEFDE,0xEFDE,0xEFDE,0xEFDE,0xEFDE,0xEFDE,0xEFDE,0xEFDE,0xEFDE,0xEFDE,0xEFDE,0xEFDE,0xEFDE,
    0xEFDE,0xEFDE,0xEFDE,0xEFDE,0xEFDE,0xEFDE,0xEFDE,0xEFDE,0xE7BE,0xE7BE,0xE7BE,0xDF3C,0x59E8,0xA186,0xF329,0xFC4C,
    0xFC4C,0xFC4C,0xFC8D,0xFC4C,0xFC4C,0xFC4C,0xFC4C,0xFC8D,0xFC6C,0xFCAD,0xF44E,0xCAE9,0x628A,0xE77D,0xE7BD,0xE7BE,
    0xE7BE,0xE7BE,0xE7BE,0xE7BE,0xE7BE,0xE7BE,0xE7BE,0x63CF,0x08E5,0x34B0,0x3D0F,0x4D0F,0x4D0E,0x550D,0x4CEC,0x3CCE,
    0x3CAE,0x1470,0x03CE,0x0C50,0x0C0E,0x0C4F,0x1CAF,0x0C4F,0x1490,0x24F0,0x0C90,0x0410,0x03EF,0x034E,0x01A8,0x1D11,
    0x0A89,0xAA64,0x28A2,0x1269,0x0167,0xA387,0xB468,0xFF11,0xFD83,0xFE27,0xF68C,0x8AE5,0x7204,0x9AE5,0x3104,0x4511,
    0x11E6,0xBAA3,0x0165,0x4DD0,0x0BEE,0x034D,0x65CF,0x4DD0,0x5611,0x5E52,0x6E92,0x96B2,0x7E31,0x7DF0,0x7E31,0x5E52,
    0x3590,0x13CE,0x2C4E,0x21A7,0xE7BE,0xE7BE,0xE7BE,0xEFDE,0xEFDE,0xEFDE,0xEFDE,0xEFDE,0xEFDE,0xEFDE,0xEFDE,0xEFDE,
    0xEFDE,0xEFDE,0xEFDE,0xEFDE,0xEFDE,0xEFDE,0xEFDE,0xEFDE,0xEFDE,0xEFDE,0xEFDE,0xEFDE,0xEFDE,0xEFDE,0xEFDE,0xEFDE,
    0xEFDE,0xEFDE,0xEFDE,0xEFDE,0xEFDE,0xEFDE,0xEFDE,0xEFDE,0xE7BE,0xE7BE,0xE7BE,0xE7BE,0xE75C,0x3946,0xBA06,0xFB8A,
    0xFC4C,0xFC4C,0xFC4C,0xFC4C,0xFC4C,0xFC4C,0xFC8D,0xFCAD,0xFC8C,0xFC8D,0xFCAD,0xFD4F,0x7125,0x6229,0xE79D,0xE7BE,
    0xE7BE,0xE7BE,0xE7BE,0xE7BE,0xE7BE,0xE7BE,0xE7BE,0xE79D,0x1106,0x124B,0x348F,0x3D10,0x552F,0x550E,0x4D0D,0x24CF,
    0x1C8F,0x0C4F,0x0C6F,0x042F,0x146F,0x03EF,0x03EF,0x03CF,0x0C6F,0x0C30,0x03CF,0x034F,0x038F,0x024B,0x0106,0x1491,
    0x0105,0xCC06,0x0965,0x2C8F,0x11E8,0x4103,0xF5C5,0xFEAD,0xFF38,0xFE68,0xFEEC,0xFEA9,0x4164,0x4924,0xA42F,0x0B4D,
    0x1228,0xF650,0x00A3,0x45B0,0x038D,0x02CC,0x4590,0x2570,0x5E11,0x5E52,0x6652,0x6652,0x6652,0x6631,0x4DF2,0x2DB1,
    0x4E10,0x458F,0x5DF0,0x09A8,0x1905,0xE7BE,0xE7BE,0xE7BE,0xEFDE,0xEFDE,0xEFDE,0xEFDE,0xEFDE,0xEFDE,0xEFDE,0xEFDE,
    0xEFDE,0xEFDE,0xEFDE,0xEFDE,0xEFDE,0xEFDE,0xEFDE,0xEFDE,0xEFDE,0xEFDE,0xEFDE,0xEFDE,0xEFDE,0xEFDE,0xEFDE,0xEFDE,
    0xEFDE,0xEFDE,0xEFDE,0xEFDE,0xEFDE,0xEFDE,0xEFDE,0xEFDE,0xEFDE,0xE7BE,0xE7BE,0xE7BE,0xE7BE,0xE75C,0x61E7,0xD206,
    0xFC2C,0xFC4C,0xFC4C,0xFC4C,0xFC4C,0xFC8D,0xFC2C,0xFC8D,0xFC6C,0xFC4C,0xFC6D,0xFCAD,0xF46C,0x8186,0x62EC,0xE79D,
    0xB5F7,0x7C51,0xE7BE,0xE7BE,0xE7BE,0xE7BE,0xE7BE,0xE7BE,0xD73C,0x1126,0x0A69,0x13CE,0x24F0,0x1CCF,0x1CCF,0x1CAF,
    0x1CD0,0x03EF,0x03CF,0x0C30,0x03AF,0x03CF,0x0BCF,0x0B4D,0x034E,0x030D,0x026B,0x02CD,0x00A6,0x0084,0x0083,0x140F,
    0x0082,0x8B07,0x22A9,0x3CD0,0x3208,0x28C2,0xFD42,0xFE45,0xFDE3,0xAAA1,0xFE24,0xFE04,0x79A2,0xFEB5,0xBCD0,0x2CF1,
    0x22A9,0x81C5,0x00A2,0x458F,0x352F,0x030C,0x1CAF,0x2550,0x3DB1,0x6652,0x5E51,0x5E52,0x5E52,0x5E31,0x35B2,0x2D91,
    0x7611,0x8630,0x75EF,0x13CD,0x08C4,0x7450,0xE7BE,0xE7BE,0xEFDE,0xEFDE,0xEFDE,0xEFDE,0xEFDE,0xEFDE,0xEFDE,0xEFDE,
    0xEFDE,0xEFDE,0xEFDE,0xEFDE,0xEFDE,0xEFDE,0xEFDE,0xEFDE,0xEFDE,0xEFDE,0xEFDE,0xEFDE,0xEFDE,0xEFDE,0xEFDE,0xEFDE,
    0xEFDE,0xEFDE,0xEFDE,0xEFDE,0xEFDE,0xEFDE,0xEFDE,0xEFDE,0xEFDE,0xE7BE,0xE7BE,0xEFBE,0xE7BE,0xE7BE,0xB575,0x9166,
    0xF2E8,0xFC4C,0xFC6C,0xFC4C,0xFC4C,0xFCAE,0xFC4C,0xFC4C,0xFC8D,0xFC4C,0xFC4C,0xFCCE,0xFC8D,0xDAC9,0x28C4,0xE77D,
    0x4AEC,0x54CF,0x19A8,0xDF7C,0xE7BE,0xE7BE,0xE7BE,0xE7BE,0xE7BE,0xE7BE,0x31C8,0x08A5,0x142E,0x140E,0x0BEF,0x0C2F,
    0x0C0F,0x0B2D,0x0B2D,0x034E,0x034E,0x0B4D,0x0B2D,0x12EC,0x08A6,0x0884,0x10A3,0x8D35,0xE7BE,0xDF5C,0x21C8,0x12EB,
    0x7245,0x82C6,0x44EF,0x346F,0x4A48,0x28C2,0xECA1,0xFE24,0xD3E1,0xDC62,0xCBE1,0xD441,0x6962,0xFE95,0xB4D0,0x2CF1,
    0x2ACA,0x8A66,0x00E3,0x354F,0x354F,0x0BCE,0x01E9,0x24CF,0x3D70,0x4D91,0x4570,0x5E11,0x4DF1,0x5652,0x35D1,0x5DD1,
    0x9672,0xBE0E,0x7D6C,0x13CC,0xC591,0x31A7,0xE79D,0xE7BE,0xEFDE,0xEFDE,0xEFDE,0xEFDE,0xEFDE,0xEFDE,0xEFDE,0xEFDE,
    0xEFDE,0xEFDE,0xEFDE,0xEFDE,0xEFDE,0xEFDE,0xEFDE,0xEFDE,0xEFDE,0xEFDE,0xEFDE,0xEFDE,0xEFDE,0xEFDE,0xEFDE,0xEFDE,
    0xEFDE,0xEFDE,0xEFDE,0xEFDE,0xEFDE,0xEFDE,0xEFDE,0xEFDE,0xEFDE,0xEFDE,0xE7BE,0xE7BE,0xEFBE,0xEFBE,0xE7BE,0x69E8,
    0xD248,0xFC0B,0xFC2C,0xFC4C,0xFC4C,0xFC4C,0xFCCE,0xFC4C,0xFC6D,0xFC4C,0xFC4C,0xFCAD,0xFC8D,0xFCAD,0xB228,0x5ACB,
    0x5B6E,0x558F,0x2B8C,0x21E9,0xD73C,0xE7BD,0xE7BE,0xE7BE,0xE7BE,0xE7BE,0xE7BE,0x95B6,0x10A4,0x10E6,0x126C,0x12EC,
    0x0A8B,0x0A6B,0x0A6B,0x0A6B,0x0948,0x08E6,0x1106,0x436E,0xCF1B,0xDF9D,0xE7BE,0xE7BE,0xE7BE,0xE79D,0x1107,0x1229,
    0xA3C7,0x21C7,0x3D70,0x09A6,0x5A48,0x936A,0x9AC2,0xF501,0xF501,0xFD82,0xDC81,0xC3E4,0x5185,0xF673,0xB4F0,0x2CF0,
    0x2268,0x8246,0x0965,0x2D0F,0x1CCF,0x040E,0x00A4,0x0BCD,0x24EF,0x250F,0x2D50,0x4DF1,0x2D70,0x4E31,0x45F1,0x7631,
    0x8E50,0x9DAD,0x6D2C,0x246D,0xE4EB,0x5A26,0xCEDA,0xE7BE,0xEFDE,0xEFDE,0xEFDE,0xEFDE,0xEFDE,0xEFDE,0xEFDE,0xEFDE,
    0xEFDE,0xEFDE,0xEFDE,0xEFDE,0xEFDE,0xEFDE,0xEFDE,0xEFDE,0xEFDE,0xEFDE,0xEFDE,0xEFDE,0xEFDE,0xEFDE,0xEFDE,0xEFDE,
    0xEFDE,0xEFDE,0xEFDE,0xEFDE,0xEFDE,0xEFDE,0xEFDE,0xEFDE,0xEFDE,0xEFDE,0xE7BE,0xE7BE,0xE7BE,0xEFBE,0xE7BE,0xACD2,
    0x6987,0xEB08,0xFC6C,0xFC4C,0xFC4C,0xFC4C,0xFC6D,0xFC4C,0xFC4C,0xFCEE,0xFC4C,0xFC4D,0xFD0F,0xFC4C,0xFB8B,0x5A07,
    0x3AEC,0x3C8D,0x5D8F,0x1B4C,0x1967,0xCF1B,0xE79D,0xE7BE,0xE7BE,0xE7BE,0xE7BE,0xE79D,0xDF7D,0xD75C,0x3A09,0x1906,
    0x10E5,0x10E5,0x1905,0x29A8,0xBEBA,0xDF7D,0xDF7D,0xE79D,0xE7BE,0xE7BE,0xE7BE,0xE7BE,0xE79D,0xCF1B,0x0927,0x19A8,
    0xA326,0x1166,0x2D8F,0x00C3,0xABAB,0xDD0F,0x4985,0xB322,0xDBE0,0xE400,0xBB22,0x30A2,0xDD4E,0xFEB4,0xB4D0,0x3D71,
    0x2227,0x9224,0x3965,0x028A,0x2D0F,0x040E,0x030C,0x09C8,0x0BCD,0x24EF,0x3DB0,0x1CAD,0x5E31,0x5E31,0x6E30,0x6E10,
    0x7630,0x5610,0x2CCE,0x236B,0xFE6A,0xA2A5,0x18C5,0xE79D,0xE7BE,0xEFDE,0xEFDE,0xEFDE,0xEFDE,0xEFDE,0xEFDE,0xEFDE,
    0xEFDE,0xEFDE,0xEFDE,0xEFDE,0xEFDE,0xEFDE,0xEFDE,0xEFDE,0xEFDE,0xEFDE,0xEFDE,0xEFDE,0xEFDE,0xEFDE,0xEFDE,0xEFDE,
    0xEFDE,0xEFDE,0xEFDE,0xEFDE,0xEFDE,0xEFDE,0xEFDE,0xEFDE,0xEFDE,0xEFDE,0xE7BE,0xE7BE,0xE7BE,0xE7BE,0xE7BE,0xD678,
    0x61C6,0xEB29,0xFC4C,0xFC4C,0xFC8D,0xFC2C,0xFC4C,0xFCEE,0xFC6C,0xFC4C,0xFC4C,0xFC4C,0xFC4D,0xFC4D,0xFC4C,0x79C6,
    0x22AA,0x33CC,0x5D8F,0x4D0E,0x23CC,0x11A8,0xD73C,0xE7BE,0xE7BE,0xE7BE,0xE7BE,0xE79D,0xE7BE,0xE7BE,0xE7BE,0xE7BE,
    0xE7BE,0xE7BE,0xE7BE,0xE7BE,0xE7BE,0xE7BE,0xE7BE,0xE7BE,0xE7BE,0xE7BE,0xE7BE,0xE7BD,0xE79D,0x10E5,0x136D,0x0186,
    0x9A43,0x11A6,0x24ED,0x0001,0xABCB,0xD550,0xDD2F,0x5144,0x4923,0x5144,0x61A5,0xDD0E,0xEE11,0xFF77,0xACB0,0x4D91,
    0x11C6,0xA326,0x59E6,0x0229,0x4DB0,0x1C6E,0x030C,0x00E5,0x02AB,0x0BCE,0x146F,0x65AF,0x6E31,0x6E31,0x6E30,0x6E10,
    0x65CF,0x4DD0,0x2CEE,0xA50B,0xFEC9,0xD4A7,0x0884,0xDF7C,0xE7BE,0xEFDE,0xEFDE,0xEFDE,0xEFDE,0xEFDE,0xEFDE,0xEFDE,
    0xEFDE,0xEFDE,0xEFDE,0xEFDE,0xEFDE,0xEFDE,0xEFDE,0xEFDE,0xEFDE,0xEFDE,0xEFDE,0xEFDE,0xEFDE,0xEFDE,0xEFDE,0xEFDE,
    0xEFDE,0xEFDE,0xEFDE,0xEFDE,0xEFDE,0xEFDE,0xEFDE,0xEFDE,0xEFDE,0xE7BE,0xE7BE,0xE7BE,0xE7BE,0xE7BE,0xE7BE,0xE79D,
    0x41C7,0xD287,0xFC6C,0xFC4C,0xFC4C,0xFCCE,0xFC0C,0xFC4C,0xFCAE,0xFC2C,0xFC2C,0xFC4C,0xFC4C,0xFC4C,0xFBEB,0x71C7,
    0x130C,0x5D4E,0x658F,0x5D8F,0x554F,0x132C,0x32AB,0xE79D,0xE79D,0xCEDA,0x9DB6,0xE79D,0xE7BE,0xE7BE,0xE7BE,0xE7BE,
    0xE7BE,0xE7BE,0xE7BE,0xE7BE,0xE7BE,0xE7BE,0xE7BE,0xE7BE,0xE79D,0xDF7D,0xDF7D,0xDF5D,0x3A6A,0x0988,0x140E,0x13EC,
    0x02E9,0x4E10,0x242C,0x0001,0x7A89,0xDD91,0xF674,0xE52F,0xC42D,0xCC8E,0xE591,0xEE12,0xFF78,0xFF57,0xA4AF,0x4DD1,
    0x3CCF,0x2125,0x3A28,0x0B4C,0x4D90,0x34CE,0x032C,0x02CC,0x024B,0x040F,0x34EF,0x6DAF,0x6D8E,0x7631,0x6E10,0x6DEF,
    0x65CE,0x3D8F,0x232A,0xFEF0,0xFE06,0xAB65,0x0022,0x3A08,0xE7BE,0xEFDE,0xEFDE,0xEFDE,0xEFDE,0xEFDE,0xEFDE,0xEFDE,
    0xEFDE,0xEFDE,0xEFDE,0xEFDE,0xEFDE,0xEFDE,0xEFDE,0xEFDE,0xEFDE,0xEFDE,0xEFDE,0xEFDE,0xEFDE,0xEFDE,0xEFDE,0xEFDE,
    0xEFDE,0xEFDE,0xEFDE,0xEFDE,0xEFDE,0xEFDE,0xEFDE,0xE7BE,0xE7BE,0xE7BE,0xE7BE,0xE7BE,0xE7BE,0xE7BE,0xE7BE,0xE79D,
    0x83AE,0xB9E6,0xFC2B,0xFC4C,0xFC2C,0xFCAD,0xFC6D,0xFC0C,0xFC6D,0xFC6D,0xFC0B,0xFC6D,0xFC4D,0xFC4D,0xFBEB,0xE2E8,
    0x09E8,0x658F,0x75D0,0x658F,0x658F,0x246E,0x124A,0xCEFB,0xDF7D,0x5BCE,0x52EB,0x638F,0xE7BE,0xE7BE,0xE7BE,0xE7BE,
    0xE7BE,0xE7BE,0xE7BE,0xE7BE,0xE7BE,0xE7BE,0xE7BE,0xDF7D,0x2146,0x1084,0x0883,0x3228,0x0187,0x1C2E,0x1C6E,0x1C2D,
    0x246C,0x7E72,0x228B,0x3968,0x830A,0xDD70,0xF652,0xFE92,0xF631,0xF653,0xFF16,0xFF37,0xFF36,0xFF57,0x942E,0x5611,
    0x4590,0x1BED,0x0B2A,0x4DD0,0x4D50,0x24AE,0x0BEE,0x034D,0x022A,0x0C4F,0x554E,0x652D,0x6D2D,0x5D2D,0x4CED,0x652D,
    0x3CCD,0x2C8D,0xFFB4,0xFF0F,0xF524,0x8245,0x0044,0x10C6,0xBE58,0xE7BE,0xE7BE,0xE7BE,0xE7BE,0xEFDE,0xEFDE,0xEFDE,
    0xEFDE,0xEFDE,0xEFDE,0xEFDE,0xEFDE,0xEFDE,0xEFDE,0xEFDE,0xEFDE,0xEFDE,0xEFDE,0xEFDE,0xEFDE,0xEFDE,0xEFDE,0xEFDE,
    0xEFDE,0xEFDE,0xEFDE,0xEFDE,0xEFDE,0xEFDE,0xEFDE,0xE7BE,0xE7BE,0xE7BE,0xE7BE,0x5BAF,0xDF7C,0xE7BE,0xE7BE,0xE79D,
    0xDEFB,0x6145,0xFC2C,0xFC2C,0xFC2C,0xFC2C,0xFC4D,0xFC2C,0xFC0B,0xFC6D,0xFC0B,0xFC6D,0xFC4D,0xFC4D,0xFC0C,0xF2E8,
    0x0208,0x6DEF,0x8650,0x658F,0x65AF,0x5D8F,0x236D,0x7CD2,0xB637,0x228B,0xD56F,0x5B4D,0xE7BD,0xE7BE,0xE7BE,0xE7BE,
    0xE7BE,0xE7BE,0xE7BE,0xE7BE,0xE7BE,0xE7BE,0x73EF,0x0862,0x89E2,0x9203,0x9203,0x20A3,0x12AB,0x348C,0x3D0D,0x2C6C,
    0x658C,0x8E2F,0x19E9,0x938C,0xC4CE,0xE5D1,0xFF56,0xFF14,0xFEB2,0xFEB3,0xFF98,0xFF99,0xFF78,0xFF16,0xA490,0x5E13,
    0x8632,0x4590,0x44CD,0x5D6E,0x4D4F,0x24CF,0x0BEE,0x030C,0x0001,0x0105,0x1C2D,0x142F,0x24B0,0x2CF0,0x2CAF,0x2C6E,
    0x2AC7,0xFFDA,0xFE47,0xFE68,0xED08,0x6A48,0x0865,0x1969,0x0042,0x10A5,0x2126,0x4269,0xE7BE,0xE7BE,0xEFDE,0xEFDE,
    0xEFDE,0xEFDE,0xEFDE,0xEFDE,0xEFDE,0xEFDE,0xEFDE,0xEFDE,0xEFDE,0xEFDE,0xEFDE,0xEFDE,0xEFDE,0xEFDE,0xEFDE,0xEFDE,
    0xEFDE,0xEFDE,0xEFDE,0xEFDE,0xEFDE,0xEFDE,0xEFDE,0xE7BE,0xE7BE,0xE7BE,0xE7BD,0x330C,0x5BCF,0xE79D,0xE79D,0xE79D,
    0xDF3C,0x7187,0xFC0B,0xFC4C,0xFC4C,0xFC4C,0xFC4D,0xFC4D,0xFC0B,0xFC4C,0xFC4D,0xFC0B,0xFC4C,0xFC4C,0xFC0B,0xF329,
    0x1B8A,0x5DAF,0x75F0,0x75CF,0x658F,0x5D6E,0x2C8E,0x0905,0x74D0,0x1187,0xE58F,0x5AA9,0xCEFB,0xE7BE,0xE7BE,0xE7BE,
    0xE7BE,0xE7BE,0xE7BE,0xE7BE,0xE7BE,0xC699,0x28C3,0x81E3,0x9242,0xB325,0xB344,0xAAE3,0x5902,0x18E3,0x34CD,0x3D0E,
    0x7E2D,0x85AF,0x0042,0x0863,0xBC4A,0xF672,0xFF57,0xFFFA,0xFFB9,0xFF99,0xFF98,0xFF99,0xFF79,0xFFBA,0x9C4F,0x5DF3,
    0x8672,0x4D91,0x4CED,0x74C9,0x4D30,0x2410,0x1166,0x4903,0x5963,0x5964,0x5123,0x0B0D,0x0B8E,0x134C,0x1249,0x9364,
    0xF5C5,0xE4E2,0xED23,0xF585,0x82A7,0x1862,0x2169,0x1948,0x1989,0x1989,0x1948,0x1969,0x1082,0x31C8,0x41E8,0x5AAA,
    0xE79D,0xEFDE,0xEFDE,0xEFDE,0xEFDE,0xEFDE,0xEFDE,0xEFDE,0xEFDE,0xEFDE,0xEFDE,0xEFDE,0xEFDE,0xEFDE,0xEFDE,0xEFDE,
    0xEFDE,0xEFDE,0xEFDE,0xEFDE,0xEFDE,0xEFDE,0xEFDE,0xE7BE,0xE7BE,0xE7BE,0x532D,0x1269,0x11E7,0xADB5,0xE79D,0xE7BE,
    0xDF7D,0x69C7,0xFB8A,0xFC6C,0xFC6D,0xFC4C,0xFC4D,0xFC6D,0xFCCE,0xFBCB,0xFC2C,0xFBEB,0xFC0B,0xFC4D,0xFC0C,0xFBAB,
    0x1C4C,0x65AF,0x658F,0x6DAF,0x5D6F,0x5D6E,0x34AE,0x0967,0x0947,0xA4CF,0xFED3,0x834A,0x94F2,0xE7BD,0xE7BE,0xE7BE,
    0xE7BE,0xE7BE,0xE7BE,0xE7BE,0xD71B,0x10A3,0x8A23,0x8A03,0x9243,0xAB25,0xB304,0x7983,0x6982,0x1042,0x3CAD,0x5DCF,
    0x8EAF,0x1B2B,0x3924,0x4124,0x18C3,0x3964,0x7AC8,0xC46B,0xD4AC,0xA286,0x8A25,0xDD30,0xFF7A,0xFF79,0x9C0F,0x4572,
    0x8651,0x4550,0x3CCF,0x542D,0x0063,0x6963,0x8A04,0x9A85,0x8224,0x79E4,0x71E4,0x3104,0x7248,0x9267,0xCBE7,0xDC43,
    0xDC22,0xDC82,0xD4A3,0x72E9,0x4943,0x5165,0x1108,0x1989,0x21CA,0x21CA,0x19AA,0x196A,0x1969,0x08A6,0x7B6A,0xEE0E,
    0x4164,0xCEDA,0xE7BE,0xE7BE,0xE7BE,0xEFDE,0xEFDE,0xEFDE,0xEFDE,0xEFDE,0xEFDE,0xEFDE,0xEFDE,0xEFDE,0xEFDE,0xEFDE,
    0xEFDE,0xEFDE,0xEFDE,0xEFDE,0xEFDE,0xEFDE,0xEFDE,0xE7BE,0xE7BE,0xE7BE,0x4AEC,0x0A69,0x2BED,0x1107,0xDF7D,0xE7BE,
    0xE79D,0x61C7,0xF34A,0xFC2C,0xFC4D,0xFC4C,0xFC4C,0xFC4C,0xFC6D,0xFC0C,0xFBEB,0xFBEB,0xFBEB,0xFC2C,0xFC2C,0xFBAC,
    0x1C8D,0x65AF,0x5D8F,0x658F,0x5D6F,0x656E,0x4CCD,0x1AEB,0x0966,0xCD50,0xFF14,0xC4CE,0x29A7,0xCEDA,0xE7BE,0xE7BE,
    0xE7BE,0xE7BE,0xE7BE,0xE7BE,0x2104,0x9223,0x89C2,0x89E2,0x9242,0x89E2,0x7142,0x6163,0x5963,0x0841,0x3C4D,0x7E51,
    0x4C6B,0x0002,0x38C3,0x5124,0x7A86,0x1021,0xB48C,0xFE90,0xEE0E,0xEE71,0xF717,0x6143,0xDE14,0xF717,0x940E,0x138D,
    0x7E50,0x4D0F,0x44B0,0x4103,0x9285,0xAA84,0xA244,0xAAA5,0xAAA5,0x8204,0x79C4,0x6984,0x59A6,0x8247,0x92A8,0xA307,
    0xCC05,0xB3E7,0x93EB,0x20A3,0x4123,0x3146,0x1107,0x19A9,0x220B,0x2A2A,0x21EC,0x19AA,0x21CA,0x198A,0x08A5,0x89E3,
    0xB263,0x5144,0xDF5C,0xE7BD,0xE7BE,0xE7BE,0xEFDE,0xEFDE,0xEFDE,0xEFDE,0xEFDE,0xEFDE,0xEFDE,0xEFDE,0xEFDE,0xEFDE,
    0xEFDE,0xEFDE,0xEFDE,0xEFDE,0xEFDE,0xEFDE,0xEFDE,0xE7BE,0xE7BE,0xE7BE,0x4AED,0x0A49,0x4D6F,0x09C9,0x7410,0xE7BD,
    0xE79D,0x630B,0x8965,0xFBCA,0xFC0B,0xFC2C,0xFC2C,0xFC4C,0xFC2C,0xFC4C,0xFB8A,0xFBEB,0xF3EB,0xFC0C,0xFC6D,0xFBAC,
    0x2C0C,0x658F,0x658F,0x658F,0x65B0,0x5D6E,0x550D,0x1C2D,0x09A6,0xFF78,0xFF77,0xE590,0x2166,0xBE38,0xE7BE,0xE7BE,
    0xE7BE,0xE7BE,0xE7BE,0xE7BE,0x10A3,0x81A1,0xBB61,0x89E2,0x7961,0x6942,0x6163,0x5143,0x3103,0x3CB0,0x5D6E,0x8EB1,
    0x22AB,0x2883,0x4923,0x79E4,0x3124,0x71A0,0xDDED,0x5923,0x5963,0x4942,0xBDD4,0xFE48,0x1882,0x18A3,0x0882,0x12AB,
    0x7E90,0x558F,0x0043,0x6163,0x6162,0xC384,0xC345,0xAAA5,0x9A64,0x8A24,0x71C4,0x6183,0x0041,0x4166,0x51C7,0x82A8,
    0x82A8,0x18C6,0x3926,0x4944,0x3965,0x1107,0x1969,0x21EB,0x2A4C,0x2A4B,0x2A4C,0x2A2C,0x21EB,0x1127,0x0022,0xED8E,
    0xF6B4,0xC3C9,0x28C2,0xDF1B,0xE7BE,0xEFDE,0xEFDE,0xEFDE,0xEFDE,0xEFDE,0xEFDE,0xEFDE,0xEFDE,0xEFDE,0xEFDE,0xEFDE,
    0xEFDE,0xEFDE,0xEFDE,0xEFDE,0xEFDE,0xEFDE,0xEFDE,0xEFDE,0xE7BE,0xE7BE,0x4B2D,0x0A49,0x5D90,0x554F,0x1209,0xD71B,
    0xE79D,0x7BEE,0x8166,0xF2E8,0xFC0B,0xFC0C,0xFC0B,0xFC4C,0xFC2C,0xFC2C,0xFB8A,0xFC0B,0xF44C,0xFFDA,0xFB6A,0xFB8A,
    0xCB08,0x5D2D,0x658F,0x6D8E,0x5D8F,0x656E,0x552D,0x1C2D,0x640B,0xFF37,0xFF15,0xEDF1,0x41E7,0xBDF6,0xE79D,0xE7BE,
    0xE7BE,0xE7BE,0xE7BE,0xCEDA,0x28C3,0x6143,0x38A2,0x5922,0x9A64,0x7183,0x5123,0x28C2,0x1AC9,0x2CAF,0x864F,0x4C6C,
    0x00C7,0x4103,0x4943,0x71A3,0x3965,0xFF03,0x6204,0x9244,0x9265,0x7224,0x3985,0xFE43,0xD4C3,0x3923,0x5985,0x19E9,
    0x8EB2,0x6DD0,0x0022,0x5143,0x6162,0x79C1,0xB323,0xB2C5,0x9A64,0x58E2,0xDD63,0x38C3,0x5143,0x0020,0x0041,0x0042,
    0x0043,0x2947,0x3146,0x2906,0x10E7,0x1928,0x2169,0x220C,0x222C,0x222C,0x222C,0x2A2C,0x2A2C,0x222C,0x10C5,0xFF99,
    0xCB22,0xC342,0xB2A2,0x59E5,0x8430,0xE7BE,0xEFDE,0xEFDE,0xEFDE,0xEFDE,0xEFDE,0xEFDE,0xEFDE,0xEFDE,0xEFDE,0xEFDE,
    0xEFDE,0xEFDE,0xEFDE,0xEFDE,0xEFDE,0xEFDE,0xEFDE,0xEFDE,0xE7BE,0xE7BE,0x430C,0x0A49,0x5D8F,0x556F,0x340C,0x1946,
    0xADD6,0xBE17,0x4965,0xF2E9,0xFBAA,0xFC2C,0xFC0C,0xFC0C,0xFC2C,0xFC2C,0xFC4C,0xFB8A,0xFCCE,0xFF36,0xFE12,0xFB69,
    0xCAE8,0x456E,0x65AF,0x65AE,0x6610,0x5D8E,0x4D0D,0x242D,0xFF75,0xFF56,0xFF36,0xF612,0x9B6A,0x41E8,0xE77C,0xE7BE,
    0xE7BE,0xE7BE,0xE7BE,0x1883,0x79E4,0x9244,0x9284,0x9A84,0x7183,0x6163,0x4102,0x22A8,0x2CEF,0x758E,0x9E2D,0x0968,
    0x0043,0x28E2,0x61E1,0x7203,0x3986,0xFEE4,0x3924,0x9246,0xA245,0x9A45,0x8A86,0xF5C0,0xB423,0x61E5,0x5965,0x08A4,
    0x8EB1,0x6DF0,0x2CEF,0x0883,0x6183,0x6182,0x8A63,0x9A44,0x8A03,0x7183,0x69C2,0x40C2,0x69A3,0x1062,0x1905,0xD71B,
    0xAD96,0x4209,0x10A3,0x10C6,0x1908,0x1929,0x2A0C,0x1A4D,0x226D,0x118A,0x118A,0x220C,0x2A4D,0x19CC,0xF739,0xFF56,
    0xFF58,0xFF56,0xFF97,0xF6F4,0x5922,0xEFBE,0xE7BE,0xEFDE,0xEFDE,0xEFDE,0xEFDE,0xEFDE,0xEFDE,0xEFDE,0xEFDE,0xEFDE,
    0xEFDE,0xEFDE,0xEFDE,0xEFDE,0xEFDE,0xEFDE,0xEFDE,0xEFDE,0xEFDE,0xE7BE,0x42EC,0x0A29,0x6DAF,0x5D6F,0x558F,0x2BCB,
    0x2208,0x6C2E,0x52AA,0x78E4,0xFB6A,0xFB8A,0xFC2C,0xFC2C,0xFC2C,0xFC2C,0xFC2C,0xF38A,0xF4EE,0xFF36,0xFF15,0xFF16,
    0xDB48,0x2D0E,0x65AF,0x65AF,0x5DAF,0x658E,0x450E,0x7D2F,0xFF15,0xFF36,0xFF36,0xF631,0xB3EB,0x39A7,0xDF1B,0xE79D,
    0xE7BE,0xE7BE,0x9470,0x5143,0x8A44,0x8A23,0xAB23,0x8224,0x6163,0x5143,0x2B09,0x4D4F,0x9D8B,0xED29,0x9348,0x0844,
    0x51A4,0x3964,0x08C3,0x5A46,0x2966,0xCBE2,0x59A4,0x69A5,0x61A4,0x5985,0x2882,0xDCC1,0x5227,0x6A47,0x5186,0x0843,
    0x33AC,0x75EF,0x34AD,0x230A,0x5963,0x6163,0x8A44,0x7183,0x5142,0x4902,0x5942,0x9285,0x79C4,0x6983,0x1083,0xBE58,
    0xE77D,0xE79D,0xCE9A,0x10C5,0x1907,0x1949,0x2A2C,0x1A4D,0x1A2C,0x1A0B,0x08E7,0x1148,0x19AA,0x1149,0xF58D,0xFE91,
    0xFF16,0xFF77,0xFF57,0xFF37,0x6162,0xE7BD,0xE7BE,0xEFDE,0xEFDE,0xEFDE,0xEFDE,0xEFDE,0xEFDE,0xEFDE,0xEFDE,0xEFDE,
    0xEFDE,0xEFDE,0xEFDE,0xEFDE,0xEFDE,0xEFDE,0xEFDE,0xEFDE,0xEFDE,0xE7BE,0x42EC,0x09E8,0x65AF,0x658F,0x5DAF,0x556F,
    0x4D0E,0x12C9,0x4229,0x2106,0xC9C7,0xFB29,0xFB8A,0xFC2C,0xFC2C,0xFC4C,0xFC2C,0xFC2C,0xF4CE,0xFF36,0xFF36,0xFF15,
    0xFF37,0x6CCE,0x5DAF,0x5DAE,0x5D8E,0x5D4E,0x2CEF,0xFF35,0xFF35,0xFF16,0xFF15,0xF693,0xA38A,0x41A7,0xD6FA,0xE7BE,
    0xE7BE,0xE7BE,0x18E5,0x9A65,0x79E4,0x8A62,0x8A43,0x6983,0x5943,0x1944,0x4D0E,0x654D,0xC549,0xD447,0x3124,0x4965,
    0x69A4,0x7203,0x20C3,0x5248,0x2104,0x51A4,0xBD08,0xD62E,0x7B89,0x3984,0xC381,0xBAE1,0x28E5,0x41A6,0x72A8,0x0841,
    0x238C,0xB64D,0x656E,0x4CAF,0x1925,0x6983,0x8A04,0x9A84,0x81E3,0x8204,0x8A24,0x8A24,0x81E4,0x6963,0x31A8,0x1084,
    0xD6FB,0xE79D,0xDF5C,0x1083,0x1949,0x1949,0x218A,0x1A2C,0x222C,0x19CA,0x0908,0x0043,0x0842,0x0020,0x69A5,0x92E9,
    0xE54D,0xE5AF,0xE58E,0xDC44,0x59C4,0xE7BE,0xE7BE,0xE7BE,0xEFDE,0xEFDE,0xEFDE,0xEFDE,0xEFDE,0xEFDE,0xEFDE,0xEFDE,
    0xEFDE,0xEFDE,0xEFDE,0xEFDE,0xEFDE,0xEFDE,0xEFDE,0xEFDE,0xE7BE,0xE7BE,0x42EC,0x09C8,0x6DD0,0x65AF,0x65AF,0x5D8F,
    0x658F,0x75F0,0x344C,0x0987,0x5105,0xC126,0xFB4A,0xFBCB,0xFBEB,0xFBEB,0xFC0B,0xFC0B,0xF4CE,0xFF36,0xFF36,0xFF36,
    0xFF36,0xFF56,0x546C,0x5D8E,0x5D6E,0x5D2D,0x9672,0xFF36,0xFF36,0xFF36,0xFEF4,0xFE93,0xABAB,0x41E8,0xD6DA,0xE7BD,
    0xE7BE,0xE7BE,0x10E6,0x6984,0x6983,0x92A2,0x71C3,0x6163,0x1841,0x750D,0x5D6E,0x8DAD,0xB58A,0x7BAA,0x20C3,0x61A4,
    0x30E2,0xC46B,0xDD2F,0xE5B0,0xBC6D,0x4A06,0x2924,0x3184,0x83A8,0x8366,0x8B05,0x1084,0x3146,0x28E4,0x3923,0x1882,
    0x0A6A,0xB60E,0x85AE,0x5D4F,0x0948,0x4963,0x71A3,0x8A23,0x9A64,0x9245,0x8A44,0x8A24,0x71A4,0x5184,0x0AAC,0x1A2B,
    0x8C92,0xE79D,0xE79D,0xCEDA,0x10C5,0x10C7,0x1948,0x220B,0x20E4,0xF691,0x0822,0x2947,0x3966,0x726A,0xA289,0x2862,
    0x1841,0x4082,0x5103,0x20C3,0xCE99,0xE7BE,0xE7BE,0xE7BE,0xEFDE,0xEFDE,0xEFDE,0xEFDE,0xEFDE,0xEFDE,0xEFDE,0xEFDE,
    0xEFDE,0xEFDE,0xEFDE,0xEFDE,0xEFDE,0xEFDE,0xEFDE,0xEFDE,0xE7BE,0xE7BE,0x4B0D,0x09C8,0x5D8F,0x658F,0x7DF0,0x658F,
    0x6DD0,0x65AF,0x6DAF,0x656F,0x7CCE,0x8905,0xEAA9,0xFB8A,0xFBCB,0xFBAA,0xFBAB,0xFB6A,0xFD0F,0xFF57,0xFF36,0xFF36,
    0xFF36,0xFF36,0xF715,0x95AF,0x556D,0x554D,0xB673,0xFF37,0xFF16,0xFF16,0xFED4,0xFE72,0xB40B,0x49E7,0xD6DA,0xE7BE,
    0xE7BE,0xE7BE,0x94B2,0x1063,0x5123,0x6183,0x5143,0x30C2,0xD4C9,0xD529,0xCE91,0xC62F,0x8407,0x40E3,0x61A5,0x8AC7,
    0xBC8D,0xF673,0xFEF5,0xFF16,0xFEB4,0xCD0E,0xD50F,0xAC4D,0x7B2A,0x6288,0x5A48,0x4A08,0x28C6,0x5985,0x7203,0x69A2,
    0x08A4,0x9D8C,0xBE0D,0x6D50,0x2C4F,0x0863,0x5962,0x6962,0xAB05,0x8A24,0x8204,0x6164,0x5164,0x1945,0x02AB,0x226B,
    0x8CD3,0xE7BE,0xE7BE,0xE7BE,0xEFDE,0x4AAB,0x0884,0x3965,0xFEF4,0xFF56,0xEE52,0x28A2,0x7BAE,0xC638,0x18C4,0xAB8D,
    0xB309,0x71C5,0x630C,0xEFDE,0xE7BE,0xEFDE,0xEFDE,0xEFDE,0xEFDE,0xEFDE,0xEFDE,0xEFDE,0xEFDE,0xEFDE,0xEFDE,0xEFDE,
    0xEFDE,0xEFDE,0xEFDE,0xEFDE,0xEFDE,0xEFDE,0xEFDE,0xEFDE,0xE7BE,0xE7BE,0x5B8E,0x0147,0x65AF,0x65AF,0x65AF,0x65AF,
    0x65AF,0x6DAF,0x658F,0x5D8F,0x5D6E,0x656F,0x3A49,0xEA89,0xF308,0xFB69,0xFB8A,0xFBAB,0xF550,0xFF15,0xFF57,0xFF16,
    0xFF37,0xFF15,0xFF14,0xFF15,0x450E,0x356D,0xF6B3,0xFF16,0xFF15,0xFF36,0xFEF4,0xF652,0xA38A,0x3966,0xD6D9,0xE7BE,
    0xE7BE,0xE7BE,0xE7BE,0x2965,0x2104,0x30C4,0x69E5,0xDD6B,0xEDEA,0xED89,0xDD4A,0xC4C9,0x5204,0x5944,0x7A46,0xE5AF,
    0xF692,0xFF36,0xFF36,0xFF36,0xFF36,0xFED4,0xF652,0xBC4C,0xEDD1,0xE5B0,0xC4AE,0xCD51,0x936C,0x69C6,0x7A03,0x79E3,
    0x20C3,0x6CAE,0xC5EC,0x8D2E,0x448F,0x12AB,0x1882,0x69A2,0x6962,0x6983,0x6142,0x1842,0x1208,0x0AEB,0x0B0C,0x10A4,
    0xADD6,0xE7BE,0xE7BE,0xE7BE,0xE7BE,0xE79D,0x39E7,0x28A2,0xFED2,0xFF57,0xFF56,0xDC07,0x3186,0xE7BE,0xE79D,0x528A,
    0x4A69,0x7BCF,0xE7BE,0xE7BE,0xEFDE,0xEFDE,0xEFDE,0xEFDE,0xEFDE,0xEFDE,0xEFDE,0xEFDE,0xEFDE,0xEFDE,0xEFDE,0xEFDE,
    0xEFDE,0xEFDE,0xEFDE,0xEFDE,0xEFDE,0xEFDE,0xEFDE,0xEFDE,0xEFDE,0xE7BE,0xE7BE,0x0905,0x65F0,0x6DB0,0x65AF,0x6DAF,
    0x658F,0x6DAF,0x6DD1,0x65AF,0x658E,0x5D8E,0x5D6E,0x1B0C,0x72C8,0xEA06,0xFBAA,0xFBEB,0xF3EB,0xFEF5,0xFF37,0xFF36,
    0xFF15,0xFF15,0xFF15,0xFF15,0xF6B3,0x1D6D,0xFE72,0xFF15,0xFF15,0xFF15,0xFE72,0xFE72,0x82E8,0x3986,0xACD2,0xE7BD,
    0xE7BE,0xE7BE,0xE7BE,0xE79D,0x3187,0x18A4,0x82E8,0xCD8C,0xE568,0xE528,0xCC69,0x5A45,0x51C5,0xB42C,0xE5D0,0xFF36,
    0xFF56,0xFF56,0xFF36,0xFF16,0xF6B3,0xF692,0xFF56,0xBC2B,0xFEF5,0xFEF5,0xF694,0xF6D6,0xC4EF,0x5207,0x61C4,0x7A23,
    0x5963,0x228A,0xCDCB,0xC4C8,0x8CAC,0x3C6F,0x00C4,0x3123,0x2903,0x28E2,0x11A7,0x12CB,0x134B,0x136C,0x08A4,0x3A29,
    0xE7BE,0xE7BE,0xE7BE,0xE7BE,0xE7BE,0xE7BE,0xDF5C,0x2904,0xED2D,0xFED4,0xFF36,0xEC07,0x3165,0xE7BE,0xE7BE,0xE7BE,
    0xE7BE,0xE7BE,0xE7BE,0xE7BE,0xEFDE,0xEFDE,0xEFDE,0xEFDE,0xEFDE,0xEFDE,0xEFDE,0xEFDE,0xEFDE,0xEFDE,0xEFDE,0xEFDE,
    0xEFDE,0xEFDE,0xEFDE,0xEFDE,0xEFDE,0xEFDE,0xEFDE,0xEFDE,0xEFDE,0xE7BE,0xE7BE,0x10E6,0x2C6F,0x65B0,0x65AF,0x65AF,
    0x65AF,0x658E,0x658F,0x5DD0,0x658E,0x658D,0x5D6E,0x5D6E,0x550D,0x6B69,0xDB2A,0xF349,0xF329,0xFF15,0xFF15,0xFF15,
    0xFF15,0xFF15,0xFF15,0xFF36,0xFF36,0xDDCE,0xFE71,0xFF15,0xFF15,0xFF15,0xFE72,0xED8F,0x7AC8,0xBAAA,0x2947,0xE7BE,
    0xE7BE,0xE7BE,0xE7BE,0xE7BE,0xD6DA,0x3166,0x6206,0x21C5,0x2B6B,0x856E,0x4BAC,0x49A5,0xC4EE,0xEE33,0xFF36,0xFF36,
    0xFF56,0xFF57,0xFF57,0xFF57,0xFF36,0xFEB3,0xE5AF,0xF651,0xF631,0xFF16,0xF6B4,0xFF57,0xFED4,0xC4AE,0x1062,0x8244,
    0x8224,0x10C3,0x7C8B,0xD549,0xB489,0xC5AD,0x548E,0x442E,0x2BCC,0x23CB,0x1BEC,0x1C0D,0x2C6F,0x1145,0x0861,0xCEFB,
    0xE7BE,0xE7BE,0xE7BE,0xE7BE,0xE7BE,0xE7BE,0xE7BE,0x4A8A,0x7184,0xFF36,0xFEF3,0x91A3,0x73AE,0xE7BE,0xE7BE,0xE7BE,
    0xE7BE,0xEFDE,0xEFDE,0xE7BE,0xEFDE,0xEFDE,0xEFDE,0xEFDE,0xEFDE,0xEFDE,0xEFDE,0xEFDE,0xEFDE,0xEFDE,0xEFDE,0xEFDE,
    0xEFDE,0xEFDE,0xEFDE,0xEFDE,0xEFDE,0xEFDE,0xEFDE,0xEFDE,0xEFDE,0xEFDE,0xE7BE,0x7CD2,0x1B0C,0x6DD0,0x65AF,0x5DAF,
    0x658F,0x65AF,0x5D8F,0x5D8F,0x65AF,0x656D,0x658E,0x554D,0x5D6D,0x556E,0x24AF,0xA3CA,0xEAE7,0xFEF4,0xFF15,0xFF15,
    0xFF15,0xFF15,0xFF15,0xFF36,0xFF15,0xFF15,0xFE50,0xFEF4,0xFF15,0xFF15,0xFE72,0xD44B,0x7AA8,0xDB2A,0x40E5,0xC5F7,
    0xE7BE,0xE7BE,0xE7BE,0xE7BE,0x49A6,0x41C7,0xBC6E,0xA3AB,0x838B,0x10E3,0x94AD,0xC50E,0xF673,0xFF56,0xFF57,0xFF57,
    0xFF57,0xFF57,0xFF57,0xFF36,0xFEF4,0xFEB3,0xEE31,0xDD6F,0xB40B,0xEE31,0xEE11,0xF672,0xE5D0,0xE5D1,0xD530,0x49C5,
    0x4184,0x1904,0x6D0F,0xB5CE,0xDDEC,0xBCCA,0xF6CE,0x7E0F,0x6DCD,0x4D4C,0x55CE,0x2B4B,0x2945,0x5A69,0x0882,0xBE17,
    0xE7BE,0xE7BE,0xE7BE,0xE7BE,0xE7BE,0xE7BE,0xE7BE,0xE7BE,0x4186,0x5184,0x5164,0x3125,0xEFDE,0xEFDE,0xEFDE,0xEFDE,
    0xEFDE,0xEFDE,0xEFDE,0xEFDE,0xEFDE,0xEFDE,0xEFDE,0xEFDE,0xEFDE,0xEFDE,0xEFDE,0xEFDE,0xEFDE,0xEFDE,0xEFDE,0xEFDE,
    0xEFDE,0xEFDE,0xEFDE,0xEFDE,0xEFDE,0xEFDE,0xEFDE,0xEFDE,0xEFDE,0xEFDE,0xE7BE,0xE79D,0x2987,0x238B,0x5D8F,0x5DAF,
    0x65AF,0x65AF,0x65AF,0x65AF,0x5DAF,0x5D6E,0x5D8E,0x556E,0x5D8E,0x5D8E,0x558E,0x3CCE,0x4CAC,0xDC2B,0xFF15,0xFF15,
    0xFF15,0xFF16,0xFF15,0xFF16,0xFF15,0xFEF4,0xFDEF,0xFF14,0xFF36,0xFE93,0xFDF0,0xD389,0x9B4A,0xEB4A,0xA166,0x3925,
    0xE79D,0xE7BE,0xE79D,0xC5F6,0x1863,0xCCF0,0xE5F3,0xDDD2,0xBC8E,0xABEB,0xD54E,0xEE32,0xFF57,0xFF37,0xFF57,0xFF57,
    0xFF57,0xFF57,0xFF56,0xFF57,0xFF58,0xFF36,0xF652,0xDD90,0xA3EA,0x9389,0xBC8C,0xD52E,0xDD6F,0xF652,0xF652,0xC48E,
    0x6247,0xABC9,0x1945,0x8DAD,0xDE0C,0xBCAA,0xB44A,0x862E,0x7D8D,0x4A65,0x0001,0xBC8E,0xA3CC,0xA3EC,0x6A88,0x2104,
    0xE7BE,0xE7BE,0xE7BE,0xE7BE,0xEFDE,0xEFDE,0xEFDE,0xEFDE,0xEFDE,0xDF3B,0xDF5C,0xE7BE,0xEFDE,0xEFDE,0xEFDE,0xEFDE,
    0xEFDE,0xEFDE,0xEFDE,0xEFDE,0xEFDE,0xEFDE,0xEFDE,0xEFDE,0xEFDE,0xEFDE,0xEFDE,0xEFDE,0xEFDE,0xEFDE,0xEFDE,0xEFDE,
    0xEFDE,0xEFDE,0xEFDE,0xEFDE,0xEFDE,0xEFDE,0xEFDE,0xEFDE,0xEFDE,0xEFDE,0xE7BE,0xE7BE,0xDF5C,0x11E8,0x23CE,0x554E,
    0x658F,0x5D8F,0x65AF,0x65AF,0x5D8E,0x65AF,0x658E,0x658F,0x558E,0x556D,0x556D,0x554D,0x4D0D,0x446C,0xF631,0xFF15,
    0xFF16,0xFF36,0xFF36,0xFF16,0xFF15,0xFEF5,0xF610,0xFE51,0xFF57,0xFEB2,0xFCAC,0xEAE7,0xF328,0xFBAA,0xD1C6,0x5945,
    0xA4B2,0xE79D,0xE79D,0x3105,0xB3CB,0xE5B1,0xF694,0xFF57,0xF632,0xF632,0xF652,0xFF36,0xFF37,0xFF37,0xFF57,0xFF57,
    0xFF57,0xFF37,0xFF57,0xFF37,0xFF57,0xFF16,0xF673,0xCCEF,0xCCEE,0x51E5,0xA42B,0xBC6C,0xF632,0xFED3,0xFF14,0xE5F1,
    0xC4AE,0xB44B,0xBC2C,0x1268,0x952D,0x8CCD,0x7BAC,0x4248,0x2944,0x6267,0xB3EC,0xC46E,0xCCEF,0xC4AE,0xBC6D,0x20E3,
    0x636E,0xE7BE,0xE7BE,0xEFDE,0xEFDE,0xEFDE,0xEFDE,0xEFDE,0xE7BE,0xE7BE,0xE7BE,0xE7BE,0xEFDE,0xEFDE,0xEFDE,0xEFDE,
    0xEFDE,0xEFDE,0xEFDE,0xEFDE,0xEFDE,0xEFDE,0xEFDE,0xEFDE,0xEFDE,0xEFDE,0xEFDE,0xEFDE,0xEFDE,0xEFDE,0xEFDE,0xEFDE,
    0xEFDE,0xEFDE,0xEFDE,0xEFDE,0xEFDE,0xEFDE,0xEFDE,0xEFDE,0xEFDE,0xEFDE,0xEFDE,0xE7BE,0xE7BE,0xA637,0x11E8,0x1BCD,
    0x3D0E,0x558F,0x65AF,0x5D8E,0x5D8E,0x5D8E,0x5D8E,0x5DAE,0x5D8E,0x5D6E,0x5D6D,0x44ED,0x450D,0x3D2D,0xCD8F,0xFE72,
    0xFF16,0xFF16,0xFF36,0xFF16,0xFF15,0xFF15,0xFEF5,0xFE10,0xFED4,0xFE72,0xFC6B,0xFBA9,0xFB69,0xFBAA,0xF2C8,0xC228,
    0xA289,0x624A,0xCD95,0x28A3,0xE54E,0xFEB3,0xFF56,0xFF77,0xFF57,0xFF58,0xFF57,0xFF57,0xFF57,0xFF57,0xFF57,0xFF57,
    0xFF57,0xFF57,0xFF37,0xFF37,0xFF16,0xF672,0xD571,0xD550,0xB44C,0x0042,0x18E4,0xD50E,0xDD6F,0xE5B0,0xEE11,0xFF35,
    0xFF16,0xE5D0,0xCCEE,0x31A5,0x0062,0x0882,0x9B8B,0xAC0C,0xD52F,0xDD70,0xF652,0xFF56,0xFF35,0xF631,0xEDF0,0xA38A,
    0x3166,0xE7BE,0xE7BE,0xE7BE,0xEFDE,0xEFDE,0xEFDE,0xEFDE,0xE7BE,0xE7BE,0xE7BE,0xEFDE,0xEFDE,0xEFDE,0xEFDE,0xEFDE,
    0xEFDE,0xEFDE,0xEFDE,0xEFDE,0xEFDE,0xEFDE,0xEFDE,0xEFDE,0xEFDE,0xEFDE,0xEFDE,0xEFDE,0xEFDE,0xEFDE,0xEFDE,0xEFDE,
    0xEFDE,0xEFDE,0xEFDE,0xEFDE,0xEFDE,0xEFDE,0xEFDE,0xEFDE,0xEFDE,0xEFDE,0xEFDE,0xE7BE,0xE7BE,0xE7BE,0x7CD2,0x0A08,
    0x1B8C,0x34CE,0x4D6E,0x5D6E,0x5D6E,0x5D8E,0x5DAE,0x5D8E,0x4D4E,0x44ED,0x3CCC,0x3CEC,0xAE51,0xC652,0x9611,0xF5CE,
    0xFEF5,0xFF15,0xFF16,0xFF36,0xFF16,0xFF16,0xFF16,0xFF36,0xFDF0,0xFE10,0xFCED,0xF4AC,0xEC0B,0xFBCB,0xFB29,0xF2C9,
    0xD268,0x9186,0x6125,0x48C3,0xD4AC,0xEDF1,0xFEB3,0xFF57,0xFF57,0xFF58,0xFF57,0xFF57,0xFF57,0xFF57,0xFF57,0xFF57,
    0xFF57,0xFF57,0xFF37,0xFF37,0xFE71,0xEE11,0xDD91,0xBCAE,0x5227,0x736C,0x2945,0x9BCB,0xD50F,0xEE11,0xFEB3,0xFF15,
    0xFF57,0xFF36,0xEDF1,0xC48D,0xBC4D,0xC44C,0xDD4F,0xDD90,0xFF98,0xFF77,0xFF36,0xFF36,0xFF57,0xFEF4,0xF6B4,0xDD70,
    0x3145,0xDF3C,0xE7BE,0xE7BE,0xEFDE,0xEFDE,0xEFDE,0xEFDE,0xEFDE,0xEFDE,0xEFDE,0xEFDE,0xEFDE,0xEFDE,0xEFDE,0xEFDE,
    0xEFDE,0xEFDE,0xEFDE,0xEFDE,0xEFDE,0xEFDE,0xEFDE,0xEFDE,0xEFDE,0xEFDE,0xEFDE,0xEFDE,0xEFDE,0xEFDE,0xEFDE,0xEFDE,
    0xEFDE,0xEFDE,0xEFDE,0xEFDE,0xEFDE,0xEFDE,0xEFDE,0xEFDE,0xEFDE,0xEFDE,0xEFDE,0xEFDE,0xE7BE,0xE7BE,0xE7BE,0xD75C,
    0x1126,0x11E8,0x246E,0x3CCD,0x4CEC,0x4D4D,0x4D6D,0x4D6E,0x4D4E,0xE714,0xEF55,0xFF36,0xFF36,0xFF36,0xFF15,0xFF35,
    0xFE50,0xFE93,0xFF15,0xFF36,0xFF36,0xFF36,0xFF36,0xFF15,0xFEF4,0xFDEF,0xFC0B,0xF46D,0xFC6C,0xF3EB,0xFB6A,0xFB49,
    0xF2A8,0xEA68,0xE268,0xA165,0xAB69,0xE56F,0xFE72,0xFF57,0xFF36,0xFF58,0xFF58,0xFF57,0xFF57,0xFF57,0xFF57,0xFF57,
    0xFF57,0xFF57,0xFF57,0xF692,0xF673,0xDD6F,0xD550,0x8B4A,0x2125,0xDF5C,0x5AAA,0x6289,0xD4EF,0xE5B1,0xF652,0xFF15,
    0xFF56,0xFF57,0xFF36,0xFF16,0xFF57,0xFF56,0xFF57,0xFF57,0xFF57,0xFF57,0xFF37,0xFF36,0xFF57,0xFF37,0xFEF6,0xD52F,
    0x20E4,0xD6FB,0xE7BE,0xE7BE,0xEFDE,0xEFDE,0xEFDE,0xEFDE,0xEFDE,0xEFDE,0xEFDE,0xEFDE,0xEFDE,0xEFDE,0xEFDE,0xEFDE,
    0xEFDE,0xEFDE,0xEFDE,0xEFDE,0xEFDE,0xEFDE,0xEFDE,0xEFDE,0xEFDE,0xEFDE,0xEFDE,0xEFDE,0xEFDE,0xEFDE,0xEFDE,0xEFDE,
    0xEFDE,0xEFDE,0xEFDE,0xEFDE,0xEFDE,0xEFDE,0xEFDE,0xEFDE,0xEFDE,0xEFDE,0xEFDE,0xEFDE,0xEFDE,0xE7BE,0xE7BE,0xA5D6,
    0x63EE,0x0925,0x08E5,0x0AE9,0x13EB,0x1C6C,0x3CCC,0x7570,0xFF15,0xFF35,0xFF15,0xFF16,0xFF36,0xFF36,0xFF36,0xFF35,
    0xFF36,0xFE11,0xFEB3,0xFF15,0xFF35,0xFF36,0xFF36,0xFF15,0xFF35,0xFEB3,0xFD6F,0xFC8D,0xFC2C,0xFC0B,0xFBCB,0xFB8A,
    0xFBAA,0xFB6A,0xF2C9,0xDA47,0x0822,0xCCAF,0xE58F,0xF693,0xFED4,0xFF36,0xFF57,0xFF57,0xFF57,0xFF57,0xFF57,0xFF57,
    0xFF57,0xFF57,0xFED4,0xFEB4,0xE5B1,0xDD4F,0xA3CC,0x18C4,0xC617,0xE79D,0x736D,0x41C7,0xC4AE,0xD530,0xEDF0,0xFEB2,
    0xFF35,0xFF57,0xFF57,0xFF57,0xFF57,0xFF57,0xFF36,0xFF36,0xFF37,0xFF57,0xFF57,0xFF36,0xFF36,0xFEB4,0xF652,0xCCCE,
    0x3166,0xDF1B,0xE7BE,0xE7BE,0xEFDE,0xEFDE,0xEFDE,0xEFDE,0xEFDE,0xEFDE,0xEFDE,0xEFDE,0xEFDE,0xEFDE,0xEFDE,0xEFDE,
    0xEFDE,0xEFDE,0xEFDE,0xEFDE,0xEFDE,0xEFDE,0xEFDE,0xEFDE,0xEFDE,0xEFDE,0xEFDE,0xEFDE,0xEFDE,0xEFDE,0xEFDE,0xEFDE,
    0xEFDE,0xEFDE,0xEFDE,0xEFDE,0xEFDE,0xEFDE,0xEFDE,0xEFDE,0xEFDE,0xEFDE,0xEFDE,0xEFDE,0xEFDE,0xEFDE,0xE7BE,0x19A7,
    0xA46B,0xC54D,0xC52D,0xC56F,0xDE92,0xFFB8,0xFF37,0xFF36,0xFF35,0xFF15,0xFF36,0xFF36,0xFF36,0xFF36,0xFF36,0xFF36,
    0xFF36,0xFF36,0xFE72,0xFE11,0xFE93,0xFE93,0xFF35,0xFF35,0xFF36,0xFED4,0xFED4,0xFC2C,0xFBAA,0xFBCA,0xFBEB,0xFBCB,
    0xFBAA,0xF309,0xEA88,0xDA27,0x38E4,0x4946,0xDD50,0xDD91,0xF673,0xF653,0xFED4,0xFED4,0xFF16,0xFF57,0xFF57,0xFF37,
    0xFF16,0xFED4,0xFEB3,0xEE32,0xE590,0xDD2F,0x72A9,0x0843,0xDF5C,0xE79D,0xDF5C,0x10C5,0xA3EC,0xD50E,0xF611,0xFED3,
    0xFEB2,0xFF57,0xFF57,0xFF57,0xFF57,0xFF37,0xFF37,0xFF36,0xFF36,0xFF37,0xFF57,0xFED4,0xFF15,0xEDB0,0xD50E,0x49C8,
    0x6B4D,0xE7BE,0xE7BE,0xE7BE,0xEFDE,0xEFDE,0xEFDE,0xEFDE,0xEFDE,0xEFDE,0xEFDE,0xEFDE,0xEFDE,0xEFDE,0xEFDE,0xEFDE,
    0xEFDE,0xEFDE,0xEFDE,0xEFDE,0xEFDE,0xEFDE,0xEFDE,0xEFDE,0xEFDE,0xEFDE,0xEFDE,0xEFDE,0xEFDE,0xEFDE,0xEFDE,0xEFDE,
    0xEFDE,0xEFDE,0xEFDE,0xEFDE,0xEFDE,0xEFDE,0xEFDE,0xEFDE,0xEFDE,0xEFDE,0xEFDE,0xEFDE,0xEFDE,0xEFDE,0xE7BE,0xCEDA,
    0x2186,0xDDEE,0xFEF2,0xFF35,0xFF56,0xFF37,0xFF36,0xFF36,0xFF36,0xFF36,0xFF36,0xFF36,0xFF36,0xFF15,0xFEB3,0xFE92,
    0xFE31,0xF631,0xFDD0,0xFCAD,0xF38A,0xFE93,0xFE92,0xFE92,0xFEB3,0xFEB3,0xFEB3,0xFE71,0xFCEC,0xF2E7,0xFB8A,0xFB6A,
    0xFB09,0xEA68,0xE268,0xC1A7,0xB9E7,0x3105,0xDD30,0xDD70,0xDD91,0xEE12,0xE5F1,0xFEB3,0xFEB3,0xFED4,0xFED4,0xFEB3,
    0xFE93,0xFE93,0xE5B1,0xDD70,0xDD50,0xDD50,0x6ACA,0x8C70,0xE7BD,0xE7BE,0xE7BE,0x2105,0x938C,0xD4EE,0xEDD0,0xFE92,
    0xFEB3,0xFEB3,0xFF36,0xFF57,0xFF57,0xFF37,0xFF36,0xFF36,0xFF36,0xFF36,0xFED3,0xF652,0xEE12,0xDD2F,0xB40C,0x2105,
    0xD71B,0xE7BE,0xE7BE,0xE7BE,0xEFDE,0xEFDE,0xEFDE,0xEFDE,0xEFDE,0xEFDE,0xEFDE,0xEFDE,0xEFDE,0xEFDE,0xEFDE,0xEFDE,
    0xEFDE,0xEFDE,0xEFDE,0xEFDE,0xEFDE,0xEFDE,0xEFDE,0xEFDE,0xEFDE,0xEFDE,0xEFDE,0xEFDE,0xEFDE,0xEFDE,0xEFDE,0xEFDE,
    0xEFDE,0xEFDE,0xEFDE,0xEFDE,0xEFDE,0xEFDE,0xEFDE,0xEFDE,0xEFDE,0xEFDE,0xEFDE,0xEFDE,0xEFDE,0xEFDE,0xE7BE,0xE7BE,
    0xD73C,0x29C7,0xA44D,0xFEF3,0xFED3,0xFF15,0xFF36,0xFF36,0xFF16,0xFF36,0xFF36,0xFED4,0xFF15,0xFE52,0xFE10,0xF58F,
    0xF4ED,0xEB09,0xFBEB,0xFBCB,0xFBEB,0xFBCB,0xF46B,0xF46A,0xF610,0xFE11,0xF610,0xF5CF,0xF5AF,0xF4CD,0xFC6D,0xF34A,
    0xE227,0xDA28,0xC1C7,0xB9C7,0xB208,0x7A49,0xB3CC,0xDD91,0xDD71,0xDD70,0xDD70,0xE5B0,0xE590,0xE5B0,0xEDD0,0xEDF1,
    0xEDB1,0xDD2F,0xD530,0xD52F,0xAC0D,0x6ACB,0x2126,0xE77D,0xE7BE,0xE7BE,0xE7BE,0xE7BE,0x5A69,0xBC4C,0xDD2F,0xEE11,
    0xEE31,0xEE11,0xF692,0xFE93,0xFED4,0xFED4,0xFED4,0xFEB3,0xF672,0xFE72,0xF632,0xE5D1,0xD530,0xB44D,0x18C3,0xB5B5,
    0xE7BE,0xEFDE,0xEFDE,0xEFDE,0xEFDE,0xEFDE,0xEFDE,0xEFDE,0xEFDE,0xEFDE,0xEFDE,0xEFDE,0xEFDE,0xEFDE,0xEFDE,0xEFDE,
    0xEFDE,0xEFDE,0xEFDE,0xEFDE,0xEFDE,0xEFDE,0xEFDE,0xEFDE,0xEFDE,0xEFDE,0xEFDE,0xEFDE,0xEFDE,0xEFDE,0xEFDE,0xEFDE,
    0xEFDE,0xEFDE,0xEFDE,0xEFDE,0xEFDE,0xEFDE,0xEFDE,0xEFDE,0xEFDE,0xEFDE,0xEFDE,0xEFDE,0xEFDE,0xEFDE,0xEFDE,0xE7BE,
    0xE7BE,0xC679,0x1106,0x9BAA,0xBC6D,0xFED3,0xFEF4,0xFF15,0xFEF5,0xFE52,0xFE72,0xFE52,0xF611,0xF5D0,0xF54F,0xE287,
    0xF2E8,0xFC0C,0xFC6D,0xFC6D,0xFC2C,0xFC0B,0xFC0B,0xFC2B,0xFB69,0xF4AC,0xECED,0xE4ED,0xE44C,0xEBAB,0xE36A,0xE2C9,
    0xF2CA,0xC1C7,0xB208,0xAA29,0x9A8C,0x828B,0x1063,0x8268,0xDD50,0xD510,0xDD30,0xDD70,0xDD70,0xDD90,0xDD51,0xC4CF,
    0xCCEF,0xCCEF,0xCCCF,0xB46D,0x832B,0x2967,0xE79D,0xE7BE,0xE7BE,0xE7BE,0xE7BE,0xE7BE,0x39A6,0x6289,0xCCEE,0xDD70,
    0xDD90,0xE5D1,0xDD70,0xDD90,0xEDF1,0xEE11,0xEDF1,0xEE11,0xF632,0xDD70,0xDD50,0xCD0F,0xAC2D,0x7AA8,0x4229,0xE7BD,
    0xE7BE,0xEFDE,0xEFDE,0xEFDE,0xEFDE,0xEFDE,0xEFDE,0xEFDE,0xEFDE,0xEFDE,0xEFDE,0xEFDE,0xEFDE,0xEFDE,0xEFDE,0xEFDE,
    0xEFDE,0xEFDE,0xEFDE,0xEFDE,0xEFDE,0xEFDE,0xEFDE,0xEFDE,0xEFDE,0xEFDE,0xEFDE,0xEFDE,0xEFDE,0xEFDE,0xEFDE,0xEFDE,
    0xEFDE,0xEFDE,0xEFDE,0xEFDE,0xEFDE,0xEFDE,0xEFDE,0xEFDE,0xEFDE,0xEFDE,0xEFDE,0xEFDE,0xEFDE,0xEFDE,0xEFDE,0xE7BE,
    0xE7BE,0xE7BE,0xE79D,0x3229,0x2986,0x93A9,0xABEA,0xE54E,0xE56F,0xE5B0,0xEDB0,0xD4EF,0xD4AD,0xEC6C,0xF348,0xFBCA,
    0xFC0B,0xFC0B,0xFC2C,0xFC6D,0xFBEB,0xFBCB,0xFB49,0xFBAA,0xF349,0xF308,0xEBAA,0xDC0B,0xDC6C,0xD46C,0xD44C,0xCC0B,
    0xC3EA,0xC3AB,0x8ACE,0x8B0F,0x82EF,0x6A4B,0x0842,0x5103,0x4103,0x7A67,0xABEB,0xD50F,0xD530,0xC48E,0xBC8E,0xBC6F,
    0xA3EE,0x3188,0x2126,0x18E5,0x9CF3,0xE77D,0xE7BE,0xE7BE,0xE7BE,0xE7BE,0xE7BE,0xE7BE,0xE79D,0x7BCE,0x528A,0x838D,
    0x9BAC,0xC4EF,0xCCCE,0xD52F,0xD52F,0xD570,0xD570,0xDD70,0xDD70,0xDD71,0xC4AE,0xBC6F,0x4A08,0x528A,0xE79D,0xE7BE,
    0xE7BE,0xE7BE,0xEFDE,0xEFDE,0xEFDE,0xEFDE,0xEFDE,0xEFDE,0xEFDE,0xEFDE,0xEFDE,0xEFDE,0xEFDE,0xEFDE,0xEFDE,0xEFDE,
    0xEFDE,0xEFDE,0xEFDE,0xEFDE,0xEFDE,0xEFDE,0xEFDE,0xEFDE,0xEFDE,0xEFDE,0xEFDE,0xEFDE,0xEFDE,0xEFDE,0xEFDE,0xEFDE,
    0xEFDE,0xEFDE,0xEFDE,0xEFDE,0xEFDE,0xEFDE,0xEFDE,0xEFDE,0xEFDE,0xEFDE,0xEFDE,0xEFDE,0xEFDE,0xEFDE,0xEFDE,0xEFDE,
    0xEFDE,0xE7BE,0xE7BE,0xEFDE,0x52EB,0x1925,0x4A48,0x31E8,0x934B,0xDC8C,0xBBCB,0xBBAA,0xD348,0xDA86,0xFBAA,0xFC0B,
    0xFBEB,0xFC0B,0xFBEB,0xFBAA,0xFB49,0xF2A7,0xEAC8,0xEAC9,0xE2A9,0xCC0C,0xCC4B,0xD4AD,0xD4AD,0xCCAD,0xB42B,0x9309,
    0xABCA,0x834E,0x834F,0x830E,0x59C8,0x5188,0x0021,0xB225,0xB245,0x7184,0x38A2,0x2862,0x2883,0x30A3,0x28C4,0x20E5,
    0x10A4,0x3187,0x52AA,0xEFDE,0xEFDE,0xEFDE,0xE7BE,0xEFDE,0xE7BE,0xE7BE,0xE7BE,0xE7BE,0xE7BE,0xE7BE,0xD6FA,0x3A29,
    0x0884,0x2946,0xC48D,0xBC4C,0xD52F,0xCD0F,0xD530,0xD550,0xE5B1,0xD510,0x4945,0x0020,0x5A8A,0xDF1B,0xE7BD,0xE7BE,
    0xE7BE,0xE7BE,0xEFDE,0xEFDE,0xEFDE,0xEFDE,0xEFDE,0xEFDE,0xEFDE,0xEFDE,0xEFDE,0xEFDE,0xEFDE,0xEFDE,0xEFDE,0xEFDE,
    0xEFDE,0xEFDE,0xEFDE,0xEFDE,0xEFDE,0xEFDE,0xEFDE,0xEFDE,0xEFDE,0xEFDE,0xEFDE,0xEFDE,0xEFDE,0xEFDE,0xEFDE,0xEFDE,
    0xEFDE,0xEFDE,0xEFDE,0xEFDE,0xEFDE,0xEFDE,0xEFDE,0xEFDE,0xEFDE,0xEFDE,0xEFDE,0xEFDE,0xEFDE,0xEFDE,0xEFDE,0xEFDE,
    0xEFDE,0xEFDE,0xEFDE,0xE7BE,0xE7BE,0xE7BE,0xE77C,0xBE17,0x39C8,0x39A8,0x3167,0x2946,0x6144,0xEAE8,0xFBAA,0xFBCB,
    0xFBAA,0xFB69,0xFB69,0xF2C7,0xEA87,0xE227,0xDA88,0xCA48,0xBB0C,0x8ACB,0x8B0B,0x72EC,0x62ED,0x62AD,0x7BAC,0x6B4D,
    0x630D,0x62CD,0x526D,0x18E4,0x1947,0x0883,0x0861,0x2124,0x3986,0x7165,0xD287,0x91C6,0x79A6,0x7186,0x18A3,0x83CE,
    0xE77D,0xE7BE,0xE7BE,0xE7BE,0xEFDE,0xEFDE,0xEFDE,0xEFDE,0xEFDE,0xEFDE,0xEFDE,0xE7BE,0xE7BE,0xE7BE,0xE7BE,0xE7BE,
    0xAD75,0x5AAA,0x2947,0x3166,0x49A6,0x49C5,0x61E6,0x6A26,0x61C6,0x5965,0x5924,0x0020,0x4229,0xAD96,0xE79D,0xE7BE,
    0xE7BE,0xEFDE,0xEFDE,0xEFDE,0xEFDE,0xEFDE,0xEFDE,0xEFDE,0xEFDE,0xEFDE,0xEFDE,0xEFDE,0xEFDE,0xEFDE,0xEFDE,0xEFDE,
    0xEFDE,0xEFDE,0xEFDE,0xEFDE,0xEFDE,0xEFDE,0xEFDE,0xEFDE,0xEFDE,0xEFDE,0xEFDE,0xEFDE,0xEFDE,0xEFDE,0xEFDE,0xEFDE,
    0xEFDE,0xEFDE,0xEFDE,0xEFDE,0xEFDE,0xEFDE,0xEFDE,0xEFDE,0xEFDE,0xEFDE,0xEFDE,0xEFDE,0xEFDE,0xEFDE,0xEFDE,0xEFDE,
    0xEFDE,0xEFDE,0xEFDE,0xE7BE,0xE7BE,0xE7BE,0xE7BE,0xE79D,0xE77D,0xE77D,0xE75C,0x41A6,0x8104,0xFB8A,0xFB8A,0xF329,
    0xFB6A,0xFB29,0xEAA7,0xF309,0xC186,0xC1E8,0xAA09,0x7A0A,0x51A9,0x3147,0x2927,0x39C9,0x528C,0x526C,0x424B,0x39E9,
    0x31A8,0x4A09,0x18E6,0x21EB,0x19CA,0x0083,0x9693,0xAED3,0x654F,0x1A8A,0x4986,0xE38A,0xDB6A,0xC32C,0x20E6,0xD6FB,
    0xE7BE,0xE7BE,0xE7BE,0xE7BE,0xEFDE,0xEFDE,0xEFDE,0xEFDE,0xEFDE,0xEFDE,0xEFDE,0xEFDE,0xE7BE,0xE7BE,0xE7BE,0xE7BE,
    0xDF3C,0xAD33,0x5229,0x2106,0xAA07,0xA9E6,0xB226,0xD2C7,0x08A4,0x0043,0x0021,0x0020,0x1948,0x21A9,0xAD95,0xE79D,
    0xE7BE,0xEFDE,0xEFDE,0xEFDE,0xEFDE,0xEFDE,0xEFDE,0xEFDE,0xEFDE,0xEFDE,0xEFDE,0xEFDE,0xEFDE,0xEFDE,0xEFDE,0xEFDE,
    0xEFDE,0xEFDE,0xEFDE,0xEFDE,0xEFDE,0xEFDE,0xEFDE,0xEFDE,0xEFDE,0xEFDE,0xEFDE,0xEFDE,0xEFDE,0xEFDE,0xEFDE,0xEFDE,
    0xEFDE,0xEFDE,0xEFDE,0xEFDE,0xEFDE,0xEFDE,0xEFDE,0xEFDE,0xEFDE,0xEFDE,0xEFDE,0xEFDE,0xEFDE,0xEFDE,0xEFDE,0xEFDE,
    0xEFDE,0xEFDE,0xEFDE,0xE7BE,0xE7BE,0xE7BE,0xE7BE,0xE7BE,0xE7BE,0xE79D,0xD6B9,0x4925,0xEAC7,0xEAE8,0xEAE8,0xE288,
    0xDA68,0xCA28,0xC1E8,0xB1C8,0x99A8,0x79C8,0x5167,0x6ACC,0xCE79,0xE79D,0xE79D,0xE77D,0xCE79,0x7BAF,0x62EB,0x738E,
    0xC658,0xD6FB,0x10A4,0x19EB,0x19EB,0x224A,0xD732,0xB690,0x8E70,0x5D4E,0x2C0D,0x0863,0x69C6,0x28C4,0x0023,0x18E5,
    0xE7BE,0xE7BE,0xE7BE,0xE7BE,0xE7BE,0xEFDE,0xEFDE,0xEFDE,0xEFDE,0xEFDE,0xEFDE,0xEFDE,0xE7BE,0xE7BE,0xE7BE,0xE7BE,
    0xBE38,0x18E6,0x08A6,0x0043,0xAA29,0xC2C9,0xE3A9,0x0862,0x5BED,0xBE71,0x9D4E,0x338C,0x08A4,0x21CB,0x10A4,0xDF7D,
    0xE7BE,0xEFDE,0xEFDE,0xEFDE,0xEFDE,0xEFDE,0xEFDE,0xEFDE,0xEFDE,0xEFDE,0xEFDE,0xEFDE,0xEFDE,0xEFDE,0xEFDE,0xEFDE,
    0xEFDE,0xEFDE,0xEFDE,0xEFDE,0xEFDE,0xEFDE,0xEFDE,0xEFDE,0xEFDE,0xEFDE,0xEFDE,0xEFDE,0xEFDE,0xEFDE,0xEFDE,0xEFDE,
    0xEFDE,0xEFDE,0xEFDE,0xEFDE,0xEFDE,0xEFDE,0xEFDE,0xEFDE,0xEFDE,0xEFDE,0xEFDE,0xEFDE,0xEFDE,0xEFDE,0xEFDE,0xEFDE,
    0xEFDE,0xEFDE,0xEFDE,0xEFDE,0xEFDE,0xEFDE,0xE7BE,0xE7BE,0xE7BE,0xE7BE,0x4187,0xC248,0xDAC8,0xDA27,0xD207,0xB9C7,
    0xBA08,0x8168,0x7167,0x5167,0x5188,0x9C92,0xD6BA,0xEFBE,0xEFBE,0xE7DE,0xE7DE,0xE7BE,0xE7BE,0xE7BE,0xE7BE,0xE7BD,
    0xE79D,0xDF5C,0x1082,0x1126,0x1106,0x1106,0x41C5,0x93C7,0x6D6C,0x4CEB,0x0144,0x2A4D,0x2A4C,0x116A,0x1107,0x10E6,
    0x632D,0xE7BE,0xE7BE,0xE7BE,0xE7BE,0xEFDE,0xEFDE,0xEFDE,0xEFDE,0xEFDE,0xEFDE,0xEFDE,0xE7BE,0xE7BE,0xE7BE,0xE79D,
    0x10C4,0x1108,0x10E7,0x08A6,0x08C6,0x1127,0x0863,0x4D0F,0xA64F,0xC60E,0xAD2A,0x542B,0x0863,0x1989,0x0862,0xE79D,
    0xE7BE,0xEFDE,0xEFDE,0xEFDE,0xEFDE,0xEFDE,0xEFDE,0xEFDE,0xEFDE,0xEFDE,0xEFDE,0xEFDE,0xEFDE,0xEFDE,0xEFDE,0xEFDE,
    0xEFDE,0xEFDE,0xEFDE,0xEFDE,0xEFDE,0xEFDE,0xEFDE,0xEFDE,0xEFDE,0xEFDE,0xEFDE,0xEFDE,0xEFDE,0xEFDE,0xEFDE,0xEFDE,
    0xEFDE,0xEFDE,0xEFDE,0xEFDE,0xEFDE,0xEFDE,0xEFDE,0xEFDE,0xEFDE,0xEFDE,0xEFDE,0xEFDE,0xEFDE,0xEFDE,0xEFDE,0xEFDE,
    0xEFDE,0xEFDE,0xEFDE,0xEFDE,0xEFDE,0xEFDE,0xEFDE,0xEFDE,0xE7BE,0xE7BE,0x4188,0xAA69,0x89A7,0x81A7,0x81A7,0x81A8,
    0x79A8,0x3926,0x3146,0xEFDE,0xEFDE,0xEFBE,0xEFDE,0xEFDE,0xEFDE,0xEFDE,0xE7BE,0xE7BE,0xE7BE,0xE7BE,0xE7BE,0xE7BE,
    0xE79D,0xD71B,0x0861,0x81C3,0x30A1,0xF64A,0xFEAD,0xF525,0xCA20,0x6AC2,0x08A2,0x220B,0x1969,0x1948,0x08C6,0x10E6,
    0x4249,0xE7BE,0xE7BE,0xE7BE,0xE7BE,0xEFDE,0xEFDE,0xEFDE,0xEFDE,0xEFDE,0xEFDE,0xEFDE,0xE7BE,0xE7BE,0xE7BE,0xE7BE,
    0x0863,0x1128,0x1128,0x2189,0x220C,0x2A4D,0x1169,0x2A89,0x7C09,0x6923,0xEBA1,0xFCA3,0xC303,0x10A3,0x0861,0xDF7D,
    0xE7BE,0xEFDE,0xEFDE,0xEFDE,0xEFDE,0xEFDE,0xEFDE,0xEFDE,0xEFDE,0xEFDE,0xEFDE,0xEFDE,0xEFDE,0xEFDE,0xEFDE,0xEFDE,
    0xEFDE,0xEFDE,0xEFDE,0xEFDE,0xEFDE,0xEFDE,0xEFDE,0xEFDE,0xEFDE,0xEFDE,0xEFDE,0xEFDE,0xEFDE,0xEFDE,0xEFDE,0xEFDE,
    0xEFDE,0xEFDE,0xEFDE,0xEFDE,0xEFDE,0xEFDE,0xEFDE,0xEFDE,0xEFDE,0xEFDE,0xEFDE,0xEFDE,0xEFDE,0xEFDE,0xEFDE,0xEFDE,
    0xEFDE,0xEFDE,0xEFDE,0xEFDE,0xEFDE,0xEFDE,0xEFDE,0xEFDE,0xEFDE,0xE7BE,0xE79D,0x5AAC,0x62AB,0x6ACC,0x6B0C,0x6B0C,
    0x83F0,0xE75D,0xE77D,0xE7BE,0xEFBE,0xEFBE,0xE7BE,0xEFDE,0xEFDE,0xEFDE,0xEFDE,0xEFDE,0xE7BE,0xE7BE,0xE7BE,0xE7BE,
    0xE79D,0x94B1,0x69C5,0x3082,0xDC82,0xFEAD,0xFECB,0xFEA8,0xFE27,0xE463,0x1882,0x2105,0x2147,0x1106,0x10E6,0x10C6,
    0x424A,0xE7BE,0xE7BE,0xE7BE,0xEFDE,0xEFDE,0xEFDE,0xEFDE,0xEFDE,0xEFDE,0xEFDE,0xEFDE,0xEFDE,0xEFDE,0xE7BE,0xE7BE,
    0x0844,0x1108,0x1107,0x1107,0x1968,0x1969,0x1106,0x3903,0xB282,0xFFB7,0xFF97,0xFEC9,0xF502,0x4102,0x7983,0x94F2,
    0xE7BE,0xE7BE,0xEFDE,0xEFDE,0xEFDE,0xEFDE,0xEFDE,0xEFDE,0xEFDE,0xEFDE,0xEFDE,0xEFDE,0xEFDE,0xEFDE,0xEFDE,0xEFDE,
    0xEFDE,0xEFDE,0xEFDE,0xEFDE,0xEFDE,0xEFDE,0xEFDE,0xEFDE,0xEFDE,0xEFDE,0xEFDE,0xEFDE,0xEFDE,0xEFDE,0xEFDE,0xEFDE,
    0xEFDE,0xEFDE,0xEFDE,0xEFDE,0xEFDE,0xEFDE,0xEFDE,0xEFDE,0xEFDE,0xEFDE,0xEFDE,0xEFDE,0xEFDE,0xEFDE,0xEFDE,0xEFDE,
    0xEFDE,0xEFDE,0xEFDE,0xEFDE,0xEFDE,0xEFDE,0xEFDE,0xEFDE,0xEFDE,0xEFDE,0xE7BE,0xE7BE,0xE7BE,0xE7BE,0xE79D,0xE7BE,
    0xE7BE,0xE79D,0xE7BE,0xE7BE,0xE7BE,0xE7BE,0xEFDE,0xEFDE,0xEFDE,0xEFDE,0xEFDE,0xEFDE,0xE7BE,0xE7BE,0xE7BE,0xE7BE,
    0xEFBE,0x18E4,0x7184,0x3082,0xF562,0xF628,0xFEAB,0xFE25,0xECC1,0x9A83,0x8205,0xA284,0x5163,0x18C5,0x08A6,0x0001,
    0xE79D,0xE7BE,0xE7BE,0xE7BE,0xEFDE,0xEFDE,0xEFDE,0xEFDE,0xEFDE,0xEFDE,0xEFDE,0xEFDE,0xEFDE,0xEFDE,0xEFDE,0xE7BE,
    0x52AB,0x0843,0x1107,0x1107,0x10E6,0x2104,0x5163,0x79C3,0xF585,0xFE68,0xFE66,0xFE65,0xE4C0,0xA343,0x6963,0x10C5,
    0xE7BE,0xE7BE,0xE7BE,0xEFDE,0xEFDE,0xEFDE,0xEFDE,0xEFDE,0xEFDE,0xEFDE,0xEFDE,0xEFDE,0xEFDE,0xEFDE,0xEFDE,0xEFDE,
    0xEFDE,0xEFDE,0xEFDE,0xEFDE,0xEFDE,0xEFDE,0xEFDE,0xEFDE,0xEFDE,0xEFDE,0xEFDE,0xEFDE,0xEFDE,0xEFDE,0xEFDE,0xEFDE,
    0xEFDE,0xEFDE,0xEFDE,0xEFDE,0xEFDE,0xEFDE,0xEFDE,0xEFDE,0xEFDE,0xEFDE,0xEFDE,0xEFDE,0xEFDE,0xEFDE,0xEFDE,0xEFDE,
    0xEFDE,0xEFDE,0xEFDE,0xEFDE,0xEFDE,0xEFDE,0xEFDE,0xEFDE,0xEFDE,0xEFDE,0xEFDE,0xE7BE,0xE7BE,0xE7BE,0xE7BE,0xE7BE,
    0xE7BE,0xE7BE,0xE7BE,0xEFDE,0xEFDE,0xEFDE,0xEFDE,0xEFDE,0xEFDE,0xEFDE,0xE7BE,0xE7BE,0xE7BE,0xE7BE,0xE7BE,0xE7BE,
    0xA5D6,0x0862,0x0842,0x1862,0xB381,0xC3E1,0xE502,0xF5A4,0xCB20,0x30C3,0x8204,0x69A4,0x61C4,0x5964,0x4903,0x0843,
    0xE7BE,0xE7BE,0xE7BE,0xEFDE,0xEFDE,0xEFDE,0xEFDE,0xEFDE,0xEFDE,0xEFDE,0xEFDE,0xEFDE,0xEFDE,0xEFDE,0xEFDE,0xE7BE,
    0x6B8E,0x18A3,0x3125,0x4124,0x7182,0x8243,0x7A03,0x40C2,0xDC02,0xFE86,0xF603,0xED83,0xE502,0xA362,0x4944,0x0884,
    0xCEDA,0xE7BE,0xE7BE,0xE7BE,0xEFDE,0xEFDE,0xEFDE,0xEFDE,0xEFDE,0xEFDE,0xEFDE,0xEFDE,0xEFDE,0xEFDE,0xEFDE,0xEFDE,
    0xEFDE,0xEFDE,0xEFDE,0xEFDE,0xEFDE,0xEFDE,0xEFDE,0xEFDE,0xEFDE,0xEFDE,0xEFDE,0xEFDE,0xEFDE,0xEFDE,0xEFDE,0xEFDE,
    0xEFDE,0xEFDE,0xEFDE,0xEFDE,0xEFDE,0xEFDE,0xEFDE,0xEFDE,0xEFDE,0xEFDE,0xEFDE,0xEFDE,0xEFDE,0xEFDE,0xEFDE,0xEFDE,
    0xEFDE,0xEFDE,0xEFDE,0xEFDE,0xEFDE,0xEFDE,0xEFDE,0xEFDE,0xEFDE,0xEFDE,0xEFDE,0xEFDE,0xEFDE,0xEFDE,0xEFDE,0xEFDE,
    0xEFDE,0xEFDE,0xEFDE,0xEFDE,0xEFDE,0xEFDE,0xEFDE,0xEFDE,0xEFDE,0xEFDE,0xE7BE,0xE7BE,0xE7BD,0xE79D,0xADB6,0x4ACB,
    0x0882,0x08E5,0x0127,0x1A6B,0x1A6C,0x1A2B,0x31C7,0x48A1,0x8162,0x1084,0x79E4,0x71C4,0x4923,0x4923,0x4102,0x0862,
    0xE7BE,0xE7BE,0xEFDE,0xEFDE,0xEFDE,0xEFDE,0xEFDE,0xEFDE,0xEFDE,0xEFDE,0xEFDE,0xEFDE,0xEFDE,0xEFDE,0xEFDE,0xE7BE,
    0x39C8,0x4124,0x5143,0x6982,0x6161,0x71C3,0x6983,0x69A3,0x5122,0xE4E3,0x7A22,0x20A1,0x1167,0x19C8,0x08E5,0x10A3,
    0x0862,0x532C,0x94F3,0xD73C,0xE7BE,0xEFDE,0xE7BE,0xEFDE,0xEFDE,0xEFDE,0xEFDE,0xEFDE,0xEFDE,0xEFDE,0xEFDE,0xEFDE,
    0xEFDE,0xEFDE,0xEFDE,0xEFDE,0xEFDE,0xEFDE,0xEFDE,0xEFDE,0xEFDE,0xEFDE,0xEFDE,0xEFDE,0xEFDE,0xEFDE,0xEFDE,0xEFDE,
    0xEFDE,0xEFDE,0xEFDE,0xEFDE,0xEFDE,0xEFDE,0xEFDE,0xEFDE,0xEFDE,0xEFDE,0xEFDE,0xEFDE,0xEFDE,0xEFDE,0xEFDE,0xEFDE,
    0xEFDE,0xEFDE,0xEFDE,0xEFDE,0xEFDE,0xEFDE,0xEFDE,0xEFDE,0xEFDE,0xEFDE,0xEFDE,0xEFDE,0xEFDE,0xEFDE,0xEFDE,0xEFDE,
    0xEFDE,0xEFDE,0xEFDE,0xEFDE,0xEFDE,0xEFDE,0xEFDE,0xEFDE,0xEFDE,0xE7BE,0xE7BE,0xE7BE,0x8C91,0x0884,0x0083,0x0907,
    0x134D,0x132B,0x130B,0x1AEB,0x0AAA,0x128C,0x1A4C,0x196A,0x0043,0x1107,0x08A6,0x5942,0x4102,0x4101,0x20C2,0x4208,
    0xE7BE,0xEFDE,0xEFDE,0xEFDE,0xEFDE,0xEFDE,0xEFDE,0xEFDE,0xEFDE,0xEFDE,0xEFDE,0xEFDE,0xEFDE,0xEFDE,0xEFDE,0xE7BE,
    0x8430,0x1082,0x4922,0x5961,0x61A2,0x6182,0x5983,0x0844,0x1085,0x0043,0x1146,0x0A6C,0x01A9,0x022B,0x12CC,0x12EC,
    0x238C,0x0A4A,0x08A5,0x0863,0x2125,0xEFDE,0xE7BE,0xE7BE,0xEFDE,0xEFDE,0xEFDE,0xEFDE,0xEFDE,0xEFDE,0xEFDE,0xEFDE,
    0xEFDE,0xEFDE,0xEFDE,0xEFDE,0xEFDE,0xEFDE,0xEFDE,0xEFDE,0xEFDE,0xEFDE,0xEFDE,0xEFDE,0xEFDE,0xEFDE,0xEFDE,0xEFDE,
    0xEFDE,0xEFDE,0xEFDE,0xEFDE,0xEFDE,0xEFDE,0xEFDE,0xEFDE,0xEFDE,0xEFDE,0xEFDE,0xEFDE,0xEFDE,0xEFDE,0xEFDE,0xEFDE,
    0xEFDE,0xEFDE,0xEFDE,0xEFDE,0xEFDE,0xEFDE,0xEFDE,0xEFDE,0xEFDE,0xEFDE,0xEFDE,0xEFDE,0xEFDE,0xEFDE,0xEFDE,0xEFDE,
    0xEFDE,0xEFDE,0xEFDE,0xEFDE,0xEFDE,0xEFDE,0xEFDE,0xE7BE,0xE7BE,0xE7BE,0xEFBE,0x10A3,0x08E5,0x132C,0x346E,0x44EE,
    0x3C6C,0x342C,0x346C,0x348C,0x348C,0x2C2C,0x0989,0x19AA,0x1969,0x1969,0x1148,0x1128,0x08C5,0x0884,0x0043,0x738E,
    0xE7BE,0xEFDE,0xEFDE,0xEFDE,0xEFDE,0xEFDE,0xEFDE,0xEFDE,0xEFDE,0xEFDE,0xEFDE,0xEFDE,0xEFDE,0xEFDE,0xEFDE,0xE7BE,
    0x9D54,0x0063,0x0063,0x20C2,0x4141,0x2922,0x10E5,0x1969,0x198A,0x1168,0x0A6A,0x1B4B,0x3C6E,0x44CE,0x4D0E,0x4CED,
    0x3CAC,0x2C4C,0x244C,0x0248,0x0083,0x1062,0xD71B,0xE7BE,0xEFDE,0xEFDE,0xEFDE,0xEFDE,0xEFDE,0xEFDE,0xEFDE,0xEFDE,
    0xEFDE,0xEFDE,0xEFDE,0xEFDE,0xEFDE,0xEFDE,0xEFDE,0xEFDE,0xEFDE,0xEFDE,0xEFDE,0xEFDE,0xEFDE,0xEFDE,0xEFDE,0xEFDE,
    0xEFDE,0xEFDE,0xEFDE,0xEFDE,0xEFDE,0xEFDE,0xEFDE,0xEFDE,0xEFDE,0xEFDE,0xEFDE,0xEFDE,0xEFDE,0xEFDE,0xEFDE,0xEFDE,
    0xEFDE,0xEFDE,0xEFDE,0xEFDE,0xEFDE,0xEFDE,0xEFDE,0xEFDE,0xEFDE,0xEFDE,0xEFDE,0xEFDE,0xEFDE,0xEFDE,0xEFDE,0xEFDE,
    0xEFDE,0xEFDE,0xEFDE,0xEFDE,0xEFDE,0xEFDE,0xEFDE,0xE7BE,0xE7BE,0xEFDE,0x1083,0x1AEA,0x3C6E,0x3CCD,0x452E,0x44EE,
    0x44CD,0x4D0E,0x554F,0x556F,0x550E,0x54EE,0x2C4D,0x22AB,0x21AA,0x21AA,0x218A,0x1128,0x10E7,0x08A6,0x08C6,0x0884,
    0xEFDE,0xEFDE,0xEFDE,0xEFDE,0xEFDE,0xEFDE,0xEFDE,0xEFDE,0xEFDE,0xEFDE,0xEFDE,0xEFDE,0xEFDE,0xEFDE,0xEFDE,0xE7BE,
    0x1925,0x08A5,0x10E6,0x1107,0x1927,0x1968,0x21A9,0x21CA,0x21EB,0x126B,0x3C6E,0x448E,0x44CE,0x4D2F,0x4D6F,0x4D2F,
    0x3C8C,0x5CCE,0x64EF,0x7D71,0x7D0F,0x10C5,0x0843,0xDF5C,0xE7BE,0xEFDE,0xEFDE,0xEFDE,0xEFDE,0xEFDE,0xEFDE,0xEFDE,
    0xEFDE,0xEFDE,0xEFDE,0xEFDE,0xEFDE,0xEFDE,0xEFDE,0xEFDE,0xEFDE,0xEFDE,0xEFDE,0xEFDE,0xEFDE,0xEFDE,0xEFDE,0xEFDE,
    0xEFDE,0xEFDE,0xEFDE,0xEFDE,0xEFDE,0xEFDE,0xEFDE,0xEFDE,0xEFDE,0xEFDE,0xEFDE,0xEFDE,0xEFDE,0xEFDE,0xEFDE,0xEFDE,
    0xEFDE,0xEFDE,0xEFDE,0xEFDE,0xEFDE,0xEFDE,0xEFDE,0xEFDE,0xEFDE,0xEFDE,0xEFDE,0xEFDE,0xEFDE,0xEFDE,0xEFDE,0xEFDE,
    0xEFDE,0xEFDE,0xEFDE,0xEFDE,0xEFDE,0xEFDE,0xE7BE,0xE7BE,0xDF3C,0x10A4,0x32AB,0x7D0F,0xDEB4,0xF77A,0xFF9B,0xF79A,
    0xF77A,0xB697,0x6D71,0x5D90,0x550E,0x550E,0x34AE,0x2BEC,0x1168,0x21AA,0x21AA,0x1148,0x1107,0x2169,0x1108,0x0844,
    0xEFDE,0xEFDE,0xEFDE,0xEFDE,0xEFDE,0xEFDE,0xEFDE,0xEFDE,0xEFDE,0xEFDE,0xEFDE,0xEFDE,0xEFDE,0xEFDE,0xEFDE,0xE7BE,
    0x0023,0x1108,0x2189,0x1107,0x2189,0x39C8,0x31C9,0x21CA,0x19CA,0x344D,0x44CE,0x4CEE,0x44EE,0x452F,0xC758,0xFFBB,
    0xFFBA,0xFF58,0xFF58,0xFF79,0xFF98,0xF6B3,0x3944,0x0884,0xE79D,0xEFDE,0xEFDE,0xEFDE,0xEFDE,0xEFDE,0xEFDE,0xEFDE,
    0xEFDE,0xEFDE,0xEFDE,0xEFDE,0xEFDE,0xEFDE,0xEFDE,0xEFDE,0xEFDE,0xEFDE,0xEFDE,0xEFDE,0xEFDE,0xEFDE,0xEFDE,0xEFDE,
    0xEFDE,0xEFDE,0xEFDE,0xEFDE,0xEFDE,0xEFDE,0xEFDE,0xEFDE,0xEFDE,0xEFDE,0xEFDE,0xEFDE,0xEFDE,0xEFDE,0xEFDE,0xEFDE,
    0xEFDE,0xEFDE,0xEFDE,0xEFDE,0xEFDE,0xEFDE,0xEFDE,0xEFDE,0xEFDE,0xEFDE,0xEFDE,0xEFDE,0xEFDE,0xEFDE,0xEFDE,0xEFDE,
    0xEFDE,0xEFDE,0xEFDE,0xEFDE,0xEFDE,0xEFDE,0xE7BE,0xE7BE,0x630C,0x0044,0xE654,0xFF59,0xFF79,0xFF99,0xFF99,0xFF99,
    0xFF99,0xFF9A,0xFF9C,0xDF79,0x550E,0x5D0E,0x34AF,0x348E,0x2C2D,0x1169,0x21AA,0x1128,0x10E7,0x1128,0x1108,0x0843,
    0xEFDE,0xEFDE,0xEFDE,0xEFDE,0xEFDE,0xEFDE,0xEFDE,0xEFDE,0xEFDE,0xEFDE,0xEFDE,0xEFDE,0xEFDE,0xEFDE,0xEFDE,0xE7BE,
    0x0023,0x1129,0x1949,0x29AA,0x1949,0x2168,0x29A9,0x21EA,0x2C2D,0x3CCD,0x3CCD,0x4D0E,0x44CD,0xFFF9,0xFFBB,0xFFBA,
    0xFF9A,0xFF58,0xFF78,0xFF78,0xFF98,0xFEF5,0xFED2,0x1084,0x10A4,0xE7BE,0xEFDE,0xEFDE,0xEFDE,0xEFDE,0xEFDE,0xEFDE,
    0xEFDE,0xEFDE,0xEFDE,0xEFDE,0xEFDE,0xEFDE,0xEFDE,0xEFDE,0xEFDE,0xEFDE,0xEFDE,0xEFDE,0xEFDE,0xEFDE,0xEFDE,0xEFDE,
    0xEFDE,0xEFDE,0xEFDE,0xEFDE,0xEFDE,0xEFDE,0xEFDE,0xEFDE,0xEFDE,0xEFDE,0xEFDE,0xEFDE,0xEFDE,0xEFDE,0xEFDE,0xEFDE,
    0xEFDE,0xEFDE,0xEFDE,0xEFDE,0xEFDE,0xEFDE,0xEFDE,0xEFDE,0xEFDE,0xEFDE,0xEFDE,0xEFDE,0xEFDE,0xEFDE,0xEFDE,0xEFDE,
    0xEFDE,0xEFDE,0xEFDE,0xEFDE,0xEFDE,0xE7BE,0xE7BE,0xDF5C,0x0862,0xABAD,0xFED4,0xFF37,0xFF37,0xFF37,0xFF78,0xFF78,
    0xFF79,0xFF79,0xFF79,0xFF78,0xDEF7,0x3CAF,0x34CF,0x2CAE,0x1C2D,0x19AA,0x1148,0x1127,0x08A5,0x1128,0x08E7,0x0842,
    0xEFDE,0xE7BE,0xE7BE,0xEFDE,0xEFDE,0xEFDE,0xEFDE,0xEFDE,0xEFDE,0xEFDE,0xEFDE,0xEFDE,0xEFDE,0xEFDE,0xEFDE,0xE7BE,
    0x0043,0x1108,0x1127,0x1969,0x1107,0x1968,0x2188,0x19E9,0x244E,0x2C6D,0x3CED,0x34CE,0xDEB4,0xFF99,0xFF99,0xFFBA,
    0xFFBA,0xFF99,0xFF78,0xFF16,0xFEF5,0xFEF5,0xF651,0xABAC,0x1063,0xDF5C,0xE7BE,0xEFDE,0xEFDE,0xEFDE,0xEFDE,0xEFDE,
    0xEFDE,0xEFDE,0xEFDE,0xEFDE,0xEFDE,0xEFDE,0xEFDE,0xEFDE,0xEFDE,0xEFDE,0xEFDE,0xEFDE,0xEFDE,0xEFDE,0xEFDE,0xEFDE,
    0xEFDE,0xEFDE,0xEFDE,0xEFDE,0xEFDE,0xEFDE,0xEFDE,0xEFDE,0xEFDE,0xEFDE,0xEFDE,0xEFDE,0xEFDE,0xEFDE,0xEFDE,0xEFDE,
    0xEFDE,0xEFDE,0xEFDE,0xEFDE,0xEFDE,0xEFDE,0xEFDE,0xEFDE,0xEFDE,0xEFDE,0xEFDE,0xEFDE,0xEFDE,0xEFDE,0xEFDE,0xEFDE,
    0xEFDE,0xEFDE,0xEFDE,0xE7BE,0xE7BE,0xE7BE,0xE7BE,0x3A09,0x20C5,0xED4F,0xFE72,0xFF16,0xFF37,0xFF57,0xFF36,0xFF36,
    0xFF37,0xFF37,0xFF36,0xFF15,0xF6F5,0xEF37,0x2CD0,0x244E,0x244E,0x0B4B,0x1127,0x1106,0x0084,0x1127,0x0063,0x3104,
    0x3187,0xE7BE,0xE7BE,0xEFDE,0xEFDE,0xEFDE,0xEFDE,0xEFDE,0xEFDE,0xEFDE,0xEFDE,0xEFDE,0xEFDE,0xEFDE,0xE7BE,0x424A,
    0x3083,0x1106,0x1128,0x1968,0x08C6,0x1968,0x1106,0x1AEC,0x1C0D,0x242D,0x3CCE,0xAE72,0xFF17,0xFF16,0xFF37,0xFF57,
    0xFF37,0xFF16,0xFF36,0xFEF5,0xFEF4,0xFED4,0xEDB0,0xCC6D,0x0862,0xA555,0xE7BE,0xE7BE,0xEFDE,0xEFDE,0xEFDE,0xEFDE,
    0xEFDE,0xEFDE,0xEFDE,0xEFDE,0xEFDE,0xEFDE,0xEFDE,0xEFDE,0xEFDE,0xEFDE,0xEFDE,0xEFDE,0xEFDE,0xEFDE,0xEFDE,0xEFDE,
    0xEFDE,0xEFDE,0xEFDE,0xEFDE,0xEFDE,0xEFDE,0xEFDE,0xEFDE,0xEFDE,0xEFDE,0xEFDE,0xEFDE,0xEFDE,0xEFDE,0xEFDE,0xEFDE,
    0xEFDE,0xEFDE,0xEFDE,0xEFDE,0xEFDE,0xEFDE,0xEFDE,0xEFDE,0xEFDE,0xEFDE,0xEFDE,0xEFDE,0xEFDE,0xEFDE,0xEFDE,0xEFDE,
    0xEFDE,0xEFDE,0xEFDE,0xE7BE,0xE7BE,0xE7BE,0xE7BE,0x2127,0x4926,0xECED,0xED4D,0xED8C,0xDC46,0xD425,0xDCA7,0xF5ED,
    0xFF58,0xFF37,0xFEF5,0xFEB4,0xFEB4,0xEE32,0x0B0C,0x142E,0x13CD,0x0B6C,0x0906,0x10E5,0x82C1,0x71C3,0x7183,0x30E4,
    0x10A4,0xE7BE,0xEFDE,0xEFDE,0xEFDE,0xEFDE,0xEFDE,0xEFDE,0xEFDE,0xEFDE,0xEFDE,0xEFDE,0xEFDE,0xE7BE,0xE7BE,0x2125,
    0x6185,0x5123,0x6162,0xDC00,0x20C2,0x1968,0x1127,0x23EC,0x23ED,0x1BCD,0x134B,0xF672,0xFEF6,0xFEF6,0xFED5,0xFED4,
    0xF671,0xE52C,0xD405,0xB2E0,0xBAE0,0xC343,0xCBE5,0xAB26,0x0842,0x6B4D,0xE7BE,0xE7BE,0xEFDE,0xEFDE,0xEFDE,0xEFDE,
    0xEFDE,0xEFDE,0xEFDE,0xEFDE,0xEFDE,0xEFDE,0xEFDE,0xEFDE,0xEFDE,0xEFDE,0xEFDE,0xEFDE,0xEFDE,0xEFDE,0xEFDE,0xEFDE,
    0xEFDE,0xEFDE,0xEFDE,0xEFDE,0xEFDE,0xEFDE,0xEFDE,0xEFDE,0xEFDE,0xEFDE,0xEFDE,0xEFDE,0xEFDE,0xEFDE,0xEFDE,0xEFDE,
    0xEFDE,0xEFDE,0xEFDE,0xEFDE,0xEFDE,0xEFDE,0xEFDE,0xEFDE,0xEFDE,0xEFDE,0xEFDE,0xEFDE,0xEFDE,0xEFDE,0xEFDE,0xEFDE,
    0xEFDE,0xEFDE,0xEFDE,0xE7BE,0xE7BE,0xE7BE,0x94F3,0x4104,0xA201,0xAA84,0x79E4,0x2945,0x21C9,0x21C9,0x29C7,0x8A81,
    0xC3A3,0xDD0D,0xF652,0xF612,0xEE12,0xEE12,0xC4EE,0x13CC,0x13AC,0x236C,0x08A4,0xC3C4,0x9241,0x9A62,0x7984,0x30C4,
    0x1083,0xE7BE,0xE7BE,0xEFDE,0xEFDE,0xEFDE,0xEFDE,0xEFDE,0xEFDE,0xEFDE,0xEFDE,0xEFDE,0xEFDE,0xE7BE,0xE7BE,0x2105,
    0x6185,0x7184,0xA282,0xB2E0,0x9203,0xEC25,0x0065,0x2BAA,0x23CD,0x1B8C,0x74CE,0xEDF1,0xEE32,0xF632,0xF673,0xC363,
    0xC2E1,0x1947,0x3A6C,0x2A2C,0x2A0C,0x21AB,0x3965,0xE4A1,0xAAC1,0x0863,0xDF5C,0xE7BE,0xE7BE,0xEFDE,0xEFDE,0xEFDE,
    0xEFDE,0xEFDE,0xEFDE,0xEFDE,0xEFDE,0xEFDE,0xEFDE,0xEFDE,0xEFDE,0xEFDE,0xEFDE,0xEFDE,0xEFDE,0xEFDE,0xEFDE,0xEFDE,
    0xEFDE,0xEFDE,0xEFDE,0xEFDE,0xEFDE,0xEFDE,0xEFDE,0xEFDE,0xEFDE,0xEFDE,0xEFDE,0xEFDE,0xEFDE,0xEFDE,0xEFDE,0xEFDE,
    0xEFDE,0xEFDE,0xEFDE,0xEFDE,0xEFDE,0xEFDE,0xEFDE,0xEFDE,0xEFDE,0xEFDE,0xEFDE,0xEFDE,0xEFDE,0xEFDE,0xEFDE,0xEFDE,
    0xEFDE,0xEFDE,0xEFDE,0xE7BE,0xE7BE,0xE7BE,0x6B8E,0x28E5,0xDC40,0x5A43,0x2169,0x2169,0x21AA,0x21AA,0x320C,0x324E,
    0x3A29,0xAAE0,0xAAE1,0xDC6A,0xDCAB,0xD469,0xCC06,0x73A6,0x7B23,0xB383,0xA302,0x9204,0x30E2,0x9261,0x69A4,0x20C4,
    0x2125,0xE7BE,0xE7BE,0xEFDE,0xEFDE,0xEFDE,0xEFDE,0xEFDE,0xEFDE,0xEFDE,0xEFDE,0xEFDE,0xEFDE,0xE7BE,0xE7BE,0x2945,
    0x41C7,0x69E4,0x7A02,0x9AA0,0x5164,0x9A62,0xC3C1,0xCC02,0x5286,0x6B87,0xABA6,0xC427,0xCC47,0xD466,0xD403,0x9AC2,
    0x29EB,0x2A0C,0x21CB,0x21AA,0x218A,0x216A,0x1927,0x0885,0x9200,0x0843,0xDF3C,0xE7BE,0xE7BE,0xEFDE,0xEFDE,0xEFDE,
    0xEFDE,0xEFDE,0xEFDE,0xEFDE,0xEFDE,0xEFDE,0xEFDE,0xEFDE,0xEFDE,0xEFDE,0xEFDE,0xEFDE,0xEFDE,0xEFDE,0xEFDE,0xEFDE,
    0xEFDE,0xEFDE,0xEFDE,0xEFDE,0xEFDE,0xEFDE,0xEFDE,0xEFDE,0xEFDE,0xEFDE,0xEFDE,0xEFDE,0xEFDE,0xEFDE,0xEFDE,0xEFDE,
    0xEFDE,0xEFDE,0xEFDE,0xEFDE,0xEFDE,0xEFDE,0xEFDE,0xEFDE,0xEFDE,0xEFDE,0xEFDE,0xEFDE,0xEFDE,0xEFDE,0xEFDE,0xEFDE,
    0xEFDE,0xEFDE,0xEFDE,0xEFDE,0xE7BE,0xE7BE,0x6B8E,0x0863,0xBB41,0x1948,0x2169,0x2169,0x2169,0x218A,0x218A,0x218A,
    0x218A,0x31A7,0xEEE9,0xFEED,0xFEA9,0xFE68,0xF607,0xD442,0xC361,0xBB21,0xA282,0x4063,0x1082,0x28C1,0x0823,0x10A5,
    0xE7BE,0xE7BE,0xE7BE,0xEFDE,0xEFDE,0xEFDE,0xEFDE,0xEFDE,0xEFDE,0xEFDE,0xEFDE,0xEFDE,0xEFDE,0xE7BE,0xE7BE,0xEFDE,
    0x08A4,0x0884,0x28E2,0x59A0,0x0845,0x5943,0xA2E1,0xC361,0xC381,0xE461,0xFECC,0xFF2E,0xFF70,0xFF4D,0xFF28,0x2988,
    0x21AA,0x2169,0x2169,0x218A,0x218A,0x1949,0x1928,0x1108,0x3923,0x0043,0xD73C,0xE7BE,0xE7BE,0xEFDE,0xEFDE,0xEFDE,
    0xEFDE,0xEFDE,0xEFDE,0xEFDE,0xEFDE,0xEFDE,0xEFDE,0xEFDE,0xEFDE,0xEFDE,0xEFDE,0xEFDE,0xEFDE,0xEFDE,0xEFDE,0xEFDE,
    0xEFDE,0xEFDE,0xEFDE,0xEFDE,0xEFDE,0xEFDE,0xEFDE,0xEFDE,0xEFDE,0xEFDE,0xEFDE,0xEFDE,0xEFDE,0xEFDE,0xEFDE,0xEFDE,
    0xEFDE,0xEFDE,0xEFDE,0xEFDE,0xEFDE,0xEFDE,0xEFDE,0xEFDE,0xEFDE,0xEFDE,0xEFDE,0xEFDE,0xEFDE,0xEFDE,0xEFDE,0xEFDE,
    0xEFDE,0xEFDE,0xEFDE,0xEFDE,0xEFDE,0xE7BE,0x7C10,0x18C6,0x0885,0x1927,0x1928,0x1928,0x2169,0x218A,0x218A,0x2169,
    0x2189,0x1968,0x3122,0xED01,0xE460,0xD3E0,0xC3C1,0xC3C1,0xC361,0xAAA2,0x9306,0x0843,0x08C6,0x08C4,0x18C4,0xE79D,
    0xE7BE,0xEFDE,0xEFDE,0xEFDE,0xEFDE,0xEFDE,0xEFDE,0xEFDE,0xEFDE,0xEFDE,0xEFDE,0xEFDE,0xEFDE,0xEFDE,0xE7BE,0xE7BE,
    0xCEDA,0x0883,0x0865,0x0885,0x0864,0x0865,0x92E2,0xBB21,0xBB41,0xC380,0xE481,0xDC41,0xD441,0xCC01,0x10C4,0x198A,
    0x1969,0x2169,0x2169,0x2169,0x1928,0x1907,0x1107,0x10E7,0x0865,0x0884,0xE79D,0xE7BE,0xEFDE,0xEFDE,0xEFDE,0xEFDE,
    0xEFDE,0xEFDE,0xEFDE,0xEFDE,0xEFDE,0xEFDE,0xEFDE,0xEFDE,0xEFDE,0xEFDE,0xEFDE,0xEFDE,0xEFDE,0xEFDE,0xEFDE,0xEFDE,
    0xEFDE,0xEFDE,0xEFDE,0xEFDE,0xEFDE,0xEFDE,0xEFDE,0xEFDE,0xEFDE,0xEFDE,0xEFDE,0xEFDE,0xEFDE,0xEFDE,0xEFDE,0xEFDE,
    0xEFDE,0xEFDE,0xEFDE,0xEFDE,0xEFDE,0xEFDE,0xEFDE,0xEFDE,0xEFDE,0xEFDE,0xEFDE,0xEFDE,0xEFDE,0xEFDE,0xEFDE,0xEFDE,
    0xEFDE,0xEFDE,0xEFDE,0xEFDE,0xEFDE,0xEFDE,0xE7BE,0x18A5,0x0843,0x10E6,0x1907,0x1927,0x1928,0x1128,0x1106,0x1968,
    0x1948,0x1948,0x1968,0x2966,0x9AC1,0x8A81,0x9281,0x92A3,0x79E2,0x61A3,0x1083,0x6B6C,0x9D34,0xBE17,0xE7BE,0xE7BE,
    0xE7BE,0xEFDE,0xEFDE,0xEFDE,0xEFDE,0xEFDE,0xEFDE,0xEFDE,0xEFDE,0xEFDE,0xEFDE,0xEFDE,0xEFDE,0xEFDE,0xEFDE,0xE7BE,
    0xE7BE,0xE7BE,0xA575,0x94D2,0x7BEF,0x4A49,0x10A5,0x49A5,0x4962,0x61E1,0x9302,0x9303,0x7284,0x3964,0x1128,0x1969,
    0x1949,0x1949,0x1107,0x1106,0x10E6,0x10E7,0x08C6,0x08C6,0x0863,0xB618,0xE7BE,0xE7BE,0xEFDE,0xEFDE,0xEFDE,0xEFDE,
    0xEFDE,0xEFDE,0xEFDE,0xEFDE,0xEFDE,0xEFDE,0xEFDE,0xEFDE,0xEFDE,0xEFDE,0xEFDE,0xEFDE,0xEFDE,0xEFDE,0xEFDE,0xEFDE,
    0xEFDE,0xEFDE,0xEFDE,0xEFDE,0xEFDE,0xEFDE,0xEFDE,0xEFDE,0xEFDE,0xEFDE,0xEFDE,0xEFDE,0xEFDE,0xEFDE,0xEFDE,0xEFDE,
    0xEFDE,0xEFDE,0xEFDE,0xEFDE,0xEFDE,0xEFDE,0xEFDE,0xEFDE,0xEFDE,0xEFDE,0xEFDE,0xEFDE,0xEFDE,0xEFDE,0xEFDE,0xEFDE,
    0xEFDE,0xEFDE,0xEFDE,0xEFDE,0xEFDE,0xEFDE,0xE7BE,0xE77D,0x2946,0x0043,0x0044,0x0884,0x0907,0x08E7,0x10E6,0x08E6,
    0x08E6,0x08E6,0x1108,0x0908,0x0042,0x0042,0x0843,0x0863,0x0884,0x18C4,0xBE17,0xE77D,0xE7BE,0xE7BE,0xE7BE,0xE7BE,
    0xE7BE,0xEFDE,0xEFDE,0xEFDE,0xEFDE,0xEFDE,0xEFDE,0xEFDE,0xEFDE,0xEFDE,0xEFDE,0xEFDE,0xEFDE,0xEFDE,0xEFDE,0xEFDE,
    0xE7BE,0xE7BE,0xE7BE,0xE79D,0xE79D,0xD71B,0xBDF6,0x1906,0x0842,0x0863,0x0865,0x0065,0x0885,0x1106,0x08C5,0x08C6,
    0x08C6,0x08E7,0x08E6,0x08E6,0x08A6,0x0044,0x0884,0x10A5,0xD6FB,0xE7BE,0xE7BE,0xEFDE,0xEFDE,0xEFDE,0xEFDE,0xEFDE,
    0xEFDE,0xEFDE,0xEFDE,0xEFDE,0xEFDE,0xEFDE,0xEFDE,0xEFDE,0xEFDE,0xEFDE,0xEFDE,0xEFDE,0xEFDE,0xEFDE,0xEFDE,0xEFDE,
    0xEFDE,0xEFDE,0xEFDE,0xEFDE,0xEFDE,0xEFDE,0xEFDE,0xEFDE,0xEFDE,0xEFDE,0xEFDE,0xEFDE,0xEFDE,0xEFDE,0xEFDE,0xEFDE,
    0xEFDE,0xEFDE,0xEFDE,0xEFDE,0xEFDE,0xEFDE,0xEFDE,0xEFDE,0xEFDE,0xEFDE,0xEFDE,0xEFDE,0xEFDE,0xEFDE,0xEFDE,0xEFDE,
    0xEFDE,0xEFDE,0xEFDE,0xEFDE,0xEFDE,0xEFDE,0xE7BE,0xE7BE,0xE7BE,0xDF5C,0x18C5,0x0022,0x0022,0x0022,0x0022,0x0023,
    0x0002,0x0002,0x0002,0x0002,0x0001,0x0002,0x0043,0xD6DA,0xE79D,0xEFDE,0xE7BE,0xE7BE,0xE7BE,0xE7BE,0xE7BE,0xE7BE,
    0xEFDE,0xEFDE,0xEFDE,0xEFDE,0xEFDE,0xEFDE,0xEFDE,0xEFDE,0xEFDE,0xEFDE,0xEFDE,0xEFDE,0xEFDE,0xEFDE,0xEFDE,0xEFDE,
    0xE7BE,0xE7BE,0xE7BE,0xE7BE,0xE7BE,0xE7BE,0xE7BE,0xE7BE,0xE79D,0xD71B,0x2167,0x18E5,0x10C5,0x10A4,0x10A4,0x1083,
    0x10A4,0x10A4,0x10A4,0x10A4,0x10C5,0x2967,0xE79D,0xEFDE,0xE7BE,0xEFDE,0xEFDE,0xEFDE,0xEFDE,0xEFDE,0xEFDE,0xEFDE,
    0xEFDE,0xEFDE,0xEFDE,0xEFDE,0xEFDE,0xEFDE,0xEFDE,0xEFDE,0xEFDE,0xEFDE,0xEFDE,0xEFDE,0xEFDE,0xEFDE,0xEFDE,0xEFDE,
    0xEFDE,0xEFDE,0xEFDE,0xEFDE,0xEFDE,0xEFDE,0xEFDE,0xEFDE,0xEFDE,0xEFDE,0xEFDE,0xEFDE,0xEFDE,0xEFDE,0xEFDE,0xEFDE,
    0xEFDE,0xEFDE,0xEFDE,0xEFDE,0xEFDE,0xEFDE,0xEFDE,0xEFDE,0xEFDE,0xEFDE,0xEFDE,0xEFDE,0xEFDE,0xEFDE,0xEFDE,0xEFDE,
    0xEFDE,0xEFDE,0xEFDE,0xEFDE,0xEFDE,0xEFDE,0xEFDE,0xEFDE,0xEFDE,0xEFDE,0xEFDE,0xEFDE,0xEFDE,0xEFDE,0xEFDE,0xEFDE,
    0xEFDE,0xEFDE,0xEFDE,0xEFDE,0xEFDE,0xEFDE,0xEFDE,0xEFDE,0xEFDE,0xEFDE,0xEFDE,0xEFDE,0xEFDE,0xEFDE,0xEFDE,0xEFDE,
    0xEFDE,0xEFDE,0xEFDE,0xEFDE,0xEFDE,0xEFDE,0xEFDE,0xEFDE,0xEFDE,0xEFDE,0xEFDE,0xEFDE,0xEFDE,0xEFDE,0xEFDE,0xEFDE,
    0xEFDE,0xEFDE,0xEFDE,0xEFDE,0xEFDE,0xEFDE,0xEFDE,0xEFDE,0xEFDE,0xEFDE,0xEFDE,0xEFDE,0xEFDE,0xEFDE,0xEFDE,0xEFDE,
    0xEFDE,0xEFDE,0xEFDE,0xEFDE,0xEFDE,0xEFDE,0xEFDE,0xEFDE,0xEFDE,0xEFDE,0xEFDE,0xEFDE,0xEFDE,0xEFDE,0xEFDE,0xEFDE,
    0xEFDE,0xEFDE,0xEFDE,0xEFDE,0xEFDE,0xEFDE,0xEFDE,0xEFDE,0xEFDE,0xEFDE,0xEFDE,0xEFDE,0xEFDE,0xEFDE,0xEFDE,0xEFDE,
    0xEFDE,0xEFDE,0xEFDE,0xEFDE,0xEFDE,0xEFDE,0xEFDE,0xEFDE,0xEFDE,0xEFDE,0xEFDE,0xEFDE,0xEFDE,0xEFDE,0xEFDE,0xEFDE,
    0xEFDE,0xEFDE,0xEFDE,0xEFDE,0xEFDE,0xEFDE,0xEFDE,0xEFDE,0xEFDE,0xEFDE,0xEFDE,0xEFDE,0xEFDE,0xEFDE,0xEFDE,0xEFDE,
    0xEFDE,0xEFDE,0xEFDE,0xEFDE,0xEFDE,0xEFDE,0xEFDE,0xEFDE,0xEFDE,0xEFDE,0xEFDE,0xEFDE,0xEFDE,0xEFDE,0xEFDE,0xEFDE,
    0xEFDE,0xEFDE,0xEFDE,0xEFDE,0xEFDE,0xEFDE,0xEFDE,0xEFDE,0xEFDE,0xEFDE,0xEFDE,0xEFDE,0xEFDE,0xEFDE,0xEFDE,0xEFDE,
    0xEFDE,0xEFDE,0xEFDE,0xEFDE,0xEFDE,0xEFDE,0xEFDE,0xEFDE,0xEFDE,0xEFDE,0xEFDE,0xEFDE,0xEFDE,0xEFDE,0xEFDE,0xEFDE,
    0xEFDE,0xEFDE,0xEFDE,0xEFDE,0xEFDE,0xEFDE,0xEFDE,0xEFDE,0xEFDE,0xEFDE,0xEFDE,0xEFDE,0xEFDE,0xEFDE,0xEFDE,0xEFDE,
    0xEFDE,0xEFDE,0xEFDE,0xEFDE,0xEFDE,0xEFDE,0xEFDE,0xEFDE,0xEFDE,0xEFDE,0xEFDE,0xEFDE,0xEFDE,0xEFDE,0xEFDE,0xEFDE,
    0xEFDE,0xEFDE,0xEFDE,0xEFDE,0xEFDE,0xEFDE,0xEFDE,0xEFDE,0xEFDE,0xEFDE,0xEFDE,0xEFDE,0xEFDE,0xEFDE,0xEFDE,0xEFDE,
};

static const uint16_t s_pet_think[128 * 150] = {
    0xEFDE,0xEFDE,0xEFDE,0xEFDE,0xEFDE,0xEFDE,0xEFDE,0xEFDE,0xEFDE,0xEFDE,0xEFDE,0xEFDE,0xEFDE,0xEFDE,0xEFDE,0xEFDE,
    0xEFDE,0xEFDE,0xEFDE,0xEFDE,0xEFDE,0xEFDE,0xEFDE,0xEFDE,0xEFDE,0xEFDE,0xEFDE,0xEFDE,0xEFDE,0xEFDE,0xEFDE,0xEFDE,
    0xEFDE,0xEFDE,0xEFDE,0xEFDE,0xEFDE,0xEFDE,0xEFDE,0xEFDE,0xEFDE,0xEFDE,0xEFDE,0xEFDE,0xEFDE,0xEFDE,0xEFDE,0xEFDE,
    0xEFDE,0xEFDE,0xEFDE,0xEFDE,0xEFDE,0xEFDE,0xEFDE,0xEFDE,0xEFDE,0xEFDE,0xEFDE,0xEFDE,0xEFDE,0xEFDE,0xEFDE,0xEFDE,
    0xEFDE,0xEFDE,0xEFDE,0xEFDE,0xEFDE,0xEFDE,0xEFDE,0xEFDE,0xEFDE,0xEFDE,0xEFDE,0xEFDE,0xEFDE,0xEFDE,0xEFDE,0xEFDE,
    0xEFDE,0xEFDE,0xEFDE,0xEFDE,0xEFDE,0xEFDE,0xEFDE,0xEFDE,0xEFDE,0xEFDE,0xEFDE,0xEFDE,0xEFDE,0xEFDE,0xEFDE,0xEFDE,
    0xEFDE,0xEFDE,0xEFDE,0xEFDE,0xEFDE,0xEFDE,0xEFDE,0xEFDE,0xEFDE,0xEFDE,0xEFDE,0xEFDE,0xEFDE,0xEFDE,0xEFDE,0xEFDE,
    0xEFDE,0xEFDE,0xEFDE,0xEFDE,0xEFDE,0xEFDE,0xEFDE,0xEFDE,0xEFDE,0xEFDE,0xEFDE,0xEFDE,0xEFDE,0xEFDE,0xEFDE,0xEFDE,
    0xEFDE,0xEFDE,0xEFDE,0xEFDE,0xEFDE,0xEFDE,0xEFDE,0xEFDE,0xEFDE,0xEFDE,0xEFDE,0xEFDE,0xEFDE,0xEFDE,0xEFDE,0xEFDE,
    0xEFDE,0xEFDE,0xEFDE,0xEFDE,0xEFDE,0xEFDE,0xEFDE,0xEFDE,0xEFDE,0xEFDE,0xEFDE,0xEFDE,0xEFDE,0xEFDE,0xEFDE,0xEFDE,
    0xEFDE,0xEFDE,0xEFDE,0xEFDE,0xEFDE,0xEFDE,0xEFDE,0xEFDE,0xEFDE,0xEFDE,0xEFDE,0xEFDE,0xEFDE,0xEFDE,0xEFDE,0xEFDE,
    0xEFDE,0xEFDE,0xEFDE,0xEFDE,0xEFDE,0xEFDE,0xEFDE,0xEFDE,0xEFDE,0xEFDE,0xEFDE,0xEFDE,0xEFDE,0xEFDE,0xEFDE,0xEFDE,
    0xEFDE,0xEFDE,0xEFDE,0xEFDE,0xEFDE,0xEFDE,0xEFDE,0xEFDE,0xEFDE,0xEFDE,0xEFDE,0xEFDE,0xEFDE,0xEFDE,0xEFDE,0xEFDE,
    0xEFDE,0xEFDE,0xEFDE,0xEFDE,0xEFDE,0xEFDE,0xEFDE,0xEFDE,0xEFDE,0xEFDE,0xEFDE,0xEFDE,0xEFDE,0xEFDE,0xEFDE,0xEFDE,
    0xEFDE,0xEFDE,0xEFDE,0xEFDE,0xEFDE,0xEFDE,0xEFDE,0xEFDE,0xEFDE,0xEFDE,0xEFDE,0xEFDE,0xEFDE,0xEFDE,0xEFDE,0xEFDE,
    0xEFDE,0xEFDE,0xEFDE,0xEFDE,0xEFDE,0xEFDE,0xEFDE,0xEFDE,0xEFDE,0xEFDE,0xEFDE,0xEFDE,0xEFDE,0xEFDE,0xEFDE,0xEFDE,
    0xEFDE,0xEFDE,0xEFDE,0xEFDE,0xEFDE,0xEFDE,0xEFDE,0xEFDE,0xEFDE,0xEFDE,0xEFDE,0xEFDE,0xEFDE,0xEFDE,0xEFDE,0xEFDE,
    0xEFDE,0xEFDE,0xEFDE,0xEFDE,0xEFDE,0xEFDE,0xEFDE,0xEFDE,0xEFDE,0xEFDE,0xEFDE,0xEFDE,0xEFDE,0xEFDE,0xEFDE,0xEFDE,
    0xEFDE,0xEFDE,0xEFDE,0xEFDE,0xEFDE,0xEFDE,0xEFDE,0xEFDE,0xEFDE,0xEFDE,0xEFDE,0xEFDE,0xEFDE,0xEFDE,0xEFDE,0xEFDE,
    0xEFDE,0xEFDE,0xEFDE,0xEFDE,0xEFDE,0xEFDE,0xEFDE,0xEFDE,0xEFDE,0xEFDE,0xEFDE,0xEFDE,0xEFDE,0xEFDE,0xEFDE,0xEFDE,
    0xEFDE,0xEFDE,0xEFDE,0xEFDE,0xEFDE,0xEFDE,0xEFDE,0xEFDE,0xEFDE,0xEFDE,0xEFDE,0xEFDE,0xEFDE,0xEFDE,0xEFDE,0xEFDE,
    0xEFDE,0xEFDE,0xEFDE,0xEFDE,0xEFDE,0xEFDE,0xEFDE,0xEFDE,0xEFDE,0xEFDE,0xEFDE,0xEFDE,0xEFDE,0xEFDE,0xEFDE,0xEFDE,
    0xEFDE,0xEFDE,0xEFDE,0xEFDE,0xEFDE,0xEFDE,0xEFDE,0xEFDE,0xEFDE,0xEFDE,0xEFDE,0xEFDE,0xEFDE,0xEFDE,0xEFDE,0xEFDE,
    0xEFDE,0xEFDE,0xEFDE,0xEFDE,0xEFDE,0xEFDE,0xEFDE,0xEFDE,0xEFDE,0xEFDE,0xEFDE,0xEFDE,0xEFDE,0xEFDE,0xEFDE,0xEFDE,
    0xEFDE,0xEFDE,0xEFDE,0xEFDE,0xEFDE,0xEFDE,0xEFDE,0xEFDE,0xEFDE,0xEFDE,0xEFDE,0xEFDE,0xEFDE,0xEFDE,0xEFDE,0xEFDE,
    0xEFDE,0xEFDE,0xEFDE,0xEFDE,0xEFDE,0xEFDE,0xEFDE,0xEFDE,0xEFDE,0xEFDE,0xEFDE,0xEFDE,0xEFDE,0xEFDE,0xEFDE,0xEFDE,
    0xEFDE,0xEFDE,0xEFDE,0xEFDE,0xEFDE,0xEFDE,0xEFDE,0xEFDE,0xEFDE,0xEFDE,0xEFDE,0xEFDE,0xEFDE,0xEFDE,0xEFDE,0xEFDE,
    0xEFDE,0xEFDE,0xEFDE,0xEFDE,0xEFDE,0xEFDE,0xEFDE,0xEFDE,0xEFDE,0xEFDE,0xEFDE,0xEFDE,0xEFDE,0xEFDE,0xEFDE,0xEFDE,
    0xEFDE,0xEFDE,0xEFDE,0xEFDE,0xEFDE,0xEFDE,0xEFDE,0xEFDE,0xEFDE,0xEFDE,0xEFDE,0xEFDE,0xEFDE,0xEFDE,0xEFDE,0xEFDE,
    0xEFDE,0xEFDE,0xEFDE,0xEFDE,0xEFDE,0xEFDE,0xEFDE,0xEFDE,0xEFDE,0xEFDE,0xEFDE,0xEFDE,0xEFDE,0xEFDE,0xEFDE,0xEFDE,
    0xEFDE,0xEFDE,0xEFDE,0xEFDE,0xEFDE,0xEFDE,0xEFDE,0xEFDE,0xEFDE,0xEFDE,0xEFDE,0xEFDE,0xEFDE,0xEFDE,0xEFDE,0xEFDE,
    0xEFDE,0xEFDE,0xEFDE,0xEFDE,0xEFDE,0xEFDE,0xEFDE,0xEFDE,0xEFDE,0xEFDE,0xEFDE,0xEFDE,0xEFDE,0xEFDE,0xEFDE,0xEFDE,
    0xEFDE,0xEFDE,0xEFDE,0xEFDE,0xEFDE,0xEFDE,0xEFDE,0xEFDE,0xEFDE,0xEFDE,0xEFDE,0xEFDE,0xEFDE,0xEFDE,0xEFDE,0xEFDE,
    0xEFDE,0xEFDE,0xEFDE,0xEFDE,0xEFDE,0xEFDE,0xEFDE,0xEFDE,0xEFDE,0xEFDE,0xEFDE,0xEFDE,0xEFDE,0xEFDE,0xEFDE,0xEFDE,
    0xEFDE,0xEFDE,0xEFDE,0xEFDE,0xEFDE,0xEFDE,0xEFDE,0xEFDE,0xEFDE,0xEFDE,0xEFDE,0xEFDE,0xEFDE,0xEFDE,0xEFDE,0xEFDE,
    0xEFDE,0xEFDE,0xEFDE,0xEFDE,0xEFDE,0xEFDE,0xEFDE,0xEFDE,0xEFDE,0xEFBE,0xE7BE,0x8C91,0x31A7,0x2987,0x31C8,0x3A09,
    0xE79D,0xE7BE,0xEFDE,0xEFDE,0xEFDE,0xEFDE,0xEFDE,0xEFDE,0xEFDE,0xEFDE,0xEFDE,0xEFDE,0xEFDE,0xEFDE,0xEFDE,0xEFDE,
    0xEFDE,0xEFDE,0xEFDE,0xEFDE,0xEFDE,0xEFDE,0xEFDE,0xEFDE,0xEFDE,0xEFDE,0xEFDE,0xEFDE,0xEFDE,0xEFDE,0xEFDE,0xEFDE,
    0xEFDE,0xEFDE,0xEFDE,0xEFDE,0xEFDE,0xEFDE,0xEFDE,0xEFDE,0xEFDE,0xEFDE,0xEFDE,0xEFDE,0xEFDE,0xEFDE,0xEFDE,0xEFDE,
    0xEFDE,0xEFDE,0xEFDE,0xEFDE,0xEFDE,0xEFDE,0xEFDE,0xEFDE,0xEFDE,0xEFDE,0xEFDE,0xEFDE,0xEFDE,0xEFDE,0xEFDE,0xEFDE,
    0xEFDE,0xEFDE,0xEFDE,0xEFDE,0xEFDE,0xEFDE,0xEFDE,0xEFDE,0xEFDE,0xEFDE,0xEFDE,0xEFDE,0xEFDE,0xEFDE,0xEFDE,0xEFDE,
    0xEFDE,0xEFDE,0xEFDE,0xEFDE,0xEFDE,0xEFDE,0xEFDE,0xEFDE,0xEFDE,0xEFDE,0xEFDE,0xEFDE,0xEFDE,0xEFDE,0xEFDE,0xEFDE,
    0xEFDE,0xEFDE,0xEFDE,0xEFDE,0xEFDE,0xEFDE,0xEFDE,0xEFDE,0xEFDE,0xE7BE,0xE7BE,0xE7BE,0xE7BE,0xE7BE,0xEFDE,0xEFDE,
    0xEFDE,0xEFDE,0xEFDE,0xEFDE,0xE7BE,0xE7BE,0xE7BE,0xEFBE,0xE79D,0xC678,0x5207,0x7AA8,0x7A87,0x7AA8,0x830A,0x7A88,
    0x3186,0x2145,0xC699,0xE7BE,0xEFBE,0xEFBE,0xEFDE,0xE7BE,0xE7BE,0xEFDE,0xEFDE,0xEFDE,0xEFDE,0xEFDE,0xEFDE,0xEFDE,
    0xEFDE,0xEFDE,0xEFDE,0xEFDE,0xEFDE,0xEFDE,0xEFDE,0xEFDE,0xEFDE,0xEFDE,0xEFDE,0xEFDE,0xEFDE,0xEFDE,0xEFDE,0xEFDE,
    0xEFDE,0xEFDE,0xEFDE,0xEFDE,0xEFDE,0xEFDE,0xEFDE,0xEFDE,0xEFDE,0xEFDE,0xEFDE,0xEFDE,0xEFDE,0xEFDE,0xEFDE,0xEFDE,
    0xEFDE,0xEFDE,0xEFDE,0xEFDE,0xEFDE,0xEFDE,0xEFDE,0xEFDE,0xEFDE,0xEFDE,0xEFDE,0xEFDE,0xEFDE,0xEFDE,0xEFDE,0xEFDE,
    0xEFDE,0xEFDE,0xEFDE,0xEFDE,0xEFDE,0xEFDE,0xEFDE,0xEFDE,0xEFDE,0xEFDE,0xEFDE,0xEFDE,0xEFDE,0xEFDE,0xEFDE,0xEFDE,
    0xEFDE,0xEFDE,0xEFDE,0xEFDE,0xEFDE,0xEFDE,0xEFDE,0xEFDE,0xEFDE,0xEFDE,0xEFDE,0xEFDE,0xEFDE,0xEFDE,0xEFDE,0xEFDE,
    0xEFDE,0xEFDE,0xEFDE,0xEFDE,0xEFDE,0xEFDE,0xEFDE,0xEFDE,0xE7BE,0xE7BE,0xE7BE,0xE7BE,0xE79D,0x8450,0x4208,0x4229,
    0x4A4A,0xE79D,0xE7BE,0xE7BE,0xE7BE,0xE7BE,0xE79D,0x8450,0x2945,0x934A,0x9309,0x9B4A,0xC48D,0xFEF5,0xFF57,0xFF77,
    0xFF35,0xA388,0x6A67,0x10C4,0xDF5B,0xE7BE,0xE7BE,0xEFBE,0xEFBE,0xEFDE,0xEFDE,0xEFDE,0xEFDE,0xEFDE,0xEFDE,0xEFDE,
    0xEFDE,0xEFDE,0xEFDE,0xEFDE,0xEFDE,0xEFDE,0xEFDE,0xEFDE,0xEFDE,0xEFDE,0xEFDE,0xEFDE,0xEFDE,0xEFDE,0xEFDE,0xEFDE,
    0xEFDE,0xEFDE,0xEFDE,0xEFDE,0xEFDE,0xEFDE,0xEFDE,0xEFDE,0xEFDE,0xEFDE,0xEFDE,0xEFDE,0xEFDE,0xEFDE,0xEFDE,0xEFDE,
    0xEFDE,0xEFDE,0xEFDE,0xEFDE,0xEFDE,0xEFDE,0xEFDE,0xEFDE,0xEFDE,0xEFDE,0xEFDE,0xEFDE,0xEFDE,0xEFDE,0xEFDE,0xEFDE,
    0xEFDE,0xEFDE,0xEFDE,0xEFDE,0xEFDE,0xEFDE,0xEFDE,0xEFDE,0xEFDE,0xEFDE,0xEFDE,0xEFDE,0xEFDE,0xEFDE,0xEFDE,0xEFDE,
    0xEFDE,0xEFDE,0xEFDE,0xEFDE,0xEFDE,0xEFDE,0xEFDE,0xEFDE,0xEFDE,0xEFDE,0xEFDE,0xEFDE,0xEFDE,0xEFDE,0xEFDE,0xEFDE,
    0xEFDE,0xEFDE,0xEFDE,0xEFDE,0xEFDE,0xEFDE,0xEFDE,0xE7BE,0xE7BE,0xE7BE,0xE7BE,0x9491,0x4A07,0x8287,0xBB89,0x5A27,
    0xD6FB,0xE7BE,0xE7BE,0xE7BE,0xE7BE,0xE7BE,0x62EB,0x82E9,0xC48D,0xBC4D,0xEE73,0xF6B3,0xF693,0xEDD0,0xFEF4,0xFF36,
    0xFF57,0xFF15,0xD50E,0x7B09,0x4248,0xC657,0xE7BE,0xE7BE,0xEFBE,0xEFDE,0xEFDE,0xEFDE,0xEFDE,0xEFDE,0xEFDE,0xEFDE,
    0xEFDE,0xEFDE,0xEFDE,0xEFDE,0xEFDE,0xEFDE,0xEFDE,0xEFDE,0xEFDE,0xEFDE,0xEFDE,0xEFDE,0xEFDE,0xEFDE,0xEFDE,0xEFDE,
    0xEFDE,0xEFDE,0xEFDE,0xEFDE,0xEFDE,0xEFDE,0xEFDE,0xEFDE,0xEFDE,0xEFDE,0xEFDE,0xEFDE,0xEFDE,0xEFDE,0xEFDE,0xEFDE,
    0xEFDE,0xEFDE,0xEFDE,0xEFDE,0xEFDE,0xEFDE,0xEFDE,0xEFDE,0xEFDE,0xEFDE,0xEFDE,0xEFDE,0xEFDE,0xEFDE,0xEFDE,0xEFDE,
    0xEFDE,0xEFDE,0xEFDE,0xEFDE,0xEFDE,0xEFDE,0xEFDE,0xEFDE,0xEFDE,0xEFDE,0xEFDE,0xEFDE,0xEFDE,0xEFDE,0xEFDE,0xEFDE,
    0xEFDE,0xEFDE,0xEFDE,0xEFDE,0xEFDE,0xEFDE,0xEFDE,0xEFDE,0xEFDE,0xEFDE,0xEFDE,0xEFDE,0xEFDE,0xEFDE,0xEFDE,0xEFDE,
    0xEFDE,0xEFDE,0xEFDE,0xEFDE,0xEFDE,0xEFDE,0xE7BE,0xE7BE,0xE7BE,0xE7BE,0x5AA9,0xB3EB,0xE52D,0xF671,0x6289,0xE79D,
    0xE7BE,0xE7BE,0xE7BE,0xE7BE,0xE79D,0x52AA,0xA38B,0xFF77,0xFF56,0xFF57,0xFF57,0xFF57,0xFF78,0xFF58,0xFF56,0xFEF4,
    0xFF16,0xFF57,0xFF77,0xFF78,0xDD71,0x9329,0x4AAB,0xE7BD,0xE7BE,0xEFBE,0xEFDE,0xEFDE,0xEFDE,0xEFDE,0xEFDE,0xEFDE,
    0xEFDE,0xEFDE,0xEFDE,0xEFDE,0xEFDE,0xEFDE,0xEFDE,0xEFDE,0xEFDE,0xEFDE,0xEFDE,0xEFDE,0xEFDE,0xEFDE,0xEFDE,0xEFDE,
    0xEFDE,0xEFDE,0xEFDE,0xEFDE,0xEFDE,0xEFDE,0xEFDE,0xEFDE,0xEFDE,0xEFDE,0xEFDE,0xEFDE,0xEFDE,0xEFDE,0xEFDE,0xEFDE,
    0xEFDE,0xEFDE,0xEFDE,0xEFDE,0xEFDE,0xEFDE,0xEFDE,0xEFDE,0xEFDE,0xEFDE,0xEFDE,0xEFDE,0xEFDE,0xEFDE,0xEFDE,0xEFDE,
    0xEFDE,0xEFDE,0xEFDE,0xEFDE,0xEFDE,0xEFDE,0xEFDE,0xEFDE,0xEFDE,0xEFDE,0xEFDE,0xEFDE,0xEFDE,0xEFDE,0xEFDE,0xEFDE,
    0xEFDE,0xEFDE,0xEFDE,0xEFDE,0xEFDE,0xEFDE,0xEFDE,0xEFDE,0xEFDE,0xEFDE,0xEFDE,0xEFDE,0xEFDE,0xEFDE,0xEFDE,0xEFDE,
    0xEFDE,0xEFDE,0xEFDE,0xEFDE,0xEFDE,0xE7BE,0xE7BE,0xE7BE,0xCE99,0x5269,0xCCAD,0xFEB5,0xFEF4,0xBB68,0xDF1B,0xE7BE,
    0xE7BE,0xE7BE,0xE7BE,0xE79D,0x4A4A,0xB3CB,0xFF36,0xFF56,0xFF56,0xFF56,0xFF57,0xFF57,0xFF57,0xFF58,0xFF57,0xFF57,
    0xFF77,0xFF57,0xFF77,0xFF78,0xFF58,0xFF16,0x9B6A,0x7BF0,0xE79D,0xE7BE,0xEFBE,0xE7BE,0xE7BE,0xE7BE,0xE7BE,0xE7BE,
    0xE7BE,0xEFDE,0xEFDE,0xEFDE,0xEFDE,0xEFDE,0xEFDE,0xEFDE,0xEFDE,0xEFDE,0xEFDE,0xEFDE,0xEFDE,0xEFDE,0xEFDE,0xEFDE,
    0xEFDE,0xEFDE,0xEFDE,0xEFDE,0xEFDE,0xEFDE,0xEFDE,0xEFDE,0xEFDE,0xEFDE,0xEFDE,0xEFDE,0xEFDE,0xEFDE,0xEFDE,0xEFDE,
    0xEFDE,0xEFDE,0xEFDE,0xEFDE,0xEFDE,0xEFDE,0xEFDE,0xEFDE,0xEFDE,0xEFDE,0xEFDE,0xEFDE,0xEFDE,0xEFDE,0xEFDE,0xEFDE,
    0xEFDE,0xEFDE,0xEFDE,0xEFDE,0xEFDE,0xEFDE,0xEFDE,0xEFDE,0xEFDE,0xEFDE,0xEFDE,0xEFDE,0xEFDE,0xEFDE,0xEFDE,0xEFDE,
    0xEFDE,0xEFDE,0xEFDE,0xEFDE,0xEFDE,0xEFDE,0xEFDE,0xEFDE,0xEFDE,0xEFDE,0xEFDE,0xEFDE,0xEFDE,0xEFDE,0xEFDE,0xEFDE,
    0xEFDE,0xEFDE,0xEFDE,0xEFDE,0xE7BE,0xEFBE,0xE7BE,0xDF3B,0xCC2C,0x5A27,0xFF56,0xFF16,0xFED4,0x7226,0xEFBE,0xE7BE,
    0xE7BE,0xE7BE,0xE7BE,0xC678,0x93CC,0xE570,0xFF57,0xFF57,0xFF77,0xFF56,0xFF56,0xFF57,0xFF57,0xFF78,0xFF78,0xFF77,
    0xFF78,0xFF78,0xFF78,0xFF78,0xFF58,0xFF57,0xF694,0x51E7,0x6B6D,0xE7BE,0xE7BE,0xE7BE,0xE7BE,0xE7BE,0xE7BE,0xE7BE,
    0xE7BE,0xEFDE,0xEFDE,0xEFDE,0xEFDE,0xEFDE,0xEFDE,0xEFDE,0xEFDE,0xEFDE,0xEFDE,0xEFDE,0xEFDE,0xEFDE,0xEFDE,0xEFDE,
    0xEFDE,0xEFDE,0xEFDE,0xEFDE,0xEFDE,0xEFDE,0xEFDE,0xEFDE,0xEFDE,0xEFDE,0xEFDE,0xEFDE,0xEFDE,0xEFDE,0xEFDE,0xEFDE,
    0xEFDE,0xEFDE,0xEFDE,0xEFDE,0xEFDE,0xEFDE,0xEFDE,0xEFDE,0xEFDE,0xEFDE,0xEFDE,0xEFDE,0xEFDE,0xEFDE,0xEFDE,0xEFDE,
    0xEFDE,0xEFDE,0xEFDE,0xEFDE,0xEFDE,0xEFDE,0xEFDE,0xEFDE,0xEFDE,0xEFDE,0xEFDE,0xEFDE,0xEFDE,0xEFDE,0xEFDE,0xEFDE,
    0xEFDE,0xEFDE,0xEFDE,0xEFDE,0xEFDE,0xEFDE,0xEFDE,0xEFDE,0xEFDE,0xEFDE,0xEFDE,0xEFDE,0xEFDE,0xEFDE,0xEFDE,0xEFDE,
    0xEFDE,0xEFDE,0xEFDE,0xEFDE,0xEFBE,0xEFBE,0xE7BE,0x5A28,0xF5CF,0xE5B0,0xFF36,0xFF16,0xF6D5,0x3966,0xE7BE,0xE7BE,
    0xE7BE,0xE7BE,0xE77D,0x5A69,0xD4CE,0xFEF4,0xF652,0xE590,0xE570,0xDD0E,0xF652,0xFF36,0xFF57,0xFF57,0xFF78,0xFF78,
    0xFF78,0xFF78,0xFF58,0xFF77,0xFF78,0xFF57,0xFF36,0xBCAD,0x3185,0xEFBE,0xE7BE,0xA555,0x7BEF,0x7C0F,0x8C71,0xE77D,
    0xE7BE,0xEFDE,0xEFDE,0xEFDE,0xEFDE,0xEFDE,0xEFDE,0xEFDE,0xEFDE,0xEFDE,0xEFDE,0xEFDE,0xEFDE,0xEFDE,0xEFDE,0xEFDE,
    0xEFDE,0xEFDE,0xEFDE,0xEFDE,0xEFDE,0xEFDE,0xEFDE,0xEFDE,0xEFDE,0xEFDE,0xEFDE,0xEFDE,0xEFDE,0xEFDE,0xEFDE,0xEFDE,
    0xEFDE,0xEFDE,0xEFDE,0xEFDE,0xEFDE,0xEFDE,0xEFDE,0xEFDE,0xEFDE,0xEFDE,0xEFDE,0xEFDE,0xEFDE,0xEFDE,0xEFDE,0xEFDE,
    0xEFDE,0xEFDE,0xEFDE,0xEFDE,0xEFDE,0xEFDE,0xEFDE,0xEFDE,0xEFDE,0xEFDE,0xEFDE,0xEFDE,0xEFDE,0xEFDE,0xEFDE,0xEFDE,
    0xEFDE,0xEFDE,0xEFDE,0xEFDE,0xEFDE,0xEFDE,0xEFDE,0xEFDE,0xEFDE,0xEFDE,0xEFDE,0xEFDE,0xEFDE,0xEFDE,0xEFDE,0xEFDE,
    0xEFDE,0xEFDE,0xEFDE,0xEFBE,0xEFBE,0xE7BE,0xACF1,0xAB49,0xE52E,0xFF36,0xFF36,0xFF35,0xB42C,0x9C2E,0xE7BE,0xE7BE,
    0xE7BE,0xE7BE,0x9450,0xA3CC,0xD48D,0xA349,0x6248,0x41A6,0x3986,0x49C6,0x41C6,0x6A68,0xD4CC,0xD4AC,0xFF15,0xFF79,
    0xFF78,0xFF78,0xFF77,0xFF57,0xFF57,0xFF77,0xFF78,0xFF57,0xAC0C,0x18E4,0xE79D,0xE77D,0x73AE,0x7248,0xD530,0x72A9,
    0x5AEB,0xE7BE,0xEFBE,0xE7BE,0xEFDE,0xEFDE,0xEFDE,0xEFDE,0xEFDE,0xEFDE,0xEFDE,0xEFDE,0xEFDE,0xEFDE,0xEFDE,0xEFDE,
    0xEFDE,0xEFDE,0xEFDE,0xEFDE,0xEFDE,0xEFDE,0xEFDE,0xEFDE,0xEFDE,0xEFDE,0xEFDE,0xEFDE,0xEFDE,0xEFDE,0xEFDE,0xEFDE,
    0xEFDE,0xEFDE,0xEFDE,0xEFDE,0xEFDE,0xEFDE,0xEFDE,0xEFDE,0xEFDE,0xEFDE,0xEFDE,0xEFDE,0xEFDE,0xEFDE,0xEFDE,0xEFDE,
    0xEFDE,0xEFDE,0xEFDE,0xEFDE,0xEFDE,0xEFDE,0xEFDE,0xEFDE,0xEFDE,0xEFDE,0xEFDE,0xEFDE,0xEFDE,0xEFDE,0xEFDE,0xEFDE,
    0xEFDE,0xEFDE,0xEFDE,0xEFDE,0xEFDE,0xEFDE,0xEFDE,0xEFDE,0xEFDE,0xEFDE,0xEFDE,0xEFDE,0xEFDE,0xEFDE,0xEFDE,0xEFDE,
    0xEFDE,0xEFDE,0xEFDE,0xEFBE,0xE7BE,0xE79D,0x41A6,0xDCEE,0xE4AC,0xFF36,0xFF35,0xFF35,0x8AE8,0xE73B,0xE7BE,0xE7BE,
    0xE7BE,0xE7BE,0x39A8,0xAB6C,0x49C7,0x4A09,0xEFBE,0xE7BD,0xE77D,0xE77C,0xDEFA,0xD658,0x39E8,0x2946,0x92E9,0xFE92,
    0xFED4,0xFF99,0xFF78,0xFF57,0xFF57,0xFF57,0xFF77,0xFF78,0xF6B4,0x5A48,0xA533,0xE79D,0xE77D,0x5AAA,0xDD50,0xF6B4,
    0x61E7,0x7B8D,0xE7BE,0xE7BE,0xE7BE,0xEFDE,0xEFDE,0xEFDE,0xEFDE,0xEFDE,0xEFDE,0xEFDE,0xEFDE,0xEFDE,0xEFDE,0xEFDE,
    0xEFDE,0xEFDE,0xEFDE,0xEFDE,0xEFDE,0xEFDE,0xEFDE,0xEFDE,0xEFDE,0xEFDE,0xEFDE,0xEFDE,0xEFDE,0xEFDE,0xEFDE,0xEFDE,
    0xEFDE,0xEFDE,0xEFDE,0xEFDE,0xEFDE,0xEFDE,0xEFDE,0xEFDE,0xEFDE,0xEFDE,0xEFDE,0xEFDE,0xEFDE,0xEFDE,0xEFDE,0xEFDE,
    0xEFDE,0xEFDE,0xEFDE,0xEFDE,0xEFDE,0xEFDE,0xEFDE,0xEFDE,0xEFDE,0xEFDE,0xEFDE,0xEFDE,0xEFDE,0xEFDE,0xEFDE,0xEFDE,
    0xEFDE,0xEFDE,0xEFDE,0xEFDE,0xEFDE,0xEFDE,0xEFDE,0xEFDE,0xEFDE,0xEFDE,0xEFDE,0xEFDE,0xEFDE,0xEFDE,0xEFDE,0xEFDE,
    0xEFDE,0xEFDE,0xEFDE,0xEFBE,0xE7BE,0xE77C,0x7A67,0xFF14,0xED2D,0xFF36,0xFF35,0xFF56,0x8287,0xE73B,0xE7BE,0xE7BE,
    0xE7BE,0xE7BE,0x3187,0x5228,0xCE58,0xE77D,0xE7BE,0xE7BE,0xE7BE,0xE7BD,0xE79D,0xE75C,0xDEFA,0xCE57,0x6B2B,0x7AEA,
    0xB3EB,0xF5D0,0xFF14,0xFF98,0xFF78,0xFF57,0xFF57,0xFF57,0xFF57,0xC4AD,0x3165,0xE77D,0xE77D,0xCE98,0xBC6D,0xFF57,
    0xF673,0xD52F,0x73AE,0xE79D,0xEFBE,0xEFDE,0xEFDE,0xEFDE,0xEFDE,0xEFDE,0xEFDE,0xEFDE,0xEFDE,0xEFDE,0xEFDE,0xEFDE,
    0xEFDE,0xEFDE,0xEFDE,0xEFDE,0xEFDE,0xEFDE,0xEFDE,0xEFDE,0xEFDE,0xEFDE,0xEFDE,0xEFDE,0xEFDE,0xEFDE,0xEFDE,0xEFDE,
    0xEFDE,0xEFDE,0xEFDE,0xEFDE,0xEFDE,0xEFDE,0xEFDE,0xEFDE,0xEFDE,0xEFDE,0xEFDE,0xEFDE,0xEFDE,0xEFDE,0xEFDE,0xEFDE,
    0xEFDE,0xEFDE,0xEFDE,0xEFDE,0xEFDE,0xEFDE,0xEFDE,0xEFDE,0xEFDE,0xEFDE,0xEFDE,0xEFDE,0xEFDE,0xEFDE,0xEFDE,0xEFDE,
    0xEFDE,0xEFDE,0xEFDE,0xEFDE,0xEFDE,0xEFDE,0xEFDE,0xEFDE,0xEFDE,0xEFDE,0xEFDE,0xEFDE,0xEFDE,0xEFDE,0xEFDE,0xEFDE,
    0xEFDE,0xEFDE,0xEFDE,0xEFBE,0xE7BE,0x630B,0xBBA9,0xFEB2,0xFD8D,0xFF35,0xFF36,0xFF76,0x8287,0xDEFA,0xE7BE,0xE7BE,
    0xE7BE,0xE7BE,0xC594,0xAD34,0xE77D,0xE79D,0xE7BE,0xE7BE,0xE7BE,0xE7BE,0xE77D,0xDF3B,0xDEDA,0xD678,0xD657,0xC572,
    0x49E8,0xB3A9,0xED0D,0xFEF5,0xFF78,0xFF57,0xFF57,0xFF57,0xFF36,0xFE93,0x6288,0xD6FA,0xE77D,0xCE78,0x5A48,0xFF56,
    0xFF56,0xFF16,0x6A06,0xD6B9,0xE7BE,0xEFDE,0xEFDE,0xEFDE,0xEFDE,0xEFDE,0xEFDE,0xEFDE,0xEFDE,0xEFDE,0xEFDE,0xEFDE,
    0xEFDE,0xEFDE,0xEFDE,0xEFDE,0xEFDE,0xEFDE,0xEFDE,0xEFDE,0xEFDE,0xEFDE,0xEFDE,0xEFDE,0xEFDE,0xEFDE,0xEFDE,0xEFDE,
    0xEFDE,0xEFDE,0xEFDE,0xEFDE,0xEFDE,0xEFDE,0xEFDE,0xEFDE,0xEFDE,0xEFDE,0xEFDE,0xEFDE,0xEFDE,0xEFDE,0xEFDE,0xEFDE,
    0xEFDE,0xEFDE,0xEFDE,0xEFDE,0xEFDE,0xEFDE,0xEFDE,0xEFDE,0xEFDE,0xEFDE,0xEFDE,0xEFDE,0xEFDE,0xEFDE,0xEFDE,0xEFDE,
    0xEFDE,0xEFDE,0xEFDE,0xEFDE,0xEFDE,0xEFDE,0xEFDE,0xEFDE,0xEFDE,0xEFDE,0xEFDE,0xEFDE,0xEFDE,0xEFDE,0xEFDE,0xEFDE,
    0xEFDE,0xEFDE,0xEFDE,0xEFBE,0xE7BE,0x5289,0xC328,0xFE50,0xFDEE,0xFEB3,0xFF36,0xFF77,0x9AE8,0xBD12,0xE7BE,0xE7BE,
    0xE7BE,0xE77D,0xB596,0xE75C,0xE77D,0xE79D,0xE7BE,0xE7BE,0xE7BE,0xE7BD,0xDF1B,0x62EC,0xB26B,0xD2EA,0x4186,0x3966,
    0x5A27,0x7B4B,0x18A3,0xDC6C,0xF692,0xFF77,0xFF57,0xFF57,0xFF57,0xFF56,0xBC6C,0x31A6,0xE77C,0xCE58,0x6288,0xFF57,
    0xFF57,0xFF57,0xD52F,0x2967,0xE7BE,0xEFBE,0xEFBE,0xEFBE,0xEFDE,0xEFDE,0xEFDE,0xEFDE,0xEFDE,0xEFDE,0xEFDE,0xEFDE,
    0xEFDE,0xEFDE,0xEFDE,0xEFDE,0xEFDE,0xEFDE,0xEFDE,0xEFDE,0xEFDE,0xEFDE,0xEFDE,0xEFDE,0xEFDE,0xEFDE,0xEFDE,0xEFDE,
    0xEFDE,0xEFDE,0xEFDE,0xEFDE,0xEFDE,0xEFDE,0xEFDE,0xEFDE,0xEFDE,0xEFDE,0xEFDE,0xEFDE,0xEFDE,0xEFDE,0xEFDE,0xEFDE,
    0xEFDE,0xEFDE,0xEFDE,0xEFDE,0xEFDE,0xEFDE,0xEFDE,0xEFDE,0xEFDE,0xEFDE,0xEFDE,0xEFDE,0xEFDE,0xEFDE,0xEFDE,0xEFDE,
    0xEFDE,0xEFDE,0xEFDE,0xEFDE,0xEFDE,0xEFDE,0xEFDE,0xEFDE,0xEFDE,0xEFDE,0xEFDE,0xEFDE,0xEFDE,0xEFDE,0xEFDE,0xEFDE,
    0xEFDE,0xEFDE,0xEFDE,0xEFBE,0xE7BE,0x5248,0xC327,0xFDCE,0xFE50,0xFE92,0xFF14,0xFEF4,0xCC4C,0x3185,0xE79D,0xE7BE,
    0xE79D,0x4A29,0x6987,0x7B0C,0xDEFA,0xE75C,0xE79D,0xE79D,0xE79D,0xE77C,0xD678,0xC533,0x6229,0xD2CA,0xEAE9,0xE288,
    0x7905,0x6945,0xA227,0x2884,0xC3EA,0xF60F,0xFF56,0xFF57,0xFF57,0xFF57,0xDD4F,0x2965,0xDEFA,0xC657,0xB44D,0xFF78,
    0xFF57,0xFF57,0xE590,0x8309,0x73CF,0xE7BE,0xEFBE,0xEFBE,0xEFDE,0xEFDE,0xEFDE,0xEFDE,0xEFDE,0xEFDE,0xEFDE,0xEFDE,
    0xEFDE,0xEFDE,0xEFDE,0xEFDE,0xEFDE,0xEFDE,0xEFDE,0xEFDE,0xEFDE,0xEFDE,0xEFDE,0xEFDE,0xEFDE,0xEFDE,0xEFDE,0xEFDE,
    0xEFDE,0xEFDE,0xEFDE,0xEFDE,0xEFDE,0xEFDE,0xEFDE,0xEFDE,0xEFDE,0xEFDE,0xEFDE,0xEFDE,0xEFDE,0xEFDE,0xEFDE,0xEFDE,
    0xEFDE,0xEFDE,0xEFDE,0xEFDE,0xEFDE,0xEFDE,0xEFDE,0xEFDE,0xEFDE,0xEFDE,0xEFDE,0xEFDE,0xEFDE,0xEFDE,0xEFDE,0xEFDE,
    0xEFDE,0xEFDE,0xEFDE,0xEFDE,0xEFDE,0xEFDE,0xEFDE,0xEFDE,0xEFDE,0xEFDE,0xEFDE,0xEFDE,0xEFDE,0xEFDE,0xEFDE,0xEFDE,
    0xEFDE,0xEFDE,0xEFDE,0xEFBE,0xE7BE,0x5248,0xC307,0xFD8D,0xF5CF,0xFDAF,0xFE92,0xFE92,0xE50E,0x3944,0xE77D,0xE7BD,
    0xE79D,0x4A08,0xCACA,0x9207,0x61C7,0x934B,0x9491,0xA4F3,0xB534,0x938D,0x3966,0x3925,0x5105,0x6905,0xC2A8,0xDA68,
    0xEA88,0xF2E8,0xDA26,0xB9C6,0x4125,0xBB48,0xF610,0xFF56,0xFF78,0xFF57,0xEE32,0x41E7,0xBD33,0x632B,0xC4AD,0xFF99,
    0xFF36,0xFF36,0xFE93,0xA349,0x632C,0xE7BE,0xE7BE,0xEFBE,0xEFDE,0xEFDE,0xEFDE,0xEFDE,0xEFDE,0xEFDE,0xEFDE,0xEFDE,
    0xEFDE,0xEFDE,0xEFDE,0xEFDE,0xEFDE,0xEFDE,0xEFDE,0xEFDE,0xEFDE,0xEFDE,0xEFDE,0xEFDE,0xEFDE,0xEFDE,0xEFDE,0xEFDE,
    0xEFDE,0xEFDE,0xEFDE,0xEFDE,0xEFDE,0xEFDE,0xEFDE,0xEFDE,0xEFDE,0xEFDE,0xEFDE,0xEFDE,0xEFDE,0xEFDE,0xEFDE,0xEFDE,
    0xEFDE,0xEFDE,0xEFDE,0xEFDE,0xEFDE,0xEFDE,0xEFDE,0xEFDE,0xEFDE,0xEFDE,0xEFDE,0xEFDE,0xEFDE,0xEFDE,0xEFDE,0xEFDE,
    0xEFDE,0xEFDE,0xEFDE,0xEFDE,0xEFDE,0xEFDE,0xEFDE,0xEFDE,0xEFDE,0xEFDE,0xEFDE,0xEFDE,0xEFDE,0xEFDE,0xEFDE,0xEFDE,
    0xEFDE,0xEFDE,0xEFDE,0xEFBE,0xE7BE,0x4A28,0xB307,0xFDAE,0xFDCE,0xFD2D,0xFE10,0xFE71,0xF5B0,0x5144,0xCE37,0xE79D,
    0xE77D,0x5A49,0xDAC9,0xF3EB,0xDAE9,0xCA27,0xB9C6,0xB1C7,0x8166,0xB1C6,0xEB29,0xF40C,0xF44D,0xF42C,0xDB8A,0xD309,
    0xA9A6,0xD227,0xFB68,0xC1A5,0xB165,0x20A3,0xC42B,0xFF36,0xFF36,0xFF37,0xEE12,0x49E7,0xDB8D,0x2925,0xFF36,0xFF98,
    0xFF36,0xFF56,0xFEF5,0x9329,0x5289,0xE7BE,0xE7BE,0xEFBE,0xEFDE,0xEFDE,0xEFDE,0xEFDE,0xEFDE,0xEFDE,0xEFDE,0xEFDE,
    0xEFDE,0xEFDE,0xEFDE,0xEFDE,0xEFDE,0xEFDE,0xEFDE,0xEFDE,0xEFDE,0xEFDE,0xEFDE,0xEFDE,0xEFDE,0xEFDE,0xEFDE,0xEFDE,
    0xEFDE,0xEFDE,0xEFDE,0xEFDE,0xEFDE,0xEFDE,0xEFDE,0xEFDE,0xEFDE,0xEFDE,0xEFDE,0xEFDE,0xEFDE,0xEFDE,0xEFDE,0xEFDE,
    0xEFDE,0xEFDE,0xEFDE,0xEFDE,0xEFDE,0xEFDE,0xEFDE,0xEFDE,0xEFDE,0xEFDE,0xEFDE,0xEFDE,0xEFDE,0xEFDE,0xEFDE,0xEFDE,
    0xEFDE,0xEFDE,0xEFDE,0xEFDE,0xEFDE,0xEFDE,0xEFDE,0xEFDE,0xEFDE,0xEFDE,0xEFDE,0xEFDE,0xEFDE,0xEFDE,0xEFDE,0xEFDE,
    0xEFDE,0xEFDE,0xEFDE,0xEFBE,0xE7BE,0x8C30,0x8A46,0xEC09,0xF56E,0xFD6D,0xFD0C,0xFDEF,0xC329,0x9165,0x51A6,0xACB1,
    0xE73B,0xBCD1,0xA0E5,0xEB09,0xFC6C,0xFC8C,0xFCAD,0xFC6D,0xFCCE,0xFC6C,0xFC2C,0xFC4C,0xFC8D,0xFC6C,0xFC8D,0xFCAE,
    0xFCCE,0xFC6D,0xDB8A,0xCA46,0xD206,0xB1C6,0xA287,0xDD4F,0xFF37,0xFF36,0xEDB0,0x6986,0x30C5,0x9B69,0xFF98,0xFF58,
    0xFF78,0xFF56,0xFE72,0x8AE9,0x18E5,0xE79D,0xE7BE,0xE7BE,0xEFDE,0xEFDE,0xEFDE,0xEFDE,0xEFDE,0xEFDE,0xEFDE,0xEFDE,
    0xEFDE,0xEFDE,0xEFDE,0xEFDE,0xEFDE,0xEFDE,0xEFDE,0xEFDE,0xEFDE,0xEFDE,0xEFDE,0xEFDE,0xEFDE,0xEFDE,0xEFDE,0xEFDE,
    0xEFDE,0xEFDE,0xEFDE,0xEFDE,0xEFDE,0xEFDE,0xEFDE,0xEFDE,0xEFDE,0xEFDE,0xEFDE,0xEFDE,0xEFDE,0xEFDE,0xEFDE,0xEFDE,
    0xEFDE,0xEFDE,0xEFDE,0xEFDE,0xEFDE,0xEFDE,0xEFDE,0xEFDE,0xEFDE,0xEFDE,0xEFDE,0xEFDE,0xEFDE,0xEFDE,0xEFDE,0xEFDE,
    0xEFDE,0xEFDE,0xEFDE,0xEFDE,0xEFDE,0xEFDE,0xEFDE,0xEFDE,0xEFDE,0xEFDE,0xEFDE,0xEFDE,0xEFDE,0xEFDE,0xEFDE,0xEFDE,
    0xEFDE,0xEFDE,0xEFDE,0xEFBE,0xE7BE,0xE7BE,0x5227,0xE3C8,0xF4AA,0xFD2C,0xF48A,0xFD4C,0xAA87,0xF40B,0xC1A7,0x6125,
    0x4145,0x6AE9,0x3104,0xA925,0xEB09,0xFC0B,0xFC0C,0xFC4C,0xFCCE,0xFC8D,0xFC6C,0xFC6D,0xFC4C,0xFC4C,0xFC6C,0xFC4C,
    0xFC4C,0xFC2C,0xFC4B,0xCB8A,0xD2E8,0xD248,0xA9A6,0x9B48,0xFEB3,0xFF15,0xED2E,0x8165,0xD329,0xFF15,0xFF78,0xFF78,
    0xFF57,0xFED4,0xF673,0x7AE9,0x5A29,0xE7BE,0xE7BE,0xD6BA,0xE7BE,0xEFBE,0xEFBE,0xEFDE,0xEFDE,0xEFDE,0xEFDE,0xEFDE,
    0xEFDE,0xEFDE,0xEFDE,0xEFDE,0xEFDE,0xEFDE,0xEFDE,0xEFDE,0xEFDE,0xEFDE,0xEFDE,0xEFDE,0xEFDE,0xEFDE,0xEFDE,0xEFDE,
    0xEFDE,0xEFDE,0xEFDE,0xEFDE,0xEFDE,0xEFDE,0xEFDE,0xEFDE,0xEFDE,0xEFDE,0xEFDE,0xEFDE,0xEFDE,0xEFDE,0xEFDE,0xEFDE,
    0xEFDE,0xEFDE,0xEFDE,0xEFDE,0xEFDE,0xEFDE,0xEFDE,0xEFDE,0xEFDE,0xEFDE,0xEFDE,0xEFDE,0xEFDE,0xEFDE,0xEFDE,0xEFDE,
    0xEFDE,0xEFDE,0xEFDE,0xEFDE,0xEFDE,0xEFDE,0xEFDE,0xEFDE,0xEFDE,0xEFDE,0xEFDE,0xEFDE,0xEFDE,0xEFDE,0xEFDE,0xEFDE,
    0xEFDE,0xEFDE,0xEFDE,0xEFBE,0xEFBE,0xE7BE,0xD678,0x82C8,0xEC89,0xECCB,0xE449,0xECCA,0xBB49,0x9904,0xFC4D,0xF44D,
    0xF42C,0xBAE9,0xAAC8,0xB288,0xFBAB,0xFBCA,0xFC0B,0xFCAD,0xFD2F,0xFCAD,0xFC4C,0xFBEB,0xF36A,0xF369,0xFBAA,0xFBAA,
    0xFBAB,0xFBAA,0xFC8D,0xFC4C,0xFC0C,0xFBCB,0xC1C7,0x69E5,0xF5AF,0xFF15,0xE4AD,0x5124,0xFEB2,0xFF56,0xFF78,0xFF57,
    0xFF36,0xFF57,0xE5B1,0x5185,0x5A08,0xE79D,0xE77D,0x7269,0x72CC,0xE7BE,0xE7BE,0xEFBE,0xEFDE,0xEFDE,0xEFDE,0xEFDE,
    0xEFDE,0xEFDE,0xEFDE,0xEFDE,0xEFDE,0xEFDE,0xEFDE,0xEFDE,0xEFDE,0xEFDE,0xEFDE,0xEFDE,0xEFDE,0xEFDE,0xEFDE,0xEFDE,
    0xEFDE,0xEFDE,0xEFDE,0xEFDE,0xEFDE,0xEFDE,0xEFDE,0xEFDE,0xEFDE,0xEFDE,0xEFDE,0xEFDE,0xEFDE,0xEFDE,0xEFDE,0xEFDE,
    0xEFDE,0xEFDE,0xEFDE,0xEFDE,0xEFDE,0xEFDE,0xEFDE,0xEFDE,0xEFDE,0xEFDE,0xEFDE,0xEFDE,0xEFDE,0xEFDE,0xEFDE,0xEFDE,
    0xEFDE,0xEFDE,0xEFDE,0xEFDE,0xEFDE,0xEFDE,0xEFDE,0xEFDE,0xEFDE,0xEFDE,0xEFDE,0xEFDE,0xEFDE,0xEFDE,0xEFDE,0xEFDE,
    0xEFDE,0xEFDE,0xEFDE,0xEFDE,0xEFBE,0xEFBE,0xEFDE,0x20E5,0x7228,0xE409,0xE429,0xDC09,0xDBE8,0x8105,0xEB2A,0xFC2C,
    0xFC2C,0xFC6C,0xFD2E,0xFCCE,0xFCAD,0xFC8D,0xFD0E,0xFC2C,0xFC0B,0xFBCB,0xE227,0xE2A8,0xFC6C,0xFC0C,0xFC2C,0xFC2C,
    0xFC2C,0xFC2C,0xFC6D,0xFBCB,0xFBCA,0xFBCB,0xF309,0xA206,0xED2C,0xF610,0xBC4C,0xABA8,0xFF78,0xFF99,0xFF57,0xFF35,
    0xFF16,0xF632,0xC40C,0x9A06,0x6186,0xA3CD,0x71A7,0xF38B,0x6987,0xA492,0xE7BE,0xE7BE,0xEFBE,0xEFDE,0xEFDE,0xEFDE,
    0xEFDE,0xEFDE,0xEFDE,0xEFDE,0xEFDE,0xEFDE,0xEFDE,0xEFDE,0xEFDE,0xEFDE,0xEFDE,0xEFDE,0xEFDE,0xEFDE,0xEFDE,0xEFDE,
    0xEFDE,0xEFDE,0xEFDE,0xEFDE,0xEFDE,0xEFDE,0xEFDE,0xEFDE,0xEFDE,0xEFDE,0xEFDE,0xEFDE,0xEFDE,0xEFDE,0xEFDE,0xEFDE,
    0xEFDE,0xEFDE,0xEFDE,0xEFDE,0xEFDE,0xEFDE,0xEFDE,0xEFDE,0xEFDE,0xEFDE,0xEFDE,0xEFDE,0xEFDE,0xEFDE,0xEFDE,0xEFDE,
    0xEFDE,0xEFDE,0xEFDE,0xEFDE,0xEFDE,0xEFDE,0xEFDE,0xEFDE,0xEFDE,0xEFDE,0xEFDE,0xEFDE,0xEFDE,0xEFDE,0xEFDE,0xEFDE,
    0xEFDE,0xEFDE,0xEFDE,0xEFDE,0xEFDE,0xEFDE,0xEFBE,0xDF1B,0x3966,0x9AEA,0xDC09,0xDBE8,0xDC09,0xE4AA,0xA965,0xE268,
    0xFC2B,0xFC0B,0xFCAC,0xFCED,0xFC4C,0xFC4C,0xFC0B,0xFB8A,0xEAA8,0xFC0C,0xFC6D,0xFC4C,0xFC2C,0xFC4C,0xFC4C,0xFC2C,
    0xFC2C,0xFC4C,0xFC4C,0xFC6C,0xFC2C,0xFBEB,0xF36A,0xC9C6,0x5983,0xED6E,0xB42B,0xF610,0xFF98,0xFF56,0xFF36,0xFE51,
    0xF5F0,0xD44C,0x6986,0xB9C6,0x9105,0xB9E7,0xF329,0xFC0B,0xDA27,0x6AAA,0xE79D,0xE7BE,0xEFBE,0xEFDE,0xEFDE,0xEFDE,
    0xEFDE,0xEFDE,0xEFDE,0xEFDE,0xEFDE,0xEFDE,0xEFDE,0xEFDE,0xEFDE,0xEFDE,0xEFDE,0xEFDE,0xEFDE,0xEFDE,0xEFDE,0xEFDE,
    0xEFDE,0xEFDE,0xEFDE,0xEFDE,0xEFDE,0xEFDE,0xEFDE,0xEFDE,0xEFDE,0xEFDE,0xEFDE,0xEFDE,0xEFDE,0xEFDE,0xEFDE,0xEFDE,
    0xEFDE,0xEFDE,0xEFDE,0xEFDE,0xEFDE,0xEFDE,0xEFDE,0xEFDE,0xEFDE,0xEFDE,0xEFDE,0xEFDE,0xEFDE,0xEFDE,0xEFDE,0xEFDE,
    0xEFDE,0xEFDE,0xEFDE,0xEFDE,0xEFDE,0xEFDE,0xEFDE,0xEFDE,0xEFDE,0xEFDE,0xEFDE,0xEFDE,0xEFDE,0xEFDE,0xEFDE,0xEFDE,
    0xEFDE,0xEFDE,0xEFDE,0xEFDE,0xEFDE,0xEFDE,0xEFBE,0xE7BE,0xE7BE,0x4208,0x49C7,0xC3A8,0xD3E9,0xD42A,0xDBA8,0x7904,
    0xD1C6,0xFBCB,0xFBAA,0xFC0B,0xFC2C,0xFBAA,0xF309,0xB924,0xFC8D,0xFCEE,0xFC6C,0xFC4C,0xFC4C,0xFC4C,0xFC8D,0xFC4D,
    0xFC2C,0xFC2C,0xFB49,0xFB6A,0xFBEB,0xF369,0xFB4A,0xF309,0x5963,0xED4E,0xC46B,0xFF56,0xFF36,0xFED3,0xFE51,0xF5D0,
    0xD46B,0x6145,0xA966,0xC966,0xE226,0xEB09,0xFCAE,0xFBCB,0xD1C7,0x6249,0xE77D,0xE7BD,0xEFBE,0xEFDE,0xEFDE,0xEFDE,
    0xEFDE,0xEFDE,0xEFDE,0xEFDE,0xEFDE,0xEFDE,0xEFDE,0xEFDE,0xEFDE,0xEFDE,0xEFDE,0xEFDE,0xEFDE,0xEFDE,0xEFDE,0xEFDE,
    0xEFDE,0xEFDE,0xEFDE,0xEFDE,0xEFDE,0xEFDE,0xEFDE,0xEFDE,0xEFDE,0xEFDE,0xEFDE,0xEFDE,0xEFDE,0xEFDE,0xEFDE,0xEFDE,
    0xEFDE,0xEFDE,0xEFDE,0xEFDE,0xEFDE,0xEFDE,0xEFDE,0xEFDE,0xEFDE,0xEFDE,0xEFDE,0xEFDE,0xEFDE,0xEFDE,0xEFDE,0xEFDE,
    0xEFDE,0xEFDE,0xEFDE,0xEFDE,0xEFDE,0xEFDE,0xEFDE,0xEFDE,0xEFDE,0xEFDE,0xEFDE,0xEFDE,0xEFDE,0xEFDE,0xEFDE,0xEFDE,
    0xEFDE,0xEFDE,0xEFDE,0xEFDE,0xEFDE,0xEFDE,0xEFBE,0xE7BE,0xE7BE,0xE7BE,0xDE77,0x5207,0x8AA8,0x9AC7,0x9AA6,0xA286,
    0x79A5,0x6166,0xD1A6,0xF2E8,0xF309,0xFB49,0xE309,0xFC6D,0xFCEE,0xFD0E,0xFC4C,0xFC4C,0xFC6C,0xFC6C,0xFC4C,0xFC0C,
    0xFBCB,0xFB6A,0xFC2C,0xFC2C,0xFC2C,0xFC2C,0xFC2C,0xFC0B,0xB266,0xE4ED,0xEDD0,0xF611,0xF5F0,0xDCED,0xDCEE,0x92C8,
    0x79A5,0xA1A6,0xC9A6,0xF2E8,0xEA87,0xFBCA,0xFBAA,0xFB8A,0xC1C6,0x5A48,0xE75C,0xE79D,0xEFBE,0xEFDE,0xEFDE,0xEFDE,
    0xEFDE,0xEFDE,0xEFDE,0xEFDE,0xEFDE,0xEFDE,0xEFDE,0xEFDE,0xEFDE,0xEFDE,0xEFDE,0xEFDE,0xEFDE,0xEFDE,0xEFDE,0xEFDE,
    0xEFDE,0xEFDE,0xEFDE,0xEFDE,0xEFDE,0xEFDE,0xEFDE,0xEFDE,0xEFDE,0xEFDE,0xEFDE,0xEFDE,0xEFDE,0xEFDE,0xEFDE,0xEFDE,
    0xEFDE,0xEFDE,0xEFDE,0xEFDE,0xEFDE,0xEFDE,0xEFDE,0xEFDE,0xEFDE,0xEFDE,0xEFDE,0xEFDE,0xEFDE,0xEFDE,0xEFDE,0xEFDE,
    0xEFDE,0xEFDE,0xEFDE,0xEFDE,0xEFDE,0xEFDE,0xEFDE,0xEFDE,0xEFDE,0xEFDE,0xEFDE,0xEFDE,0xEFDE,0xEFDE,0xEFDE,0xEFDE,
    0xEFDE,0xEFDE,0xEFDE,0xEFDE,0xEFDE,0xEFDE,0xEFBE,0xE7BE,0xE7BE,0xE7BE,0xE7BD,0xDF3B,0xBD33,0xACB1,0x18A3,0x48C3,
    0xE2A9,0xFBEB,0xFC0B,0xFC0B,0xFBCB,0xB944,0xFC4C,0xFD0E,0xFD2E,0xFC8D,0xFC6C,0xFCAD,0xFC8C,0xFC4C,0xFBEB,0xF309,
    0xFC8D,0xFC4D,0xFC6D,0xFC2C,0xFC2C,0xFC2C,0xFC4C,0xFC6D,0xFC6D,0xEA87,0xD50C,0xCC8C,0x8AA7,0x61C5,0x61C5,0xD42B,
    0xDC4B,0xDC6A,0xD389,0xE287,0xF267,0xFB49,0xFB8A,0xDA27,0x7185,0xBC6F,0x9CF3,0xE77D,0xE7BE,0xEFBE,0xEFDE,0xEFDE,
    0xEFBE,0xE7BE,0xEFDE,0xEFDE,0xEFDE,0xE7BE,0xE7BE,0xEFDE,0xEFDE,0xEFDE,0xEFDE,0xEFDE,0xEFDE,0xEFDE,0xEFDE,0xEFDE,
    0xEFDE,0xEFDE,0xEFDE,0xEFDE,0xEFDE,0xEFDE,0xEFDE,0xEFDE,0xEFDE,0xEFDE,0xEFDE,0xEFDE,0xEFDE,0xEFDE,0xEFDE,0xEFDE,
    0xEFDE,0xEFDE,0xEFDE,0xEFDE,0xEFDE,0xEFDE,0xEFDE,0xEFDE,0xEFDE,0xEFDE,0xEFDE,0xEFDE,0xEFDE,0xEFDE,0xEFDE,0xEFDE,
    0xEFDE,0xEFDE,0xEFDE,0xEFDE,0xEFDE,0xEFDE,0xEFDE,0xEFDE,0xEFDE,0xEFDE,0xEFDE,0xEFDE,0xEFDE,0xEFDE,0xEFDE,0xEFDE,
    0xEFDE,0xEFDE,0xEFDE,0xEFBE,0xEFBE,0xE7BE,0xE7BE,0xE7BE,0xE7BE,0xE7BE,0xE7BE,0xE77D,0xE77D,0x5A49,0xB227,0xF369,
    0xFBCA,0xFC2C,0xFC2C,0xFC0C,0xB944,0xFC6D,0xFCED,0xFD0E,0xFD0D,0xFCAC,0xFD2E,0xFC8C,0xFC4C,0xFC0C,0xE288,0xFBEB,
    0xFC6D,0xFC8D,0xFC4C,0xFC4C,0xFC2C,0xFC0C,0xFC0B,0xFC6D,0xFC6D,0xFC4C,0xD2C7,0xE4AB,0xECCC,0xED4E,0xF56F,0xF58F,
    0xF5CF,0xFE71,0xFE93,0xFE31,0xDA06,0xEA47,0xE288,0xB965,0xCAA8,0x49A6,0xAD74,0xE77C,0xE79D,0xE7BE,0xE7BE,0xE7BE,
    0xE77C,0x4A28,0x630C,0xE7BE,0xE7BE,0xE7BE,0xE7BE,0xE7BE,0xE7BE,0xEFDE,0xEFDE,0xEFDE,0xEFDE,0xEFDE,0xEFDE,0xEFDE,
    0xEFDE,0xEFDE,0xEFDE,0xEFDE,0xEFDE,0xEFDE,0xEFDE,0xEFDE,0xEFDE,0xEFDE,0xEFDE,0xEFDE,0xEFDE,0xEFDE,0xEFDE,0xEFDE,
    0xEFDE,0xEFDE,0xEFDE,0xEFDE,0xEFDE,0xEFDE,0xEFDE,0xEFDE,0xEFDE,0xEFDE,0xEFDE,0xEFDE,0xEFDE,0xEFDE,0xEFDE,0xEFDE,
    0xEFDE,0xEFDE,0xEFDE,0xEFDE,0xEFDE,0xEFDE,0xEFDE,0xEFDE,0xEFDE,0xEFDE,0xEFDE,0xEFDE,0xEFDE,0xEFDE,0xEFDE,0xEFDE,
    0xEFDE,0xEFDE,0xEFDE,0xE7BE,0xE7BE,0xE7BE,0xE7BE,0xE7BE,0xE7BE,0xE7BE,0xE7BE,0xE77D,0xA491,0x6905,0xFC2C,0xFC4C,
    0xFC8D,0xFC2C,0xFB8A,0xE288,0xFC0B,0xFC6D,0xFC4C,0xFD0E,0xFCED,0xFCED,0xFD6F,0xFC8D,0xFC0C,0xFB8A,0xC964,0xFC8D,
    0xFCAD,0xFC4C,0xFC4C,0xFC8D,0xFC6C,0xFC2C,0xFC0C,0xFC4D,0xFC4D,0xFC0B,0xF349,0xE48C,0xFE72,0xFE72,0xFF57,0xFF57,
    0xFF15,0xFEF4,0xFEF5,0xFEB3,0xF632,0xD267,0xDA47,0xDA07,0x58E5,0x61E7,0xB4AF,0xCE37,0xBD54,0x836D,0x2925,0x2905,
    0x20C4,0x6165,0xE30A,0xCDF6,0xE79D,0xE7BE,0xE7BE,0xE7BE,0xE7BE,0xEFDE,0xEFDE,0xEFDE,0xEFDE,0xEFDE,0xEFDE,0xEFDE,
    0xEFDE,0xEFDE,0xEFDE,0xEFDE,0xEFDE,0xEFDE,0xEFDE,0xEFDE,0xEFDE,0xEFDE,0xEFDE,0xEFDE,0xEFDE,0xEFDE,0xEFDE,0xEFDE,
    0xEFDE,0xEFDE,0xEFDE,0xEFDE,0xEFDE,0xEFDE,0xEFDE,0xEFDE,0xEFDE,0xEFDE,0xEFDE,0xEFDE,0xEFDE,0xEFDE,0xEFDE,0xEFDE,
    0xEFDE,0xEFDE,0xEFDE,0xEFDE,0xEFDE,0xEFDE,0xEFDE,0xEFDE,0xEFDE,0xEFDE,0xEFDE,0xEFDE,0xEFDE,0xEFDE,0xEFDE,0xEFDE,
    0xEFDE,0xEFDE,0xE7BE,0x9471,0xDF1B,0xE7BE,0xE7BE,0xE7BE,0xE7BE,0xE7BE,0xE77C,0x41C7,0xB2AA,0xEA67,0xFB6A,0xFC0B,
    0xFC2C,0xFC2C,0xF329,0xC9E6,0xFC6D,0xFC6C,0xFC6C,0xFC6C,0xFCAD,0xFCAD,0xFC6C,0xFC2C,0xFBAA,0xEAA8,0xFCAE,0xFCAD,
    0xFD0E,0xFC6C,0xFC4C,0xFC8D,0xFC2C,0xFBCB,0xFBEB,0xFC6D,0xFC8D,0xFC4C,0xFC2C,0xC9E6,0xFF56,0xFF56,0xFF57,0xFF56,
    0xFF15,0xFF56,0xFF57,0xFF36,0xFF15,0xFEB5,0xCAA7,0x9125,0x7166,0x71A6,0x6965,0x6965,0x5945,0x8987,0xF32A,0xF36A,
    0xFD2F,0xE309,0x4926,0x1904,0x2125,0x9C71,0xE77D,0xE7BE,0xE7BE,0xE7BE,0xEFDE,0xEFDE,0xEFDE,0xEFDE,0xEFDE,0xEFDE,
    0xEFDE,0xEFDE,0xEFDE,0xEFDE,0xEFDE,0xEFDE,0xEFDE,0xEFDE,0xEFDE,0xEFDE,0xEFDE,0xEFDE,0xEFDE,0xEFDE,0xEFDE,0xEFDE,
    0xEFDE,0xEFDE,0xEFDE,0xEFDE,0xEFDE,0xEFDE,0xEFDE,0xEFDE,0xEFDE,0xEFDE,0xEFDE,0xEFDE,0xEFDE,0xEFDE,0xEFDE,0xEFDE,
    0xEFDE,0xEFDE,0xEFDE,0xEFDE,0xEFDE,0xEFDE,0xEFDE,0xEFDE,0xEFDE,0xEFDE,0xEFDE,0xEFDE,0xEFDE,0xEFDE,0xEFDE,0xEFDE,
    0xEFDE,0xEFDE,0xDF5C,0x6986,0x71A6,0xCDB6,0xDEDA,0xDF1B,0xDEDA,0x39A8,0x38E5,0x9966,0xD268,0xFC2C,0xFC8D,0xFC2C,
    0xFC2C,0xFBAB,0xB945,0xFC2C,0xFC6C,0xFC4C,0xFC6C,0xFC8D,0xFC4C,0xFC4C,0xFC2C,0xF3AA,0xEA67,0xA924,0xFCCE,0xFCCD,
    0xFD2E,0xFC6D,0xFCCD,0xFC6C,0xFC4C,0xF2C7,0xFC2C,0xFC4C,0xFC8D,0xFC8D,0xFC6D,0xEB29,0xFE95,0xFF37,0xFF56,0xF4EE,
    0xD206,0xFF15,0xFF57,0xFF77,0xFF57,0xFF15,0xFDF0,0xFCEC,0xCA67,0xC9C6,0xD185,0xFBAA,0xFBCB,0xFBEB,0xFC0B,0xFCAC,
    0xFC6C,0xFC2C,0xFC2C,0xFC0B,0xA9A5,0x30E5,0x10C4,0x2147,0xEFDE,0xE7BE,0xE7BE,0xE7BE,0xE7BE,0xE7BE,0xE7BE,0xEFDE,
    0xE7BE,0xEFDE,0xEFDE,0xEFDE,0xEFDE,0xEFDE,0xEFDE,0xEFDE,0xEFDE,0xEFDE,0xEFDE,0xEFDE,0xEFDE,0xEFDE,0xEFDE,0xEFDE,
    0xEFDE,0xEFDE,0xEFDE,0xEFDE,0xEFDE,0xEFDE,0xEFDE,0xEFDE,0xEFDE,0xEFDE,0xEFDE,0xEFDE,0xEFDE,0xEFDE,0xEFDE,0xEFDE,
    0xEFDE,0xEFDE,0xEFDE,0xEFDE,0xEFDE,0xEFDE,0xEFDE,0xEFDE,0xEFDE,0xEFDE,0xEFDE,0xEFDE,0xEFDE,0xEFDE,0xEFDE,0xEFDE,
    0xE7BE,0xEFBE,0xDF3C,0x6925,0xFC0C,0x68E5,0x60E4,0x50E5,0x58E5,0xB986,0xA9C6,0xDAE9,0xFC4C,0xFCAD,0xFC2C,0xFC2C,
    0xFC2C,0xEAA9,0xC9C6,0xFC8D,0xFC6D,0xFC4C,0xFC6C,0xFC8D,0xFC2C,0xFC2C,0xFC2B,0xF329,0xE268,0xA124,0xFCAD,0xFC8D,
    0xFCAD,0xFD0E,0xFCAD,0xFC2C,0xFC0B,0xEA66,0xFC2C,0xFC8D,0xFC8D,0xFCEE,0xFC6D,0xF38A,0xA165,0xFEF6,0xFF16,0xC1C6,
    0xFEB4,0xFF57,0xFF77,0xFF36,0xFF57,0xFF36,0xFED4,0xED0D,0xFC2B,0xEAE9,0xEAA8,0xFB8A,0xFC4C,0xFC4C,0xFC4C,0xFC6C,
    0xFD0F,0xFCCE,0xFCCE,0xFC0C,0xFC0B,0xF3CC,0xC2A9,0xAA68,0x20E5,0x49C7,0x8C0F,0x8C50,0x8C71,0x8C71,0x31A7,0x3126,
    0x4A2B,0xEFDE,0xEFDE,0xEFDE,0xEFDE,0xEFDE,0xEFDE,0xEFDE,0xEFDE,0xEFDE,0xEFDE,0xEFDE,0xEFDE,0xEFDE,0xEFDE,0xEFDE,
    0xEFDE,0xEFDE,0xEFDE,0xEFDE,0xEFDE,0xEFDE,0xEFDE,0xEFDE,0xEFDE,0xEFDE,0xEFDE,0xEFDE,0xEFDE,0xEFDE,0xEFDE,0xEFDE,
    0xEFDE,0xEFDE,0xEFDE,0xEFDE,0xEFDE,0xEFDE,0xEFDE,0xEFDE,0xEFDE,0xEFDE,0xEFDE,0xEFDE,0xEFDE,0xEFDE,0xEFDE,0xE7BE,
    0xE7BE,0xEFBE,0xDF3C,0x6925,0xFB8A,0xFBEB,0xFC0C,0xF4AF,0xF48F,0xFC6D,0xFC8D,0xFC8D,0xFC2C,0xFCAE,0xFC0B,0xFBAA,
    0xF2E9,0xB165,0xFC8D,0xFC8C,0xFC6C,0xFC4C,0xFCAD,0xFC6C,0xFC4C,0xFC4C,0xFBCA,0xEAA8,0xA945,0xFBEC,0xFC4C,0xFC8D,
    0xFC4D,0xFC8D,0xFC8D,0xFC2C,0xFB69,0xF2A7,0xFC6D,0xFCCE,0xFC8D,0xFC8D,0xFC8D,0xFBAA,0xA924,0xFEF5,0xFEF5,0xDB4B,
    0xFF58,0xFF57,0xFE94,0xFE31,0xFDF0,0xFE31,0xFF15,0xFEF4,0xD2E8,0xE2A7,0xFB49,0xFBAA,0xFC2C,0xFC2C,0xFC2C,0xFC2C,
    0xFC6C,0xFCAD,0xFCCE,0xFCCE,0xFC8D,0xFCCE,0xFCCF,0xFCAD,0xFC0C,0xFB6A,0x5147,0x5966,0x6966,0x6165,0xF328,0xF328,
    0x10C6,0xEFDE,0xEFDE,0xEFDE,0xEFDE,0xEFDE,0xEFDE,0xEFDE,0xEFDE,0xEFDE,0xEFDE,0xEFDE,0xEFDE,0xEFDE,0xEFDE,0xEFDE,
    0xEFDE,0xEFDE,0xEFDE,0xEFDE,0xEFDE,0xEFDE,0xEFDE,0xEFDE,0xEFDE,0xEFDE,0xEFDE,0xEFDE,0xEFDE,0xEFDE,0xEFDE,0xEFDE,
    0xEFDE,0xEFDE,0xEFDE,0xEFDE,0xEFDE,0xEFDE,0xEFDE,0xEFDE,0xEFDE,0xEFDE,0xEFDE,0xEFDE,0xEFDE,0xEFDE,0xEFDE,0xE7BE,
    0xE7BE,0xEFBE,0xE77D,0x4925,0xC9C6,0xFBEB,0xFC0C,0xFC6D,0xFCAE,0xFCAD,0xFC8D,0xFD70,0xFC6D,0xFC2C,0xFBEB,0xFB49,
    0xD207,0xB985,0xFC8D,0xFC6C,0xFC6C,0xFC6C,0xFC4C,0xFC4C,0xFC4C,0xFBEB,0xFB6A,0xD1C6,0x8124,0xFC2C,0xFC2C,0xFCCE,
    0xFC4C,0xFC6D,0xFCEE,0xFBCA,0xF308,0xEB09,0xFC8E,0xFC6D,0xFCCD,0xFC4C,0xFCCD,0xFC4C,0xB985,0xFED5,0xFF15,0xFEB5,
    0xFF58,0xFF37,0xFE10,0xFDCF,0xFDAF,0xFDAF,0xFE11,0xFF16,0xFDF1,0xECAC,0xE389,0xF2E8,0xFBEB,0xFC2C,0xFC2C,0xFC4D,
    0xFC2C,0xFC4C,0xFC6D,0xFC6E,0xFC6D,0xFC8D,0xFC8D,0xFC4D,0xFC2C,0xFC6D,0xFCCF,0xFCAD,0xFC2A,0xFC2A,0xE287,0x8966,
    0x10A4,0xEFDE,0xEFDE,0xEFDE,0xEFDE,0xEFDE,0xEFDE,0xEFDE,0xEFDE,0xEFDE,0xEFDE,0xEFDE,0xEFDE,0xEFDE,0xEFDE,0xEFDE,
    0xEFDE,0xEFDE,0xEFDE,0xEFDE,0xEFDE,0xEFDE,0xEFDE,0xEFDE,0xEFDE,0xEFDE,0xEFDE,0xEFDE,0xEFDE,0xEFDE,0xEFDE,0xEFDE,
    0xEFDE,0xEFDE,0xEFDE,0xEFDE,0xEFDE,0xEFDE,0xEFDE,0xEFDE,0xEFDE,0xEFDE,0xEFDE,0xEFDE,0xEFDE,0xEFDE,0xEFDE,0xE7BE,
    0xE7BE,0xE7BE,0xE79D,0x20C4,0xA987,0xF2E9,0xFBCB,0xFC2C,0xFC2B,0xFBEB,0xFC0B,0xFC0B,0xFC0B,0xFB8B,0xEA68,0xE227,
    0xD268,0xFC0B,0xFC4C,0xFC6D,0xFC2C,0xFC2C,0xFC4C,0xFC0B,0xFB89,0xFB49,0xDA07,0xA145,0x8945,0xFC4C,0xFC2C,0xFC4C,
    0xFC4C,0xFC4D,0xFC2C,0xF2E8,0x80E3,0xEAC9,0xFC2C,0xFC6D,0xFC8D,0xFC4C,0xFC8C,0xFC8D,0xEB09,0x7903,0xFEB3,0xFF36,
    0xFF15,0xFD4E,0xF40A,0xF40C,0xF40B,0xE3CB,0xFD2F,0xFDB0,0xF52E,0xDC8C,0xD40A,0xF369,0xFBAA,0xFB69,0xF3AA,0xABAB,
    0x930A,0xE2A8,0xD247,0x1228,0x01A7,0x6145,0xEB07,0xF328,0xEB69,0xF42C,0xF3EC,0xE32A,0x8946,0x6248,0x2C6E,0x0063,
    0x4229,0xEFDE,0xEFDE,0xEFDE,0xEFDE,0xEFDE,0xEFDE,0xEFDE,0xEFDE,0xEFDE,0xEFDE,0xEFDE,0xEFDE,0xEFDE,0xEFDE,0xEFDE,
    0xEFDE,0xEFDE,0xEFDE,0xEFDE,0xEFDE,0xEFDE,0xEFDE,0xEFDE,0xEFDE,0xEFDE,0xEFDE,0xEFDE,0xEFDE,0xEFDE,0xEFDE,0xEFDE,
    0xEFDE,0xEFDE,0xEFDE,0xEFDE,0xEFDE,0xEFDE,0xEFDE,0xEFDE,0xEFDE,0xEFDE,0xEFDE,0xEFDE,0xEFDE,0xEFDE,0xEFDE,0xE7BE,
    0xE7BE,0xE7BE,0xE7BD,0xDF1B,0x3967,0xC1A6,0xF2A8,0xFB8A,0xFBEB,0xFC0B,0xFC0B,0xFBEB,0xF2E8,0xF2C9,0xC986,0x9945,
    0xFBAB,0xFBEB,0xFCAD,0xFC4C,0xFC4C,0xFC2C,0xFBCB,0xFBAA,0xFB49,0xF247,0xB165,0xD369,0xA165,0xFC8D,0xFCAD,0xFC4C,
    0xFC4C,0xFC2C,0xFBAA,0xEA68,0x78E3,0xE2A9,0xFC2C,0xFCCE,0xFC4C,0xFC4C,0xFC6C,0xFC6C,0xEB09,0x6103,0xFF15,0xFF36,
    0xFD2D,0xFCAC,0x4105,0x0045,0x0045,0x0844,0xE40D,0xF48C,0xFD8E,0xCB8A,0xC2C8,0xF2E8,0xFB69,0xFBCB,0xFC2C,0xFCCC,
    0xD307,0x1186,0x11E8,0x23ED,0x1BEC,0x138C,0x034D,0x1BCF,0x538C,0x8B8B,0x2BAC,0x23ED,0x2C6E,0x546B,0x44EF,0x0063,
    0x5B0C,0xEFDE,0xEFDE,0xEFDE,0xEFDE,0xEFDE,0xEFDE,0xEFDE,0xEFDE,0xEFDE,0xEFDE,0xEFDE,0xEFDE,0xEFDE,0xEFDE,0xEFDE,
    0xEFDE,0xEFDE,0xEFDE,0xEFDE,0xEFDE,0xEFDE,0xEFDE,0xEFDE,0xEFDE,0xEFDE,0xEFDE,0xEFDE,0xEFDE,0xEFDE,0xEFDE,0xEFDE,
    0xEFDE,0xEFDE,0xEFDE,0xEFDE,0xEFDE,0xEFDE,0xEFDE,0xEFDE,0xEFDE,0xEFDE,0xEFDE,0xEFDE,0xEFDE,0xEFDE,0xEFDE,0xE7BE,
    0xE7BE,0xE7BE,0xE79D,0xDF1B,0xBD13,0x58C5,0xC145,0xE247,0xF2E8,0xF308,0xE247,0xE227,0xE228,0x88E4,0xCA48,0xFBEC,
    0xFC0B,0xFC4C,0xFC4C,0xFC2C,0xFBEB,0xFBCB,0xFBCB,0xFB8A,0xEA67,0xC9A6,0xDC0B,0xF50D,0xB964,0xFCCE,0xFC4C,0xFC4C,
    0xFC2C,0xFBEB,0xFB29,0x9945,0xE44A,0xE2E9,0xFC6D,0xFCEE,0xFC4C,0xFC4C,0xFC6C,0xFC4C,0xF2E8,0x7123,0xFF15,0xFE51,
    0xFC6B,0x1084,0x0821,0x0024,0x0025,0x0023,0x0021,0x8966,0xFD2D,0xEBAA,0xEB09,0xF2E8,0xF2C8,0xEAC9,0xFB4A,0xFB69,
    0x21E9,0x234B,0x238B,0x23EC,0x23EC,0x1BEC,0x240D,0x242E,0x2C2E,0x2C4E,0x2C6E,0x2C4E,0x348D,0x7D6C,0x6510,0x0023,
    0xB5F7,0xEFDE,0xEFDE,0xEFDE,0xEFDE,0xEFDE,0xEFDE,0xEFDE,0xEFDE,0xEFDE,0xEFDE,0xEFDE,0xEFDE,0xEFDE,0xEFDE,0xEFDE,
    0xEFDE,0xEFDE,0xEFDE,0xEFDE,0xEFDE,0xEFDE,0xEFDE,0xEFDE,0xEFDE,0xEFDE,0xEFDE,0xEFDE,0xEFDE,0xEFDE,0xEFDE,0xEFDE,
    0xEFDE,0xEFDE,0xEFDE,0xEFDE,0xEFDE,0xEFDE,0xEFDE,0xEFDE,0xEFDE,0xEFDE,0xEFDE,0xEFDE,0xEFDE,0xEFDE,0xEFDE,0xEFBE,
    0xE7BE,0xCE59,0x49C8,0x61E8,0x59A7,0x5146,0x7167,0xB166,0xD1C6,0xE206,0xB986,0x8905,0xCA07,0xFB6B,0xFC0C,0xFC0C,
    0xFBEB,0xFC0B,0xFBCB,0xFBCA,0xFBAA,0xF2E8,0xFB29,0xDA08,0xB1E6,0x99C6,0xF50D,0xFDF0,0xD163,0xFC4C,0xFC4C,0xFC6D,
    0xFBCB,0xFB29,0xEAA8,0xCBAA,0xE46B,0xC1C5,0xFC8D,0xFC8D,0xFC4C,0xFC4D,0xFC8D,0xFC4C,0xF2E8,0x7944,0xFF15,0xFD90,
    0xCB8C,0x0820,0x1209,0x0023,0x0086,0x2AE8,0x1124,0x1084,0xF50C,0xF4ED,0xDA88,0xEAC8,0xEAE8,0xE2A7,0x5186,0x1A29,
    0x136B,0x136B,0x1BAC,0x1C0D,0x2C2D,0x2C4D,0x2C4D,0x2C2D,0x2C0C,0x2C2C,0x3C8D,0x348D,0x452D,0x6DAE,0x1A6A,0x0021,
    0xE79D,0xEFDE,0xEFDE,0xEFDE,0xEFDE,0xEFDE,0xEFDE,0xEFDE,0xEFDE,0xEFDE,0xEFDE,0xEFDE,0xEFDE,0xEFDE,0xEFDE,0xEFDE,
    0xEFDE,0xEFDE,0xEFDE,0xEFDE,0xEFDE,0xEFDE,0xEFDE,0xEFDE,0xEFDE,0xEFDE,0xEFDE,0xEFDE,0xEFDE,0xEFDE,0xEFDE,0xEFDE,
    0xEFDE,0xEFDE,0xEFDE,0xEFDE,0xEFDE,0xEFDE,0xEFDE,0xEFDE,0xEFDE,0xEFDE,0xEFDE,0xEFDE,0xEFDE,0xEFDE,0xEFBE,0xE7BE,
    0xE7BE,0xA4F3,0x49C8,0xD34A,0xDB09,0xC2A9,0xC2A9,0x48C4,0x7925,0xB9C5,0xA945,0x9905,0x80A3,0xB985,0xFB4A,0xFB29,
    0xFB08,0xFAA8,0xFB49,0xFB8A,0xEA68,0xDA68,0xB9E7,0xBAC8,0xE46B,0xFD8F,0xFEF4,0xF590,0xE246,0xFC4C,0xFC4C,0xFBEB,
    0xFB49,0xD9E6,0xAA47,0xECAB,0xF52C,0xB184,0xFC4C,0xFC6C,0xFC4C,0xFC4C,0xFC4C,0xFBAA,0xF2A8,0x6924,0xFE91,0xF42C,
    0x0001,0x0002,0x08E5,0x0167,0x0A2A,0x0105,0x0946,0x29C8,0x7AAA,0xFE6F,0xD207,0xDA47,0xCA06,0x41C8,0x0188,0x12EA,
    0x13AC,0x23EC,0x240C,0x2C4D,0x2C6D,0x246D,0x34AE,0x348D,0x3CAD,0x3CEE,0x450E,0x4D2E,0x5D8E,0x5CEF,0x10A4,0xE7BE,
    0xE7BE,0xEFDE,0xEFDE,0xEFDE,0xEFDE,0xEFDE,0xEFDE,0xEFDE,0xEFDE,0xEFDE,0xEFDE,0xEFDE,0xEFDE,0xEFDE,0xEFDE,0xEFDE,
    0xEFDE,0xEFDE,0xEFDE,0xEFDE,0xEFDE,0xEFDE,0xEFDE,0xEFDE,0xEFDE,0xEFDE,0xEFDE,0xEFDE,0xEFDE,0xEFDE,0xEFDE,0xEFDE,
    0xEFDE,0xEFDE,0xEFDE,0xEFDE,0xEFDE,0xEFDE,0xEFDE,0xEFDE,0xEFDE,0xEFDE,0xEFDE,0xEFDE,0xEFDE,0xEFBE,0xEFBE,0xE7BE,
    0xE79D,0xE79D,0xDEFA,0x3924,0x5925,0x60E4,0x8104,0xE289,0xE267,0xEAE8,0xF5F0,0xFE31,0xFE51,0xF694,0x9185,0xA985,
    0xC1A5,0xC9E7,0xB9A6,0xA165,0x9165,0x9166,0xECAD,0xECCD,0xFE71,0xFEF5,0xFF77,0xF54F,0xFC6D,0xFC8D,0xFBCA,0xFB6A,
    0xC165,0xA185,0xE42B,0xF5AF,0xFE30,0xB164,0xFBAA,0xFC8D,0xFC4C,0xFC4C,0xFC4C,0xFB69,0xDA06,0x7185,0xFE92,0xFCAF,
    0x0864,0x8514,0x0044,0x00E7,0xD6F9,0x00C5,0x00A6,0x8450,0x5209,0xFEAF,0xA965,0x6146,0x0948,0x0A8B,0x12CA,0x130A,
    0x1BCC,0x1BCB,0x2C0C,0x2C2C,0x2C8E,0x2CAE,0x348D,0x3CCE,0x34CE,0x3D0F,0x552E,0x554D,0x656D,0x226A,0x5B8E,0xEFDE,
    0xEFDE,0xEFDE,0xEFDE,0xEFDE,0xEFDE,0xEFDE,0xEFDE,0xEFDE,0xEFDE,0xEFDE,0xEFDE,0xEFDE,0xEFDE,0xEFDE,0xEFDE,0xEFDE,
    0xEFDE,0xEFDE,0xEFDE,0xEFDE,0xEFDE,0xEFDE,0xEFDE,0xEFDE,0xEFDE,0xEFDE,0xEFDE,0xEFDE,0xEFDE,0xEFDE,0xEFDE,0xEFDE,
    0xEFDE,0xEFDE,0xEFDE,0xEFDE,0xEFDE,0xEFDE,0xEFDE,0xEFDE,0xEFDE,0xEFDE,0xEFDE,0xEFDE,0xEFDE,0xEFBE,0xEFBE,0xE7BE,
    0xE77D,0xBD95,0x30E4,0x9225,0xC1C4,0xEAC8,0xFBCB,0xFC0B,0xFC0B,0xFBCB,0xFC0B,0xFE73,0xFF56,0xFEF5,0xFE93,0xF5F1,
    0xB287,0xA1E5,0xA9E6,0x99E5,0xECAC,0xECED,0xFE11,0xFEF4,0xFF57,0xFF78,0xFF78,0xC1E6,0xFC4C,0xFBCB,0xEAC8,0xA985,
    0xB226,0xE48B,0xF56E,0xFF55,0xFF36,0xF4AD,0xEA46,0xFC6D,0xFC6C,0xFC6C,0xFC4C,0xFB69,0xA186,0xF5CF,0xFEB3,0xF46E,
    0x0905,0x9575,0x08A5,0xEF7D,0xE75A,0x08C5,0x00C6,0x0084,0x20E4,0xFE4F,0xE268,0x40E4,0x1A68,0x134B,0x134B,0x136B,
    0x2BEB,0x340C,0x3C4B,0x3C8D,0x2CAE,0x452F,0x5D4E,0x5D4E,0x5D4E,0x5D4E,0x5D4E,0x7E10,0x652E,0x10C5,0xD73B,0xEFDE,
    0xEFDE,0xEFDE,0xEFDE,0xEFDE,0xEFDE,0xEFDE,0xEFDE,0xEFDE,0xEFDE,0xEFDE,0xEFDE,0xEFDE,0xEFDE,0xEFDE,0xEFDE,0xEFDE,
    0xEFDE,0xEFDE,0xEFDE,0xEFDE,0xEFDE,0xEFDE,0xEFDE,0xEFDE,0xEFDE,0xEFDE,0xEFDE,0xEFDE,0xEFDE,0xEFDE,0xEFDE,0xEFDE,
    0xEFDE,0xEFDE,0xEFDE,0xEFDE,0xEFDE,0xEFDE,0xEFDE,0xEFDE,0xEFDE,0xEFDE,0xEFDE,0xEFDE,0xEFDE,0xEFBE,0xEFBE,0xE77D,
    0x73AF,0x6986,0xDA67,0xF42B,0xFCAD,0xFC8D,0xFC8D,0xFC4D,0xFC2C,0xFC0B,0xFC0C,0xFC4C,0xFC4C,0xFB89,0xFF15,0xFF35,
    0xFF15,0xEDD0,0xF5F1,0xF5F0,0xFF56,0xFF36,0xFF36,0xFF57,0xFF78,0xFF78,0xB9C5,0xF2A7,0xFB29,0xC9C5,0x9144,0xB2C7,
    0xB226,0xDC09,0xFEB2,0xFF35,0xFF56,0xFD6F,0xD1E5,0xFC8D,0xFC6D,0xFC6D,0xFC4C,0xF2E9,0xB207,0xFE52,0xFEB3,0xEC4D,
    0x6BEF,0xE73B,0x00C6,0x0189,0x328A,0x0085,0x00C6,0x00A5,0x8BCC,0xFE30,0xD268,0xC9E6,0x8185,0x4206,0x138C,0x136B,
    0x1BCC,0x23EC,0x348D,0x34CE,0x552D,0x5D4E,0x5D4E,0x5D4E,0x5D6E,0x5D6E,0x658F,0x8ED3,0x19C8,0x9DB5,0xE7BE,0xE7BE,
    0xEFDE,0xEFDE,0xEFDE,0xEFDE,0xEFDE,0xEFDE,0xEFDE,0xEFDE,0xEFDE,0xEFDE,0xEFDE,0xEFDE,0xEFDE,0xEFDE,0xEFDE,0xEFDE,
    0xEFDE,0xEFDE,0xEFDE,0xEFDE,0xEFDE,0xEFDE,0xEFDE,0xEFDE,0xEFDE,0xEFDE,0xEFDE,0xEFDE,0xEFDE,0xEFDE,0xEFDE,0xEFDE,
    0xEFDE,0xEFDE,0xEFDE,0xEFDE,0xEFDE,0xEFDE,0xEFDE,0xEFDE,0xEFDE,0xEFDE,0xEFDE,0xEFBE,0xEFBE,0xEFBE,0xEFDE,0x10A3,
    0x91A7,0xFC2B,0xFC8C,0xFCAD,0xFD0F,0xFCCE,0xFC6D,0xFC8D,0xFC6D,0xFC4C,0xFC0C,0xFC4C,0xFC8D,0xFD2F,0xFDD1,0xFF57,
    0xFF57,0xFF57,0xFF57,0xFF57,0xFF57,0xFF57,0xFF57,0xFF56,0xF590,0xECCF,0xAA26,0xA206,0xAAC8,0xCBCC,0xDC2B,0xF4CD,
    0xE40B,0xD369,0xEC0C,0xFED3,0xFF15,0xF50D,0xC9C5,0xFC6D,0xFC6C,0xFC4C,0xFB8A,0xD268,0xDC4C,0xFEB2,0xFEB2,0xDC4D,
    0x6BAE,0xF77C,0x00E7,0x01A9,0x0085,0x0085,0x00A6,0x01C9,0x7C2D,0xFE30,0xFCEE,0xD207,0xDA47,0xDAE9,0xB227,0x8B6B,
    0x5BAA,0x2CCE,0x3CEE,0x2C8D,0x4D0D,0x5D4E,0x5D6E,0x5D6E,0x65AF,0x65D0,0x7652,0x230B,0x3229,0xE7BE,0xE7BE,0xEFDE,
    0xEFDE,0xEFDE,0xEFDE,0xEFDE,0xEFDE,0xEFDE,0xEFDE,0xEFDE,0xEFDE,0xEFDE,0xEFDE,0xEFDE,0xEFDE,0xEFDE,0xEFDE,0xEFDE,
    0xEFDE,0xEFDE,0xEFDE,0xEFDE,0xEFDE,0xEFDE,0xEFDE,0xEFDE,0xEFDE,0xEFDE,0xEFDE,0xEFDE,0xEFDE,0xEFDE,0xEFDE,0xEFDE,
    0xEFDE,0xEFDE,0xEFDE,0xEFDE,0xEFDE,0xEFDE,0xEFDE,0xEFDE,0xEFDE,0xEFDE,0xEFBE,0xEFBE,0xE7BE,0xE7BE,0x6B0B,0x8A68,
    0xFC4C,0xFCCD,0xFCAD,0xFCCD,0xFC8D,0xFC8D,0xFCCD,0xFD0E,0xFC8D,0xFC6D,0xFC6D,0xFC6C,0xFC6C,0xFC6C,0xFC6C,0xFC8D,
    0xFE53,0xFEB4,0xFF56,0xFF57,0xFF57,0xFF57,0xFF57,0xFF57,0xFF15,0xFF77,0xFF36,0xFEF4,0xFEF4,0xFEF4,0xFDF1,0xA166,
    0x80A4,0xA145,0xFEB5,0xFEB3,0xFEF4,0xFEB2,0xC184,0xFC4C,0xFC4C,0xFC2C,0xF2A8,0xC288,0xED0D,0xFEB2,0xFE92,0xECAD,
    0x83AD,0xFFBC,0x8D75,0x032D,0x01C9,0x00A6,0x0086,0x032C,0x74B1,0xFDCF,0xFDF0,0xD9E7,0xF2C8,0xFBAA,0xF36A,0x81C6,
    0x61E6,0x24AE,0x3D0E,0x454E,0x2C2D,0x4D0F,0x5D8F,0x5DAE,0x5DCF,0x7610,0x124A,0x0882,0xE7BE,0xEFDE,0xEFDE,0xEFDE,
    0xEFDE,0xEFDE,0xEFDE,0xEFDE,0xEFDE,0xEFDE,0xEFDE,0xEFDE,0xEFDE,0xEFDE,0xEFDE,0xEFDE,0xEFDE,0xEFDE,0xEFDE,0xEFDE,
    0xEFDE,0xEFDE,0xEFDE,0xEFDE,0xEFDE,0xEFDE,0xEFDE,0xEFDE,0xEFDE,0xEFDE,0xEFDE,0xEFDE,0xEFDE,0xEFDE,0xEFDE,0xEFDE,
    0xEFDE,0xEFDE,0xEFDE,0xEFDE,0xEFDE,0xEFDE,0xEFDE,0xEFDE,0xEFDE,0xEFDE,0xEFBE,0xE7BE,0xE7BE,0x9C71,0x8187,0xF3AB,
    0xFB8A,0xFC6C,0xFCAD,0xFCCD,0xFCEE,0xFCEE,0xFC8D,0xFC6D,0xFC8D,0xFC8D,0xFC6D,0xFC2C,0xFC2C,0xFC2C,0xFC2C,0xFC6C,
    0xFE12,0xFF57,0xFF57,0xFF57,0xFF57,0xFF57,0xFF57,0xFF57,0xFEB3,0xFE71,0xFE31,0xFDAE,0xFD6D,0xF58E,0xF5AF,0xF56E,
    0xFD0D,0xFD8F,0xFE52,0xFED4,0xFF15,0xFEB3,0xC984,0xFC2C,0xFC4C,0xF309,0xE267,0xC329,0xFE72,0xFE92,0xFE92,0xF5AF,
    0x8B4C,0xFFDE,0xFFFF,0x042E,0x032C,0x0086,0x0085,0x1CCD,0x74F2,0xEDD0,0xFDEF,0xF3EB,0xF268,0xFB49,0xFBCB,0xD309,
    0x6207,0x434A,0x452D,0x4D6D,0x3CCC,0x038D,0x44AE,0x446C,0x5C8D,0x22CB,0x2187,0xE7BE,0xE7BE,0xEFDE,0xEFDE,0xEFDE,
    0xEFDE,0xEFDE,0xEFDE,0xEFDE,0xEFDE,0xEFDE,0xEFDE,0xEFDE,0xEFDE,0xEFDE,0xEFDE,0xEFDE,0xEFDE,0xEFDE,0xEFDE,0xEFDE,
    0xEFDE,0xEFDE,0xEFDE,0xEFDE,0xEFDE,0xEFDE,0xEFDE,0xEFDE,0xEFDE,0xEFDE,0xEFDE,0xEFDE,0xEFDE,0xEFDE,0xEFDE,0xEFDE,
    0xEFDE,0xEFDE,0xEFDE,0xEFDE,0xEFDE,0xEFDE,0xEFDE,0xEFDE,0xEFDE,0xEFDE,0xEFBE,0xEFBE,0xE79D,0x4904,0xC966,0xFB29,
    0xFC6C,0xFC8D,0xFC4C,0xFD0E,0xFCEE,0xFC6C,0xFC6D,0xFC6D,0xFC6C,0xFC2C,0xFC4C,0xFC4C,0xFC4C,0xFC2C,0xFC2B,0xFF57,
    0xFF57,0xFF57,0xFF57,0xFF57,0xFF57,0xFF57,0xFF36,0xFE51,0xFDF0,0xFDF0,0xF50C,0xFC8B,0x0821,0x0001,0x0002,0x0024,
    0xF46A,0xFCAB,0xFDB0,0xFE11,0xFEF5,0xFE71,0xC943,0xFC0C,0xF38A,0xDA68,0xCA68,0xF54E,0xFEB2,0xFE92,0xFE92,0xFE92,
    0xA38C,0xFFDE,0xFFDD,0x030A,0x3650,0x0B8C,0x0B8D,0x1CEB,0x7D32,0xFEB4,0xFE31,0xFE52,0x8883,0xF2C9,0xFB49,0xFC6D,
    0xFC8D,0xB226,0x6B28,0x550B,0x4D4C,0x458E,0x0269,0x28E1,0xFDC5,0x6142,0x530A,0xE79D,0xE7BE,0xE7BE,0xEFDE,0xEFDE,
    0xEFDE,0xEFDE,0xEFDE,0xEFDE,0xEFDE,0xEFDE,0xEFDE,0xEFDE,0xEFDE,0xEFDE,0xEFDE,0xEFDE,0xEFDE,0xEFDE,0xEFDE,0xEFDE,
    0xEFDE,0xEFDE,0xEFDE,0xEFDE,0xEFDE,0xEFDE,0xEFDE,0xEFDE,0xEFDE,0xEFDE,0xEFDE,0xEFDE,0xEFDE,0xEFDE,0xEFDE,0xEFDE,
    0xEFDE,0xEFDE,0xEFDE,0xEFDE,0xEFDE,0xEFDE,0xEFDE,0xEFDE,0xE7BE,0xEFBE,0xEFBE,0xE7BE,0x0842,0xCA47,0xFC2C,0xFC4C,
    0xFC6D,0xFC8D,0xFC8D,0xFC4C,0xFC6C,0xFC6D,0xFC6D,0xFC4C,0xFBEB,0xFC0C,0xFC4C,0xFC4C,0xFC8D,0xFCAD,0xFC29,0xFED3,
    0xFED3,0xFED4,0xFF15,0xFF57,0xFF77,0xFF56,0xFEB3,0xFDF0,0xFDAF,0xEBA9,0x0023,0x0843,0x0043,0x0022,0x08A5,0x0022,
    0x0820,0x0043,0x9BAB,0xFDD0,0xFE10,0xF4EE,0xD9A5,0xF349,0xC1E6,0xD329,0xF50D,0xFE92,0xFE92,0xFE92,0xFE92,0xFE51,
    0xFE52,0xFFDE,0xFFDE,0x75B3,0x2651,0x6E2E,0x5E0D,0x3DCE,0x9533,0xFF16,0xFF16,0xFEF6,0xED0D,0xB1A6,0xEA27,0xFB28,
    0xF329,0xFB48,0xEAA7,0xA9E6,0x5CEC,0x3D8E,0x8AE5,0xEEAC,0xFFD9,0xF5C3,0x8263,0xA595,0xEFDE,0xEFDE,0xEFDE,0xEFDE,
    0xEFDE,0xEFDE,0xEFDE,0xEFDE,0xEFDE,0xEFDE,0xEFDE,0xEFDE,0xEFDE,0xEFDE,0xEFDE,0xEFDE,0xEFDE,0xEFDE,0xEFDE,0xEFDE,
    0xEFDE,0xEFDE,0xEFDE,0xEFDE,0xEFDE,0xEFDE,0xEFDE,0xEFDE,0xEFDE,0xEFDE,0xEFDE,0xEFDE,0xEFDE,0xEFDE,0xEFDE,0xEFDE,
    0xEFDE,0xEFDE,0xEFDE,0xEFDE,0xEFDE,0xEFDE,0xEFDE,0xEFDE,0xEFBE,0xE7BE,0xE7BE,0xC5F6,0x2083,0xF38A,0xFBEB,0xFC6D,
    0xFC8D,0xFC4C,0xFC4C,0xFC4C,0xFC2C,0xFC6D,0xFC6D,0xFC4C,0xFB49,0xF2E8,0xFC0C,0xFC6D,0xFCAE,0xFC8D,0xFC2B,0xFC0B,
    0xFC0B,0xFE31,0xFF15,0xFF56,0xFF78,0xFF15,0xFE10,0xFDCF,0xF46B,0x0001,0x0022,0x1106,0x7C30,0x94D0,0x00A6,0x0108,
    0x0148,0x0085,0x0044,0xCCED,0xFDEF,0xDAC7,0xF2A8,0xB9E5,0xEBCB,0xEC8C,0xFE0F,0xFE92,0xFE92,0xFE92,0xFE72,0xFE72,
    0xFE73,0xFFDD,0xFFDD,0xFFFF,0x1DAF,0xC6CE,0x962D,0x3E0F,0xFEF6,0xFF37,0xFF58,0xFEF6,0xF5CD,0x7966,0xC1A7,0xC9E7,
    0xCA07,0xC1C6,0xA145,0x4165,0x346C,0x240C,0xCB65,0xE504,0xF5E3,0xED21,0x9243,0x9D54,0xEFDE,0xEFDE,0xEFDE,0xEFDE,
    0xEFDE,0xEFDE,0xEFDE,0xEFDE,0xEFDE,0xEFDE,0xEFDE,0xEFDE,0xEFDE,0xEFDE,0xEFDE,0xEFDE,0xEFDE,0xEFDE,0xEFDE,0xEFDE,
    0xEFDE,0xEFDE,0xEFDE,0xEFDE,0xEFDE,0xEFDE,0xEFDE,0xEFDE,0xEFDE,0xEFDE,0xEFDE,0xEFDE,0xEFDE,0xEFDE,0xEFDE,0xEFDE,
    0xEFDE,0xEFDE,0xEFDE,0xEFDE,0xEFDE,0xEFDE,0xEFDE,0xE7BE,0xEFBE,0xE7BE,0xE7BE,0x20C4,0xB925,0xFC8D,0xFC4C,0xFC6D,
    0xFC6D,0xFC4D,0xFC4C,0xFC2C,0xFBEB,0xF2A7,0xFB49,0xDA88,0xCA27,0xFC6D,0xFC6D,0xFC6D,0xFC6D,0xFC4C,0xFC0C,0xFC0B,
    0xFC0B,0xFBCB,0xFE73,0xFF16,0xFF77,0xFED4,0xFE10,0xFDF0,0xBB0A,0x0022,0x0021,0xB572,0xB573,0x3A4A,0x0148,0x0169,
    0x2B6C,0x0989,0x00C6,0x0884,0xFE71,0xFE10,0xA9A4,0xFC8C,0xFCCB,0xFE10,0xFE51,0xFE72,0xFE92,0xFE92,0xFED4,0xFE72,
    0xFE72,0xFE94,0xFFDD,0xFFDD,0xF79B,0x2E30,0x3DEF,0x23C8,0xFED5,0xF756,0x6E31,0x9DF2,0xF5CF,0xD38A,0x8126,0xA968,
    0x99A7,0x5107,0x2A89,0x3C6C,0x452E,0x344D,0xA2E5,0xC362,0xE481,0xCBA2,0x5164,0xB617,0xEFDE,0xEFDE,0xEFDE,0xEFDE,
    0xEFDE,0xEFDE,0xEFDE,0xEFDE,0xEFDE,0xEFDE,0xEFDE,0xEFDE,0xEFDE,0xEFDE,0xEFDE,0xEFDE,0xEFDE,0xEFDE,0xEFDE,0xEFDE,
    0xEFDE,0xEFDE,0xEFDE,0xEFDE,0xEFDE,0xEFDE,0xEFDE,0xEFDE,0xEFDE,0xEFDE,0xEFDE,0xEFDE,0xEFDE,0xEFDE,0xEFDE,0xEFDE,
    0xEFDE,0xEFDE,0xEFDE,0xEFDE,0xEFDE,0xEFDE,0xEFDE,0xE7BE,0xEFBE,0xE7BE,0x7BCF,0x7A07,0xFC2C,0xFC6D,0xFC6D,0xFC6D,
    0xFC6D,0xFC0C,0xF36A,0xE2E9,0xC248,0xF368,0x634B,0xFC8E,0xFCAE,0xFC6D,0xFC0C,0xFB8A,0xFB8A,0xFBEB,0xFBCA,0xFB8A,
    0xFB6A,0xFCEE,0xFE52,0xFED4,0xFED4,0xFEB3,0xFDD0,0xFC8C,0x0843,0x0023,0xB592,0xC5D3,0xDE76,0x00A5,0x0189,0x8DF5,
    0xEF9E,0x08E5,0x00A5,0x00A4,0x6B6C,0xFDF0,0xFE51,0xFDAF,0xFE71,0xFE72,0xFE72,0xFE92,0xFE92,0xFEB4,0xFEF4,0xFEF4,
    0xFE92,0xFE71,0xFF57,0xFFDC,0xFFDC,0xFFBC,0xF7BB,0xFF36,0xFF37,0x7652,0x6E50,0x65D0,0xF631,0xDB69,0xB986,0x1063,
    0x1A89,0x2C0D,0x2C4C,0x5D4C,0x5CEE,0x0863,0x0883,0xBB03,0xBB01,0x5103,0x2904,0xE7BE,0xEFDE,0xEFDE,0xEFDE,0xEFDE,
    0xEFDE,0xEFDE,0xEFDE,0xEFDE,0xEFDE,0xEFDE,0xEFDE,0xEFDE,0xEFDE,0xEFDE,0xEFDE,0xEFDE,0xEFDE,0xEFDE,0xEFDE,0xEFDE,
    0xEFDE,0xEFDE,0xEFDE,0xEFDE,0xEFDE,0xEFDE,0xEFDE,0xEFDE,0xEFDE,0xEFDE,0xEFDE,0xEFDE,0xEFDE,0xEFDE,0xEFDE,0xEFDE,
    0xEFDE,0xEFDE,0xEFDE,0xEFDE,0xEFDE,0xEFDE,0xEFDE,0xE7BE,0xE7BE,0xEF7D,0x30C5,0xCA88,0xFC6C,0xFC6D,0xFC6D,0xFC2C,
    0xFBAA,0xD247,0x6A07,0x0208,0x73AA,0x0167,0x09C8,0x11C9,0x09E9,0xCA68,0xD206,0xD206,0xCA47,0xFB29,0xFBCA,0xFBCA,
    0xFC0B,0xFE92,0xFE92,0xFE92,0xFEB3,0xFDEF,0xFDAF,0xFC8D,0x0842,0x0843,0xDE96,0xE6D7,0xF77A,0x0084,0x01C9,0x024B,
    0x6D94,0x0085,0x00A5,0x00A5,0x0883,0xD530,0xFE52,0xFE92,0xFE92,0xFE92,0xFE92,0xFED3,0xFEB3,0xFED4,0xFED4,0xFF98,
    0xFF98,0xFF15,0xFF15,0xFEF4,0xFF15,0xFEF5,0xFF36,0xFF57,0x8E73,0x7E71,0x6E51,0xE777,0xFE51,0xCB28,0xEBA9,0xA9E7,
    0x0863,0x0864,0x1084,0x1083,0x2126,0xE7BE,0xEFDE,0x39E8,0x29A6,0xD71B,0xE7BE,0xEFDE,0xEFDE,0xEFDE,0xEFDE,0xEFDE,
    0xEFDE,0xEFDE,0xEFDE,0xEFDE,0xEFDE,0xEFDE,0xEFDE,0xEFDE,0xEFDE,0xEFDE,0xEFDE,0xEFDE,0xEFDE,0xEFDE,0xEFDE,0xEFDE,
    0xEFDE,0xEFDE,0xEFDE,0xEFDE,0xEFDE,0xEFDE,0xEFDE,0xEFDE,0xEFDE,0xEFDE,0xEFDE,0xEFDE,0xEFDE,0xEFDE,0xEFDE,0xEFDE,
    0xEFDE,0xEFDE,0xEFDE,0xEFDE,0xEFDE,0xEFDE,0xEFDE,0xE7BE,0xE77D,0x20E4,0xB1E6,0xFC8D,0xFC6C,0xFC6D,0xFBEB,0xF329,
    0x8AA9,0x0AEB,0x240D,0x1B8C,0x1B6C,0x136C,0x1BAD,0x136C,0x134B,0x2309,0x2249,0x39E8,0xD226,0xF328,0xF329,0xFB6A,
    0xFC6C,0xFC4B,0xF3EA,0xFD6D,0xFED4,0xFDD0,0xFDAF,0x2062,0x0841,0xB4F2,0xEEF8,0xFFDC,0xFFBC,0x00E6,0x020A,0x026B,
    0x0085,0x00A5,0x00A6,0x00A5,0x01A8,0x20C5,0xFE73,0xFE92,0xFE92,0xFEB3,0xFED4,0xFF15,0xFF14,0xFF15,0xC2C5,0xD347,
    0x6142,0xFF99,0xFF78,0xFF9A,0xFF99,0xFF78,0xFF9A,0xFFBB,0xCF79,0x7E72,0x8EB2,0xF716,0xE44B,0xDB68,0xF3E9,0xC1C6,
    0x18C5,0x7B8E,0x9492,0xCEBA,0xE7BE,0xE7BE,0xE7BE,0xE7BE,0xE7BE,0xE7BE,0xE7BE,0xEFDE,0xEFDE,0xEFDE,0xEFDE,0xEFDE,
    0xEFDE,0xEFDE,0xEFDE,0xEFDE,0xEFDE,0xEFDE,0xEFDE,0xEFDE,0xEFDE,0xEFDE,0xEFDE,0xEFDE,0xEFDE,0xEFDE,0xEFDE,0xEFDE,
    0xEFDE,0xEFDE,0xEFDE,0xEFDE,0xEFDE,0xEFDE,0xEFDE,0xEFDE,0xEFDE,0xEFDE,0xEFDE,0xEFDE,0xEFDE,0xEFDE,0xEFDE,0xEFDE,
    0xEFDE,0xEFDE,0xEFDE,0xEFDE,0xEFDE,0xEFDE,0xE7BE,0xE79D,0x0882,0x81C7,0xF3CB,0xFC4C,0xFC6D,0xFC0C,0xF2E9,0x0908,
    0x234C,0x240D,0x240D,0x240D,0x23EC,0x240D,0x1BED,0x1BCC,0x138B,0x0AC9,0x0B2B,0x132C,0x128A,0x1986,0x99A6,0xD227,
    0xEA88,0xEA67,0xB986,0xFDAE,0xFDD0,0xFDD0,0xFDD0,0x1842,0x0842,0xEE55,0xFF9A,0xFFDC,0xFFDD,0x3C11,0x02AC,0x034D,
    0x00C5,0x00A5,0x00C6,0x00A6,0x0BAD,0x0969,0xFED4,0xFE92,0xFEB3,0xFED4,0xFF15,0xFF15,0xFF36,0x70C2,0xBAA5,0x91E4,
    0x5123,0xFFDB,0xFF9A,0xFF9A,0xFF9A,0xFF9A,0xFF9A,0xFF9A,0xFFBB,0xFFBC,0xFFBA,0xF652,0x81E5,0xCAE6,0xF3C8,0xFC2A,
    0x20E5,0xD6DA,0xE79D,0xE7BD,0xE7BE,0xE7BE,0xE7BE,0xE7BE,0xE7BE,0xE7BE,0xE7BE,0xEFDE,0xEFDE,0xEFDE,0xEFDE,0xEFDE,
    0xEFDE,0xEFDE,0xEFDE,0xEFDE,0xEFDE,0xEFDE,0xEFDE,0xEFDE,0xEFDE,0xEFDE,0xEFDE,0xEFDE,0xEFDE,0xEFDE,0xEFDE,0xEFDE,
    0xEFDE,0xEFDE,0xEFDE,0xEFDE,0xEFDE,0xEFDE,0xEFDE,0xEFDE,0xEFDE,0xEFDE,0xEFDE,0xEFDE,0xEFDE,0xEFDE,0xEFDE,0xEFDE,
    0xEFDE,0xE7BE,0xE7BE,0xE7BE,0xEFDE,0xE7BE,0xDF1B,0x3186,0x61A7,0xFC2C,0xFC4C,0xFC4C,0xFBEB,0xE288,0x3229,0x2C0E,
    0x242E,0x242D,0x242D,0x240D,0x242C,0x240C,0x1C0C,0x1BCC,0x13AC,0x138C,0x0B8C,0x136C,0x132B,0x0ACA,0x1166,0x3186,
    0x3186,0x39C6,0xFB8A,0xFDAF,0xFDD0,0xFDD0,0xFDCF,0x28A3,0x0843,0xF696,0xFFDC,0xFFDC,0xFFDD,0x9658,0x03EE,0x03CD,
    0x14EF,0x00A5,0x00C6,0x00E7,0x0D0F,0x13AD,0xFF35,0xFE92,0xFEF4,0xFF15,0xFF36,0xFF78,0xFF9A,0xFEF9,0x6163,0x48E2,
    0xEEF8,0xFF9A,0xFF9A,0xFF9A,0xFF9A,0xFF9A,0xFF9A,0xFF9A,0xFFBA,0xFFBB,0xFF57,0xDD2E,0xBA87,0xE2A6,0xF387,0xFC4A,
    0x28C5,0xDF3C,0xE7BE,0xE7BE,0xE7BE,0xE7BE,0xEFDE,0xEFDE,0xEFDE,0xEFDE,0xEFDE,0xEFDE,0xEFDE,0xEFDE,0xEFDE,0xEFDE,
    0xEFDE,0xEFDE,0xEFDE,0xEFDE,0xEFDE,0xEFDE,0xEFDE,0xEFDE,0xEFDE,0xEFDE,0xEFDE,0xEFDE,0xEFDE,0xEFDE,0xEFDE,0xEFDE,
    0xEFDE,0xEFDE,0xEFDE,0xEFDE,0xEFDE,0xEFDE,0xEFDE,0xEFDE,0xEFDE,0xEFDE,0xEFDE,0xEFDE,0xEFDE,0xEFDE,0xEFDE,0xEFDE,
    0xE7BE,0xE7BE,0xE7BE,0xE79D,0xCEDA,0x18E6,0x2926,0xA986,0xFC6D,0xFC4D,0xFC4C,0xF3EA,0xD349,0x1BCC,0x2C4E,0x244E,
    0x244E,0x2C2D,0x2C4D,0x2C2D,0x346D,0x346D,0x2C0D,0x1BCC,0x240D,0x1BCD,0x342C,0x33CA,0x1B8C,0x136C,0x0A69,0x0A89,
    0x11A6,0xB226,0xFC0C,0xFC6C,0xFDB0,0xFDCF,0xFDAF,0xFDF1,0x1081,0xE676,0xFFDC,0xFFDD,0xFFDD,0xFFDC,0x0ACB,0x14AE,
    0x252E,0x2E0F,0x02CB,0x1470,0x2DD1,0x0B8B,0xFF36,0xFEF4,0xFF16,0xFF57,0xFF78,0xFF9A,0xFF9A,0xFF99,0xFF79,0xFF98,
    0xFF79,0xFF9A,0xFF9A,0xFF9A,0xFF9A,0xFF9A,0xFF9A,0xFF9A,0xFF9A,0xFF9A,0xD4CE,0x9166,0xC1E7,0xE267,0xFB67,0xE266,
    0x30E5,0xE7BE,0xE7BE,0xE7BE,0xE7BE,0xEFDE,0xEFDE,0xEFDE,0xEFDE,0xEFDE,0xEFDE,0xEFDE,0xEFDE,0xEFDE,0xEFDE,0xEFDE,
    0xEFDE,0xEFDE,0xEFDE,0xEFDE,0xEFDE,0xEFDE,0xEFDE,0xEFDE,0xEFDE,0xEFDE,0xEFDE,0xEFDE,0xEFDE,0xEFDE,0xEFDE,0xEFDE,
    0xEFDE,0xEFDE,0xEFDE,0xEFDE,0xEFDE,0xEFDE,0xEFDE,0xEFDE,0xEFDE,0xEFDE,0xEFDE,0xEFDE,0xEFDE,0xEFDE,0xEFDE,0xEFDE,
    0xE77D,0xE77D,0xD6FB,0x1083,0x0883,0x38E5,0xF3EA,0xFC8C,0xFC0C,0xFBEB,0xF3EA,0xAA48,0x240D,0x242E,0x246E,0x2C4D,
    0x2C6D,0x346D,0x346D,0x348E,0x348D,0x2C2D,0x1BCD,0x23ED,0x2C4D,0x346D,0x346C,0x33CB,0x23AC,0x1B8C,0x0B2C,0x0B0B,
    0x4165,0xE206,0xF309,0xFC4C,0xFD2E,0xFDD0,0xFDCF,0xFDCF,0x71E6,0x0823,0xFFBD,0xFFDD,0xFFDD,0xFFDC,0x238D,0x148D,
    0x6E0C,0x562E,0x5E50,0x5630,0x5E50,0x040C,0xFF14,0xFF15,0xFF57,0xFF99,0xFF9A,0xFF9A,0xFF9A,0xFF9A,0xFF9A,0xFFBA,
    0xFF79,0xFF99,0xFF9A,0xFF9A,0xFF9A,0xFF9A,0xFF9A,0xFF9A,0xFF99,0xEE11,0x5925,0xB1E9,0xC209,0xD228,0xE267,0x98E3,
    0x730C,0xE7BE,0xE7BE,0xE7BE,0xE7BE,0xEFDE,0xEFDE,0xEFDE,0xEFDE,0xEFDE,0xEFDE,0xEFDE,0xEFDE,0xEFDE,0xEFDE,0xEFDE,
    0xEFDE,0xEFDE,0xEFDE,0xEFDE,0xEFDE,0xEFDE,0xEFDE,0xEFDE,0xEFDE,0xEFDE,0xEFDE,0xEFDE,0xEFDE,0xEFDE,0xEFDE,0xEFDE,
    0xEFDE,0xEFDE,0xEFDE,0xEFDE,0xEFDE,0xEFDE,0xEFDE,0xEFDE,0xEFDE,0xEFDE,0xEFDE,0xEFDE,0xEFDE,0xEFDE,0xEFDE,0xEFDE,
    0x4A2A,0x18A4,0x2906,0x81E7,0xCAE9,0xF3EB,0xFBEB,0xFBEB,0xFBA9,0xB9E7,0x232D,0x342E,0x2C2E,0x2C4E,0x242D,0x3CAD,
    0x34AD,0x3CAE,0x3CCD,0x3CCE,0x3C8D,0x2C4E,0x2C6E,0x3CAD,0x3CAC,0x3C8C,0x448C,0x23ED,0x23CC,0x13AD,0x0BAD,0x0B4B,
    0x9144,0xEAC8,0xFC4C,0xFC4C,0xFC6C,0xFDCF,0xFDD0,0xFDCF,0xF4AD,0x0045,0xFFDE,0xFFDD,0xFFDC,0xFFDC,0xFFDC,0x5531,
    0x45CE,0x764E,0x8E8E,0x7E4D,0x4DF0,0x23EC,0xFEF4,0xFF78,0xFF9A,0xFF9A,0xFF9A,0xFF9A,0xFF9A,0xFF9A,0xFFBA,0xFF79,
    0x91C4,0xFF17,0xFF9A,0xFF9A,0xFF9A,0xFF9A,0xFF9A,0xFF9A,0xEE53,0x82A7,0x71CA,0x9A2B,0xAA0B,0xD28A,0xDA47,0x7924,
    0xE75C,0xE7BE,0xE7BE,0xE7BE,0xEFDE,0xEFDE,0xEFDE,0xEFDE,0xEFDE,0xEFDE,0xEFDE,0xEFDE,0xEFDE,0xEFDE,0xEFDE,0xEFDE,
    0xEFDE,0xEFDE,0xEFDE,0xEFDE,0xEFDE,0xEFDE,0xEFDE,0xEFDE,0xEFDE,0xEFDE,0xEFDE,0xEFDE,0xEFDE,0xEFDE,0xEFDE,0xEFDE,
    0xEFDE,0xEFDE,0xEFDE,0xEFDE,0xEFDE,0xEFDE,0xEFDE,0xEFDE,0xEFDE,0xEFDE,0xEFDE,0xEFDE,0xEFDE,0xEFDE,0xEFDE,0xEFDE,
    0x10C5,0xDA48,0xE2E8,0xEB29,0xF2E9,0xE227,0xDA87,0x1AAA,0x2CAF,0x34AE,0x2CAE,0x2C8E,0x2C8E,0x34AD,0x3CCD,0x34AD,
    0x452F,0x34EE,0x34CE,0x34CE,0x348D,0x2CCE,0x4D2D,0x454E,0x556F,0x4D2E,0x4D0E,0x244F,0x2C4C,0x13CD,0x2C4D,0x142C,
    0xD267,0xFBAA,0xFC4C,0xFC4C,0xFD6F,0xFE10,0xFDF0,0xFDD0,0xFDB0,0xDBAA,0x1063,0xF79D,0xFFDC,0xFFDC,0xFFDC,0xFFDD,
    0xF7BE,0x8E54,0x0C4D,0x144C,0xB6D3,0xFF16,0xFF78,0xFF9A,0xFF9A,0xFF9A,0xFF9A,0xFF9A,0xFF9A,0xFF9A,0xFFBB,0x7984,
    0xFF9A,0xFF99,0xFF99,0xFF9A,0xFF9A,0xFF9A,0xFF99,0xF695,0x5145,0x4107,0x28E6,0x51A9,0x9A4C,0xB22B,0xDAA8,0x40E4,
    0xEFDE,0xEFDE,0xEFDE,0xEFDE,0xEFDE,0xEFDE,0xEFDE,0xEFDE,0xEFDE,0xEFDE,0xEFDE,0xEFDE,0xEFDE,0xEFDE,0xEFDE,0xEFDE,
    0xEFDE,0xEFDE,0xEFDE,0xEFDE,0xEFDE,0xEFDE,0xEFDE,0xEFDE,0xEFDE,0xEFDE,0xEFDE,0xEFDE,0xEFDE,0xEFDE,0xEFDE,0xEFDE,
    0xEFDE,0xEFDE,0xEFDE,0xEFDE,0xEFDE,0xEFDE,0xEFDE,0xEFDE,0xEFDE,0xEFDE,0xEFDE,0xEFDE,0xEFDE,0xEFDE,0xEFDE,0xEFDE,
    0x31A8,0x4187,0x44AE,0x548D,0x4C4D,0x2C6E,0x2C6E,0x2C4E,0x346E,0x348E,0x348E,0x2CAE,0x34EE,0x34CE,0x3CAD,0x552E,
    0x554E,0x656F,0x5D4E,0x5D2E,0x346D,0x3CCE,0x554D,0x554D,0x656E,0x556F,0x3CEE,0x2C6E,0x2C4C,0x2C2C,0x34AB,0x2A05,
    0xE2E8,0xFC0B,0xFC6C,0xFC2C,0xFBEB,0xFDD0,0xFEF4,0xFE53,0xFDAF,0xFD8F,0xFD4E,0x39C7,0xFFBC,0xFFDC,0xFFDC,0xFFDD,
    0xFFDD,0xFFDD,0xF79C,0xF715,0xFF16,0xFF9A,0xFF9A,0xFF9A,0xFF9A,0xFF9A,0xFF9A,0xFF9A,0xFF9A,0xFF9A,0xB348,0xFF79,
    0xFF99,0xFF99,0xFF99,0xFF9A,0xFF9A,0xFF9A,0xEE74,0x7165,0x61AA,0x6A2B,0x6AAA,0x62CB,0x59CA,0xBA4C,0xA229,0x9451,
    0xEFDE,0xEFDE,0xEFDE,0xEFDE,0xEFDE,0xEFDE,0xEFDE,0xEFDE,0xEFDE,0xEFDE,0xEFDE,0xEFDE,0xEFDE,0xEFDE,0xEFDE,0xEFDE,
    0xEFDE,0xEFDE,0xEFDE,0xEFDE,0xEFDE,0xEFDE,0xEFDE,0xEFDE,0xEFDE,0xEFDE,0xEFDE,0xEFDE,0xEFDE,0xEFDE,0xEFDE,0xEFDE,
    0xEFDE,0xEFDE,0xEFDE,0xEFDE,0xEFDE,0xEFDE,0xEFDE,0xEFDE,0xEFDE,0xEFDE,0xEFDE,0xEFDE,0xEFDE,0xEFDE,0xEFDE,0xEFDE,
    0xD6FB,0x18C5,0x08E6,0x7611,0x4CCD,0x34AE,0x2C8E,0x2C6E,0x346D,0x348E,0x34AE,0x34CE,0x34EF,0x4CEE,0x552E,0x5D6E,
    0x5D8F,0x6DD0,0x658E,0x5D4E,0x3CAD,0x5D6E,0x5D8E,0x5D8E,0x5D6E,0x558F,0x246E,0x3CEE,0x346D,0x4CCB,0x83E5,0xA1E5,
    0xFC0B,0xFBEB,0xFC0B,0xFC0B,0xFC8D,0xFEF4,0xFEF4,0xFEF5,0xFEF4,0xFE52,0xFDD0,0xFD8F,0xED0F,0xFED5,0xFF79,0xFFBB,
    0xFF9A,0xFEF5,0xFF35,0xFF78,0xFF99,0xFF99,0xFF9A,0xFF9A,0xFF9A,0xFF9A,0xFF79,0xFFBA,0xFFFC,0xFF9B,0xFF9A,0xFF9A,
    0xFF99,0xFF99,0xFF9A,0xFF9A,0xFFBB,0xF695,0x5125,0x41CA,0x626E,0x6A6C,0x83CF,0xE77D,0x20E5,0x91CA,0x6209,0xE79D,
    0xEFDE,0xEFDE,0xEFDE,0xEFDE,0xEFDE,0xEFDE,0xEFDE,0xEFDE,0xEFDE,0xEFDE,0xEFDE,0xEFDE,0xEFDE,0xEFDE,0xEFDE,0xEFDE,
    0xEFDE,0xEFDE,0xEFDE,0xEFDE,0xEFDE,0xEFDE,0xEFDE,0xEFDE,0xEFDE,0xEFDE,0xEFDE,0xEFDE,0xEFDE,0xEFDE,0xEFDE,0xEFDE,
    0xEFDE,0xEFDE,0xEFDE,0xEFDE,0xEFDE,0xEFDE,0xEFDE,0xEFDE,0xEFDE,0xEFDE,0xEFDE,0xEFDE,0xEFDE,0xEFDE,0xEFDE,0xEFDE,
    0xE7BE,0xBE37,0x1083,0x1A89,0x75AF,0x656D,0x346D,0x3CCE,0x3CAD,0x44CD,0x3CEE,0x5D6E,0x5D8F,0x5D8F,0x5D8F,0x5D8F,
    0x5D8F,0x5DAF,0x558E,0x552F,0x44EE,0x5D6F,0x5D6E,0x5D6E,0x5D6E,0x44EC,0x1C2D,0x3D2E,0x44EC,0x648A,0x28A3,0xA1C6,
    0xFC0B,0xFC6C,0xFC4C,0xFC2C,0xFF16,0xFEF4,0xFEF4,0xFF14,0xFF15,0xFEF5,0xFF16,0xFF37,0xFF57,0xFF36,0xFF14,0xFF35,
    0xFF36,0xFF99,0xFF99,0xFF99,0xFF99,0xFF9A,0xFF9A,0xFF9A,0xFF9A,0xFF99,0xD550,0xD50D,0xDCEC,0x5902,0xFFBC,0xFF9A,
    0xFF9A,0xFF9A,0xFF99,0xFF17,0xF653,0x20E5,0x10A3,0x2147,0x31A9,0x2968,0x8C51,0xE79D,0xAD34,0x3186,0xE77D,0xE7BE,
    0xEFDE,0xEFDE,0xEFDE,0xEFDE,0xEFDE,0xEFDE,0xEFDE,0xEFDE,0xEFDE,0xEFDE,0xEFDE,0xEFDE,0xEFDE,0xEFDE,0xEFDE,0xEFDE,
    0xEFDE,0xEFDE,0xEFDE,0xEFDE,0xEFDE,0xEFDE,0xEFDE,0xEFDE,0xEFDE,0xEFDE,0xEFDE,0xEFDE,0xEFDE,0xEFDE,0xEFDE,0xEFDE,
    0xEFDE,0xEFDE,0xEFDE,0xEFDE,0xEFDE,0xEFDE,0xEFDE,0xEFDE,0xEFDE,0xEFDE,0xEFDE,0xEFDE,0xEFDE,0xEFDE,0xEFDE,0xEFDE,
    0xE7BE,0xE7BE,0xEFDE,0x1105,0x0883,0x7DD0,0x75D0,0x658F,0x5D8F,0x5D6F,0x5D6F,0x5D6F,0x5D6E,0x5D6F,0x5D8F,0x5D8F,
    0x5D8F,0x5D8F,0x5D8E,0x13EE,0x5D90,0x5D8E,0x5D6E,0x5D6E,0x5D4E,0x44ED,0x3D50,0x4D6D,0x654C,0x74CB,0x60A4,0xFC0B,
    0xFC2C,0xFC4C,0xFBEB,0xFC8D,0xFCAD,0xFBCB,0xFE52,0xFEF4,0xFF14,0xFF57,0xFF37,0xAE74,0x7E31,0x7E51,0x7E51,0x7651,
    0x8E92,0xF7B9,0xFF9A,0xFF9A,0xFF9A,0xFF9A,0xFF9A,0xFF9A,0xFF9A,0xFFDA,0x9A44,0xFEF3,0xFF98,0xFEF4,0x6163,0xFF7A,
    0xFF9B,0xFFBB,0xEE12,0x5A29,0x20E4,0x526A,0xDF5C,0xE79D,0xEFDE,0xEFDE,0xE7DE,0xE7BE,0xEFDE,0xEFDE,0xEFDE,0xEFDE,
    0xEFDE,0xEFDE,0xEFDE,0xEFDE,0xEFDE,0xEFDE,0xEFDE,0xEFDE,0xEFDE,0xEFDE,0xEFDE,0xEFDE,0xEFDE,0xEFDE,0xEFDE,0xEFDE,
    0xEFDE,0xEFDE,0xEFDE,0xEFDE,0xEFDE,0xEFDE,0xEFDE,0xEFDE,0xEFDE,0xEFDE,0xEFDE,0xEFDE,0xEFDE,0xEFDE,0xEFDE,0xEFDE,
    0xEFDE,0xEFDE,0xEFDE,0xEFDE,0xEFDE,0xEFDE,0xEFDE,0xEFDE,0xEFDE,0xEFDE,0xEFDE,0xEFDE,0xEFDE,0xEFDE,0xEFDE,0xEFDE,
    0xE7BE,0xE7BE,0xE7BE,0xE7BE,0x10A3,0x0884,0x3C2D,0x8651,0x75F0,0x5D8F,0x5D8F,0x5D8F,0x5D8F,0x5D8F,0x6DD0,0x5DAF,
    0x5DAF,0x5D8F,0x348C,0x242E,0x5DAF,0x5D8E,0x5D8E,0x5D6E,0x5D6E,0x3CAD,0x5D2D,0x6D8B,0xA54B,0x3104,0xFC2B,0xFC4C,
    0xFC2C,0xFC0C,0xFC0C,0xFD90,0xFC0B,0xFBAA,0xFE93,0xFEF4,0xFEF4,0xFF57,0xFF79,0x6DF1,0x7631,0x7E51,0x7E52,0x7652,
    0x6E11,0xFF99,0xFF9A,0xFF9A,0xFF9A,0xFF9A,0xFF9A,0xFF9A,0xFF9A,0xFFDB,0xBAA4,0xED2A,0xFF14,0xFF55,0xB368,0xFF79,
    0x6AA8,0x0042,0x0000,0x0001,0x1062,0x18A3,0xAD75,0xE79D,0xEFDE,0xEFDE,0xEFDE,0xEFDE,0xEFDE,0xEFDE,0xEFDE,0xEFDE,
    0xEFDE,0xEFDE,0xEFDE,0xEFDE,0xEFDE,0xEFDE,0xEFDE,0xEFDE,0xEFDE,0xEFDE,0xEFDE,0xEFDE,0xEFDE,0xEFDE,0xEFDE,0xEFDE,
    0xEFDE,0xEFDE,0xEFDE,0xEFDE,0xEFDE,0xEFDE,0xEFDE,0xEFDE,0xEFDE,0xEFDE,0xEFDE,0xEFDE,0xEFDE,0xEFDE,0xEFDE,0xEFDE,
    0xEFDE,0xEFDE,0xEFDE,0xEFDE,0xEFDE,0xEFDE,0xEFDE,0xEFDE,0xEFDE,0xEFDE,0xEFDE,0xEFDE,0xEFDE,0xEFDE,0xEFDE,0xEFDE,
    0xEFDE,0xE7BE,0xE7BE,0xE7BE,0xDF7D,0x63CF,0x1105,0x2AEB,0x652F,0x8651,0x6DEF,0x658E,0x5D8F,0x65CF,0x65CF,0x5DCF,
    0x65B0,0x4389,0x43C8,0x342D,0x5DAF,0x5D8E,0x658E,0x5D8D,0x552D,0x5D2C,0x6D4B,0x6D4C,0x4165,0x89C6,0xFBEC,0xFB6A,
    0xFB8A,0xFB4A,0xFC0C,0xFC0C,0xFBEB,0xFB6A,0xFE52,0xFE31,0xFED3,0xFF35,0xFF79,0xEF59,0xA693,0x7E51,0x7E72,0x9ED4,
    0xF79A,0xFF9A,0xFF9A,0xFF9A,0xFF9A,0xFF9A,0xFF9A,0xFF9A,0xFF9A,0xFF9A,0xCD92,0xED4C,0xFEF3,0xFF14,0xB3CB,0x3165,
    0x2168,0x2A2C,0x21CB,0xE631,0xF715,0xE54E,0x6206,0xA534,0xE7BE,0xEFDE,0xEFDE,0xEFDE,0xEFDE,0xEFDE,0xEFDE,0xEFDE,
    0xEFDE,0xEFDE,0xEFDE,0xEFDE,0xEFDE,0xEFDE,0xEFDE,0xEFDE,0xEFDE,0xEFDE,0xEFDE,0xEFDE,0xEFDE,0xEFDE,0xEFDE,0xEFDE,
    0xEFDE,0xEFDE,0xEFDE,0xEFDE,0xEFDE,0xEFDE,0xEFDE,0xEFDE,0xEFDE,0xEFDE,0xEFDE,0xEFDE,0xEFDE,0xEFDE,0xEFDE,0xEFDE,
    0xEFDE,0xEFDE,0xEFDE,0xEFDE,0xEFDE,0xEFDE,0xEFDE,0xEFDE,0xEFDE,0xEFDE,0xEFDE,0xEFDE,0xEFDE,0xEFDE,0xEFDE,0xEFDE,
    0xEFDE,0xEFDE,0xE7BE,0xE7BE,0xE7BE,0xE7BE,0xD73B,0x0022,0x0021,0x1A89,0x7E11,0x8690,0x7E2F,0x75EF,0x6DCF,0x7E51,
    0x2062,0xFDE4,0xFE24,0x6941,0x64EE,0x558F,0x658F,0x5D4D,0x656E,0x8EB3,0x8693,0x0A48,0x1863,0xFC0C,0xFB8A,0xFAE9,
    0xFB8A,0xFC0C,0xFC2C,0xFC2C,0xFB6A,0xF309,0xFC2D,0xF3EA,0xFEF4,0xFF14,0xFF36,0xFF58,0xFF78,0xFF78,0xFF9A,0xFF9A,
    0xFF9A,0xFF9A,0xFF9A,0xFF9A,0xFF9A,0xFF99,0xFF9A,0xFF99,0xFF9A,0xFFBB,0xCD92,0xE50C,0xFEB2,0xFEF4,0x2904,0x2189,
    0x324C,0x322C,0x29CA,0x08A6,0xFFF3,0xFEAF,0x71C5,0x2125,0xEFDE,0xEFDE,0xEFDE,0xEFDE,0xEFDE,0xEFDE,0xEFDE,0xEFDE,
    0xEFDE,0xEFDE,0xEFDE,0xEFDE,0xEFDE,0xEFDE,0xEFDE,0xEFDE,0xEFDE,0xEFDE,0xEFDE,0xEFDE,0xEFDE,0xEFDE,0xEFDE,0xEFDE,
    0xEFDE,0xEFDE,0xEFDE,0xEFDE,0xEFDE,0xEFDE,0xEFDE,0xEFDE,0xEFDE,0xEFDE,0xEFDE,0xEFDE,0xEFDE,0xEFDE,0xEFDE,0xEFDE,
    0xEFDE,0xEFDE,0xEFDE,0xEFDE,0xEFDE,0xEFDE,0xEFDE,0xEFDE,0xEFDE,0xEFDE,0xEFDE,0xEFDE,0xEFDE,0xEFDE,0xEFDE,0xEFDE,
    0xEFDE,0xEFDE,0xEFDE,0xEFDE,0xEFDE,0xEFDE,0xEFDE,0xEFDE,0xEFDE,0xBE99,0x0863,0x08A4,0x0063,0x1207,0x11E6,0x20C2,
    0xFF0C,0xFFFA,0xFE44,0xE4E4,0x9304,0x65D1,0x8E91,0x7E70,0x7611,0x09A7,0x08C4,0xC2E8,0xDA06,0xDA07,0xB9E7,0xF309,
    0xFC2C,0xFC2C,0xFC0B,0xFB8A,0xF288,0xFC4C,0xFC4C,0xFE51,0xFDEE,0xFE0F,0xFE93,0xFE93,0xFE51,0xFEB4,0xFED4,0xFED4,
    0xFF37,0xFF79,0xFF79,0xFF58,0xFF15,0xFF79,0xFF17,0xFED5,0xF5F1,0xD50E,0x7B0A,0x6AEA,0xF6B2,0x10C4,0x2A2B,0x328D,
    0x324C,0x3A8D,0x2168,0x0884,0x0042,0xEB85,0xFCA9,0xCBE9,0xC699,0xE7BE,0xE7BE,0xEFDE,0xEFDE,0xEFDE,0xEFDE,0xEFDE,
    0xEFDE,0xEFDE,0xEFDE,0xEFDE,0xEFDE,0xEFDE,0xEFDE,0xEFDE,0xEFDE,0xEFDE,0xEFDE,0xEFDE,0xEFDE,0xEFDE,0xEFDE,0xEFDE,
    0xEFDE,0xEFDE,0xEFDE,0xEFDE,0xEFDE,0xEFDE,0xEFDE,0xEFDE,0xEFDE,0xEFDE,0xEFDE,0xEFDE,0xEFDE,0xEFDE,0xEFDE,0xEFDE,
    0xEFDE,0xEFDE,0xEFDE,0xEFDE,0xEFDE,0xEFDE,0xEFDE,0xEFDE,0xEFDE,0xEFDE,0xEFDE,0xEFDE,0xEFDE,0xEFDE,0xEFDE,0xEFDE,
    0xEFDE,0xEFDE,0xEFDE,0xEFDE,0xEFDE,0xEFDE,0xEFDE,0xEFDE,0xEFDE,0xE7BE,0xE79D,0xCEFB,0x3A09,0x4229,0x2144,0x38C2,
    0xFE25,0xFF07,0xFDC2,0xE483,0xAAE3,0x19C6,0x3C6D,0x1ACA,0x08C6,0x10C5,0x91C8,0x9186,0x9986,0xA165,0xF36A,0xFBEB,
    0xFCAD,0xFC2C,0xFB69,0xFB29,0xF268,0xFC0B,0xFCAE,0xFC2A,0xFB89,0xE348,0xFDF0,0xF5AE,0xED4C,0xFE10,0xF693,0xFEB3,
    0xFEB3,0xFE93,0xF693,0xF652,0xEE10,0xE5AF,0xD50E,0xBC2D,0xA38C,0x18A4,0x0022,0x198A,0x1969,0x2A0C,0x2A4C,0x328C,
    0x32AC,0x3A6B,0x4A09,0x2A0B,0x29EB,0x832A,0xF716,0xDC6A,0x4229,0xE7BD,0xE7BE,0xE7BE,0xEFDE,0xEFDE,0xEFDE,0xEFDE,
    0xEFDE,0xEFDE,0xEFDE,0xEFDE,0xEFDE,0xEFDE,0xEFDE,0xEFDE,0xEFDE,0xEFDE,0xEFDE,0xEFDE,0xEFDE,0xEFDE,0xEFDE,0xEFDE,
    0xEFDE,0xEFDE,0xEFDE,0xEFDE,0xEFDE,0xEFDE,0xEFDE,0xEFDE,0xEFDE,0xEFDE,0xEFDE,0xEFDE,0xEFDE,0xEFDE,0xEFDE,0xEFDE,
    0xEFDE,0xEFDE,0xEFDE,0xEFDE,0xEFDE,0xEFDE,0xEFDE,0xEFDE,0xEFDE,0xEFDE,0xEFDE,0xEFDE,0xEFDE,0xEFDE,0xEFDE,0xEFDE,
    0xEFDE,0xEFDE,0xEFDE,0xEFDE,0xEFDE,0xEFDE,0xEFDE,0xEFDE,0xEFDE,0xE7BE,0xE7BE,0xE7BE,0xE7BD,0xE7BD,0xADD6,0x4164,
    0xDBE1,0xF501,0xDC22,0xB304,0xAAE3,0x0084,0x0063,0x3A08,0xAD95,0x420A,0x2126,0x18E5,0x18C5,0x8966,0xFC0C,0xFC4C,
    0xFBCA,0xFBCA,0xF2E8,0xF2A8,0xEA88,0xFB49,0xFBAA,0xEAA8,0xE248,0xD228,0xCA49,0xBA08,0x99C7,0x89E8,0x5946,0x28C5,
    0x28E4,0x20E4,0x18E4,0x08A4,0x0864,0x0023,0x0044,0x9A68,0xA2A9,0xBB0A,0x08A5,0x21AA,0x196A,0x220C,0x29EB,0x2A0B,
    0x3AEB,0x2AAC,0x322B,0x2A0C,0x1969,0x10A5,0xF5AD,0xF5AF,0x3186,0xE79D,0xE7BE,0xE7BE,0xEFDE,0xEFDE,0xEFDE,0xEFDE,
    0xEFDE,0xEFDE,0xEFDE,0xEFDE,0xEFDE,0xEFDE,0xEFDE,0xEFDE,0xEFDE,0xEFDE,0xEFDE,0xEFDE,0xEFDE,0xEFDE,0xEFDE,0xEFDE,
    0xEFDE,0xEFDE,0xEFDE,0xEFDE,0xEFDE,0xEFDE,0xEFDE,0xEFDE,0xEFDE,0xEFDE,0xEFDE,0xEFDE,0xEFDE,0xEFDE,0xEFDE,0xEFDE,
    0xEFDE,0xEFDE,0xEFDE,0xEFDE,0xEFDE,0xEFDE,0xEFDE,0xEFDE,0xEFDE,0xEFDE,0xEFDE,0xEFDE,0xEFDE,0xEFDE,0xEFDE,0xEFDE,
    0xEFDE,0xEFDE,0xEFDE,0xEFDE,0xEFDE,0xEFDE,0xEFDE,0xEFDE,0xEFDE,0xE7BE,0xE7BE,0xE7BE,0xE7BE,0xE7BE,0xE7BD,0x0041,
    0x8A22,0xB302,0xB303,0x9243,0x1083,0xD6FA,0xE77D,0xE79D,0xE79D,0xDF1B,0xD6DA,0xD6BA,0x7A49,0xEAE9,0xFC6C,0xFBCA,
    0xFB8A,0xF2E8,0xF2A8,0xC9C6,0xF2C8,0xFB49,0xF309,0xE2A9,0xB1C7,0xA186,0x18A5,0x0884,0x0042,0x0822,0x0845,0x0044,
    0x0864,0x10E5,0x0043,0x0023,0x0023,0x3105,0x9289,0xB2E9,0xB2C9,0x0022,0x1949,0x2169,0x222C,0x222C,0x21CA,0x29EB,
    0x2A6C,0x2A6C,0x2A2B,0x1969,0x1947,0x10C5,0xBB26,0xB2E6,0x2966,0xC699,0xE7BE,0xE7BE,0xEFDE,0xEFDE,0xEFDE,0xEFDE,
    0xEFDE,0xEFDE,0xEFDE,0xEFDE,0xEFDE,0xEFDE,0xEFDE,0xEFDE,0xEFDE,0xEFDE,0xEFDE,0xEFDE,0xEFDE,0xEFDE,0xEFDE,0xEFDE,
    0xEFDE,0xEFDE,0xEFDE,0xEFDE,0xEFDE,0xEFDE,0xEFDE,0xEFDE,0xEFDE,0xEFDE,0xEFDE,0xEFDE,0xEFDE,0xEFDE,0xEFDE,0xEFDE,
    0xEFDE,0xEFDE,0xEFDE,0xEFDE,0xEFDE,0xEFDE,0xEFDE,0xEFDE,0xEFDE,0xEFDE,0xEFDE,0xEFDE,0xEFDE,0xEFDE,0xEFDE,0xEFDE,
    0xEFDE,0xEFDE,0xEFDE,0xEFDE,0xEFDE,0xEFDE,0xEFDE,0xEFDE,0xEFDE,0xEFDE,0xEFDE,0xEFDE,0xEFDE,0xE7BE,0xE7BE,0xE7BE,
    0xBE17,0x10C3,0x10A4,0x5AEB,0xE7BE,0xE7BE,0xE7BE,0xE7BE,0xE7BE,0xE7BE,0xE7BE,0xBD95,0x91C7,0xFBEB,0xFC6D,0xFB09,
    0xF2C9,0xE268,0xC9E7,0x8985,0xEA88,0xDA88,0xD208,0x8146,0x4944,0xD46D,0xDD71,0xD530,0xC48E,0x6ACB,0x0023,0x10E6,
    0x10E7,0x1107,0x1948,0x1969,0x198A,0x1148,0x1168,0x0085,0x08E7,0x0045,0x1129,0x2169,0x224C,0x224C,0x2A0B,0x21AB,
    0x21EB,0x2A4C,0x2A2B,0x2A2B,0x21EA,0x21EB,0x0043,0xFF78,0xD52D,0x6B6E,0xE7BE,0xE7BE,0xEFDE,0xEFDE,0xEFDE,0xEFDE,
    0xEFDE,0xEFDE,0xEFDE,0xEFDE,0xEFDE,0xEFDE,0xEFDE,0xEFDE,0xEFDE,0xEFDE,0xEFDE,0xEFDE,0xEFDE,0xEFDE,0xEFDE,0xEFDE,
    0xEFDE,0xEFDE,0xEFDE,0xEFDE,0xEFDE,0xEFDE,0xEFDE,0xEFDE,0xEFDE,0xEFDE,0xEFDE,0xEFDE,0xEFDE,0xEFDE,0xEFDE,0xEFDE,
    0xEFDE,0xEFDE,0xEFDE,0xEFDE,0xEFDE,0xEFDE,0xEFDE,0xEFDE,0xEFDE,0xEFDE,0xEFDE,0xEFDE,0xEFDE,0xEFDE,0xEFDE,0xEFDE,
    0xEFDE,0xEFDE,0xEFDE,0xEFDE,0xEFDE,0xEFDE,0xEFDE,0xEFDE,0xEFDE,0xEFDE,0xEFDE,0xEFDE,0xEFDE,0xE7BE,0xE7BE,0xE7BE,
    0xE7BE,0xE7BE,0xE7BE,0xE7BE,0xEFDE,0xEFDE,0xEFDE,0xEFDE,0xEFDE,0xEFDE,0xE7BE,0xBD95,0x8986,0xFBCA,0xF309,0xDA48,
    0xD228,0x91A8,0x3925,0x81C6,0xD1C7,0xC227,0x5986,0xEDF0,0xFEB3,0xFF36,0xFF98,0xFF57,0xF694,0xF6B4,0xE550,0xBC2C,
    0x0864,0x1106,0x1968,0x1969,0x2A0C,0x21EB,0x21EB,0x2A2D,0x222D,0x0022,0x08C6,0x1968,0x21CB,0x224C,0x29EB,0x21CB,
    0x2A4C,0x222B,0x2A2B,0x2A2B,0x21EB,0x21EB,0x0022,0xF692,0x9246,0x52CB,0xE7BE,0xE7BE,0xEFDE,0xEFDE,0xEFDE,0xEFDE,
    0xEFDE,0xEFDE,0xEFDE,0xEFDE,0xEFDE,0xEFDE,0xEFDE,0xEFDE,0xEFDE,0xEFDE,0xEFDE,0xEFDE,0xEFDE,0xEFDE,0xEFDE,0xEFDE,
    0xEFDE,0xEFDE,0xEFDE,0xEFDE,0xEFDE,0xEFDE,0xEFDE,0xEFDE,0xEFDE,0xEFDE,0xEFDE,0xEFDE,0xEFDE,0xEFDE,0xEFDE,0xEFDE,
    0xEFDE,0xEFDE,0xEFDE,0xEFDE,0xEFDE,0xEFDE,0xEFDE,0xEFDE,0xEFDE,0xEFDE,0xEFDE,0xEFDE,0xEFDE,0xEFDE,0xEFDE,0xEFDE,
    0xEFDE,0xEFDE,0xEFDE,0xEFDE,0xEFDE,0xEFDE,0xEFDE,0xEFDE,0xEFDE,0xEFDE,0xEFDE,0xEFDE,0xEFDE,0xEFDE,0xEFDE,0xE7BE,
    0xE7BE,0xE7BE,0xE7BE,0xE7BE,0xE7BE,0xEFDE,0xEFDE,0xEFDE,0xEFDE,0xEFDE,0xE7BE,0xBDD6,0x7966,0xFB68,0xD248,0xBA09,
    0x6188,0x4946,0x734A,0x9227,0xC1E7,0x4144,0xE590,0xFF36,0xFF77,0xFF77,0xFF78,0xFF77,0xFF77,0xFF57,0xFF57,0xEEB5,
    0x59E6,0x10A5,0x0885,0x1128,0x1148,0x1989,0x21CB,0x19CB,0x3943,0x89C2,0x8980,0x20E5,0x2189,0x220B,0x21EB,0x222C,
    0x222B,0x21CA,0x21CA,0x21CA,0x1969,0x1968,0x0002,0xD4AC,0x82A8,0x4249,0xE7BE,0xE7BE,0xEFDE,0xEFDE,0xEFDE,0xEFDE,
    0xEFDE,0xEFDE,0xEFDE,0xEFDE,0xEFDE,0xEFDE,0xEFDE,0xEFDE,0xEFDE,0xEFDE,0xEFDE,0xEFDE,0xEFDE,0xEFDE,0xEFDE,0xEFDE,
    0xEFDE,0xEFDE,0xEFDE,0xEFDE,0xEFDE,0xEFDE,0xEFDE,0xEFDE,0xEFDE,0xEFDE,0xEFDE,0xEFDE,0xEFDE,0xEFDE,0xEFDE,0xEFDE,
    0xEFDE,0xEFDE,0xEFDE,0xEFDE,0xEFDE,0xEFDE,0xEFDE,0xEFDE,0xEFDE,0xEFDE,0xEFDE,0xEFDE,0xEFDE,0xEFDE,0xEFDE,0xEFDE,
    0xEFDE,0xEFDE,0xEFDE,0xEFDE,0xEFDE,0xEFDE,0xEFDE,0xEFDE,0xEFDE,0xEFDE,0xEFDE,0xEFDE,0xEFDE,0xEFDE,0xEFDE,0xEFDE,
    0xE7BE,0xE7BE,0xE7BE,0xE7BE,0xEFDE,0xEFDE,0xEFDE,0xEFDE,0xEFDE,0xEFDE,0xE7BE,0xDF1B,0x59C8,0xEB09,0x5926,0x6229,
    0xDEFA,0xE77D,0x3A27,0x8AEA,0x40E5,0x59C6,0xFFBA,0xFF77,0xFF35,0xF652,0xE5B2,0xEDD1,0xFF56,0xFF56,0xFF77,0xFF78,
    0xFF78,0xF693,0x0884,0x10E6,0x0884,0x08C5,0x1928,0x0000,0xE4E5,0xFE08,0xFF0E,0xFFB0,0x2127,0x21CB,0x220B,0x2A2C,
    0x21EB,0x21AA,0x21AA,0x1949,0x10E7,0x0885,0x4945,0x9267,0x18C5,0x94F3,0xE7BE,0xE7BE,0xEFDE,0xEFDE,0xEFDE,0xEFDE,
    0xEFDE,0xEFDE,0xEFDE,0xEFDE,0xEFDE,0xEFDE,0xEFDE,0xEFDE,0xEFDE,0xEFDE,0xEFDE,0xEFDE,0xEFDE,0xEFDE,0xEFDE,0xEFDE,
    0xEFDE,0xEFDE,0xEFDE,0xEFDE,0xEFDE,0xEFDE,0xEFDE,0xEFDE,0xEFDE,0xEFDE,0xEFDE,0xEFDE,0xEFDE,0xEFDE,0xEFDE,0xEFDE,
    0xEFDE,0xEFDE,0xEFDE,0xEFDE,0xEFDE,0xEFDE,0xEFDE,0xEFDE,0xEFDE,0xEFDE,0xEFDE,0xEFDE,0xEFDE,0xEFDE,0xEFDE,0xEFDE,
    0xEFDE,0xEFDE,0xEFDE,0xEFDE,0xEFDE,0xEFDE,0xEFDE,0xEFDE,0xEFDE,0xEFDE,0xEFDE,0xEFDE,0xEFDE,0xEFDE,0xEFDE,0xEFDE,
    0xEFDE,0xEFDE,0xEFDE,0xEFDE,0xEFDE,0xEFDE,0xEFDE,0xEFDE,0xEFDE,0xEFDE,0xE7BE,0xE7BE,0x83AF,0x59E9,0xB575,0xE7BE,
    0xE7BE,0xE7BE,0xE77D,0xACF2,0x4986,0xEE74,0xFF57,0xED70,0xDD70,0x842D,0x0147,0x00E6,0xB4AE,0xD52E,0xEE32,0xFF57,
    0xFF57,0xFF17,0xD4EF,0x0863,0x1969,0x21CB,0x29A9,0x8A64,0xDC63,0xFF2D,0xFF74,0xFEA8,0xFDE4,0x2967,0x1989,0x21AB,
    0x21AA,0x1969,0x1128,0x0927,0x0022,0x00A4,0x00A3,0x5ACA,0x2126,0xE79D,0xE7BE,0xE7BE,0xEFDE,0xEFDE,0xEFDE,0xEFDE,
    0xEFDE,0xEFDE,0xEFDE,0xEFDE,0xEFDE,0xEFDE,0xEFDE,0xEFDE,0xEFDE,0xEFDE,0xEFDE,0xEFDE,0xEFDE,0xEFDE,0xEFDE,0xEFDE,
    0xEFDE,0xEFDE,0xEFDE,0xEFDE,0xEFDE,0xEFDE,0xEFDE,0xEFDE,0xEFDE,0xEFDE,0xEFDE,0xEFDE,0xEFDE,0xEFDE,0xEFDE,0xEFDE,
    0xEFDE,0xEFDE,0xEFDE,0xEFDE,0xEFDE,0xEFDE,0xEFDE,0xEFDE,0xEFDE,0xEFDE,0xEFDE,0xEFDE,0xEFDE,0xEFDE,0xEFDE,0xEFDE,
    0xEFDE,0xEFDE,0xEFDE,0xEFDE,0xEFDE,0xEFDE,0xEFDE,0xEFDE,0xEFDE,0xEFDE,0xEFDE,0xEFDE,0xEFDE,0xEFDE,0xEFDE,0xEFDE,
    0xEFDE,0xEFDE,0xEFDE,0xEFDE,0xEFDE,0xEFDE,0xEFDE,0xEFDE,0xEFDE,0xEFDE,0xE7BE,0xE7BE,0xE7BE,0xD6FB,0xE7BE,0xE7BE,
    0xE7BE,0xEFBE,0xE77D,0x4A08,0xB42D,0xFEF5,0xDD91,0x3926,0x0A09,0x4530,0x6E11,0x34B0,0x0BAD,0x0AEC,0x31C9,0xBC8E,
    0xEE53,0xFF36,0xF632,0x20A3,0x0885,0x1926,0x4124,0x81E4,0x7A05,0x6964,0xDDCC,0xFDC3,0xFD02,0xF505,0x0001,0x1928,
    0x1948,0x1928,0x1128,0x0064,0x01C8,0x030B,0x140E,0x09E9,0x638E,0xE79D,0xE7BE,0xE7BE,0xE7BE,0xEFDE,0xEFDE,0xEFDE,
    0xEFDE,0xEFDE,0xEFDE,0xEFDE,0xEFDE,0xEFDE,0xEFDE,0xEFDE,0xEFDE,0xEFDE,0xEFDE,0xEFDE,0xEFDE,0xEFDE,0xEFDE,0xEFDE,
    0xEFDE,0xEFDE,0xEFDE,0xEFDE,0xEFDE,0xEFDE,0xEFDE,0xEFDE,0xEFDE,0xEFDE,0xEFDE,0xEFDE,0xEFDE,0xEFDE,0xEFDE,0xEFDE,
    0xEFDE,0xEFDE,0xEFDE,0xEFDE,0xEFDE,0xEFDE,0xEFDE,0xEFDE,0xEFDE,0xEFDE,0xEFDE,0xEFDE,0xEFDE,0xEFDE,0xEFDE,0xEFDE,
    0xEFDE,0xEFDE,0xEFDE,0xEFDE,0xEFDE,0xEFDE,0xEFDE,0xEFDE,0xEFDE,0xEFDE,0xEFDE,0xEFDE,0xEFDE,0xEFDE,0xEFDE,0xEFDE,
    0xEFDE,0xEFDE,0xEFDE,0xEFDE,0xEFDE,0xEFDE,0xEFDE,0xEFDE,0xEFDE,0xEFDE,0xE7BE,0xE7BE,0xE7BE,0xE7BE,0xE7BE,0xE7BE,
    0xE7BE,0xE7BE,0xD6DA,0x3166,0xFE92,0xEDD0,0x83AC,0x2B8D,0x55B0,0x7E50,0x8E91,0x6E0F,0x6610,0x350E,0x0B2C,0x00A5,
    0x7288,0xD52F,0xE5D0,0xDD10,0x0863,0x4944,0x9204,0x9A65,0x9AA4,0x9A64,0x9A84,0xFD83,0xEC81,0xBB63,0x51A5,0x10C6,
    0x1107,0x1107,0x08E7,0x0146,0x03CC,0x142E,0x758D,0x652E,0x10A4,0xDF7C,0xE7BE,0xE7BE,0xE7BE,0xEFDE,0xEFDE,0xEFDE,
    0xEFDE,0xEFDE,0xEFDE,0xEFDE,0xEFDE,0xEFDE,0xEFDE,0xEFDE,0xEFDE,0xEFDE,0xEFDE,0xEFDE,0xEFDE,0xEFDE,0xEFDE,0xEFDE,
    0xEFDE,0xEFDE,0xEFDE,0xEFDE,0xEFDE,0xEFDE,0xEFDE,0xEFDE,0xEFDE,0xEFDE,0xEFDE,0xEFDE,0xEFDE,0xEFDE,0xEFDE,0xEFDE,
    0xEFDE,0xEFDE,0xEFDE,0xEFDE,0xEFDE,0xEFDE,0xEFDE,0xEFDE,0xEFDE,0xEFDE,0xEFDE,0xEFDE,0xEFDE,0xEFDE,0xEFDE,0xEFDE,
    0xEFDE,0xEFDE,0xEFDE,0xEFDE,0xEFDE,0xEFDE,0xEFDE,0xEFDE,0xEFDE,0xEFDE,0xEFDE,0xEFDE,0xEFDE,0xEFDE,0xEFDE,0xEFDE,
    0xEFDE,0xEFDE,0xEFDE,0xEFDE,0xEFDE,0xEFDE,0xEFDE,0xEFDE,0xEFDE,0xEFDE,0xEFDE,0xE7BE,0xE7BE,0xE7BE,0xE7BE,0xE7BE,
    0xE7BE,0xE7BE,0x9470,0x6A89,0xEDB0,0xD4CD,0x1167,0x55B0,0x7E51,0x8692,0x7672,0x6631,0x5E10,0x4DAF,0x2CAE,0x02EB,
    0x0187,0x28E4,0xA328,0x0842,0x0842,0x7163,0x9A85,0xA2E4,0xBC00,0xB341,0x9A83,0x6962,0xCBA1,0xC3A2,0x9A44,0x0022,
    0x0865,0x0022,0x0044,0x0BAC,0x24CE,0x5DCE,0x7D6C,0xAD8C,0x0105,0x2987,0xE7BE,0xE7BE,0xE7BE,0xEFDE,0xEFDE,0xEFDE,
    0xEFDE,0xEFDE,0xEFDE,0xEFDE,0xEFDE,0xEFDE,0xEFDE,0xEFDE,0xEFDE,0xEFDE,0xEFDE,0xEFDE,0xEFDE,0xEFDE,0xEFDE,0xEFDE,
    0xEFDE,0xEFDE,0xEFDE,0xEFDE,0xEFDE,0xEFDE,0xEFDE,0xEFDE,0xEFDE,0xEFDE,0xEFDE,0xEFDE,0xEFDE,0xEFDE,0xEFDE,0xEFDE,
    0xEFDE,0xEFDE,0xEFDE,0xEFDE,0xEFDE,0xEFDE,0xEFDE,0xEFDE,0xEFDE,0xEFDE,0xEFDE,0xEFDE,0xEFDE,0xEFDE,0xEFDE,0xEFDE,
    0xEFDE,0xEFDE,0xEFDE,0xEFDE,0xEFDE,0xEFDE,0xEFDE,0xEFDE,0xEFDE,0xEFDE,0xEFDE,0xEFDE,0xEFDE,0xEFDE,0xEFDE,0xE7BE,
    0xE7BE,0xE7BE,0xE77D,0x4A29,0x41C8,0x9CB2,0xEFDE,0xEFDE,0xEFDE,0xEFDE,0xEFDE,0xEFDE,0xEFDE,0xEFDE,0xEFDE,0xEFDE,
    0xEFDE,0xE7BE,0x08A3,0xBC2C,0xEDD0,0x9BED,0x2C2D,0x6E72,0x6E71,0x96D4,0x6672,0x6E52,0x6E10,0x6DAF,0x2C2E,0x0B6D,
    0x028B,0x00C5,0x9CCE,0x8CED,0x1B6C,0x3905,0x7184,0xB3C5,0xBBC1,0x9283,0x8A04,0x8A24,0x71C3,0x9AA3,0x9224,0x18A6,
    0x534C,0x1188,0x030D,0x3D0E,0x3D0D,0x55CF,0x65F0,0xD691,0xDE4E,0x08C7,0xBEBA,0xE7BE,0xE7BE,0xEFDE,0xEFDE,0xEFDE,
    0xEFDE,0xEFDE,0xEFDE,0xEFDE,0xEFDE,0xEFDE,0xEFDE,0xEFDE,0xEFDE,0xEFDE,0xEFDE,0xEFDE,0xEFDE,0xEFDE,0xEFDE,0xEFDE,
    0xEFDE,0xEFDE,0xEFDE,0xEFDE,0xEFDE,0xEFDE,0xEFDE,0xEFDE,0xEFDE,0xEFDE,0xEFDE,0xEFDE,0xEFDE,0xEFDE,0xEFDE,0xEFDE,
    0xEFDE,0xEFDE,0xEFDE,0xEFDE,0xEFDE,0xEFDE,0xEFDE,0xEFDE,0xEFDE,0xEFDE,0xEFDE,0xEFDE,0xEFDE,0xEFDE,0xEFDE,0xEFDE,
    0xEFDE,0xEFDE,0xEFDE,0xEFDE,0xEFDE,0xEFDE,0xEFDE,0xEFDE,0xEFDE,0xEFDE,0xEFDE,0xEFDE,0xEFDE,0xEFDE,0xEFDE,0xEFBE,
    0xEFBE,0xACD2,0x4146,0x71A6,0x9167,0x738E,0xE7BE,0xEFDE,0xEFDE,0xEFDE,0xEFDE,0xEFDE,0xEFDE,0xEFDE,0xEFDE,0xEFDE,
    0xEFDE,0xE7BE,0x0062,0xB40C,0xD50E,0x5AEB,0x3DD1,0x6631,0x6E92,0x5EB3,0x7EB3,0xAE32,0x7D8F,0x65CF,0x7690,0x86D2,
    0x4DB1,0x1A4A,0xA5AF,0x9D6D,0x13EC,0x1AAA,0x2106,0x92A5,0xA2E2,0x8A24,0x8A45,0x71A3,0x4903,0x71E5,0x6166,0x0885,
    0x228A,0x0B0C,0x034E,0x244C,0x55F0,0x6611,0x6E32,0x6E32,0x65CF,0x546E,0x10A4,0xDF7D,0xE7BE,0xEFDE,0xEFDE,0xEFDE,
    0xEFDE,0xEFDE,0xEFDE,0xEFDE,0xEFDE,0xEFDE,0xEFDE,0xEFDE,0xEFDE,0xEFDE,0xEFDE,0xEFDE,0xEFDE,0xEFDE,0xEFDE,0xEFDE,
    0xEFDE,0xEFDE,0xEFDE,0xEFDE,0xEFDE,0xEFDE,0xEFDE,0xEFDE,0xEFDE,0xEFDE,0xEFDE,0xEFDE,0xEFDE,0xEFDE,0xEFDE,0xEFDE,
    0xEFDE,0xEFDE,0xEFDE,0xEFDE,0xEFDE,0xEFDE,0xEFDE,0xEFDE,0xEFDE,0xEFDE,0xEFDE,0xEFDE,0xEFDE,0xEFDE,0xEFDE,0xEFDE,
    0xEFDE,0xEFDE,0xEFDE,0xEFDE,0xEFDE,0xEFDE,0xEFDE,0xEFDE,0xEFDE,0xEFDE,0xEFDE,0xEFDE,0xEFBE,0xEFBE,0xEFDE,0xEFDE,
    0x6229,0x99E8,0xDA87,0xD267,0x51A7,0xE79D,0xE7BE,0xEFDE,0xEFDE,0xEFDE,0xEFDE,0xEFDE,0xEFDE,0xEFDE,0xEFDE,0xEFDE,
    0xEFDE,0xE7BE,0x0042,0x9B4B,0xBC8E,0x1269,0x3D90,0x5D8F,0x7652,0x7672,0x8652,0x8D90,0x6E50,0x6650,0x45CF,0x244E,
    0x0A0B,0x4C50,0x8DAF,0x9D8D,0x5DF0,0x352D,0x1B4B,0x3125,0x9AA5,0x8A24,0x79C4,0x6143,0x5103,0x3925,0x28C5,0x09E8,
    0x5B66,0x130B,0x030D,0x246E,0x5E32,0x6652,0x55F1,0x5DF1,0x558E,0x3D0D,0x0906,0xA5D6,0xEFDE,0xEFDE,0xEFDE,0xEFDE,
    0xEFDE,0xEFDE,0xEFDE,0xEFDE,0xEFDE,0xEFDE,0xEFDE,0xEFDE,0xEFDE,0xEFDE,0xEFDE,0xEFDE,0xEFDE,0xEFDE,0xEFDE,0xEFDE,
    0xEFDE,0xEFDE,0xEFDE,0xEFDE,0xEFDE,0xEFDE,0xEFDE,0xEFDE,0xEFDE,0xEFDE,0xEFDE,0xEFDE,0xEFDE,0xEFDE,0xEFDE,0xEFDE,
    0xEFDE,0xEFDE,0xEFDE,0xEFDE,0xEFDE,0xEFDE,0xEFDE,0xEFDE,0xEFDE,0xEFDE,0xEFDE,0xEFDE,0xEFDE,0xEFDE,0xEFDE,0xEFDE,
    0xEFDE,0xEFDE,0xEFDE,0xEFDE,0xEFDE,0xEFDE,0xEFDE,0xEFDE,0xEFDE,0xEFDE,0xE7BE,0xEFBE,0xEFBE,0xEFBE,0xE75C,0x51A6,
    0xA1E9,0xE2A6,0xDA45,0x69E7,0xE75C,0xEFBE,0xEFDE,0xEFDE,0xEFDE,0xEFDE,0xEFDE,0xEFDE,0xEFDE,0xEFDE,0xEFDE,0xEFDE,
    0xEFDE,0xE7BE,0x0863,0x832B,0xB48E,0x0A48,0x3550,0x552F,0x556F,0x5DD0,0x658E,0x85B0,0x6631,0x55B0,0x444C,0x4B8C,
    0x2AEB,0x6DF1,0x6DAF,0x95AE,0x6E31,0x6DEF,0x54ED,0x11A8,0x5103,0x7183,0x6162,0x5962,0x4903,0x3125,0x0042,0x032A,
    0x8C45,0x0A2A,0x0167,0x34D0,0x24B0,0x146F,0x24EE,0x2D4F,0x4D8E,0x4D8E,0x13ED,0x0064,0xE7BE,0xE7BE,0xE7BE,0xE7BE,
    0xEFDE,0xEFDE,0xEFDE,0xEFDE,0xEFDE,0xEFDE,0xEFDE,0xEFDE,0xEFDE,0xEFDE,0xEFDE,0xEFDE,0xEFDE,0xEFDE,0xEFDE,0xEFDE,
    0xEFDE,0xEFDE,0xEFDE,0xEFDE,0xEFDE,0xEFDE,0xEFDE,0xEFDE,0xEFDE,0xEFDE,0xEFDE,0xEFDE,0xEFDE,0xEFDE,0xEFDE,0xEFDE,
    0xEFDE,0xEFDE,0xEFDE,0xEFDE,0xEFDE,0xEFDE,0xEFDE,0xEFDE,0xEFDE,0xEFDE,0xEFDE,0xEFDE,0xEFDE,0xEFDE,0xEFDE,0xEFDE,
    0xEFDE,0xEFDE,0xEFDE,0xEFDE,0xEFDE,0xEFDE,0xEFDE,0xEFDE,0xEFDE,0xEFBE,0xEFBE,0xE7BE,0xEFBE,0x6B4D,0xBA27,0xEAE9,
    0xEAC8,0xE286,0x7146,0x838F,0xEFBE,0xEFBE,0xEFDE,0xEFDE,0xEFDE,0xEFDE,0xEFDE,0xEFDE,0xEFDE,0xEFDE,0xEFDE,0xEFDE,
    0xEFDE,0xE7BE,0xE79D,0x39A7,0xB46E,0x130A,0x3550,0x5590,0x6E31,0x4DF0,0x7E10,0x6631,0x6632,0x6E52,0x140D,0x136E,
    0x65F1,0x6E72,0x6610,0x7610,0x6E31,0x6DF0,0x7D6C,0x130D,0x1A8B,0x28E4,0x4922,0x4102,0x3944,0x0002,0x5A6C,0x036B,
    0x3CEE,0x0169,0x0127,0x022A,0x02AC,0x3530,0x6611,0x6E31,0x6611,0x6610,0x456F,0x0A8C,0xDFBD,0xE7BE,0xE7BE,0xE7BE,
    0xEFDE,0xEFDE,0xEFDE,0xEFDE,0xEFDE,0xEFDE,0xEFDE,0xEFDE,0xEFDE,0xEFDE,0xEFDE,0xEFDE,0xEFDE,0xEFDE,0xEFDE,0xEFDE,
    0xEFDE,0xEFDE,0xEFDE,0xEFDE,0xEFDE,0xEFDE,0xEFDE,0xEFDE,0xEFDE,0xEFDE,0xEFDE,0xEFDE,0xEFDE,0xEFDE,0xEFDE,0xEFDE,
    0xEFDE,0xEFDE,0xEFDE,0xEFDE,0xEFDE,0xEFDE,0xEFDE,0xEFDE,0xEFDE,0xEFDE,0xEFDE,0xEFDE,0xEFDE,0xEFDE,0xEFDE,0xEFDE,
    0xEFDE,0xEFDE,0xEFDE,0xEFDE,0xEFDE,0xEFDE,0xEFDE,0xEFDE,0xEFDE,0xEFBE,0xEFBE,0xEFBE,0x9CD3,0x8966,0xE2C9,0xF309,
    0xF308,0xE286,0x6186,0xA4D3,0xEFBE,0xEFBE,0xEFDE,0xEFDE,0xEFDE,0xEFDE,0xEFDE,0xEFDE,0xEFDE,0xEFDE,0xEFDE,0xEFDE,
    0xEFDE,0xE7BE,0xE79D,0x29C8,0x9B8B,0x3C2C,0x242E,0x2D10,0x4DD1,0x5E51,0x5E51,0x5E32,0x5E32,0x3591,0x4DF1,0x2430,
    0x65F0,0x6672,0x6631,0x6611,0x6631,0x6631,0x5E31,0x2C6F,0x140E,0x0988,0x20C4,0x28E3,0x0023,0x4A4D,0x524A,0x02A9,
    0x0B6D,0x02AB,0x24F0,0x4570,0x6E50,0x3D2F,0x0B6B,0x0B8C,0x3510,0x6E10,0x5DD0,0x4D70,0x0883,0xE79D,0xE7BE,0xE7BE,
    0xEFDE,0xEFDE,0xEFDE,0xEFDE,0xEFDE,0xEFDE,0xEFDE,0xEFDE,0xEFDE,0xEFDE,0xEFDE,0xEFDE,0xEFDE,0xEFDE,0xEFDE,0xEFDE,
    0xEFDE,0xEFDE,0xEFDE,0xEFDE,0xEFDE,0xEFDE,0xEFDE,0xEFDE,0xEFDE,0xEFDE,0xEFDE,0xEFDE,0xEFDE,0xEFDE,0xEFDE,0xEFDE,
    0xEFDE,0xEFDE,0xEFDE,0xEFDE,0xEFDE,0xEFDE,0xEFDE,0xEFDE,0xEFDE,0xEFDE,0xEFDE,0xEFDE,0xEFDE,0xEFDE,0xEFDE,0xEFDE,
    0xEFDE,0xEFDE,0xEFDE,0xEFDE,0xEFDE,0xEFDE,0xEFDE,0xEFDE,0xEFBE,0xEFBE,0xEFBE,0xEFDE,0x1083,0xF32A,0xFB8A,0xFAC8,
    0xFB29,0xC227,0x3906,0xE7BE,0xEFBE,0xEFBE,0xEFDE,0xEFDE,0xEFDE,0xEFDE,0xEFDE,0xEFDE,0xEFDE,0xEFDE,0xEFDE,0xEFDE,
    0xEFDE,0xEFDE,0xE7BE,0x7410,0x08A5,0x448C,0x44CE,0x24AF,0x2530,0x5652,0x5E51,0x5E52,0x5E32,0x1D2F,0x6652,0x3CF1,
    0x5DF0,0x5E32,0x6631,0x6631,0x6611,0x6631,0x55CF,0x452F,0x2490,0x034C,0x02AB,0x0041,0x31ED,0x320C,0x0841,0x1881,
    0x10C2,0x0228,0x1CCF,0x6E91,0x6E71,0x6E50,0x6650,0x6E50,0x04B1,0x3591,0x5DB0,0x55AF,0x0864,0x5B2C,0xE7BE,0xE7BE,
    0xEFDE,0xEFDE,0xEFDE,0xEFDE,0xEFDE,0xEFDE,0xEFDE,0xEFDE,0xEFDE,0xEFDE,0xEFDE,0xEFDE,0xEFDE,0xEFDE,0xEFDE,0xEFDE,
    0xEFDE,0xEFDE,0xEFDE,0xEFDE,0xEFDE,0xEFDE,0xEFDE,0xEFDE,0xEFDE,0xEFDE,0xEFDE,0xEFDE,0xEFDE,0xEFDE,0xEFDE,0xEFDE,
    0xEFDE,0xEFDE,0xEFDE,0xEFDE,0xEFDE,0xEFDE,0xEFDE,0xEFDE,0xEFDE,0xEFDE,0xEFDE,0xEFDE,0xEFDE,0xEFDE,0xEFDE,0xEFDE,
    0xEFDE,0xEFDE,0xEFDE,0xEFDE,0xEFDE,0xEFDE,0xEFDE,0xEFDE,0xE7BE,0xE7BE,0xE79D,0x6248,0x9186,0xFBEB,0xFB8A,0xFBAA,
    0xFB8A,0xA9A6,0x3905,0xE7BE,0xEFBE,0xEFBE,0xEFDE,0xEFDE,0xEFDE,0xEFDE,0xEFDE,0xEFDE,0xEFDE,0xEFDE,0xEFDE,0xEFDE,
    0xEFDE,0xEFDE,0xE7BE,0xC6BA,0x0864,0x546C,0x3BEB,0x1B8D,0x0B8D,0x5611,0x4DF1,0x4E12,0x55F1,0x35D1,0x6672,0x4D50,
    0x5DF1,0x5611,0x5611,0x6631,0x5E11,0x5DF0,0x55CF,0x3CCE,0x1C6F,0x0C0E,0x030C,0x0044,0x0022,0x18C5,0x30E3,0xDC02,
    0xE4A3,0xCCA6,0x2246,0x5610,0x5E51,0x7691,0x6630,0x6671,0x8672,0x3511,0x5D50,0x5DD0,0x01E9,0x2187,0xE7BE,0xE7BE,
    0xEFDE,0xEFDE,0xEFDE,0xEFDE,0xEFDE,0xEFDE,0xEFDE,0xEFDE,0xEFDE,0xEFDE,0xEFDE,0xEFDE,0xEFDE,0xEFDE,0xEFDE,0xEFDE,
    0xEFDE,0xEFDE,0xEFDE,0xEFDE,0xEFDE,0xEFDE,0xEFDE,0xEFDE,0xEFDE,0xEFDE,0xEFDE,0xEFDE,0xEFDE,0xEFDE,0xEFDE,0xEFDE,
    0xEFDE,0xEFDE,0xEFDE,0xEFDE,0xEFDE,0xEFDE,0xEFDE,0xEFDE,0xEFDE,0xEFDE,0xEFDE,0xEFDE,0xEFDE,0xEFDE,0xEFDE,0xEFDE,
    0xEFDE,0xEFDE,0xEFDE,0xEFDE,0xEFDE,0xEFDE,0xEFDE,0xEFBE,0xE7BE,0xE7BE,0x5AAB,0xB248,0xFBEB,0xFC0B,0xFB8A,0xFC2C,
    0xFC0B,0x9965,0x38E4,0xE7BE,0xEFBE,0xEFBE,0xEFDE,0xEFDE,0xEFDE,0xEFDE,0xEFDE,0xEFDE,0xEFDE,0xEFDE,0xEFDE,0xEFDE,
    0xEFDE,0xEFDE,0xE7BE,0xE7BE,0x18E6,0x19C8,0x4CCC,0x0AEC,0x0B2D,0x3531,0x3DB1,0x5633,0x4DD0,0x45F2,0x5E32,0x5E12,
    0x5631,0x4E11,0x5611,0x55F1,0x55F0,0x55CF,0x55D0,0x348D,0x144F,0x0BEE,0x028B,0x08A6,0x1107,0x0864,0x5165,0x7204,
    0xFDE5,0xFE26,0xF607,0x1A88,0x4E11,0x6693,0x6E91,0x6E51,0x6631,0x65F1,0x3C50,0x6DD0,0x24F0,0x08A6,0xBEBA,0xE7BE,
    0xEFDE,0xEFDE,0xEFDE,0xEFDE,0xEFDE,0xEFDE,0xEFDE,0xEFDE,0xEFDE,0xEFDE,0xEFDE,0xEFDE,0xEFDE,0xEFDE,0xEFDE,0xEFDE,
    0xEFDE,0xEFDE,0xEFDE,0xEFDE,0xEFDE,0xEFDE,0xEFDE,0xEFDE,0xEFDE,0xEFDE,0xEFDE,0xEFDE,0xEFDE,0xEFDE,0xEFDE,0xEFDE,
    0xEFDE,0xEFDE,0xEFDE,0xEFDE,0xEFDE,0xEFDE,0xEFDE,0xEFDE,0xEFDE,0xEFDE,0xEFDE,0xEFDE,0xEFDE,0xEFDE,0xEFDE,0xEFDE,
    0xEFDE,0xEFDE,0xEFDE,0xEFDE,0xEFDE,0xEFDE,0xEFDE,0xEFBE,0xE7BE,0xDF1B,0x4966,0xFC0B,0xFC2C,0xFC0B,0xFBCB,0xFC2C,
    0xFC2C,0xC1C6,0x48C4,0xE79D,0xEFBE,0xEFBE,0xEFDE,0xEFDE,0xEFDE,0xEFDE,0xEFDE,0xEFDE,0xEFDE,0xEFDE,0xEFDE,0xEFDE,
    0xEFDE,0xEFDE,0xE7BE,0xE7BE,0xD71B,0x10C4,0x448C,0x0B2C,0x024B,0x1470,0x45B1,0x4E33,0x6611,0x4612,0x5611,0x5632,
    0x5632,0x5612,0x5611,0x4DF1,0x55F1,0x4DD0,0x45D1,0x4552,0x0470,0x0BCE,0x0106,0x1128,0x1949,0x0843,0x5985,0x4963,
    0xFE07,0xFE46,0xFE8D,0x83EA,0x45D1,0x6673,0x86B1,0x6652,0x6611,0x6DD0,0x6D6E,0x75F1,0x24F0,0x0086,0xB658,0xE7BE,
    0xEFDE,0xEFDE,0xEFDE,0xEFDE,0xEFDE,0xEFDE,0xEFDE,0xEFDE,0xEFDE,0xEFDE,0xEFDE,0xEFDE,0xEFDE,0xEFDE,0xEFDE,0xEFDE,
    0xEFDE,0xEFDE,0xEFDE,0xEFDE,0xEFDE,0xEFDE,0xEFDE,0xEFDE,0xEFDE,0xEFDE,0xEFDE,0xEFDE,0xEFDE,0xEFDE,0xEFDE,0xEFDE,
    0xEFDE,0xEFDE,0xEFDE,0xEFDE,0xEFDE,0xEFDE,0xEFDE,0xEFDE,0xEFDE,0xEFDE,0xEFDE,0xEFDE,0xEFDE,0xEFDE,0xEFDE,0xEFDE,
    0xEFDE,0xEFDE,0xEFDE,0xEFDE,0xEFDE,0xEFDE,0xEFDE,0xEFBE,0xE79D,0x93EF,0xCA47,0xFC2C,0xFC2C,0xFC0B,0xFC0C,0xFC2C,
    0xFC0C,0xE287,0x6904,0xC617,0xEFBE,0xEFBE,0xEFBE,0xEFDE,0xEFDE,0xEFDE,0xEFDE,0xEFDE,0xEFDE,0xEFDE,0xEFDE,0xEFDE,
    0xEFDE,0xEFDE,0xE7BE,0xE7BE,0xE7BE,0x10A4,0x234A,0x3D0D,0x038E,0x0084,0x0BCE,0x1D11,0x55D1,0x3D91,0x5612,0x5611,
    0x5632,0x5632,0x4612,0x3E13,0x3633,0x3E12,0x25B2,0x0470,0x0430,0x028C,0x0085,0x1148,0x21AA,0x1906,0x7A06,0x4984,
    0xF588,0xFF59,0xFECE,0xEE0C,0x240C,0x55F1,0x6651,0x6651,0x6631,0x758C,0x756C,0x2D30,0x1C4F,0x00A6,0xB658,0xE7BE,
    0xEFDE,0xEFDE,0xEFDE,0xEFDE,0xEFDE,0xEFDE,0xEFDE,0xEFDE,0xEFDE,0xEFDE,0xEFDE,0xEFDE,0xEFDE,0xEFDE,0xEFDE,0xEFDE,
    0xEFDE,0xEFDE,0xEFDE,0xEFDE,0xEFDE,0xEFDE,0xEFDE,0xEFDE,0xEFDE,0xEFDE,0xEFDE,0xEFDE,0xEFDE,0xEFDE,0xEFDE,0xEFDE,
    0xEFDE,0xEFDE,0xEFDE,0xEFDE,0xEFDE,0xEFDE,0xEFDE,0xEFDE,0xEFDE,0xEFDE,0xEFDE,0xEFDE,0xEFDE,0xEFDE,0xEFDE,0xEFDE,
    0xEFDE,0xEFDE,0xEFDE,0xEFDE,0xEFDE,0xEFDE,0xEFDE,0xEFBE,0xD658,0x4904,0xFC4D,0xFC4C,0xFC2C,0xFBCB,0xFC0C,0xFC4D,
    0xFC2C,0xFB8A,0x70E3,0x9430,0xE7BE,0xE7BE,0xEFBE,0xEFDE,0xEFDE,0xEFDE,0xEFDE,0xEFDE,0xEFDE,0xEFDE,0xEFDE,0xEFDE,
    0xEFDE,0xEFDE,0xE7BE,0xE7BE,0xE7BE,0xE79D,0x08C5,0x13AD,0x0BAE,0x034D,0x0023,0x03AF,0x2D0F,0x45F2,0x4653,0x4E53,
    0x4653,0x4E73,0x4E53,0x3633,0x3633,0x35D3,0x14D1,0x03CF,0x02AC,0x0002,0x1129,0x21CB,0x21CA,0x1969,0x7229,0x71C4,
    0xB2C2,0xFF78,0xFDE4,0xFDA6,0x2AC8,0x4570,0x6631,0x6631,0x6611,0x75AD,0x5D6E,0x1490,0x0AAC,0x0884,0xBEBA,0xE7BE,
    0xEFDE,0xEFDE,0xEFDE,0xEFDE,0xEFDE,0xEFDE,0xEFDE,0xEFDE,0xEFDE,0xEFDE,0xEFDE,0xEFDE,0xEFDE,0xEFDE,0xEFDE,0xEFDE,
    0xEFDE,0xEFDE,0xEFDE,0xEFDE,0xEFDE,0xEFDE,0xEFDE,0xEFDE,0xEFDE,0xEFDE,0xEFDE,0xEFDE,0xEFDE,0xEFDE,0xEFDE,0xEFDE,
    0xEFDE,0xEFDE,0xEFDE,0xEFDE,0xEFDE,0xEFDE,0xEFDE,0xEFDE,0xEFDE,0xEFDE,0xEFDE,0xEFDE,0xEFDE,0xEFDE,0xEFDE,0xEFDE,
    0xEFDE,0xEFDE,0xEFDE,0xEFDE,0xEFDE,0xEFDE,0xEFDE,0xE7BE,0x3966,0x9925,0xFC6D,0xFC4C,0xFC2C,0xFBAB,0xFC4C,0xFC2C,
    0xFC4D,0xF3AB,0xB9A4,0x72AA,0xE7BD,0xE7BE,0xE7BE,0xEFBE,0xEFDE,0xEFDE,0xEFDE,0xEFDE,0xEFDE,0xEFDE,0xEFDE,0xEFDE,
    0xEFDE,0xEFDE,0xEFDE,0xEFDE,0xE7BE,0xE7BE,0x4ACB,0x11C8,0x134D,0x0B2D,0x020A,0x0043,0x132C,0x140F,0x2D32,0x4E13,
    0x5654,0x5E53,0x4E13,0x2DD3,0x1D73,0x0CF2,0x0C70,0x01A8,0x0043,0x0908,0x1969,0x21CB,0x21CA,0x1989,0x6A09,0x81E4,
    0x79C1,0xED63,0xED21,0xF523,0x4287,0x2C4E,0x5D4D,0x75EE,0x5DAE,0x454F,0x2CF1,0x1470,0x0106,0x1945,0xE7BE,0xE7BE,
    0xEFDE,0xEFDE,0xEFDE,0xEFDE,0xEFDE,0xEFDE,0xEFDE,0xEFDE,0xEFDE,0xEFDE,0xEFDE,0xEFDE,0xEFDE,0xEFDE,0xEFDE,0xEFDE,
    0xEFDE,0xEFDE,0xEFDE,0xEFDE,0xEFDE,0xEFDE,0xEFDE,0xEFDE,0xEFDE,0xEFDE,0xEFDE,0xEFDE,0xEFDE,0xEFDE,0xEFDE,0xEFDE,
    0xEFDE,0xEFDE,0xEFDE,0xEFDE,0xEFDE,0xEFDE,0xEFDE,0xEFDE,0xEFDE,0xEFDE,0xEFDE,0xEFDE,0xEFDE,0xEFDE,0xEFDE,0xEFDE,
    0xEFDE,0xEFDE,0xEFDE,0xEFDE,0xEFDE,0xEFDE,0xEFDE,0xEFDE,0x2125,0xDA68,0xFC8D,0xFC6C,0xFC4C,0xFBEB,0xFC2C,0xFC4C,
    0xFC2C,0xFBAA,0xF329,0xA9E7,0xE75C,0xE7BE,0xE7BE,0xEFBE,0xEFDE,0xEFDE,0xEFDE,0xEFDE,0xEFDE,0xEFDE,0xEFDE,0xEFDE,
    0xEFDE,0xEFDE,0xEFDE,0xEFDE,0xEFDE,0xEFDE,0xE79D,0xD73C,0x1083,0x0946,0x0AEC,0x0022,0x0022,0x0043,0x034D,0x1C70,
    0x4572,0x4DD3,0x4DD3,0x03CF,0x03AE,0x03CF,0x0390,0x0002,0x08C7,0x1128,0x2A0B,0x218A,0x1127,0x1127,0x5966,0x6963,
    0x6961,0xECE3,0xD441,0xE483,0x2A68,0x13EE,0x450E,0x5DCF,0x2CCE,0x2CCF,0x0C50,0x0C72,0x08A3,0xDF7D,0xE7BE,0xE7BE,
    0xEFDE,0xEFDE,0xEFDE,0xEFDE,0xEFDE,0xEFDE,0xEFDE,0xEFDE,0xEFDE,0xEFDE,0xEFDE,0xEFDE,0xEFDE,0xEFDE,0xEFDE,0xEFDE,
    0xEFDE,0xEFDE,0xEFDE,0xEFDE,0xEFDE,0xEFDE,0xEFDE,0xEFDE,0xEFDE,0xEFDE,0xEFDE,0xEFDE,0xEFDE,0xEFDE,0xEFDE,0xEFDE,
    0xEFDE,0xEFDE,0xEFDE,0xEFDE,0xEFDE,0xEFDE,0xEFDE,0xEFDE,0xEFDE,0xEFDE,0xEFDE,0xEFDE,0xEFDE,0xEFDE,0xEFDE,0xEFDE,
    0xEFDE,0xEFDE,0xEFDE,0xEFDE,0xEFDE,0xEFDE,0xEFBE,0xEFDE,0x2905,0xF3EC,0xFC8D,0xFCCD,0xFC6D,0xFC0C,0xFC4C,0xFC4C,
    0xFC2C,0xFC2C,0xF3AA,0xB1E6,0xDE58,0xE7BE,0xE7BE,0xE7BE,0xEFDE,0xEFDE,0xEFDE,0xEFDE,0xEFDE,0xEFDE,0xEFDE,0xEFDE,
    0xEFDE,0xEFDE,0xEFDE,0xEFDE,0xEFDE,0xEFDE,0xE7BE,0xEFDE,0xE7BE,0x4ACC,0x10A3,0x0042,0x01A9,0x01A9,0x0021,0x11E8,
    0x0B4D,0x03AF,0x036E,0x02ED,0x0106,0x0064,0x0044,0x08E8,0x08E7,0x1128,0x1948,0x1969,0x1127,0x0065,0x4924,0x40C2,
    0x6161,0xB323,0xAAA2,0xB2E3,0x0125,0x13EE,0x248E,0x24CE,0x246D,0x246D,0x0BCF,0x02AC,0xA5D7,0xE7BE,0xE7BE,0xE7BE,
    0xEFDE,0xEFDE,0xEFDE,0xEFDE,0xEFDE,0xEFDE,0xEFDE,0xEFDE,0xEFDE,0xEFDE,0xEFDE,0xEFDE,0xEFDE,0xEFDE,0xEFDE,0xEFDE,
    0xEFDE,0xEFDE,0xEFDE,0xEFDE,0xEFDE,0xEFDE,0xEFDE,0xEFDE,0xEFDE,0xEFDE,0xEFDE,0xEFDE,0xEFDE,0xEFDE,0xEFDE,0xEFDE,
    0xEFDE,0xEFDE,0xEFDE,0xEFDE,0xEFDE,0xEFDE,0xEFDE,0xEFDE,0xEFDE,0xEFDE,0xEFDE,0xEFDE,0xEFDE,0xEFDE,0xEFDE,0xEFDE,
    0xE7BE,0xE7BE,0xE7BE,0xE7BE,0xE7BE,0xE7BE,0xE7BE,0xB554,0xA9A6,0xFCCE,0xFC8C,0xFCEE,0xFCEE,0xFC0C,0xFC4C,0xFC2C,
    0xFC4C,0xFC2C,0xFBCB,0xA9A6,0x61E8,0xE77D,0xE75C,0x72CB,0x79A7,0xC5F7,0xEFBE,0xEFDE,0xEFDE,0xEFDE,0xEFDE,0xEFDE,
    0xEFDE,0xEFDE,0xEFDE,0xEFDE,0xEFDE,0xEFDE,0xEFDE,0xE7BE,0xE7BE,0xEFDE,0xD71B,0x0021,0x01E9,0x02AB,0x12AB,0x00A3,
    0x0842,0x0863,0x0843,0x0001,0x8287,0x30C5,0x1908,0x00A6,0x08E7,0x1107,0x1128,0x1109,0x08C6,0x1085,0x38E4,0x2861,
    0xA2C3,0xA283,0xAA83,0x8A85,0x02CB,0x0BCE,0x244D,0x246D,0x246D,0x140E,0x0167,0x0021,0xEFDE,0xE7BE,0xE7BE,0xE7BE,
    0xEFDE,0xEFDE,0xEFDE,0xEFDE,0xEFDE,0xEFDE,0xEFDE,0xEFDE,0xEFDE,0xEFDE,0xEFDE,0xEFDE,0xEFDE,0xEFDE,0xEFDE,0xEFDE,
    0xEFDE,0xEFDE,0xEFDE,0xEFDE,0xEFDE,0xEFDE,0xEFDE,0xEFDE,0xEFDE,0xEFDE,0xEFDE,0xEFDE,0xEFDE,0xEFDE,0xEFDE,0xEFDE,
    0xEFDE,0xEFDE,0xEFDE,0xEFDE,0xEFDE,0xEFDE,0xEFDE,0xEFDE,0xEFDE,0xEFDE,0xEFDE,0xEFDE,0xEFDE,0xEFDE,0xEFDE,0xEFDE,
    0xE7BE,0xE7BE,0xA5B6,0xE7BE,0xE7BE,0xE7BE,0xE7BD,0x3124,0xF34A,0xFCAD,0xFC6C,0xFC8D,0xFC6D,0xFC0C,0xFC0C,0xFC6C,
    0xFC6D,0xFC4D,0xFC2C,0xF32A,0x5125,0xC533,0x4904,0xF3AB,0xA145,0xACF3,0xEFBE,0xEFDE,0xEFDE,0xEFDE,0xEFDE,0xEFDE,
    0xEFDE,0xEFDE,0xEFDE,0xEFDE,0xEFDE,0xEFDE,0xEFDE,0xEFDE,0xE7BE,0x2904,0x71E5,0x71A5,0x6984,0x6163,0x1862,0x08C5,
    0x19EA,0x10E6,0x7207,0xC327,0xAA85,0x3062,0x0844,0x39E9,0x0022,0x0022,0x20C5,0xB430,0x3106,0x1063,0x0821,0x8A64,
    0x8A24,0x9A44,0xAA43,0x1A0A,0x02EB,0x02CB,0x13AD,0x0B8F,0x0A4C,0x0044,0x0862,0xADD6,0xE7BE,0xE7BE,0xE7BE,0xE7BE,
    0xEFDE,0xEFDE,0xEFDE,0xEFDE,0xEFDE,0xEFDE,0xEFDE,0xEFDE,0xEFDE,0xEFDE,0xEFDE,0xEFDE,0xEFDE,0xEFDE,0xEFDE,0xEFDE,
    0xEFDE,0xEFDE,0xEFDE,0xEFDE,0xEFDE,0xEFDE,0xEFDE,0xEFDE,0xEFDE,0xEFDE,0xEFDE,0xEFDE,0xEFDE,0xEFDE,0xEFDE,0xEFDE,
    0xEFDE,0xEFDE,0xEFDE,0xEFDE,0xEFDE,0xEFDE,0xEFDE,0xEFDE,0xEFDE,0xEFDE,0xEFDE,0xEFDE,0xEFDE,0xEFDE,0xEFDE,0xEFDE,
    0xE7BE,0xB638,0x19E9,0xDF7D,0xE7BE,0xE7BE,0xE7BD,0x28E4,0xFBAB,0xFC2C,0xFC2C,0xFC4C,0xFC8D,0xFC0C,0xFC2C,0xFC2C,
    0xFC4C,0xFC6C,0xFC4C,0xFBAB,0x5905,0x5946,0xFCAD,0xFC0B,0x9924,0xACB2,0xEFBE,0xEFDE,0xEFDE,0xEFDE,0xEFDE,0xEFDE,
    0xEFDE,0xEFDE,0xEFDE,0xEFDE,0xEFDE,0xEFDE,0xE7BE,0xE7BE,0x18E3,0x61A4,0x9A64,0x9244,0x8A24,0x9223,0x9262,0x6982,
    0x0820,0x1A49,0x09A7,0x08C5,0x08C5,0x0844,0x82EA,0x9B6A,0xA38B,0xABCC,0xABCD,0xABEE,0xABCD,0x6A6B,0x1083,0x0823,
    0x7205,0x8225,0x0064,0x0126,0x022A,0x026B,0x0126,0x0023,0x0842,0x6983,0x61A3,0x0841,0xEFDE,0xE7BE,0xE7BE,0xE7BE,
    0xEFDE,0xEFDE,0xEFDE,0xEFDE,0xEFDE,0xEFDE,0xEFDE,0xEFDE,0xEFDE,0xEFDE,0xEFDE,0xEFDE,0xEFDE,0xEFDE,0xEFDE,0xEFDE,
    0xEFDE,0xEFDE,0xEFDE,0xEFDE,0xEFDE,0xEFDE,0xEFDE,0xEFDE,0xEFDE,0xEFDE,0xEFDE,0xEFDE,0xEFDE,0xEFDE,0xEFDE,0xEFDE,
    0xEFDE,0xEFDE,0xEFDE,0xEFDE,0xEFDE,0xEFDE,0xEFDE,0xEFDE,0xEFDE,0xEFDE,0xEFDE,0xEFDE,0xEFDE,0xEFDE,0xEFDE,0xEFDE,
    0xDF5C,0x11C9,0x2C6C,0x1987,0xE7BE,0xE7BE,0xE79D,0x30C4,0xFBCB,0xFC0B,0xFCAD,0xFC2C,0xFC8D,0xFC0C,0xFC4C,0xFC4D,
    0xFC2C,0xFC4D,0xFC4C,0xFBCB,0x7905,0xF3EB,0xFC4C,0xFBCA,0xC9E6,0x82AA,0xEFBE,0xEFDE,0xEFDE,0xEFDE,0xEFDE,0xEFDE,
    0xEFDE,0xEFDE,0xEFDE,0xEFDE,0xEFDE,0xEFDE,0xE7BE,0x526A,0x1861,0x9A64,0xA2A5,0xA264,0x9A64,0xA284,0xA2A3,0x71C3,
    0x5102,0x0862,0x12EA,0x346F,0x1B2E,0x1084,0x5A29,0xA38A,0xE5B1,0x59C5,0x6985,0x5924,0x5924,0x6963,0x6943,0x39C8,
    0x0021,0x0021,0x11A7,0x0125,0x0000,0x0042,0x1883,0x30A3,0x89C3,0x81E3,0x6983,0x79E3,0x0862,0xE79D,0xE7BE,0xE7BE,
    0xEFDE,0xEFDE,0xEFDE,0xEFDE,0xEFDE,0xEFDE,0xEFDE,0xEFDE,0xEFDE,0xEFDE,0xEFDE,0xEFDE,0xEFDE,0xEFDE,0xEFDE,0xEFDE,
    0xEFDE,0xEFDE,0xEFDE,0xEFDE,0xEFDE,0xEFDE,0xEFDE,0xEFDE,0xEFDE,0xEFDE,0xEFDE,0xEFDE,0xEFDE,0xEFDE,0xEFDE,0xEFDE,
    0xEFDE,0xEFDE,0xEFDE,0xEFDE,0xEFDE,0xEFDE,0xEFDE,0xEFDE,0xEFDE,0xEFDE,0xEFDE,0xEFDE,0xEFDE,0xEFDE,0xEFDE,0xEFDE,
    0xD73C,0x11C8,0x4D0E,0x3C6D,0x9533,0xE79D,0xE77D,0x30C4,0xFBCB,0xFC0B,0xFC2C,0xFC4C,0xFC4C,0xFC2C,0xFBEB,0xFC2C,
    0xFC2C,0xFC2C,0xFC4C,0xFBCB,0x9924,0xFC8C,0xFC2C,0xFC2C,0xEAE8,0x5925,0xE77D,0xEFBE,0xE7BE,0xEFDE,0xEFDE,0xEFDE,
    0xEFDE,0xEFDE,0xEFDE,0xEFDE,0xEFDE,0xE7BE,0xCEBA,0x20C3,0x9AA5,0x8A24,0x9CAD,0x89E4,0x9A64,0xB326,0x5943,0x5923,
    0x5923,0x0882,0x33AA,0x8D67,0x330D,0x5944,0x48E3,0x4103,0x30C3,0xDD2B,0xD4A1,0x7225,0x69C5,0x71E4,0xD3C5,0x6226,
    0x4125,0x40E4,0x0084,0x6B47,0x1B4C,0x0987,0x4903,0x6142,0x50E2,0x8A44,0x8223,0x6122,0xB2E3,0x2145,0xE77D,0xE7BE,
    0xEFDE,0xEFDE,0xEFDE,0xEFDE,0xEFDE,0xEFDE,0xEFDE,0xEFDE,0xEFDE,0xEFDE,0xEFDE,0xEFDE,0xEFDE,0xEFDE,0xEFDE,0xEFDE,
    0xEFDE,0xEFDE,0xEFDE,0xEFDE,0xEFDE,0xEFDE,0xEFDE,0xEFDE,0xEFDE,0xEFDE,0xEFDE,0xEFDE,0xEFDE,0xEFDE,0xEFDE,0xEFDE,
    0xEFDE,0xEFDE,0xEFDE,0xEFDE,0xEFDE,0xEFDE,0xEFDE,0xEFDE,0xEFDE,0xEFDE,0xEFDE,0xEFDE,0xEFDE,0xEFDE,0xEFDE,0xEFDE,
    0xD75C,0x09A7,0x5D4D,0x44CF,0x1ACA,0xB638,0xDF5C,0x28C4,0xDAA8,0xFC0C,0xFC0C,0xFC4C,0xFC4C,0xFC4C,0xFBEB,0xFC4D,
    0xFC2C,0xFC2C,0xFC2C,0xFBAB,0xF329,0xFCAD,0xFC2C,0xFC2C,0xEAE8,0x6986,0xE77C,0xE7BE,0xE7BE,0xE7BE,0xEFDE,0xEFDE,
    0xEFDE,0xEFDE,0xEFDE,0xEFDE,0xEFDE,0xE7BE,0x9491,0x5983,0x5983,0xA386,0xA325,0xBB26,0xBB46,0x6102,0x69A3,0x5923,
    0x1821,0x2C2C,0x4C6A,0xA68D,0x0865,0x5143,0x8205,0x79E4,0x9BCB,0xEE52,0x79E0,0x5964,0x7184,0x5943,0x50C2,0xCBC1,
    0x1883,0x2905,0x0884,0xCC65,0x8D6B,0x0B0C,0x0021,0x5142,0x6143,0x6962,0x8A23,0x6962,0x5122,0x1083,0xDF7C,0xE7BE,
    0xEFDE,0xEFDE,0xEFDE,0xEFDE,0xEFDE,0xEFDE,0xEFDE,0xEFDE,0xEFDE,0xEFDE,0xEFDE,0xEFDE,0xEFDE,0xEFDE,0xEFDE,0xEFDE,
    0xEFDE,0xEFDE,0xEFDE,0xEFDE,0xEFDE,0xEFDE,0xEFDE,0xEFDE,0xEFDE,0xEFDE,0xEFDE,0xEFDE,0xEFDE,0xEFDE,0xEFDE,0xEFDE,
    0xEFDE,0xEFDE,0xEFDE,0xEFDE,0xEFDE,0xEFDE,0xEFDE,0xEFDE,0xEFDE,0xEFDE,0xEFDE,0xEFDE,0xEFDE,0xEFDE,0xEFDE,0xEFDE,
    0xDF5C,0x09C8,0x6DCF,0x5D6F,0x558F,0x1229,0xC657,0x4AAA,0xD228,0xFC0B,0xFC2C,0xFC6D,0xFC2C,0xFC2C,0xFBCB,0xFC2C,
    0xFC2C,0xFC2C,0xFC4C,0xFB8A,0xFC2C,0xFC6D,0xFC4C,0xFC2C,0xF2E8,0x51A7,0xE75C,0xE7BE,0xE7BE,0xE7BE,0xEFDE,0xEFDE,
    0xEFDE,0xEFDE,0xE7BE,0xE7BE,0xE7BE,0xE7BE,0x18A3,0x8204,0x8A24,0x69E3,0x4081,0x5902,0x5922,0x79C4,0x6983,0x38E3,
    0x1C50,0x350E,0xA6D0,0x5D2F,0x18C5,0x6164,0x7A04,0x61A3,0x9AA3,0xD509,0xD549,0x9286,0xB326,0x9AC5,0x71C4,0xCC00,
    0x28C3,0x4166,0x2967,0x6306,0x9DEC,0x3C4C,0x130A,0x20C2,0x5143,0x8203,0x8A23,0x5102,0x9A64,0x6163,0x4A29,0xE7BE,
    0xEFDE,0xEFDE,0xEFDE,0xEFDE,0xEFDE,0xEFDE,0xEFDE,0xEFDE,0xEFDE,0xEFDE,0xEFDE,0xEFDE,0xEFDE,0xEFDE,0xEFDE,0xEFDE,
    0xEFDE,0xEFDE,0xEFDE,0xEFDE,0xEFDE,0xEFDE,0xEFDE,0xEFDE,0xEFDE,0xEFDE,0xEFDE,0xEFDE,0xEFDE,0xEFDE,0xEFDE,0xEFDE,
    0xEFDE,0xEFDE,0xEFDE,0xEFDE,0xEFDE,0xEFDE,0xEFDE,0xEFDE,0xEFDE,0xEFDE,0xEFDE,0xEFDE,0xEFDE,0xEFDE,0xEFDE,0xEFDE,
    0xDF7D,0x09E8,0x6DAF,0x65B0,0x65D0,0x3CAD,0x0A08,0x330A,0x7987,0xFB49,0xFC2C,0xFC0C,0xFC2C,0xFC2C,0xFBCA,0xFC0C,
    0xFC2C,0xFC2C,0xFC4C,0xFB49,0xFC4C,0xFC4C,0xFC6D,0xFC4C,0xF308,0x4125,0xD6DA,0xE79D,0xEFDE,0xE7BE,0xEFDE,0xEFDE,
    0xEFDE,0xEFDE,0xE7BE,0xE7BE,0xE7BE,0xEFDE,0x38E3,0x9244,0x9285,0x79C3,0x9203,0x9A24,0x9A85,0x79A4,0x5963,0x0841,
    0x3D50,0x762F,0xAEF1,0x0043,0x3105,0x61A3,0x8A84,0x5983,0xAB02,0xE4E4,0x6101,0x81E4,0x7183,0x71C3,0x6142,0xCC00,
    0x38C3,0x4965,0x20A4,0x08C4,0xCEF1,0x74EB,0x2C0D,0x0104,0x5143,0x6983,0x9A63,0xAAC3,0xA2C4,0x8244,0x1061,0xD71B,
    0xEFDE,0xEFDE,0xEFDE,0xEFDE,0xEFDE,0xEFDE,0xEFDE,0xEFDE,0xEFDE,0xEFDE,0xEFDE,0xEFDE,0xEFDE,0xEFDE,0xEFDE,0xEFDE,
    0xEFDE,0xEFDE,0xEFDE,0xEFDE,0xEFDE,0xEFDE,0xEFDE,0xEFDE,0xEFDE,0xEFDE,0xEFDE,0xEFDE,0xEFDE,0xEFDE,0xEFDE,0xEFDE,
    0xEFDE,0xEFDE,0xEFDE,0xEFDE,0xEFDE,0xEFDE,0xEFDE,0xEFDE,0xEFDE,0xEFDE,0xEFDE,0xEFDE,0xEFDE,0xEFDE,0xEFDE,0xEFDE,
    0xDF7D,0x0A09,0x6DAF,0x658F,0x6DD0,0x65AF,0x5D8F,0x0B6B,0x2186,0xF2E8,0xFBEB,0xFC0C,0xFC0C,0xFC2C,0xFC2C,0xFBAA,
    0xFC0C,0xFC2C,0xFBEB,0xFBAA,0xFCCE,0xFC4C,0xFC4C,0xFC0C,0xF308,0x50E4,0xAC70,0x21E8,0x5490,0xBE58,0xE7BE,0xE7BE,
    0xE7BE,0xE7BE,0xE7BE,0xE7BE,0xE7BE,0xEFDE,0x20A3,0x8A24,0x9A85,0xA285,0xAAA5,0xA285,0x79A3,0x7183,0x4164,0x3C2E,
    0x454F,0x8E6F,0x9ED2,0x0000,0x40C3,0x61A3,0x7A43,0x7223,0x3082,0xF603,0xCBC1,0x5143,0x4943,0x4902,0xDC61,0x9A22,
    0x4103,0x4165,0x5123,0x0021,0x856F,0xC62C,0x64EE,0x348F,0x0064,0x6163,0x7982,0x81E2,0x9A83,0x9263,0x7183,0x10A4,
    0xEFDE,0xEFDE,0xEFDE,0xEFDE,0xEFDE,0xEFDE,0xEFDE,0xEFDE,0xEFDE,0xEFDE,0xEFDE,0xEFDE,0xEFDE,0xEFDE,0xEFDE,0xEFDE,
    0xEFDE,0xEFDE,0xEFDE,0xEFDE,0xEFDE,0xEFDE,0xEFDE,0xEFDE,0xEFDE,0xEFDE,0xEFDE,0xEFDE,0xEFDE,0xEFDE,0xEFDE,0xEFDE,
    0xEFDE,0xEFDE,0xEFDE,0xEFDE,0xEFDE,0xEFDE,0xEFDE,0xEFDE,0xEFDE,0xEFDE,0xEFDE,0xEFDE,0xEFDE,0xEFDE,0xEFDE,0xEFDE,
    0xDF7D,0x11E9,0x6DCF,0x658F,0x6DD0,0x65B0,0x658F,0x5D6F,0x4D0E,0x1A07,0xF2E7,0xFBCB,0xFBEB,0xFC4C,0xFC2C,0xFC0C,
    0xFC2C,0xFC2C,0xFBAB,0xFBCB,0xFC4C,0xFC6D,0xFC4C,0xFC0C,0xF309,0x6104,0x1104,0x552E,0x2BCC,0x0884,0xE7BE,0xE7BE,
    0xE7BE,0xE7BE,0xE7BE,0xE7BE,0xE7BE,0xEFDE,0x0883,0x5963,0x6162,0xA2C5,0xAAC5,0x81C4,0x7183,0x6164,0x0883,0x5570,
    0x75EE,0x9E4E,0x44D0,0x4166,0x30C3,0x1882,0x4166,0x2904,0x0842,0x6985,0xE480,0xFE26,0xFE46,0xECC4,0xD443,0x2063,
    0x20A5,0x3946,0x5123,0x3923,0x3BCB,0xD66D,0xAD0B,0x756E,0x024B,0x3125,0x6163,0x79C3,0x71C3,0x5963,0x4965,0x10A4,
    0xEFDE,0xEFDE,0xEFDE,0xEFDE,0xEFDE,0xEFDE,0xEFDE,0xEFDE,0xEFDE,0xEFDE,0xEFDE,0xEFDE,0xEFDE,0xEFDE,0xEFDE,0xEFDE,
    0xEFDE,0xEFDE,0xEFDE,0xEFDE,0xEFDE,0xEFDE,0xEFDE,0xEFDE,0xEFDE,0xEFDE,0xEFDE,0xEFDE,0xEFDE,0xEFDE,0xEFDE,0xEFDE,
    0xEFDE,0xEFDE,0xEFDE,0xEFDE,0xEFDE,0xEFDE,0xEFDE,0xEFDE,0xEFDE,0xEFDE,0xEFDE,0xEFDE,0xEFDE,0xEFDE,0xEFDE,0xEFDE,
    0xDF9D,0x0988,0x6DCF,0x65AF,0x6DF0,0x6DD0,0x65B0,0x5D8F,0x5D6E,0x34CE,0x1A27,0xFB8A,0xFBCB,0xFC0C,0xFC2C,0xFB8A,
    0xFB8A,0xFC4C,0xFB8A,0xFB8A,0xFC4C,0xFC4C,0xFC4C,0xFC2C,0xEA87,0x4925,0x3C8D,0x5DAE,0x344C,0x0907,0xE7BE,0xE7BE,
    0xE7BE,0xE7BE,0xE7BE,0xE7BE,0xE7BE,0x2987,0x2ACB,0x18A3,0x4122,0x5963,0x6162,0x71C3,0x5102,0x2903,0x5591,0x6DD0,
    0xC68D,0xAD8C,0x00A5,0x5963,0x69C4,0x59C4,0x1883,0xAC0D,0xB3EC,0x0801,0x6982,0x5142,0x4943,0x4942,0x2083,0x0821,
    0x4945,0x5984,0x6983,0x5123,0x10C3,0x83E8,0xD56B,0x952B,0x3CEB,0x342C,0x20C4,0x5143,0x5983,0x4165,0x0883,0xDF5D,
    0xEFDE,0xEFDE,0xEFDE,0xEFDE,0xEFDE,0xEFDE,0xEFDE,0xEFDE,0xEFDE,0xEFDE,0xEFDE,0xEFDE,0xEFDE,0xEFDE,0xEFDE,0xEFDE,
    0xEFDE,0xEFDE,0xEFDE,0xEFDE,0xEFDE,0xEFDE,0xEFDE,0xEFDE,0xEFDE,0xEFDE,0xEFDE,0xEFDE,0xEFDE,0xEFDE,0xEFDE,0xEFDE,
    0xEFDE,0xEFDE,0xEFDE,0xEFDE,0xEFDE,0xEFDE,0xEFDE,0xEFDE,0xEFDE,0xEFDE,0xEFDE,0xEFDE,0xEFDE,0xEFDE,0xEFDE,0xEFDE,
    0xE79D,0x11A8,0x34CD,0x65B0,0x65B0,0x6DB0,0x75D0,0x5D8F,0x658F,0x55AF,0x4D6F,0x33EC,0xF3CA,0xFBEB,0xFBEB,0xFCAD,
    0xFC6D,0xFB8B,0xFBCB,0xFB49,0xFC4D,0xFC4C,0xFC4C,0xFC0B,0xEA66,0x2AA9,0x6E10,0x656D,0x44ED,0x1BAE,0x7410,0xE7BE,
    0xE7BE,0xE7BE,0xE7BE,0xE7BE,0x9D34,0x10C4,0x4BA9,0x13AD,0x0145,0x18C3,0x2903,0x28E3,0x18C2,0x2288,0x6590,0x95CD,
    0xBE0B,0x5C0F,0x2924,0x7A04,0x7A24,0x6205,0xC4EF,0xDD70,0xD50F,0xC4AE,0xBC6E,0x9B6A,0xB40B,0xB42C,0x93AB,0xAC6F,
    0x30E4,0x5985,0x8204,0x6143,0x48E1,0x5226,0xDDCC,0xB50A,0xE58A,0x53EA,0x11C6,0x28C3,0x4923,0x10A5,0x8492,0xEFBE,
    0xE7BE,0xEFDE,0xEFDE,0xEFDE,0xEFDE,0xEFDE,0xEFDE,0xEFDE,0xEFDE,0xEFDE,0xEFDE,0xEFDE,0xEFDE,0xEFDE,0xEFDE,0xEFDE,
    0xEFDE,0xEFDE,0xEFDE,0xEFDE,0xEFDE,0xEFDE,0xEFDE,0xEFDE,0xEFDE,0xEFDE,0xEFDE,0xEFDE,0xEFDE,0xEFDE,0xEFDE,0xEFDE,
    0xEFDE,0xEFDE,0xEFDE,0xEFDE,0xEFDE,0xEFDE,0xEFDE,0xEFDE,0xEFDE,0xEFDE,0xEFDE,0xEFDE,0xEFDE,0xEFDE,0xEFDE,0xEFDE,
    0xE79D,0x19EA,0x248D,0x65B0,0x65B0,0x6DD0,0x65B0,0x658F,0x6DD0,0x5D8F,0x5D8F,0x5DCF,0x240B,0xFBEB,0xFBAA,0xFF15,
    0xFF14,0xFBEB,0xFC0C,0xF349,0xFC2C,0xFC4C,0xFC2C,0xFB49,0xEA67,0x4550,0x65AF,0x658E,0x4D4D,0x2CEF,0x1146,0xDF7D,
    0xE7BE,0xE7BE,0xE7BD,0xE79D,0x52AB,0x19C9,0x9489,0x2C6F,0x2C2D,0x346D,0x0430,0x040F,0x2C6E,0x658F,0x754E,0xCCC8,
    0x7CED,0x20C3,0x5983,0x61C3,0xB40B,0xE5D1,0xFEB4,0xFF36,0xFF37,0xFF57,0xF632,0xCCCE,0xEDF0,0xF693,0xB44D,0xEE93,
    0xC4AE,0x62EA,0x3903,0x71A3,0x6163,0x2985,0xBDEE,0xB52B,0xF4A7,0xED48,0x7C28,0x4AEA,0x0883,0x8451,0xE7BE,0xE7BE,
    0xE7BE,0xEFDE,0xEFDE,0xEFDE,0xEFDE,0xEFDE,0xEFDE,0xEFDE,0xEFDE,0xEFDE,0xEFDE,0xEFDE,0xEFDE,0xEFDE,0xEFDE,0xEFDE,
    0xEFDE,0xEFDE,0xEFDE,0xEFDE,0xEFDE,0xEFDE,0xEFDE,0xEFDE,0xEFDE,0xEFDE,0xEFDE,0xEFDE,0xEFDE,0xEFDE,0xEFDE,0xEFDE,
    0xEFDE,0xEFDE,0xEFDE,0xEFDE,0xEFDE,0xEFDE,0xEFDE,0xEFDE,0xEFDE,0xEFDE,0xEFDE,0xEFDE,0xEFDE,0xEFDE,0xEFDE,0xEFDE,
    0xE79D,0x8533,0x0A29,0x65CF,0x65B0,0x65B0,0x6DD0,0x5D8F,0x6DD0,0x5D8F,0x5D8F,0x5D8E,0x658E,0x840D,0xFB29,0xFF15,
    0xFF15,0xFEF7,0xFC2C,0xFC2D,0xFBEB,0xFC4C,0xFC0C,0xFB49,0xC9C6,0x65D0,0x6DCF,0x5D6E,0x5D8E,0x452E,0x0987,0x9D75,
    0xE7BE,0xE7BE,0xE79D,0xE79D,0xBDF7,0x18E5,0x446F,0x34AF,0x5D6E,0x65CF,0x7E30,0x860F,0x9D8C,0xADAB,0x956D,0xC489,
    0x4AEB,0x3904,0x4103,0xDD6E,0xDDAF,0xFF15,0xFF36,0xFF36,0xFF36,0xFF36,0xFF35,0xE5B0,0xFF98,0xFEF5,0xBC8E,0xF693,
    0xDD6F,0xC48D,0x51E6,0x6983,0x5964,0x3165,0x2B6C,0x9DEC,0xAC07,0xD447,0x5A46,0x0842,0xDF7C,0xE7BD,0xE7BE,0xE7BE,
    0xEFDE,0xEFDE,0xEFDE,0xEFDE,0xEFDE,0xEFDE,0xEFDE,0xEFDE,0xEFDE,0xEFDE,0xEFDE,0xEFDE,0xEFDE,0xEFDE,0xEFDE,0xEFDE,
    0xEFDE,0xEFDE,0xEFDE,0xEFDE,0xEFDE,0xEFDE,0xEFDE,0xEFDE,0xEFDE,0xEFDE,0xEFDE,0xEFDE,0xEFDE,0xEFDE,0xEFDE,0xEFDE,
    0xEFDE,0xEFDE,0xEFDE,0xEFDE,0xEFDE,0xEFDE,0xEFDE,0xEFDE,0xEFDE,0xEFDE,0xEFDE,0xEFDE,0xEFDE,0xEFDE,0xEFDE,0xEFDE,
    0xE7BE,0xB658,0x1127,0x2C8D,0x65B0,0x65AF,0x65AF,0x6DD1,0x658E,0x5D8F,0x658E,0x658E,0x5D8E,0x4D2D,0xE309,0xFF36,
    0xFF16,0xFF36,0xFF37,0xF308,0xF2E8,0xFC2C,0xFC0B,0xF38A,0x99C6,0x65D0,0x65AF,0x75CF,0x558E,0x452E,0x1BCD,0x19EA,
    0xE7BD,0xE79D,0xE79D,0xE79D,0xD6FB,0x8BEE,0x0883,0x09C8,0x658F,0x8EB1,0x9690,0xC58A,0xDD47,0xA5CB,0x964D,0x744C,
    0x1082,0x69C6,0xA36A,0xF610,0xFF15,0xFF56,0xFF56,0xFF36,0xFF36,0xFF36,0xFF15,0xE58F,0xFED4,0xF652,0xD52F,0xE5AF,
    0xF630,0xEE10,0xC4CE,0x5227,0x20A3,0x6A68,0x0021,0x55CF,0x19E6,0x0001,0xA38B,0x20C4,0x6B6E,0xE7BE,0xE7BE,0xE7BE,
    0xEFDE,0xEFDE,0xEFDE,0xEFDE,0xEFDE,0xEFDE,0xEFDE,0xEFDE,0xEFDE,0xEFDE,0xEFDE,0xEFDE,0xEFDE,0xEFDE,0xEFDE,0xEFDE,
    0xEFDE,0xEFDE,0xEFDE,0xEFDE,0xEFDE,0xEFDE,0xEFDE,0xEFDE,0xEFDE,0xEFDE,0xEFDE,0xEFDE,0xEFDE,0xEFDE,0xEFDE,0xEFDE,
    0xEFDE,0xEFDE,0xEFDE,0xEFDE,0xEFDE,0xEFDE,0xEFDE,0xEFDE,0xEFDE,0xEFDE,0xEFDE,0xEFDE,0xEFDE,0xEFDE,0xEFDE,0xEFDE,
    0xE7BE,0xDF7D,0x19A8,0x1BEC,0x5D8F,0x65AF,0x5D8F,0x5D8F,0x65D0,0x5D8E,0x5D8E,0x5D8E,0x5D6E,0x5D4C,0x240B,0xF631,
    0xFF36,0xFF36,0xFF16,0xFEF4,0xF3CB,0xFB8A,0xFC2C,0xF3AB,0x8226,0x5DD0,0x5DCF,0x6DCF,0x5DAF,0x3D0E,0x246E,0x11A9,
    0x73EF,0xD6FB,0xE77D,0xE79D,0x39E8,0x7228,0x9166,0x0841,0x0882,0x22C9,0x9E2D,0xDD08,0xE66D,0x864D,0x7E0E,0x2904,
    0xBC0D,0xABEC,0xDD6F,0xFF36,0xFF56,0xFF56,0xFF57,0xFEF5,0xF673,0xF652,0xF631,0xD50E,0xE5B0,0xCCEE,0xD50F,0xFED3,
    0xFF56,0xFF15,0xF6D5,0xBC8E,0xBC6E,0xB42D,0x9BAB,0x0001,0x7AE9,0xABEC,0xBC6D,0x9BAC,0x1082,0xCEDA,0xE7BE,0xE7BE,
    0xEFDE,0xEFDE,0xEFDE,0xEFDE,0xEFDE,0xEFDE,0xEFDE,0xEFDE,0xEFDE,0xEFDE,0xEFDE,0xEFDE,0xEFDE,0xEFDE,0xEFDE,0xEFDE,
    0xEFDE,0xEFDE,0xEFDE,0xEFDE,0xEFDE,0xEFDE,0xEFDE,0xEFDE,0xEFDE,0xEFDE,0xEFDE,0xEFDE,0xEFDE,0xEFDE,0xEFDE,0xEFDE,
    0xEFDE,0xEFDE,0xEFDE,0xEFDE,0xEFDE,0xEFDE,0xEFDE,0xEFDE,0xEFDE,0xEFDE,0xEFDE,0xEFDE,0xEFDE,0xEFDE,0xEFDE,0xEFDE,
    0xE7BE,0xE7BE,0x63CF,0x0A6A,0x4D6F,0x65AF,0x65AF,0x65F0,0x5D8E,0x65AF,0x5D6E,0x5D6E,0x5D6E,0x554D,0x552D,0xCDD0,
    0xFF37,0xFF36,0xFF15,0xFF15,0xFF15,0xFE13,0xFC0C,0xFBCB,0xC1C6,0x658F,0x65AF,0x5D8E,0x5D8E,0x3D0E,0x1C8D,0x128A,
    0xD208,0x49A7,0xC658,0xDF5C,0x9430,0x61E8,0x9987,0xC1E6,0x99C6,0x5124,0x2862,0x1945,0x2A47,0x5D0D,0x11E9,0x72C8,
    0xC48D,0xEE11,0xFEB4,0xFF57,0xFF57,0xFF57,0xFF56,0xFF56,0xFF16,0xFE93,0xDD8F,0xB40B,0x8329,0xCCEE,0xEDF0,0xF693,
    0xFED4,0xFF57,0xFF57,0xFF36,0xFF16,0xFED4,0xD52E,0xDD4F,0xFF15,0xF652,0xFED4,0xEE12,0x7AC9,0x18E5,0xE77D,0xE7BE,
    0xEFDE,0xEFDE,0xEFDE,0xEFDE,0xEFDE,0xEFDE,0xEFDE,0xEFDE,0xEFDE,0xEFDE,0xEFDE,0xEFDE,0xEFDE,0xEFDE,0xEFDE,0xEFDE,
    0xEFDE,0xEFDE,0xEFDE,0xEFDE,0xEFDE,0xEFDE,0xEFDE,0xEFDE,0xEFDE,0xEFDE,0xEFDE,0xEFDE,0xEFDE,0xEFDE,0xEFDE,0xEFDE,
    0xEFDE,0xEFDE,0xEFDE,0xEFDE,0xEFDE,0xEFDE,0xEFDE,0xEFDE,0xEFDE,0xEFDE,0xEFDE,0xEFDE,0xEFDE,0xEFDE,0xEFDE,0xEFDE,
    0xE7BE,0xE7BE,0xDF7D,0x08A4,0x1C4D,0x556F,0x558F,0x5DAF,0x5D8E,0x5D8E,0x5D6E,0x5D8F,0x556E,0x4D4D,0x556D,0xA5B0,
    0xFE92,0xFF36,0xFF36,0xFF36,0xFF36,0xFF36,0xFF78,0xFC0B,0xFB69,0x5D6F,0x5D8E,0x5D8E,0x658E,0x5D6E,0x248D,0x1B0A,
    0xA1A7,0xF309,0x61A7,0x4987,0x4967,0x38C4,0xE267,0xF34A,0x1042,0xA34A,0x934A,0x7267,0x8309,0x0000,0x18E4,0xC4CD,
    0xEE12,0xFF36,0xFF57,0xFF57,0xFF57,0xFF37,0xFF36,0xFF57,0xFF16,0xDD8F,0xCCAD,0x5227,0xC52E,0xE5D0,0xFEB3,0xFED4,
    0xFF57,0xFF57,0xFF57,0xFF57,0xFF36,0xFF56,0xFF36,0xFF56,0xFF57,0xFF57,0xFF56,0xFEB4,0xD50E,0x51E6,0x2126,0xE7BE,
    0xEFDE,0xEFDE,0xEFDE,0xEFDE,0xEFDE,0xEFDE,0xEFDE,0xEFDE,0xEFDE,0xEFDE,0xEFDE,0xEFDE,0xEFDE,0xEFDE,0xEFDE,0xEFDE,
    0xEFDE,0xEFDE,0xEFDE,0xEFDE,0xEFDE,0xEFDE,0xEFDE,0xEFDE,0xEFDE,0xEFDE,0xEFDE,0xEFDE,0xEFDE,0xEFDE,0xEFDE,0xEFDE,
    0xEFDE,0xEFDE,0xEFDE,0xEFDE,0xEFDE,0xEFDE,0xEFDE,0xEFDE,0xEFDE,0xEFDE,0xEFDE,0xEFDE,0xEFDE,0xEFDE,0xEFDE,0xEFDE,
    0xE7BE,0xE7BE,0xE7BE,0xCEFA,0x0926,0x2CB0,0x558E,0x5DAF,0x5D8E,0x556E,0x556E,0x558E,0x558E,0x4D6D,0x4D6D,0x456D,
    0xFE72,0xFF35,0xFF36,0xFF16,0xFF36,0xFF36,0xFF36,0xFF97,0xEB49,0x744D,0x5D8E,0x5D8E,0x8D0E,0x6D6E,0x4D0E,0x444C,
    0x4A07,0xF2E9,0xDA88,0xC1E6,0xA986,0xC9C6,0xEA67,0x1821,0x4966,0xC44D,0xD50F,0xB42C,0xB40C,0xA3EC,0xC4AD,0xEDF1,
    0xFEF6,0xFF57,0xFF57,0xFF57,0xFF57,0xFF57,0xFF36,0xFF56,0xFEB3,0xF6B2,0xC44B,0x8308,0xB48C,0xDD6F,0xF632,0xFF36,
    0xFF57,0xFF57,0xFF57,0xFF57,0xFF57,0xFF57,0xFF57,0xFF37,0xFF57,0xFF57,0xFF56,0xFEF5,0xE5F1,0x8AC9,0x10A4,0xE7BE,
    0xEFDE,0xEFDE,0xEFDE,0xEFDE,0xEFDE,0xEFDE,0xEFDE,0xEFDE,0xEFDE,0xEFDE,0xEFDE,0xEFDE,0xEFDE,0xEFDE,0xEFDE,0xEFDE,
    0xEFDE,0xEFDE,0xEFDE,0xEFDE,0xEFDE,0xEFDE,0xEFDE,0xEFDE,0xEFDE,0xEFDE,0xEFDE,0xEFDE,0xEFDE,0xEFDE,0xEFDE,0xEFDE,
    0xEFDE,0xEFDE,0xEFDE,0xEFDE,0xEFDE,0xEFDE,0xEFDE,0xEFDE,0xEFDE,0xEFDE,0xEFDE,0xEFDE,0xEFDE,0xEFDE,0xEFDE,0xEFDE,
    0xEFDE,0xEFDE,0xEFDE,0xE7BE,0x84D3,0x09E9,0x248E,0x3D0F,0x4D4E,0x554E,0x556E,0x558E,0x5D8D,0x5D8D,0x4D4D,0x450D,
    0xCD8E,0xFF36,0xFF36,0xFF36,0xFF36,0xFF36,0xFF36,0xFF15,0xFF15,0xDB08,0x65AF,0x658F,0xBC8C,0xCC0C,0x5D2D,0x84AD,
    0xE32A,0xC227,0xF2E8,0xFB49,0xFB29,0xFB09,0xEB09,0x1062,0xABEC,0xD550,0xF672,0xEE11,0xE5D1,0xEDF2,0xFEB4,0xFF36,
    0xFF36,0xFF56,0xFF57,0xFF57,0xFF57,0xFF57,0xFF57,0xFF56,0xF6B3,0xEE73,0xB3C9,0x8B28,0xBC8D,0xC4CE,0xEDF1,0xFEF4,
    0xFF15,0xFF57,0xFF57,0xFF57,0xFF57,0xFF57,0xFF57,0xFF57,0xFF57,0xFF57,0xFF36,0xFEF5,0xFF36,0xD4AC,0x8185,0xD6FA,
    0xEFDE,0xEFDE,0xEFDE,0xEFDE,0xEFDE,0xEFDE,0xEFDE,0xEFDE,0xEFDE,0xEFDE,0xEFDE,0xEFDE,0xEFDE,0xEFDE,0xEFDE,0xEFDE,
    0xEFDE,0xEFDE,0xEFDE,0xEFDE,0xEFDE,0xEFDE,0xEFDE,0xEFDE,0xEFDE,0xEFDE,0xEFDE,0xEFDE,0xEFDE,0xEFDE,0xEFDE,0xEFDE,
    0xEFDE,0xEFDE,0xEFDE,0xEFDE,0xEFDE,0xEFDE,0xEFDE,0xEFDE,0xEFDE,0xEFDE,0xEFDE,0xEFDE,0xEFDE,0xEFDE,0xEFDE,0xEFDE,
    0xEFDE,0xEFDE,0xE7BE,0xE7BE,0xDF9D,0x9575,0x0925,0x0ACB,0x34CE,0x450E,0x450E,0x454E,0x556E,0x554E,0x4D0D,0x3CED,
    0x3D0D,0xFEB3,0xFF37,0xFF36,0xFF36,0xFF36,0xFF15,0xFF15,0xFF36,0xFF35,0xE52D,0x750D,0x5D0E,0xEC2D,0xFBED,0xE48D,
    0x84CD,0xFBCB,0xFBAA,0xFBEB,0xFBAB,0xFB29,0x79C5,0xB42D,0xDD6F,0xFF56,0xFEF5,0xFF36,0xFF56,0xFF57,0xFF56,0xFF36,
    0xFF36,0xFF37,0xFF57,0xFF57,0xFF57,0xFF57,0xFF57,0xFED5,0xF653,0xE5D0,0x9B69,0x9348,0xBC8D,0xD52F,0xDD90,0xF652,
    0xFF16,0xFF57,0xFF57,0xFF57,0xFF57,0xFF57,0xFF57,0xFF57,0xFF57,0xFF57,0xFF57,0xFEF5,0xF6B4,0xD48C,0x8185,0xD6DA,
    0xEFDE,0xEFDE,0xEFDE,0xEFDE,0xEFDE,0xEFDE,0xEFDE,0xEFDE,0xEFDE,0xEFDE,0xEFDE,0xEFDE,0xEFDE,0xEFDE,0xEFDE,0xEFDE,
    0xEFDE,0xEFDE,0xEFDE,0xEFDE,0xEFDE,0xEFDE,0xEFDE,0xEFDE,0xEFDE,0xEFDE,0xEFDE,0xEFDE,0xEFDE,0xEFDE,0xEFDE,0xEFDE,
    0xEFDE,0xEFDE,0xEFDE,0xEFDE,0xEFDE,0xEFDE,0xEFDE,0xEFDE,0xEFDE,0xEFDE,0xEFDE,0xEFDE,0xEFDE,0xEFDE,0xEFDE,0xEFDE,
    0xEFDE,0xEFDE,0xE7BE,0xE7BE,0xDF7D,0x9575,0x3AAB,0x0863,0x128B,0x248E,0x3D0E,0x3D2E,0x452E,0x3CEE,0x3CCD,0x34CE,
    0x2D0E,0x9DD0,0xFED5,0xFF36,0xFF36,0xFF16,0xFF16,0xFF36,0xFF36,0xFF36,0xFF16,0xFE50,0xFB07,0xF3EB,0xFC2C,0xFC0C,
    0xFBEB,0xFBEB,0xFC0C,0xFC2C,0xFBCB,0xFB6A,0x28C3,0xF5D0,0xFF15,0xFF56,0xFF57,0xFF57,0xFF57,0xFF57,0xFF57,0xFF57,
    0xFF57,0xFF57,0xFF57,0xFF57,0xFF57,0xFF57,0xFF57,0xFEF5,0xF673,0xDD90,0x5248,0x9B49,0xBC8E,0xCCEF,0xE5B0,0xFED4,
    0xFF57,0xFF57,0xFF57,0xFF57,0xFF57,0xFF57,0xFF57,0xFF57,0xFF57,0xFF57,0xFF36,0xFF16,0xD550,0x934B,0x2966,0xE79E,
    0xEFDE,0xEFDE,0xEFDE,0xEFDE,0xEFDE,0xEFDE,0xEFDE,0xEFDE,0xEFDE,0xEFDE,0xEFDE,0xEFDE,0xEFDE,0xEFDE,0xEFDE,0xEFDE,
    0xEFDE,0xEFDE,0xEFDE,0xEFDE,0xEFDE,0xEFDE,0xEFDE,0xEFDE,0xEFDE,0xEFDE,0xEFDE,0xEFDE,0xEFDE,0xEFDE,0xEFDE,0xEFDE,
    0xEFDE,0xEFDE,0xEFDE,0xEFDE,0xEFDE,0xEFDE,0xEFDE,0xEFDE,0xEFDE,0xEFDE,0xEFDE,0xEFDE,0xEFDE,0xEFDE,0xEFDE,0xEFDE,
    0xEFDE,0xEFDE,0xEFDE,0xE7BE,0x31E8,0x52EB,0x52CA,0x4A8A,0x426A,0x1248,0x13EB,0x140B,0x242C,0xC6B1,0xDF13,0xF776,
    0xFF76,0xE64F,0xF5CD,0xFEF5,0xFF36,0xFF36,0xFF36,0xFF16,0xFF36,0xFF36,0xFF16,0xFF15,0xFEB4,0xFBEA,0xFBEC,0xFBEB,
    0xFBCB,0xFBEB,0xFC0C,0xFC0C,0xFBAA,0xF309,0x20A2,0xF5D0,0xFEF4,0xFF77,0xFF57,0xFF57,0xFF57,0xFF57,0xFF57,0xFF57,
    0xFF57,0xFF57,0xFF57,0xFF57,0xFF57,0xFF57,0xFF57,0xFED4,0xD5B2,0xCCEF,0x39E8,0x5228,0xBCAE,0xB46E,0xE5B0,0xF672,
    0xFF37,0xFF57,0xFF57,0xFF57,0xFF57,0xFF57,0xFF57,0xFF57,0xFF37,0xFF57,0xF6B3,0xF6B5,0xCCEE,0x18A4,0x39E8,0xE7BE,
    0xEFDE,0xEFDE,0xEFDE,0xEFDE,0xEFDE,0xEFDE,0xEFDE,0xEFDE,0xEFDE,0xEFDE,0xEFDE,0xEFDE,0xEFDE,0xEFDE,0xEFDE,0xEFDE,
    0xEFDE,0xEFDE,0xEFDE,0xEFDE,0xEFDE,0xEFDE,0xEFDE,0xEFDE,0xEFDE,0xEFDE,0xEFDE,0xEFDE,0xEFDE,0xEFDE,0xEFDE,0xEFDE,
    0xEFDE,0xEFDE,0xEFDE,0xEFDE,0xEFDE,0xEFDE,0xEFDE,0xEFDE,0xEFDE,0xEFDE,0xEFDE,0xEFDE,0xEFDE,0xEFDE,0xEFDE,0xEFDE,
    0xEFDE,0xEFDE,0xEFDE,0xE7BE,0x426A,0xABEB,0xFE70,0xF736,0xF737,0xF757,0xF737,0xF716,0xF6F5,0xFF15,0xFF16,0xFF36,
    0xFF37,0xFF15,0xFEF4,0xFED3,0xFF36,0xFF36,0xFF36,0xFF36,0xFF36,0xFF36,0xFF36,0xFF15,0xFF36,0xFED4,0xF52F,0xF369,
    0xF349,0xF38A,0xFBCB,0xFB89,0xFBCA,0xFB29,0x2882,0xC44A,0xEDEF,0xFF77,0xFF36,0xFF16,0xFF57,0xFF57,0xFF57,0xFF57,
    0xFF57,0xFF57,0xFF37,0xFF57,0xFF57,0xFF57,0xFED4,0xFEB4,0xD591,0xAC0C,0x8C4F,0x39E8,0xB46E,0xD530,0xDD90,0xF673,
    0xFEB4,0xFF36,0xFF57,0xFF57,0xFF57,0xFF37,0xFF57,0xFF37,0xFF36,0xFEF4,0xEE52,0xE5F2,0x9B8B,0x0883,0xDF5C,0xE7BE,
    0xEFDE,0xEFDE,0xEFDE,0xEFDE,0xEFDE,0xEFDE,0xEFDE,0xEFDE,0xEFDE,0xEFDE,0xEFDE,0xEFDE,0xEFDE,0xEFDE,0xEFDE,0xEFDE,
    0xEFDE,0xEFDE,0xEFDE,0xEFDE,0xEFDE,0xEFDE,0xEFDE,0xEFDE,0xEFDE,0xEFDE,0xEFDE,0xEFDE,0xEFDE,0xEFDE,0xEFDE,0xEFDE,
    0xEFDE,0xEFDE,0xEFDE,0xEFDE,0xEFDE,0xEFDE,0xEFDE,0xEFDE,0xEFDE,0xEFDE,0xEFDE,0xEFDE,0xEFDE,0xEFDE,0xEFDE,0xEFDE,
    0xEFDE,0xEFDE,0xEFDE,0xE7BE,0xE77D,0x4AAA,0x6AC9,0xE50F,0xFF76,0xFF56,0xFF36,0xFF36,0xFF16,0xFF36,0xFF36,0xFF36,
    0xFF36,0xFF36,0xFF36,0xFF36,0xFF16,0xFF56,0xFF36,0xFF36,0xFF36,0xFF36,0xFF36,0xFF36,0xFF36,0xFF36,0xFEF5,0xFEF4,
    0xFED3,0xFEF4,0xFE93,0xFDF1,0xF308,0xE267,0xAA69,0x82EB,0xE5AF,0xF652,0xFF16,0xFED4,0xFF15,0xFF57,0xFF57,0xFF57,
    0xFF37,0xFF57,0xFF57,0xFF57,0xFF15,0xFEF4,0xFF15,0xF652,0xDD91,0x5208,0x6B6C,0x39C8,0xA42D,0xDD70,0xDD90,0xF672,
    0xFEB3,0xFEB3,0xFEB4,0xFED4,0xFF36,0xFF36,0xFF36,0xFEB3,0xFED4,0xE5F3,0xD591,0xE5D2,0x0842,0xDF5C,0xE7BE,0xE7BE,
    0xEFDE,0xEFDE,0xEFDE,0xEFDE,0xEFDE,0xEFDE,0xEFDE,0xEFDE,0xEFDE,0xEFDE,0xEFDE,0xEFDE,0xEFDE,0xEFDE,0xEFDE,0xEFDE,
    0xEFDE,0xEFDE,0xEFDE,0xEFDE,0xEFDE,0xEFDE,0xEFDE,0xEFDE,0xEFDE,0xEFDE,0xEFDE,0xEFDE,0xEFDE,0xEFDE,0xEFDE,0xEFDE,
    0xEFDE,0xEFDE,0xEFDE,0xEFDE,0xEFDE,0xEFDE,0xEFDE,0xEFDE,0xEFDE,0xEFDE,0xEFDE,0xEFDE,0xEFDE,0xEFDE,0xEFDE,0xEFDE,
    0xEFDE,0xEFDE,0xEFDE,0xE7BE,0xE7BE,0xE79D,0x2A08,0xAB49,0xF652,0xFF35,0xFF36,0xFF16,0xFF36,0xFF36,0xFF36,0xFF36,
    0xFF36,0xFF36,0xFF36,0xFF36,0xFF57,0xFEB4,0xFE31,0xFE92,0xFF15,0xFF36,0xFF36,0xFF36,0xFF36,0xFF35,0xFEF5,0xFEF4,
    0xFED4,0xFE93,0xFD0D,0xFB69,0xEAA9,0xC9E8,0xBA29,0x28C4,0x832A,0xDD6F,0xEE53,0xEE53,0xFEB4,0xFED5,0xFF16,0xFF37,
    0xFF37,0xFF37,0xFF37,0xFED3,0xFEB3,0xFED5,0xF632,0xD550,0xD552,0x49E8,0xBE17,0x31A7,0xAC2E,0xDD70,0xDD90,0xE5B1,
    0xE5F1,0xF652,0xEE11,0xFED4,0xF692,0xF672,0xF672,0xE5F1,0xE5D2,0xDDB2,0xC4CF,0x8AA7,0xA534,0xE7BE,0xE7BE,0xE7BE,
    0xEFDE,0xEFDE,0xEFDE,0xEFDE,0xEFDE,0xEFDE,0xEFDE,0xEFDE,0xEFDE,0xEFDE,0xEFDE,0xEFDE,0xEFDE,0xEFDE,0xEFDE,0xEFDE,
    0xEFDE,0xEFDE,0xEFDE,0xEFDE,0xEFDE,0xEFDE,0xEFDE,0xEFDE,0xEFDE,0xEFDE,0xEFDE,0xEFDE,0xEFDE,0xEFDE,0xEFDE,0xEFDE,
    0xEFDE,0xEFDE,0xEFDE,0xEFDE,0xEFDE,0xEFDE,0xEFDE,0xEFDE,0xEFDE,0xEFDE,0xEFDE,0xEFDE,0xEFDE,0xEFDE,0xEFDE,0xEFDE,
    0xEFDE,0xEFDE,0xEFDE,0xE7BE,0xE7BE,0xE7BE,0xE79D,0x2188,0x9309,0xEDCE,0xFE92,0xFED4,0xFF36,0xFF36,0xFF36,0xFF36,
    0xFF36,0xFF36,0xFF36,0xFF35,0xFEB3,0xFE93,0xFEB3,0xFE30,0xFDAF,0xFDF0,0xFEB3,0xFED4,0xFEB3,0xFE92,0xFEB3,0xFED3,
    0xFE10,0xF48C,0xEB8A,0xE328,0xCA88,0xC289,0xBAEB,0xAA6A,0x18A5,0xB46B,0xCD0F,0xEE32,0xDDB1,0xF693,0xFEB3,0xFEB3,
    0xFEB3,0xFEB4,0xFEF4,0xFEB3,0xF652,0xE5D1,0xD52F,0xC4CE,0x6AED,0x528A,0xE79D,0xB5D6,0x522A,0xAC2F,0xCD0F,0xDD90,
    0xDD90,0xDD90,0xEDF1,0xEE11,0xEE31,0xEE11,0xE5D0,0xDD91,0xD571,0xBCAF,0x9B8B,0x0022,0xE7BE,0xE7BE,0xE7BE,0xE7BE,
    0xEFDE,0xEFDE,0xEFDE,0xEFDE,0xEFDE,0xEFDE,0xEFDE,0xEFDE,0xEFDE,0xEFDE,0xEFDE,0xEFDE,0xEFDE,0xEFDE,0xEFDE,0xEFDE,
    0xEFDE,0xEFDE,0xEFDE,0xEFDE,0xEFDE,0xEFDE,0xEFDE,0xEFDE,0xEFDE,0xEFDE,0xEFDE,0xEFDE,0xEFDE,0xEFDE,0xEFDE,0xEFDE,
    0xEFDE,0xEFDE,0xEFDE,0xEFDE,0xEFDE,0xEFDE,0xEFDE,0xEFDE,0xEFDE,0xEFDE,0xEFDE,0xEFDE,0xEFDE,0xEFDE,0xEFDE,0xEFDE,
    0xEFDE,0xEFDE,0xEFDE,0xEFDE,0xEFDE,0xE7BE,0xE7BE,0xE79D,0x2166,0x730A,0xED8E,0xFE52,0xFE93,0xFF36,0xFF36,0xFF36,
    0xFF14,0xFEB3,0xFE92,0xFE72,0xFE72,0xFE72,0xFE31,0xF5AF,0xF52E,0xF38A,0xFB6A,0xFC4C,0xFC4C,0xFC4B,0xF3EA,0xDC2B,
    0xD46C,0xDC4C,0xD40B,0xD40B,0xCC2B,0xD48D,0xAB0B,0x8AAD,0x930E,0x20A5,0xBC8D,0xD54F,0xDDB1,0xDDB0,0xF631,0xF631,
    0xF651,0xF652,0xE5B0,0xE5B0,0xE590,0xD50F,0xC46D,0x730B,0x18C5,0xE7BE,0xE7BE,0xE7BE,0x528A,0x2967,0xBC6E,0xBC8E,
    0xD50F,0xDD50,0xDD70,0xE5B0,0xE5D0,0xD54F,0xD550,0xD550,0xD530,0xC48E,0x9BCC,0x0884,0xE7BE,0xE7BE,0xE7BE,0xEFDE,
    0xEFDE,0xEFDE,0xEFDE,0xEFDE,0xEFDE,0xEFDE,0xEFDE,0xEFDE,0xEFDE,0xEFDE,0xEFDE,0xEFDE,0xEFDE,0xEFDE,0xEFDE,0xEFDE,
    0xEFDE,0xEFDE,0xEFDE,0xEFDE,0xEFDE,0xEFDE,0xEFDE,0xEFDE,0xEFDE,0xEFDE,0xEFDE,0xEFDE,0xEFDE,0xEFDE,0xEFDE,0xEFDE,
    0xEFDE,0xEFDE,0xEFDE,0xEFDE,0xEFDE,0xEFDE,0xEFDE,0xEFDE,0xEFDE,0xEFDE,0xEFDE,0xEFDE,0xEFDE,0xEFDE,0xEFDE,0xEFDE,
    0xEFDE,0xEFDE,0xEFDE,0xEFDE,0xEFDE,0xEFDE,0xEFDE,0xE7BE,0xE7BE,0x7BEE,0x3A07,0xC48D,0xCCAD,0xEDAF,0xED8F,0xFE31,
    0xFE71,0xFE93,0xFE93,0xF5F0,0xF5D0,0xED6F,0xEC6C,0xF369,0xFBCB,0xFBCB,0xFBCB,0xFBCB,0xFBEB,0xFC0B,0xFC0B,0xFBAA,
    0xF349,0xF328,0xCC0B,0xCC2B,0xCC2C,0xAB4D,0x8AAD,0x7ACE,0x628D,0x0863,0x730A,0xB48F,0xDD70,0xDD90,0xDD70,0xDD70,
    0xDD70,0xDD4F,0xDD70,0xBCAF,0xB46F,0x7B2C,0x730B,0x39E8,0xE79D,0xE7BE,0xE7BE,0xE7BE,0xE7BE,0xD6DA,0x2125,0x5209,
    0x624B,0xAC2E,0xBC8F,0xD530,0xD52F,0xD54F,0xD530,0xD530,0xB40C,0x49A7,0x18E4,0xDF5C,0xE7BE,0xE7BE,0xEFDE,0xEFDE,
    0xEFDE,0xEFDE,0xEFDE,0xEFDE,0xEFDE,0xEFDE,0xEFDE,0xEFDE,0xEFDE,0xEFDE,0xEFDE,0xEFDE,0xEFDE,0xEFDE,0xEFDE,0xEFDE,
    0xEFDE,0xEFDE,0xEFDE,0xEFDE,0xEFDE,0xEFDE,0xEFDE,0xEFDE,0xEFDE,0xEFDE,0xEFDE,0xEFDE,0xEFDE,0xEFDE,0xEFDE,0xEFDE,
    0xEFDE,0xEFDE,0xEFDE,0xEFDE,0xEFDE,0xEFDE,0xEFDE,0xEFDE,0xEFDE,0xEFDE,0xEFDE,0xEFDE,0xEFDE,0xEFDE,0xEFDE,0xEFDE,
    0xEFDE,0xEFDE,0xEFDE,0xEFDE,0xEFDE,0xEFDE,0xEFDE,0xEFDE,0xE7BE,0xE7BE,0xA513,0x00C5,0x4208,0xB324,0xE56E,0xDD2E,
    0xD50E,0xE56F,0xE570,0xED4F,0xF54F,0xF2A7,0xF2E8,0xFBAB,0xFC0C,0xFBEB,0xFBCB,0xFBCB,0xFBEB,0xFB8A,0xF2E9,0xFAE9,
    0xEA87,0xDAE8,0xCC6C,0xCC4C,0xB3AC,0xAB90,0x7AEF,0x6B50,0x4229,0xBDB5,0x1906,0x526A,0xB46D,0xC4AD,0xDD4F,0xDD70,
    0xDD71,0xDD4F,0xC48D,0xB48F,0x5A8B,0x18C4,0x8C92,0xE79D,0xE7BE,0xE7BE,0xE7BE,0xE7BE,0xE7BE,0xE7BE,0xE79D,0x3A08,
    0x428B,0x6B0D,0xBCAF,0xD50E,0xD52F,0xD550,0xC46D,0x4124,0x20C4,0x0041,0xCE99,0xE77D,0xE7BE,0xE7BE,0xE7BE,0xEFDE,
    0xEFDE,0xEFDE,0xEFDE,0xEFDE,0xEFDE,0xEFDE,0xEFDE,0xEFDE,0xEFDE,0xEFDE,0xEFDE,0xEFDE,0xEFDE,0xEFDE,0xEFDE,0xEFDE,
    0xEFDE,0xEFDE,0xEFDE,0xEFDE,0xEFDE,0xEFDE,0xEFDE,0xEFDE,0xEFDE,0xEFDE,0xEFDE,0xEFDE,0xEFDE,0xEFDE,0xEFDE,0xEFDE,
    0xEFDE,0xEFDE,0xEFDE,0xEFDE,0xEFDE,0xEFDE,0xEFDE,0xEFDE,0xEFDE,0xEFDE,0xEFDE,0xEFDE,0xEFDE,0xEFDE,0xEFDE,0xEFDE,
    0xEFDE,0xEFDE,0xEFDE,0xEFDE,0xEFDE,0xEFDE,0xEFDE,0xEFDE,0xEFDE,0xEFDE,0xEFDE,0xEFDE,0xB5F7,0x1925,0x2187,0x4A48,
    0x4249,0xB3CB,0xBBEC,0xC40C,0xDB2A,0xDA47,0xC9C5,0xEA67,0xF329,0xFBAA,0xFBAA,0xFBAA,0xFB09,0xF2A7,0xEA88,0xE248,
    0xC2A9,0x9B09,0xC48D,0xA3CE,0x7B6F,0x630F,0x52AC,0x4A6A,0xE79D,0xE77D,0xAD54,0x0862,0x2041,0x30A2,0x7A87,0x8309,
    0x832A,0x830A,0x72A9,0x2946,0x0842,0xDF3B,0xE7BE,0xE7BE,0xE7BE,0xE7BE,0xE7BE,0xE7BE,0xE7BE,0xE7BE,0xE7BE,0xE7BE,
    0x9D14,0x0842,0x3883,0x2083,0x38A3,0x48C3,0x40C3,0x5904,0xA9E6,0x0021,0xC638,0xDF3C,0xE7BE,0xE7BE,0xE7BE,0xE7BE,
    0xEFDE,0xEFDE,0xEFDE,0xEFDE,0xEFDE,0xEFDE,0xEFDE,0xEFDE,0xEFDE,0xEFDE,0xEFDE,0xEFDE,0xEFDE,0xEFDE,0xEFDE,0xEFDE,
    0xEFDE,0xEFDE,0xEFDE,0xEFDE,0xEFDE,0xEFDE,0xEFDE,0xEFDE,0xEFDE,0xEFDE,0xEFDE,0xEFDE,0xEFDE,0xEFDE,0xEFDE,0xEFDE,
    0xEFDE,0xEFDE,0xEFDE,0xEFDE,0xEFDE,0xEFDE,0xEFDE,0xEFDE,0xEFDE,0xEFDE,0xEFDE,0xEFDE,0xEFDE,0xEFDE,0xEFDE,0xEFDE,
    0xEFDE,0xEFDE,0xEFDE,0xEFDE,0xEFDE,0xEFDE,0xEFDE,0xEFDE,0xEFDE,0xEFDE,0xEFDE,0xEFDE,0xE7BE,0xEFDE,0xD71B,0x4A69,
    0x2946,0x1905,0x18E5,0x3125,0x4125,0x7125,0xE287,0xF2A7,0xFB49,0xFB8A,0xFB49,0xEAC8,0xEAA8,0xEA67,0xDA47,0xAA0A,
    0x72EA,0x62AC,0x526C,0x3A0A,0x31CA,0xA4D2,0xDF5C,0xE7BE,0xE7BE,0xDF3C,0x738E,0x0862,0xC267,0x91E5,0x6925,0x6125,
    0x58E5,0x5925,0x4925,0x0021,0xC638,0xE7BE,0xE7BE,0xE7BE,0xE7BE,0xEFDE,0xEFDE,0xEFDE,0xE7BE,0xE7BE,0xE7BE,0xE7BE,
    0xE7BE,0x10C3,0x8125,0xA1A7,0xB207,0xD2E9,0xCA88,0xCAA9,0xBA47,0x0022,0x0843,0x0864,0x9D34,0xE7BE,0xE7BE,0xE7BE,
    0xEFDE,0xEFDE,0xEFDE,0xEFDE,0xEFDE,0xEFDE,0xEFDE,0xEFDE,0xEFDE,0xEFDE,0xEFDE,0xEFDE,0xEFDE,0xEFDE,0xEFDE,0xEFDE,
    0xEFDE,0xEFDE,0xEFDE,0xEFDE,0xEFDE,0xEFDE,0xEFDE,0xEFDE,0xEFDE,0xEFDE,0xEFDE,0xEFDE,0xEFDE,0xEFDE,0xEFDE,0xEFDE,
    0xEFDE,0xEFDE,0xEFDE,0xEFDE,0xEFDE,0xEFDE,0xEFDE,0xEFDE,0xEFDE,0xEFDE,0xEFDE,0xEFDE,0xEFDE,0xEFDE,0xEFDE,0xEFDE,
    0xEFDE,0xEFDE,0xEFDE,0xEFDE,0xEFDE,0xEFDE,0xEFDE,0xEFDE,0xEFDE,0xEFDE,0xEFDE,0xEFDE,0xEFDE,0xE7BE,0xE7BE,0xE7BE,
    0xE7BE,0xE7BE,0xE79D,0xD699,0x4105,0xE288,0xE267,0xE247,0xE287,0xEAC9,0xEA88,0xE248,0xDA68,0xBA07,0x81A8,0x620A,
    0x2925,0x2126,0x9492,0xDF5C,0xE79D,0xE7BE,0xE7BE,0xE7BE,0x9CB2,0x1926,0x21CA,0x0022,0x00A4,0x0125,0x0187,0x0084,
    0xA38B,0xD349,0x91E7,0x0021,0x0042,0xC699,0xEFBE,0xE7BE,0xE7BE,0xEFDE,0xEFDE,0xEFDE,0xEFDE,0xE7BE,0xE7BE,0xE7BE,
    0x18E6,0x0864,0x0023,0xE36B,0xF44B,0xFCCC,0xB4CE,0x00E5,0x01C7,0x12EA,0x00A5,0x10E6,0x10C6,0xADD6,0xE7BE,0xE7BE,
    0xEFDE,0xEFDE,0xEFDE,0xEFDE,0xEFDE,0xEFDE,0xEFDE,0xEFDE,0xEFDE,0xEFDE,0xEFDE,0xEFDE,0xEFDE,0xEFDE,0xEFDE,0xEFDE,
    0xEFDE,0xEFDE,0xEFDE,0xEFDE,0xEFDE,0xEFDE,0xEFDE,0xEFDE,0xEFDE,0xEFDE,0xEFDE,0xEFDE,0xEFDE,0xEFDE,0xEFDE,0xEFDE,
    0xEFDE,0xEFDE,0xEFDE,0xEFDE,0xEFDE,0xEFDE,0xEFDE,0xEFDE,0xEFDE,0xEFDE,0xEFDE,0xEFDE,0xEFDE,0xEFDE,0xEFDE,0xEFDE,
    0xEFDE,0xEFDE,0xEFDE,0xEFDE,0xEFDE,0xEFDE,0xEFDE,0xEFDE,0xEFDE,0xEFDE,0xEFDE,0xEFDE,0xEFDE,0xE7BE,0xE7BE,0xE7BE,
    0xE7BE,0xE7BE,0xE77D,0x4986,0xE2A9,0xDA47,0xE268,0xE268,0xE288,0xCA69,0xB9C8,0xB1C9,0x89A8,0x3925,0x5A4A,0xBDB6,
    0xE75C,0xE77D,0xE7BE,0xE7BE,0xE7BE,0xE7BE,0xE7BE,0xE7BD,0x10E6,0x29CB,0x19CA,0x0AA9,0xA6F3,0xB733,0xBF74,0x44CD,
    0x234A,0x2903,0x0862,0x0020,0x10E7,0x10E6,0xA575,0xE7BE,0xE7BE,0xEFDE,0xEFDE,0xEFDE,0xEFDE,0xE7BE,0xE7BE,0x634D,
    0x1107,0x10C6,0x0023,0x3146,0x3945,0x2903,0x346C,0x65F0,0x7E30,0x8631,0x342C,0x10C4,0x1989,0x10A3,0xE79D,0xE7BE,
    0xEFDE,0xEFDE,0xEFDE,0xEFDE,0xEFDE,0xEFDE,0xEFDE,0xEFDE,0xEFDE,0xEFDE,0xEFDE,0xEFDE,0xEFDE,0xEFDE,0xEFDE,0xEFDE,
    0xEFDE,0xEFDE,0xEFDE,0xEFDE,0xEFDE,0xEFDE,0xEFDE,0xEFDE,0xEFDE,0xEFDE,0xEFDE,0xEFDE,0xEFDE,0xEFDE,0xEFDE,0xEFDE,
    0xEFDE,0xEFDE,0xEFDE,0xEFDE,0xEFDE,0xEFDE,0xEFDE,0xEFDE,0xEFDE,0xEFDE,0xEFDE,0xEFDE,0xEFDE,0xEFDE,0xEFDE,0xEFDE,
    0xEFDE,0xEFDE,0xEFDE,0xEFDE,0xEFDE,0xEFDE,0xEFDE,0xEFDE,0xEFDE,0xEFDE,0xEFDE,0xEFDE,0xEFDE,0xEFDE,0xEFDE,0xE7BE,
    0xE7BE,0xE7BE,0x9CD3,0x91C8,0x99A7,0xA187,0xA187,0xA187,0x9187,0x9967,0x89A8,0x3147,0x4168,0x4A29,0xEFDE,0xEFBE,
    0xE7BE,0xE7BE,0xE7BE,0xE7BE,0xE7BE,0xE7BE,0xE7BE,0xE79D,0x10A4,0x21AA,0x1107,0x2A88,0x5BA7,0x74CB,0x6D2C,0x552D,
    0x1309,0x08E5,0x2ACE,0x19CA,0x1928,0x1107,0x4A4A,0xE7BE,0xE7BE,0xEFDE,0xEFDE,0xEFDE,0xE7BE,0xE7BE,0xE7BE,0x10A4,
    0x1948,0x1948,0x1989,0x2A6D,0x32CE,0x0906,0x1C4D,0x554E,0x6D6E,0x752E,0x3BAA,0x0841,0x1969,0x1083,0xDF7D,0xE7BE,
    0xEFDE,0xEFDE,0xEFDE,0xEFDE,0xEFDE,0xEFDE,0xEFDE,0xEFDE,0xEFDE,0xEFDE,0xEFDE,0xEFDE,0xEFDE,0xEFDE,0xEFDE,0xEFDE,
    0xEFDE,0xEFDE,0xEFDE,0xEFDE,0xEFDE,0xEFDE,0xEFDE,0xEFDE,0xEFDE,0xEFDE,0xEFDE,0xEFDE,0xEFDE,0xEFDE,0xEFDE,0xEFDE,
    0xEFDE,0xEFDE,0xEFDE,0xEFDE,0xEFDE,0xEFDE,0xEFDE,0xEFDE,0xEFDE,0xEFDE,0xEFDE,0xEFDE,0xEFDE,0xEFDE,0xEFDE,0xEFDE,
    0xEFDE,0xEFDE,0xEFDE,0xEFDE,0xEFDE,0xEFDE,0xEFDE,0xEFDE,0xEFDE,0xEFDE,0xEFDE,0xEFDE,0xEFDE,0xEFDE,0xEFDE,0xE7BE,
    0xE7BE,0xE7BE,0xE7BE,0x4A6B,0x3187,0x3147,0x3147,0x3126,0x2926,0x2947,0xBD34,0xE79D,0xE7BE,0xE7BE,0xE7BE,0xEFDE,
    0xEFDE,0xEFDE,0xEFDE,0xEFDE,0xEFDE,0xE7BE,0xE7BE,0xE79D,0x18A3,0x2189,0x10E4,0xB322,0xFDE7,0xFE07,0xC281,0x7223,
    0x19E6,0x1968,0x21CA,0x1969,0x1108,0x1107,0x424A,0xE7BE,0xE7BE,0xEFDE,0xEFDE,0xEFDE,0xE7BE,0xE7BE,0xE7BE,0x10A5,
    0x1969,0x1128,0x1969,0x21AA,0x21AB,0x198A,0x0842,0x7409,0xB2E2,0xFE68,0xFF09,0xCBC2,0x2904,0x18C4,0xDF3C,0xE7BE,
    0xEFDE,0xEFDE,0xEFDE,0xEFDE,0xEFDE,0xEFDE,0xEFDE,0xEFDE,0xEFDE,0xEFDE,0xEFDE,0xEFDE,0xEFDE,0xEFDE,0xEFDE,0xEFDE,
    0xEFDE,0xEFDE,0xEFDE,0xEFDE,0xEFDE,0xEFDE,0xEFDE,0xEFDE,0xEFDE,0xEFDE,0xEFDE,0xEFDE,0xEFDE,0xEFDE,0xEFDE,0xEFDE,
    0xEFDE,0xEFDE,0xEFDE,0xEFDE,0xEFDE,0xEFDE,0xEFDE,0xEFDE,0xEFDE,0xEFDE,0xEFDE,0xEFDE,0xEFDE,0xEFDE,0xEFDE,0xEFDE,
    0xEFDE,0xEFDE,0xEFDE,0xEFDE,0xEFDE,0xEFDE,0xEFDE,0xEFDE,0xEFDE,0xEFDE,0xEFDE,0xEFDE,0xEFDE,0xEFDE,0xEFDE,0xE7BE,
    0xE7BE,0xE7BE,0xE7BE,0xE79D,0xE79D,0xE79D,0xE79D,0xE79D,0xE79D,0xE77D,0xE7BE,0xE7BE,0xE7BE,0xE7BE,0xE7BE,0xEFDE,
    0xEFDE,0xEFDE,0xEFDE,0xEFDE,0xEFDE,0xE7BE,0xE7BE,0xDF5C,0x2924,0x7A03,0x8262,0xFDE7,0xFEEE,0xFEED,0xFE87,0xE481,
    0x7A22,0x10C5,0x2947,0x1927,0x1108,0x10A6,0x634E,0xE7BE,0xE7BE,0xEFDE,0xEFDE,0xEFDE,0xEFDE,0xE7BE,0xE7BE,0x6B8F,
    0x10E7,0x1927,0x1927,0x2189,0x1968,0x1106,0x0864,0xDC83,0xFECD,0xFEEC,0xFECA,0xED41,0x92A2,0x71A4,0x5B0C,0xE7BE,
    0xEFDE,0xEFDE,0xEFDE,0xEFDE,0xEFDE,0xEFDE,0xEFDE,0xEFDE,0xEFDE,0xEFDE,0xEFDE,0xEFDE,0xEFDE,0xEFDE,0xEFDE,0xEFDE,
    0xEFDE,0xEFDE,0xEFDE,0xEFDE,0xEFDE,0xEFDE,0xEFDE,0xEFDE,0xEFDE,0xEFDE,0xEFDE,0xEFDE,0xEFDE,0xEFDE,0xEFDE,0xEFDE,
    0xEFDE,0xEFDE,0xEFDE,0xEFDE,0xEFDE,0xEFDE,0xEFDE,0xEFDE,0xEFDE,0xEFDE,0xEFDE,0xEFDE,0xEFDE,0xEFDE,0xEFDE,0xEFDE,
    0xEFDE,0xEFDE,0xEFDE,0xEFDE,0xEFDE,0xEFDE,0xEFDE,0xEFDE,0xEFDE,0xEFDE,0xEFDE,0xEFDE,0xEFDE,0xEFDE,0xEFDE,0xEFDE,
    0xEFDE,0xEFDE,0xE7BE,0xE7BE,0xE7BE,0xE7BE,0xE7BE,0xE7BE,0xE7BE,0xE7BE,0xEFBE,0xE7BE,0xE7BE,0xE7BE,0xEFDE,0xEFDE,
    0xEFDE,0xEFDE,0xEFDE,0xE7BE,0xE7BE,0xE7BE,0xE7BE,0x3A08,0x4944,0x69A3,0xCC44,0xFE05,0xFEEC,0xFE25,0xFDA2,0xE440,
    0x2881,0x8A85,0x8243,0x69A2,0x0023,0x0862,0xE79D,0xE7BE,0xE7BE,0xEFDE,0xEFDE,0xEFDE,0xEFDE,0xE7BE,0xE7BE,0xE7BE,
    0x0021,0x0884,0x08A5,0x10C6,0x4943,0x8A03,0x5942,0xA2E1,0xF5E7,0xFE26,0xFDE4,0xF582,0xCBE1,0x5923,0x2104,0xE7BE,
    0xEFDE,0xEFDE,0xEFDE,0xEFDE,0xEFDE,0xEFDE,0xEFDE,0xEFDE,0xEFDE,0xEFDE,0xEFDE,0xEFDE,0xEFDE,0xEFDE,0xEFDE,0xEFDE,
    0xEFDE,0xEFDE,0xEFDE,0xEFDE,0xEFDE,0xEFDE,0xEFDE,0xEFDE,0xEFDE,0xEFDE,0xEFDE,0xEFDE,0xEFDE,0xEFDE,0xEFDE,0xEFDE,
    0xEFDE,0xEFDE,0xEFDE,0xEFDE,0xEFDE,0xEFDE,0xEFDE,0xEFDE,0xEFDE,0xEFDE,0xEFDE,0xEFDE,0xEFDE,0xEFDE,0xEFDE,0xEFDE,
    0xEFDE,0xEFDE,0xEFDE,0xEFDE,0xEFDE,0xEFDE,0xEFDE,0xEFDE,0xEFDE,0xEFDE,0xEFDE,0xEFDE,0xEFDE,0xEFDE,0xEFDE,0xEFDE,
    0xEFDE,0xEFDE,0xEFDE,0xE7BE,0xE7BE,0xE7BE,0xE7BE,0xE7BE,0xE7BE,0xEFDE,0xEFDE,0xEFDE,0xEFDE,0xEFDE,0xEFDE,0xEFDE,
    0xEFDE,0xEFDE,0xE7BE,0xE7BE,0xE7BE,0xE7BE,0xD71B,0x10A3,0x6184,0x5123,0xBBC2,0xED01,0xF5E4,0xFDA4,0xF4E1,0xA200,
    0x3041,0x79E4,0x71C3,0x69A2,0x5942,0x38E3,0xD71C,0xE7BE,0xE7BE,0xEFDE,0xEFDE,0xEFDE,0xEFDE,0xE7BE,0xE7BE,0xC679,
    0x4124,0x4922,0x7A45,0x8A45,0x79E3,0x8204,0x6163,0x48C0,0xF543,0xFE05,0xF582,0xED21,0xDC81,0x58E2,0x3904,0x3A08,
    0xEFDE,0xE7BE,0xE7BE,0xE7BE,0xE7BE,0xE7BE,0xEFDE,0xEFDE,0xEFDE,0xEFDE,0xEFDE,0xEFDE,0xEFDE,0xEFDE,0xEFDE,0xEFDE,
    0xEFDE,0xEFDE,0xEFDE,0xEFDE,0xEFDE,0xEFDE,0xEFDE,0xEFDE,0xEFDE,0xEFDE,0xEFDE,0xEFDE,0xEFDE,0xEFDE,0xEFDE,0xEFDE,
    0xEFDE,0xEFDE,0xEFDE,0xEFDE,0xEFDE,0xEFDE,0xEFDE,0xEFDE,0xEFDE,0xEFDE,0xEFDE,0xEFDE,0xEFDE,0xEFDE,0xEFDE,0xEFDE,
    0xEFDE,0xEFDE,0xEFDE,0xEFDE,0xEFDE,0xEFDE,0xEFDE,0xEFDE,0xEFDE,0xEFDE,0xEFDE,0xEFDE,0xEFDE,0xEFDE,0xEFDE,0xEFDE,
    0xEFDE,0xEFDE,0xEFDE,0xEFDE,0xEFDE,0xEFDE,0xEFDE,0xEFDE,0xEFDE,0xEFDE,0xEFDE,0xEFDE,0xEFDE,0xEFDE,0xEFDE,0xEFDE,
    0xEFDE,0xEFDE,0xE7BE,0xE7BE,0xE7BE,0xE7BE,0x7C31,0x0883,0x0906,0x08C5,0x29E8,0x3A48,0x59E4,0x69E2,0xBAC1,0x5922,
    0x5164,0x79E4,0x6182,0x5142,0x4902,0x30E4,0xD6FB,0xE7BE,0xE7BE,0xEFDE,0xEFDE,0xEFDE,0xEFDE,0xE7BE,0xE7BE,0xD71B,
    0x38E4,0x4922,0x5143,0x6163,0x69A3,0x6983,0x6984,0x4924,0xC321,0xAAC1,0x6A22,0x2944,0x228B,0x0968,0x0106,0x0043,
    0x94F3,0xE7BE,0xE7BE,0xE7BE,0xE7BE,0xE7BE,0xE7BE,0xEFDE,0xEFDE,0xEFDE,0xEFDE,0xEFDE,0xEFDE,0xEFDE,0xEFDE,0xEFDE,
    0xEFDE,0xEFDE,0xEFDE,0xEFDE,0xEFDE,0xEFDE,0xEFDE,0xEFDE,0xEFDE,0xEFDE,0xEFDE,0xEFDE,0xEFDE,0xEFDE,0xEFDE,0xEFDE,
    0xEFDE,0xEFDE,0xEFDE,0xEFDE,0xEFDE,0xEFDE,0xEFDE,0xEFDE,0xEFDE,0xEFDE,0xEFDE,0xEFDE,0xEFDE,0xEFDE,0xEFDE,0xEFDE,
    0xEFDE,0xEFDE,0xEFDE,0xEFDE,0xEFDE,0xEFDE,0xEFDE,0xEFDE,0xEFDE,0xEFDE,0xEFDE,0xEFDE,0xEFDE,0xEFDE,0xEFDE,0xEFDE,
    0xEFDE,0xEFDE,0xEFDE,0xEFDE,0xEFDE,0xEFDE,0xEFDE,0xEFDE,0xEFDE,0xEFDE,0xEFDE,0xEFDE,0xEFDE,0xEFDE,0xEFDE,0xEFDE,
    0xEFDE,0xEFDE,0xE7BE,0xE7BE,0xE7BE,0x426A,0x0842,0x0064,0x08C5,0x11EA,0x1A4B,0x1AEC,0x1B0D,0x228B,0x0002,0x1108,
    0x2189,0x18A5,0x4102,0x4942,0x1042,0x0001,0xE77D,0xE7BE,0xE7BE,0xEFDE,0xEFDE,0xEFDE,0xEFDE,0xE7BE,0xE7BE,0xE7BE,
    0x0862,0x0822,0x4902,0x71A3,0x6962,0x2081,0x1042,0x2169,0x0002,0x0864,0x1B0C,0x1B8D,0x0ACC,0x09E9,0x01A8,0x0167,
    0x09E9,0x0862,0x0842,0x2125,0xEFDE,0xE7BE,0xEFDE,0xEFDE,0xEFDE,0xEFDE,0xEFDE,0xEFDE,0xEFDE,0xEFDE,0xEFDE,0xEFDE,
    0xEFDE,0xEFDE,0xEFDE,0xEFDE,0xEFDE,0xEFDE,0xEFDE,0xEFDE,0xEFDE,0xEFDE,0xEFDE,0xEFDE,0xEFDE,0xEFDE,0xEFDE,0xEFDE,
    0xEFDE,0xEFDE,0xEFDE,0xEFDE,0xEFDE,0xEFDE,0xEFDE,0xEFDE,0xEFDE,0xEFDE,0xEFDE,0xEFDE,0xEFDE,0xEFDE,0xEFDE,0xEFDE,
    0xEFDE,0xEFDE,0xEFDE,0xEFDE,0xEFDE,0xEFDE,0xEFDE,0xEFDE,0xEFDE,0xEFDE,0xEFDE,0xEFDE,0xEFDE,0xEFDE,0xEFDE,0xEFDE,
    0xEFDE,0xEFDE,0xEFDE,0xEFDE,0xEFDE,0xEFDE,0xEFDE,0xEFDE,0xEFDE,0xEFDE,0xEFDE,0xEFDE,0xEFDE,0xEFDE,0xEFDE,0xEFDE,
    0xE7BE,0xE7BE,0xE7BE,0x4A8A,0x0885,0x0926,0x2B8C,0x3C4D,0x342C,0x3C4D,0x2C0D,0x128A,0x0A08,0x11A9,0x1128,0x21AA,
    0x21CA,0x2189,0x10E6,0x08C5,0x10E6,0x0001,0xE77D,0xE7BE,0xE7BE,0xE7BE,0xEFDE,0xEFDE,0xEFDE,0xE7BE,0xE7BE,0xE7BE,
    0x0842,0x1945,0x1105,0x10E6,0x08C5,0x1127,0x2189,0x21AA,0x1968,0x1168,0x1BAD,0x0188,0x1B4C,0x240D,0x2C6E,0x2C6D,
    0x2C8D,0x1B6B,0x34AF,0x130B,0x0062,0x8C91,0xDF3C,0xEFDE,0xEFDE,0xEFDE,0xEFDE,0xEFDE,0xEFDE,0xEFDE,0xEFDE,0xEFDE,
    0xEFDE,0xEFDE,0xEFDE,0xEFDE,0xEFDE,0xEFDE,0xEFDE,0xEFDE,0xEFDE,0xEFDE,0xEFDE,0xEFDE,0xEFDE,0xEFDE,0xEFDE,0xEFDE,
    0xEFDE,0xEFDE,0xEFDE,0xEFDE,0xEFDE,0xEFDE,0xEFDE,0xEFDE,0xEFDE,0xEFDE,0xEFDE,0xEFDE,0xEFDE,0xEFDE,0xEFDE,0xEFDE,
    0xEFDE,0xEFDE,0xEFDE,0xEFDE,0xEFDE,0xEFDE,0xEFDE,0xEFDE,0xEFDE,0xEFDE,0xEFDE,0xEFDE,0xEFDE,0xEFDE,0xEFDE,0xEFDE,
    0xEFDE,0xEFDE,0xEFDE,0xEFDE,0xEFDE,0xEFDE,0xEFDE,0xEFDE,0xEFDE,0xEFDE,0xEFDE,0xEFDE,0xEFDE,0xEFDE,0xE7BE,0xE7BE,
    0xE7BE,0xE79D,0x0843,0x09C9,0x244E,0x244D,0x34EE,0x3CCE,0x44EE,0x4D0E,0x4D2F,0x4CEE,0x3C8D,0x340D,0x198A,0x21CA,
    0x21CA,0x21CA,0x1948,0x08C6,0x1107,0x0022,0x634E,0xE7BE,0xE7BE,0xE7BE,0xEFDE,0xEFDE,0xEFDE,0xE7BE,0xE7BE,0xBE58,
    0x08A4,0x10E5,0x1106,0x1968,0x1969,0x2169,0x21AA,0x21AA,0x21EB,0x1A0B,0x12CB,0x242D,0x44EE,0x4D4F,0x4D70,0x4D4F,
    0x3CEE,0x3D2E,0x3D4F,0x3D4F,0x3CAE,0x10C4,0x0842,0xD71B,0xE7BE,0xE7BE,0xEFDE,0xEFDE,0xEFDE,0xEFDE,0xEFDE,0xEFDE,
    0xEFDE,0xEFDE,0xEFDE,0xEFDE,0xEFDE,0xEFDE,0xEFDE,0xEFDE,0xEFDE,0xEFDE,0xEFDE,0xEFDE,0xEFDE,0xEFDE,0xEFDE,0xEFDE,
    0xEFDE,0xEFDE,0xEFDE,0xEFDE,0xEFDE,0xEFDE,0xEFDE,0xEFDE,0xEFDE,0xEFDE,0xEFDE,0xEFDE,0xEFDE,0xEFDE,0xEFDE,0xEFDE,
    0xEFDE,0xEFDE,0xEFDE,0xEFDE,0xEFDE,0xEFDE,0xEFDE,0xEFDE,0xEFDE,0xEFDE,0xEFDE,0xEFDE,0xEFDE,0xEFDE,0xEFDE,0xEFDE,
    0xEFDE,0xEFDE,0xEFDE,0xEFDE,0xEFDE,0xEFDE,0xEFDE,0xEFDE,0xEFDE,0xEFDE,0xEFDE,0xEFDE,0xEFDE,0xEFDE,0xE7BE,0xE7BE,
    0xDF3C,0x10A3,0x1B8C,0x54D0,0xF799,0xFFDA,0xF7BB,0xEFBB,0xC6F8,0x5570,0x5D70,0x44EE,0x44AE,0x3C8D,0x2C2C,0x0929,
    0x21EB,0x21AA,0x1948,0x08C5,0x1968,0x08C6,0x5B2E,0xE7BE,0xE7BE,0xEFDE,0xEFDE,0xEFDE,0xEFDE,0xE7BE,0xE7BE,0x9D14,
    0x0885,0x1107,0x2188,0x1107,0x2169,0x1969,0x21AA,0x21AA,0x19EA,0x236C,0x348D,0x552E,0x450E,0x65B0,0x452F,0xA673,
    0xFFDB,0xFF99,0xF79A,0xF79A,0xFF99,0xEE94,0x936A,0x2126,0xE7BE,0xE7BE,0xE7BE,0xEFDE,0xEFDE,0xEFDE,0xEFDE,0xEFDE,
    0xEFDE,0xEFDE,0xEFDE,0xEFDE,0xEFDE,0xEFDE,0xEFDE,0xEFDE,0xEFDE,0xEFDE,0xEFDE,0xEFDE,0xEFDE,0xEFDE,0xEFDE,0xEFDE,
    0xEFDE,0xEFDE,0xEFDE,0xEFDE,0xEFDE,0xEFDE,0xEFDE,0xEFDE,0xEFDE,0xEFDE,0xEFDE,0xEFDE,0xEFDE,0xEFDE,0xEFDE,0xEFDE,
    0xEFDE,0xEFDE,0xEFDE,0xEFDE,0xEFDE,0xEFDE,0xEFDE,0xEFDE,0xEFDE,0xEFDE,0xEFDE,0xEFDE,0xEFDE,0xEFDE,0xEFDE,0xEFDE,
    0xEFDE,0xEFDE,0xEFDE,0xEFDE,0xEFDE,0xEFDE,0xEFDE,0xEFDE,0xEFDE,0xEFDE,0xEFDE,0xEFDE,0xEFDE,0xEFDE,0xE7BE,0xE7BE,
    0x10C5,0x2147,0xE6B6,0xFF58,0xFF9A,0xFF99,0xFF99,0xFF9A,0xFFBB,0xFF7B,0x7552,0x4C8E,0x3CAE,0x44AD,0x44AC,0x1BAB,
    0x1948,0x21CA,0x1928,0x2A29,0x1948,0x10C7,0x5AED,0xE7BE,0xE7BE,0xEFDE,0xEFDE,0xEFDE,0xEFDE,0xE7BE,0xE7BE,0x9D14,
    0x0885,0x1107,0x1907,0x2168,0x1928,0x1948,0x21AA,0x21A9,0x1B4D,0x44CE,0x44EE,0x44EE,0x44EF,0x348E,0xF7DA,0xFFBB,
    0xFFDB,0xFFDB,0xFFB9,0xFF99,0xFF99,0xFF78,0xFED4,0x4145,0x2146,0xE7BE,0xE7BE,0xEFDE,0xEFDE,0xEFDE,0xEFDE,0xEFDE,
    0xEFDE,0xEFDE,0xEFDE,0xEFDE,0xEFDE,0xEFDE,0xEFDE,0xEFDE,0xEFDE,0xEFDE,0xEFDE,0xEFDE,0xEFDE,0xEFDE,0xEFDE,0xEFDE,
    0xEFDE,0xEFDE,0xEFDE,0xEFDE,0xEFDE,0xEFDE,0xEFDE,0xEFDE,0xEFDE,0xEFDE,0xEFDE,0xEFDE,0xEFDE,0xEFDE,0xEFDE,0xEFDE,
    0xEFDE,0xEFDE,0xEFDE,0xEFDE,0xEFDE,0xEFDE,0xEFDE,0xEFDE,0xEFDE,0xEFDE,0xEFDE,0xEFDE,0xEFDE,0xEFDE,0xEFDE,0xEFDE,
    0xEFDE,0xEFDE,0xEFDE,0xEFDE,0xEFDE,0xEFDE,0xEFDE,0xEFDE,0xEFDE,0xEFDE,0xEFDE,0xEFDE,0xEFDE,0xEFDE,0xEFDE,0x73D0,
    0x1084,0xF695,0xFFBA,0xFF98,0xFF78,0xFF79,0xFF99,0xFF99,0xFF9A,0xFF99,0xFF78,0xE6F6,0x346D,0x44CD,0x3C8C,0x240C,
    0x1988,0x1948,0x1928,0x21E9,0x1127,0x0885,0x4A6B,0xE7BE,0xE7BE,0xEFDE,0xEFDE,0xEFDE,0xEFDE,0xE7BE,0xE7BE,0x8C72,
    0x0864,0x1107,0x10E7,0x2168,0x10E6,0x1948,0x1968,0x21A9,0x2C0D,0x348D,0x450E,0x3D0E,0x34CE,0xF777,0xFF78,0xFF99,
    0xFF99,0xFF58,0xFF58,0xFF37,0xFF57,0xFF57,0xFE94,0xBBEB,0x0883,0xEFDE,0xE7BE,0xEFDE,0xEFDE,0xEFDE,0xEFDE,0xEFDE,
    0xEFDE,0xEFDE,0xEFDE,0xEFDE,0xEFDE,0xEFDE,0xEFDE,0xEFDE,0xEFDE,0xEFDE,0xEFDE,0xEFDE,0xEFDE,0xEFDE,0xEFDE,0xEFDE,
    0xEFDE,0xEFDE,0xEFDE,0xEFDE,0xEFDE,0xEFDE,0xEFDE,0xEFDE,0xEFDE,0xEFDE,0xEFDE,0xEFDE,0xEFDE,0xEFDE,0xEFDE,0xEFDE,
    0xEFDE,0xEFDE,0xEFDE,0xEFDE,0xEFDE,0xEFDE,0xEFDE,0xEFDE,0xEFDE,0xEFDE,0xEFDE,0xEFDE,0xEFDE,0xEFDE,0xEFDE,0xEFDE,
    0xEFDE,0xEFDE,0xEFDE,0xEFDE,0xEFDE,0xEFDE,0xEFDE,0xEFDE,0xEFDE,0xEFDE,0xEFDE,0xEFDE,0xEFDE,0xEFDE,0xE7BE,0x3187,
    0x9BEF,0xFE94,0xFF37,0xFF58,0xFF78,0xFF58,0xFF57,0xFF78,0xFF78,0xFF99,0xFF78,0xF715,0xFF78,0x3CAD,0x2C2C,0x23CC,
    0x132B,0x1128,0x1948,0x1126,0x1105,0x38A3,0x1084,0xE79D,0xE7BE,0xEFDE,0xEFDE,0xEFDE,0xEFDE,0xE7BE,0xE7BE,0x10A4,
    0x4904,0x08E7,0x10E6,0x1107,0x1106,0x1928,0x1948,0x1167,0x2C0D,0x2C4E,0x2C8E,0x34EF,0xFFB6,0xFF36,0xFF78,0xFF58,
    0xFF78,0xFF58,0xFF36,0xFF16,0xFF16,0xF652,0xF633,0xE510,0x626B,0xE79D,0xE7BE,0xEFDE,0xEFDE,0xEFDE,0xEFDE,0xEFDE,
    0xEFDE,0xEFDE,0xEFDE,0xEFDE,0xEFDE,0xEFDE,0xEFDE,0xEFDE,0xEFDE,0xEFDE,0xEFDE,0xEFDE,0xEFDE,0xEFDE,0xEFDE,0xEFDE,
    0xEFDE,0xEFDE,0xEFDE,0xEFDE,0xEFDE,0xEFDE,0xEFDE,0xEFDE,0xEFDE,0xEFDE,0xEFDE,0xEFDE,0xEFDE,0xEFDE,0xEFDE,0xEFDE,
    0xEFDE,0xEFDE,0xEFDE,0xEFDE,0xEFDE,0xEFDE,0xEFDE,0xEFDE,0xEFDE,0xEFDE,0xEFDE,0xEFDE,0xEFDE,0xEFDE,0xEFDE,0xEFDE,
    0xEFDE,0xEFDE,0xEFDE,0xEFDE,0xEFDE,0xEFDE,0xEFDE,0xEFDE,0xEFDE,0xEFDE,0xEFDE,0xEFDE,0xEFDE,0xEFDE,0xADB6,0x1083,
    0xC46E,0xF5B0,0xFE93,0xF60F,0xF5CE,0xF5CD,0xFEB4,0xFF37,0xFEF6,0xFED5,0xFED4,0xFEB4,0xF673,0xCD30,0x23CC,0x1B6C,
    0x0B0B,0x0968,0x0864,0xC3E2,0x9A83,0x6103,0x1084,0xE79D,0xE7BE,0xE7BE,0xEFDE,0xEFDE,0xEFDE,0xE7BE,0xE7BE,0x1084,
    0x6964,0x6963,0x5964,0xB340,0x8A82,0x10E7,0x1147,0x0AAC,0x1BAD,0x23ED,0x2C6D,0x446E,0xF694,0xFED5,0xFEF5,0xFED4,
    0xFEB5,0xE5F3,0xE58F,0xDC46,0xD3C3,0xE404,0xE56F,0xD46D,0x71E8,0x20E5,0xE79D,0xEFDE,0xEFDE,0xEFDE,0xEFDE,0xEFDE,
    0xEFDE,0xEFDE,0xEFDE,0xEFDE,0xEFDE,0xEFDE,0xEFDE,0xEFDE,0xEFDE,0xEFDE,0xEFDE,0xEFDE,0xEFDE,0xEFDE,0xEFDE,0xEFDE,
    0xEFDE,0xEFDE,0xEFDE,0xEFDE,0xEFDE,0xEFDE,0xEFDE,0xEFDE,0xEFDE,0xEFDE,0xEFDE,0xEFDE,0xEFDE,0xEFDE,0xEFDE,0xEFDE,
    0xEFDE,0xEFDE,0xEFDE,0xEFDE,0xEFDE,0xEFDE,0xEFDE,0xEFDE,0xEFDE,0xEFDE,0xEFDE,0xEFDE,0xEFDE,0xEFDE,0xEFDE,0xEFDE,
    0xEFDE,0xEFDE,0xEFDE,0xEFDE,0xEFDE,0xEFDE,0xEFDE,0xEFDE,0xEFDE,0xEFDE,0xEFDE,0xEFDE,0xEFDE,0xE7BE,0x6B4D,0x38E3,
    0xBB8A,0xE4AB,0x6A46,0x7265,0x6A65,0x6A86,0x6A85,0xCB22,0xC344,0xF652,0xEE12,0xF612,0xEDF1,0xCC8F,0x1B6C,0x134C,
    0x0B2C,0x10C5,0x8264,0x9AA2,0x7183,0x6103,0x1084,0xE79D,0xE7BE,0xE7BE,0xEFDE,0xEFDE,0xEFDE,0xE7BE,0xE7BE,0x10A4,
    0x6983,0x6983,0x81A3,0xBB41,0xC381,0xE462,0x2903,0x1187,0x138D,0x138C,0x1BAC,0xE5D2,0xEE32,0xF653,0xF631,0xFE71,
    0xC323,0xCB43,0x4229,0x422A,0x320B,0x31EB,0x298A,0xBB22,0xB2C0,0x0023,0xB5F7,0xEFDE,0xEFDE,0xEFDE,0xEFDE,0xEFDE,
    0xEFDE,0xEFDE,0xEFDE,0xEFDE,0xEFDE,0xEFDE,0xEFDE,0xEFDE,0xEFDE,0xEFDE,0xEFDE,0xEFDE,0xEFDE,0xEFDE,0xEFDE,0xEFDE,
    0xEFDE,0xEFDE,0xEFDE,0xEFDE,0xEFDE,0xEFDE,0xEFDE,0xEFDE,0xEFDE,0xEFDE,0xEFDE,0xEFDE,0xEFDE,0xEFDE,0xEFDE,0xEFDE,
    0xEFDE,0xEFDE,0xEFDE,0xEFDE,0xEFDE,0xEFDE,0xEFDE,0xEFDE,0xEFDE,0xEFDE,0xEFDE,0xEFDE,0xEFDE,0xEFDE,0xEFDE,0xEFDE,
    0xEFDE,0xEFDE,0xEFDE,0xEFDE,0xEFDE,0xEFDE,0xEFDE,0xEFDE,0xEFDE,0xEFDE,0xEFDE,0xE7BE,0xE7BE,0xE79D,0x0842,0xBAC1,
    0xBA80,0x7162,0x21AC,0x29CB,0x29AA,0x29EB,0x2A0C,0x21A9,0xAB01,0xBB22,0xCC08,0xCC29,0xCBC7,0xCC07,0x6B06,0x9344,
    0x7244,0xA2C1,0x61C4,0x8222,0x6183,0x38C4,0x10A4,0xE79D,0xE7BE,0xEFDE,0xEFDE,0xEFDE,0xEFDE,0xE7BE,0xE7BE,0x1906,
    0x5165,0x6163,0x9223,0xB321,0xC3A3,0x9A61,0xA281,0xF5C2,0x6224,0x62E5,0x3AC6,0xD427,0xD488,0xD488,0xD488,0xB2E0,
    0x91E1,0x2189,0x324D,0x21AB,0x21AA,0x21AA,0x2169,0x2947,0xE462,0x0022,0xA575,0xEFDE,0xEFDE,0xEFDE,0xEFDE,0xEFDE,
    0xEFDE,0xEFDE,0xEFDE,0xEFDE,0xEFDE,0xEFDE,0xEFDE,0xEFDE,0xEFDE,0xEFDE,0xEFDE,0xEFDE,0xEFDE,0xEFDE,0xEFDE,0xEFDE,
    0xEFDE,0xEFDE,0xEFDE,0xEFDE,0xEFDE,0xEFDE,0xEFDE,0xEFDE,0xEFDE,0xEFDE,0xEFDE,0xEFDE,0xEFDE,0xEFDE,0xEFDE,0xEFDE,
    0xEFDE,0xEFDE,0xEFDE,0xEFDE,0xEFDE,0xEFDE,0xEFDE,0xEFDE,0xEFDE,0xEFDE,0xEFDE,0xEFDE,0xEFDE,0xEFDE,0xEFDE,0xEFDE,
    0xEFDE,0xEFDE,0xEFDE,0xEFDE,0xEFDE,0xEFDE,0xEFDE,0xEFDE,0xEFDE,0xEFDE,0xEFDE,0xE7BE,0xE7BE,0xE79D,0x0042,0x8223,
    0xD4A3,0x298A,0x21AB,0x218A,0x216A,0x218A,0x218B,0x21AA,0x198A,0xCD05,0xFEA6,0xFE66,0xF583,0xF626,0xF521,0xE440,
    0xB2C1,0x9A41,0x1883,0x71E2,0x20A3,0x0843,0x8CB3,0xE7BE,0xE7BE,0xEFDE,0xEFDE,0xEFDE,0xEFDE,0xE7BE,0xE7BE,0xDF5C,
    0x0864,0x28C3,0x79E2,0xAAE1,0x1043,0x5183,0x9A21,0xBB01,0xCB81,0xE420,0xFE04,0xF624,0xF6CC,0xFECD,0xFEAC,0xF5E4,
    0x29AB,0x2189,0x218A,0x196A,0x198A,0x1969,0x1969,0x1948,0x1084,0x0022,0xA555,0xEFDE,0xEFDE,0xEFDE,0xEFDE,0xEFDE,
    0xEFDE,0xEFDE,0xEFDE,0xEFDE,0xEFDE,0xEFDE,0xEFDE,0xEFDE,0xEFDE,0xEFDE,0xEFDE,0xEFDE,0xEFDE,0xEFDE,0xEFDE,0xEFDE,
    0xEFDE,0xEFDE,0xEFDE,0xEFDE,0xEFDE,0xEFDE,0xEFDE,0xEFDE,0xEFDE,0xEFDE,0xEFDE,0xEFDE,0xEFDE,0xEFDE,0xEFDE,0xEFDE,
    0xEFDE,0xEFDE,0xEFDE,0xEFDE,0xEFDE,0xEFDE,0xEFDE,0xEFDE,0xEFDE,0xEFDE,0xEFDE,0xEFDE,0xEFDE,0xEFDE,0xEFDE,0xEFDE,
    0xEFDE,0xEFDE,0xEFDE,0xEFDE,0xEFDE,0xEFDE,0xEFDE,0xEFDE,0xEFDE,0xEFDE,0xEFDE,0xEFDE,0xE7BE,0xE79D,0x0842,0x48A4,
    0x10E7,0x1928,0x2169,0x1969,0x218A,0x218A,0x218A,0x218A,0x2149,0x1924,0xE480,0xE481,0xDC21,0xDC41,0xDC01,0xCB81,
    0xB2C4,0x28C4,0x0044,0x0865,0x0864,0xCE9A,0xE7BE,0xE7BE,0xE7BE,0xEFDE,0xEFDE,0xEFDE,0xEFDE,0xE7BE,0xE7BE,0xE7BE,
    0x94D3,0x3145,0x0023,0x0043,0x0043,0x0843,0x30E4,0xC341,0xC341,0xCBC0,0xDC01,0xF501,0xE4A1,0xE4A1,0xE4E2,0x2968,
    0x21AA,0x1969,0x1969,0x1969,0x1948,0x1949,0x1128,0x1128,0x1128,0x0864,0xB5F7,0xEFDE,0xEFDE,0xEFDE,0xEFDE,0xEFDE,
    0xEFDE,0xEFDE,0xEFDE,0xEFDE,0xEFDE,0xEFDE,0xEFDE,0xEFDE,0xEFDE,0xEFDE,0xEFDE,0xEFDE,0xEFDE,0xEFDE,0xEFDE,0xEFDE,
    0xEFDE,0xEFDE,0xEFDE,0xEFDE,0xEFDE,0xEFDE,0xEFDE,0xEFDE,0xEFDE,0xEFDE,0xEFDE,0xEFDE,0xEFDE,0xEFDE,0xEFDE,0xEFDE,
    0xEFDE,0xEFDE,0xEFDE,0xEFDE,0xEFDE,0xEFDE,0xEFDE,0xEFDE,0xEFDE,0xEFDE,0xEFDE,0xEFDE,0xEFDE,0xEFDE,0xEFDE,0xEFDE,
    0xEFDE,0xEFDE,0xEFDE,0xEFDE,0xEFDE,0xEFDE,0xEFDE,0xEFDE,0xEFDE,0xEFDE,0xEFDE,0xEFDE,0xEFDE,0xE7BE,0x39C8,0x0023,
    0x10E7,0x10E7,0x1108,0x1928,0x1948,0x1949,0x1948,0x1948,0x1928,0x1928,0x0885,0xDC01,0xE421,0xE441,0xBB22,0x3923,
    0x20E4,0x0862,0x73AE,0xD6DA,0xCEDA,0xE7BE,0xE7BE,0xE7BE,0xE7BE,0xEFDE,0xEFDE,0xEFDE,0xEFDE,0xEFDE,0xEFDE,0xE7BE,
    0xE7BE,0xE79D,0xC699,0xBE17,0xAD95,0x9470,0x10A5,0x18C4,0x3902,0xB321,0xCBC1,0xDC01,0xD3C0,0xD3E0,0x10E5,0x1969,
    0x2189,0x1948,0x1107,0x1127,0x1107,0x10E7,0x1107,0x10E7,0x0885,0x0864,0xE7BE,0xEFDE,0xEFDE,0xEFDE,0xEFDE,0xEFDE,
    0xEFDE,0xEFDE,0xEFDE,0xEFDE,0xEFDE,0xEFDE,0xEFDE,0xEFDE,0xEFDE,0xEFDE,0xEFDE,0xEFDE,0xEFDE,0xEFDE,0xEFDE,0xEFDE,
    0xEFDE,0xEFDE,0xEFDE,0xEFDE,0xEFDE,0xEFDE,0xEFDE,0xEFDE,0xEFDE,0xEFDE,0xEFDE,0xEFDE,0xEFDE,0xEFDE,0xEFDE,0xEFDE,
    0xEFDE,0xEFDE,0xEFDE,0xEFDE,0xEFDE,0xEFDE,0xEFDE,0xEFDE,0xEFDE,0xEFDE,0xEFDE,0xEFDE,0xEFDE,0xEFDE,0xEFDE,0xEFDE,
    0xEFDE,0xEFDE,0xEFDE,0xEFDE,0xEFDE,0xEFDE,0xEFDE,0xEFDE,0xEFDE,0xEFDE,0xEFDE,0xEFDE,0xEFDE,0xEFDE,0xE7BE,0x6B6D,
    0x0843,0x0844,0x08A6,0x08C6,0x1107,0x1107,0x1107,0x1927,0x1107,0x1128,0x10C6,0x10E5,0x10E5,0x10E6,0x10C4,0x10A4,
    0x4A49,0xDF5C,0xE7BE,0xE7BE,0xE7BE,0xEFDE,0xEFDE,0xEFDE,0xEFDE,0xEFDE,0xEFDE,0xEFDE,0xEFDE,0xEFDE,0xEFDE,0xEFDE,
    0xEFDE,0xEFDE,0xEFDE,0xEFDE,0xEFDE,0xEFDE,0xEFDE,0xBE17,0x10A4,0x10A4,0x08A4,0x10C5,0x10E6,0x1105,0x1147,0x10E6,
    0x1107,0x1127,0x10E6,0x1107,0x08E6,0x08C6,0x0864,0x0864,0x31A8,0xE7BE,0xEFDE,0xEFDE,0xEFDE,0xEFDE,0xEFDE,0xEFDE,
    0xEFDE,0xEFDE,0xEFDE,0xEFDE,0xEFDE,0xEFDE,0xEFDE,0xEFDE,0xEFDE,0xEFDE,0xEFDE,0xEFDE,0xEFDE,0xEFDE,0xEFDE,0xEFDE,
    0xEFDE,0xEFDE,0xEFDE,0xEFDE,0xEFDE,0xEFDE,0xEFDE,0xEFDE,0xEFDE,0xEFDE,0xEFDE,0xEFDE,0xEFDE,0xEFDE,0xEFDE,0xEFDE,
    0xEFDE,0xEFDE,0xEFDE,0xEFDE,0xEFDE,0xEFDE,0xEFDE,0xEFDE,0xEFDE,0xEFDE,0xEFDE,0xEFDE,0xEFDE,0xEFDE,0xEFDE,0xEFDE,
    0xEFDE,0xEFDE,0xEFDE,0xEFDE,0xEFDE,0xEFDE,0xEFDE,0xEFDE,0xEFDE,0xEFDE,0xEFDE,0xEFDE,0xEFDE,0xEFDE,0xE7BE,0xE7BE,
    0xEFDE,0x2106,0x0884,0x0864,0x0864,0x0864,0x0884,0x0884,0x0884,0x0883,0x0883,0x0884,0x10A4,0x18E5,0xE7BD,0xEFDE,
    0xE7BE,0xEFDE,0xEFDE,0xEFDE,0xEFDE,0xEFDE,0xEFDE,0xEFDE,0xEFDE,0xEFDE,0xEFDE,0xEFDE,0xEFDE,0xEFDE,0xEFDE,0xEFDE,
    0xEFDE,0xEFDE,0xEFDE,0xEFDE,0xEFDE,0xEFDE,0xEFDE,0xE7BE,0xE79D,0xC678,0x9CD1,0x10A4,0x0884,0x10A4,0x0883,0x0883,
    0x08A4,0x08A4,0x10A4,0x1084,0x0884,0x0884,0x2147,0xE79D,0xEFDE,0xEFDE,0xEFDE,0xEFDE,0xEFDE,0xEFDE,0xEFDE,0xEFDE,
    0xEFDE,0xEFDE,0xEFDE,0xEFDE,0xEFDE,0xEFDE,0xEFDE,0xEFDE,0xEFDE,0xEFDE,0xEFDE,0xEFDE,0xEFDE,0xEFDE,0xEFDE,0xEFDE,
    0xEFDE,0xEFDE,0xEFDE,0xEFDE,0xEFDE,0xEFDE,0xEFDE,0xEFDE,0xEFDE,0xEFDE,0xEFDE,0xEFDE,0xEFDE,0xEFDE,0xEFDE,0xEFDE,
    0xEFDE,0xEFDE,0xEFDE,0xEFDE,0xEFDE,0xEFDE,0xEFDE,0xEFDE,0xEFDE,0xEFDE,0xEFDE,0xEFDE,0xEFDE,0xEFDE,0xEFDE,0xEFDE,
    0xEFDE,0xEFDE,0xEFDE,0xEFDE,0xEFDE,0xEFDE,0xEFDE,0xEFDE,0xEFDE,0xEFDE,0xEFDE,0xEFDE,0xEFDE,0xEFDE,0xEFDE,0xEFDE,
    0xEFDE,0xEFDE,0xEFDE,0xEFDE,0xEFDE,0xEFDE,0xEFDE,0xEFDE,0xEFDE,0xEFDE,0xEFDE,0xEFDE,0xEFDE,0xEFDE,0xEFDE,0xEFDE,
    0xEFDE,0xEFDE,0xEFDE,0xEFDE,0xEFDE,0xEFDE,0xEFDE,0xEFDE,0xEFDE,0xEFDE,0xEFDE,0xEFDE,0xEFDE,0xEFDE,0xEFDE,0xEFDE,
    0xEFDE,0xEFDE,0xEFDE,0xEFDE,0xEFDE,0xEFDE,0xEFDE,0xEFDE,0xEFDE,0xEFDE,0xEFDE,0xEFDE,0xEFDE,0xEFDE,0xEFDE,0xEFDE,
    0xEFDE,0xEFDE,0xEFDE,0xEFDE,0xEFDE,0xEFDE,0xEFDE,0xEFDE,0xEFDE,0xEFDE,0xEFDE,0xEFDE,0xEFDE,0xEFDE,0xEFDE,0xEFDE,
    0xEFDE,0xEFDE,0xEFDE,0xEFDE,0xEFDE,0xEFDE,0xEFDE,0xEFDE,0xEFDE,0xEFDE,0xEFDE,0xEFDE,0xEFDE,0xEFDE,0xEFDE,0xEFDE,
    0xEFDE,0xEFDE,0xEFDE,0xEFDE,0xEFDE,0xEFDE,0xEFDE,0xEFDE,0xEFDE,0xEFDE,0xEFDE,0xEFDE,0xEFDE,0xEFDE,0xEFDE,0xEFDE,
    0xEFDE,0xEFDE,0xEFDE,0xEFDE,0xEFDE,0xEFDE,0xEFDE,0xEFDE,0xEFDE,0xEFDE,0xEFDE,0xEFDE,0xEFDE,0xEFDE,0xEFDE,0xEFDE,
    0xEFDE,0xEFDE,0xEFDE,0xEFDE,0xEFDE,0xEFDE,0xEFDE,0xEFDE,0xEFDE,0xEFDE,0xEFDE,0xEFDE,0xEFDE,0xEFDE,0xEFDE,0xEFDE,
    0xEFDE,0xEFDE,0xEFDE,0xEFDE,0xEFDE,0xEFDE,0xEFDE,0xEFDE,0xEFDE,0xEFDE,0xEFDE,0xEFDE,0xEFDE,0xEFDE,0xEFDE,0xEFDE,
    0xEFDE,0xEFDE,0xEFDE,0xEFDE,0xEFDE,0xEFDE,0xEFDE,0xEFDE,0xEFDE,0xEFDE,0xEFDE,0xEFDE,0xEFDE,0xEFDE,0xEFDE,0xEFDE,
    0xEFDE,0xEFDE,0xEFDE,0xEFDE,0xEFDE,0xEFDE,0xEFDE,0xEFDE,0xEFDE,0xEFDE,0xEFDE,0xEFDE,0xEFDE,0xEFDE,0xEFDE,0xEFDE,
    0xEFDE,0xEFDE,0xEFDE,0xEFDE,0xEFDE,0xEFDE,0xEFDE,0xEFDE,0xEFDE,0xEFDE,0xEFDE,0xEFDE,0xEFDE,0xEFDE,0xEFDE,0xEFDE,
    0xEFDE,0xEFDE,0xEFDE,0xEFDE,0xEFDE,0xEFDE,0xEFDE,0xEFDE,0xEFDE,0xEFDE,0xEFDE,0xEFDE,0xEFDE,0xEFDE,0xEFDE,0xEFDE,
};

static const uint16_t s_pet_talk[128 * 150] = {
    0xEFDE,0xEFDE,0xEFDE,0xEFDE,0xEFDE,0xEFDE,0xEFDE,0xEFDE,0xEFDE,0xEFDE,0xEFDE,0xEFDE,0xEFDE,0xEFDE,0xEFDE,0xEFDE,
    0xEFDE,0xEFDE,0xEFDE,0xEFDE,0xEFDE,0xEFDE,0xEFDE,0xEFDE,0xEFDE,0xEFDE,0xEFDE,0xEFDE,0xEFDE,0xEFDE,0xEFDE,0xEFDE,
    0xEFDE,0xEFDE,0xEFDE,0xEFDE,0xEFDE,0xEFDE,0xEFDE,0xEFDE,0xEFDE,0xEFDE,0xEFDE,0xEFDE,0xEFDE,0xEFDE,0xEFDE,0xEFDE,
    0xEFDE,0xEFDE,0xEFDE,0xEFDE,0xEFDE,0xEFDE,0xEFDE,0xEFDE,0xEFDE,0xEFDE,0xEFDE,0xEFDE,0xEFDE,0xEFDE,0xEFDE,0xEFDE,
    0xEFDE,0xEFDE,0xEFDE,0xEFDE,0xEFDE,0xEFDE,0xEFDE,0xEFDE,0xEFDE,0xEFDE,0xEFDE,0xEFDE,0xEFDE,0xEFDE,0xEFDE,0xEFDE,
    0xEFDE,0xEFDE,0xEFDE,0xEFDE,0xEFDE,0xEFDE,0xEFDE,0xEFDE,0xEFDE,0xEFDE,0xEFDE,0xEFDE,0xEFDE,0xEFDE,0xEFDE,0xEFDE,
    0xEFDE,0xEFDE,0xEFDE,0xEFDE,0xEFDE,0xEFDE,0xEFDE,0xEFDE,0xEFDE,0xEFDE,0xEFDE,0xEFDE,0xEFDE,0xEFDE,0xEFDE,0xEFDE,
    0xEFDE,0xEFDE,0xEFDE,0xEFDE,0xEFDE,0xEFDE,0xEFDE,0xEFDE,0xEFDE,0xEFDE,0xEFDE,0xEFDE,0xEFDE,0xEFDE,0xEFDE,0xEFDE,
    0xEFDE,0xEFDE,0xEFDE,0xEFDE,0xEFDE,0xEFDE,0xEFDE,0xEFDE,0xEFDE,0xEFDE,0xEFDE,0xEFDE,0xEFDE,0xEFDE,0xEFDE,0xEFDE,
    0xEFDE,0xEFDE,0xEFDE,0xEFDE,0xEFDE,0xEFDE,0xEFDE,0xEFDE,0xEFDE,0xEFDE,0xEFDE,0xEFDE,0xEFDE,0xEFDE,0xEFDE,0xEFDE,
    0xEFDE,0xEFDE,0xEFDE,0xEFDE,0xEFDE,0xEFDE,0xEFDE,0xEFDE,0xEFDE,0xEFDE,0xEFDE,0xEFDE,0xEFDE,0xEFDE,0xEFDE,0xEFDE,
    0xEFDE,0xEFDE,0xEFDE,0xEFDE,0xEFDE,0xEFDE,0xEFDE,0xEFDE,0xEFDE,0xEFDE,0xEFDE,0xEFDE,0xEFDE,0xEFDE,0xEFDE,0xEFDE,
    0xEFDE,0xEFDE,0xEFDE,0xEFDE,0xEFDE,0xEFDE,0xEFDE,0xEFDE,0xEFDE,0xEFDE,0xEFDE,0xEFDE,0xEFDE,0xEFDE,0xEFDE,0xEFDE,
    0xEFDE,0xEFDE,0xEFDE,0xEFDE,0xEFDE,0xEFDE,0xEFDE,0xEFDE,0xEFDE,0xEFDE,0xEFDE,0xEFDE,0xEFDE,0xEFDE,0xEFDE,0xEFDE,
    0xEFDE,0xEFDE,0xEFDE,0xEFDE,0xEFDE,0xEFDE,0xEFDE,0xEFDE,0xEFDE,0xEFDE,0xEFDE,0xEFDE,0xEFDE,0xEFDE,0xEFDE,0xEFDE,
    0xEFDE,0xEFDE,0xEFDE,0xEFDE,0xEFDE,0xEFDE,0xEFDE,0xEFDE,0xEFDE,0xEFDE,0xEFDE,0xEFDE,0xEFDE,0xEFDE,0xEFDE,0xEFDE,
    0xEFDE,0xEFDE,0xEFDE,0xEFDE,0xEFDE,0xEFDE,0xEFDE,0xEFDE,0xEFDE,0xEFDE,0xEFDE,0xEFDE,0xEFDE,0xEFDE,0xEFDE,0xEFDE,
    0xEFDE,0xEFDE,0xEFDE,0xEFDE,0xEFDE,0xEFDE,0xEFDE,0xEFDE,0xEFDE,0xEFDE,0xEFDE,0xEFDE,0xEFDE,0xEFDE,0xEFDE,0xEFDE,
    0xEFDE,0xEFDE,0xEFDE,0xEFDE,0xEFDE,0xEFDE,0xEFDE,0xEFDE,0xEFDE,0xEFDE,0xEFDE,0xEFDE,0xEFDE,0xEFDE,0xEFDE,0xEFDE,
    0xEFDE,0xEFDE,0xEFDE,0xEFDE,0xEFDE,0xEFDE,0xEFDE,0xEFDE,0xEFDE,0xEFDE,0xEFDE,0xEFDE,0xEFDE,0xEFDE,0xEFDE,0xEFDE,
    0xEFDE,0xEFDE,0xEFDE,0xEFDE,0xEFDE,0xEFDE,0xEFDE,0xEFDE,0xEFDE,0xEFDE,0xEFDE,0xEFDE,0xEFDE,0xEFDE,0xEFDE,0xEFDE,
    0xEFDE,0xEFDE,0xEFDE,0xEFDE,0xEFDE,0xEFDE,0xEFDE,0xEFDE,0xEFDE,0xEFDE,0xEFDE,0xEFDE,0xEFDE,0xEFDE,0xEFDE,0xEFDE,
    0xEFDE,0xEFDE,0xEFDE,0xEFDE,0xEFDE,0xEFDE,0xEFDE,0xEFDE,0xEFDE,0xEFDE,0xEFDE,0xEFDE,0xEFDE,0xEFDE,0xEFDE,0xEFDE,
    0xEFDE,0xEFDE,0xEFDE,0xEFDE,0xEFDE,0xEFDE,0xEFDE,0xEFDE,0xEFDE,0xEFDE,0xEFDE,0xEFDE,0xEFDE,0xEFDE,0xEFDE,0xEFDE,
    0xEFDE,0xEFDE,0xEFDE,0xEFDE,0xEFDE,0xEFDE,0xEFDE,0xEFDE,0xEFDE,0xEFDE,0xEFDE,0xEFDE,0xEFDE,0xEFDE,0xEFDE,0xEFDE,
    0xEFDE,0xEFDE,0xEFDE,0xEFDE,0xEFDE,0xEFDE,0xEFDE,0xEFDE,0xEFDE,0xEFDE,0xEFDE,0xEFDE,0xEFDE,0xEFDE,0xEFDE,0xEFDE,
    0xEFDE,0xEFDE,0xEFDE,0xEFDE,0xEFDE,0xEFDE,0xEFDE,0xEFDE,0xEFDE,0xEFDE,0xEFDE,0xEFDE,0xEFDE,0xEFDE,0xEFDE,0xEFDE,
    0xEFDE,0xEFDE,0xEFDE,0xEFDE,0xEFDE,0xEFDE,0xEFDE,0xEFDE,0xEFDE,0xEFDE,0xEFDE,0xEFDE,0xEFDE,0xEFDE,0xEFDE,0xEFDE,
    0xEFDE,0xEFDE,0xEFDE,0xEFDE,0xEFDE,0xEFDE,0xEFDE,0xEFDE,0xEFDE,0xEFDE,0xEFDE,0xEFDE,0xEFDE,0xEFDE,0xEFDE,0xEFDE,
    0xEFDE,0xEFDE,0xEFDE,0xEFDE,0xEFDE,0xEFDE,0xEFDE,0xEFDE,0xEFDE,0xEFDE,0xEFDE,0xEFDE,0xEFDE,0xEFDE,0xEFDE,0xEFDE,
    0xEFDE,0xEFDE,0xEFDE,0xEFDE,0xEFDE,0xEFDE,0xEFDE,0xEFDE,0xEFDE,0xEFDE,0xEFDE,0xEFDE,0xEFDE,0xEFDE,0xEFDE,0xEFDE,
    0xEFDE,0xEFDE,0xEFDE,0xEFDE,0xEFDE,0xEFDE,0xEFDE,0xEFDE,0xEFDE,0xEFDE,0xEFDE,0xEFDE,0xEFDE,0xEFDE,0xEFDE,0xEFDE,
    0xEFDE,0xEFDE,0xEFDE,0xEFDE,0xEFDE,0xEFDE,0xEFDE,0xEFDE,0xEFDE,0xEFDE,0xEFDE,0xEFDE,0xEFDE,0xEFDE,0xEFDE,0xEFDE,
    0xEFDE,0xEFDE,0xEFDE,0xEFDE,0xEFDE,0xEFDE,0xEFDE,0xEFDE,0xEFDE,0xEFDE,0xEFDE,0xEFDE,0xEFDE,0xEFDE,0xEFDE,0xEFDE,
    0xEFDE,0xEFDE,0xEFDE,0xEFDE,0xEFDE,0xEFDE,0xEFDE,0xEFDE,0xEFDE,0xEFDE,0xEFDE,0xEFDE,0xEFDE,0xEFDE,0xE7BE,0xE7BE,
    0xE7BE,0xEFDE,0xEFDE,0xEFDE,0xEFDE,0xEFDE,0xEFDE,0xEFDE,0xEFDE,0xEFDE,0xEFDE,0xEFDE,0xEFBE,0xEFBE,0xE7BE,0xE79D,
    0x424A,0x31C8,0x2988,0x31E9,0x4AAC,0xE79D,0xE7BE,0xE7BE,0xEFBE,0xEFDE,0xEFDE,0xEFDE,0xEFDE,0xEFDE,0xEFDE,0xEFDE,
    0xEFDE,0xEFDE,0xEFDE,0xEFDE,0xEFDE,0xEFDE,0xEFDE,0xEFDE,0xEFDE,0xEFDE,0xEFDE,0xEFDE,0xEFDE,0xEFDE,0xEFDE,0xEFDE,
    0xEFDE,0xEFDE,0xEFDE,0xEFDE,0xEFDE,0xEFDE,0xEFDE,0xEFDE,0xEFDE,0xEFDE,0xEFDE,0xEFDE,0xEFDE,0xEFDE,0xEFDE,0xEFDE,
    0xEFDE,0xEFDE,0xEFDE,0xEFDE,0xEFDE,0xEFDE,0xEFDE,0xEFDE,0xEFDE,0xEFDE,0xEFDE,0xEFDE,0xEFDE,0xEFDE,0xEFDE,0xEFDE,
    0xEFDE,0xEFDE,0xEFDE,0xEFDE,0xEFDE,0xEFDE,0xEFDE,0xEFDE,0xEFDE,0xEFDE,0xEFDE,0xEFDE,0xEFDE,0xEFDE,0xEFDE,0xEFDE,
    0xEFDE,0xEFDE,0xEFDE,0xEFDE,0xEFDE,0xEFDE,0xEFDE,0xEFDE,0xEFDE,0xEFDE,0xEFDE,0xEFDE,0xEFDE,0xEFDE,0xEFDE,0xEFDE,
    0xEFDE,0xEFDE,0xEFDE,0xEFDE,0xEFDE,0xEFDE,0xEFDE,0xEFDE,0xEFDE,0xEFDE,0xEFDE,0xEFDE,0xE7BE,0xE7BE,0xE7BE,0xE7BE,
    0xE7BE,0xE7BE,0xE7BE,0xE7BE,0xE7BE,0xEFDE,0xEFDE,0xEFDE,0xE7BE,0xE7BE,0xEFBE,0xEFBE,0xE7BE,0xC658,0x2966,0x4985,
    0x9328,0x8B08,0x8B09,0x9329,0x8AE8,0x20E3,0x2104,0xC658,0xE7BE,0xE7BE,0xEFBE,0xEFDE,0xEFDE,0xEFDE,0xEFDE,0xEFDE,
    0xEFDE,0xEFDE,0xEFDE,0xEFDE,0xEFDE,0xEFDE,0xEFDE,0xEFDE,0xEFDE,0xEFDE,0xEFDE,0xEFDE,0xEFDE,0xEFDE,0xEFDE,0xEFDE,
    0xEFDE,0xEFDE,0xEFDE,0xEFDE,0xEFDE,0xEFDE,0xEFDE,0xEFDE,0xEFDE,0xEFDE,0xEFDE,0xEFDE,0xEFDE,0xEFDE,0xEFDE,0xEFDE,
    0xEFDE,0xEFDE,0xEFDE,0xEFDE,0xEFDE,0xEFDE,0xEFDE,0xEFDE,0xEFDE,0xEFDE,0xEFDE,0xEFDE,0xEFDE,0xEFDE,0xEFDE,0xEFDE,
    0xEFDE,0xEFDE,0xEFDE,0xEFDE,0xEFDE,0xEFDE,0xEFDE,0xEFDE,0xEFDE,0xEFDE,0xEFDE,0xEFDE,0xEFDE,0xEFDE,0xEFDE,0xEFDE,
    0xEFDE,0xEFDE,0xEFDE,0xEFDE,0xEFDE,0xEFDE,0xEFDE,0xEFDE,0xEFDE,0xEFDE,0xEFDE,0xEFDE,0xEFDE,0xEFDE,0xEFDE,0xEFDE,
    0xEFDE,0xEFDE,0xEFDE,0xEFDE,0xEFDE,0xEFDE,0xEFDE,0xEFDE,0xEFDE,0xEFDE,0xEFDE,0xE7BE,0xE7BE,0xE7BE,0xE7BE,0xE7BE,
    0xE7BE,0xE7BE,0xE7BE,0xE7BE,0xE7BE,0xEFDE,0xEFDE,0xEFDE,0xE7BE,0xEFBE,0xE7BE,0xEFBE,0x2105,0x4A08,0x9B29,0xBBA9,
    0xC3E9,0xDCEC,0xFF15,0xFF37,0xFF15,0xF6B4,0xDD0D,0x5A48,0x5269,0xE77D,0xE7BE,0xEFBE,0xEFDE,0xEFDE,0xEFDE,0xEFDE,
    0xEFDE,0xEFDE,0xEFDE,0xEFDE,0xEFDE,0xEFDE,0xEFDE,0xEFDE,0xEFDE,0xEFDE,0xEFDE,0xEFDE,0xEFDE,0xEFDE,0xEFDE,0xEFDE,
    0xEFDE,0xEFDE,0xEFDE,0xEFDE,0xEFDE,0xEFDE,0xEFDE,0xEFDE,0xEFDE,0xEFDE,0xEFDE,0xEFDE,0xEFDE,0xEFDE,0xEFDE,0xEFDE,
    0xEFDE,0xEFDE,0xEFDE,0xEFDE,0xEFDE,0xEFDE,0xEFDE,0xEFDE,0xEFDE,0xEFDE,0xEFDE,0xEFDE,0xEFDE,0xEFDE,0xEFDE,0xEFDE,
    0xEFDE,0xEFDE,0xEFDE,0xEFDE,0xEFDE,0xEFDE,0xEFDE,0xEFDE,0xEFDE,0xEFDE,0xEFDE,0xEFDE,0xEFDE,0xEFDE,0xEFDE,0xEFDE,
    0xEFDE,0xEFDE,0xEFDE,0xEFDE,0xEFDE,0xEFDE,0xEFDE,0xEFDE,0xEFDE,0xEFDE,0xEFDE,0xEFDE,0xEFDE,0xEFDE,0xEFDE,0xEFDE,
    0xEFDE,0xEFDE,0xEFDE,0xEFDE,0xEFDE,0xEFDE,0xEFDE,0xEFDE,0xEFDE,0xEFDE,0xE7BE,0xE7BE,0xE7BE,0xE7BE,0xE79D,0xE77C,
    0x632D,0x73AF,0x8CB3,0xE77D,0xE7BE,0xEFDE,0xEFDE,0xEFDE,0xE7BE,0xEFBE,0xD71B,0x41A6,0xABCC,0xFF58,0xFF57,0xFF57,
    0xFF56,0xFF56,0xFF37,0xFEB3,0xFED4,0xFF78,0xFF78,0xFEB4,0xE5F2,0x10A4,0xC637,0xE7BE,0xEFBE,0xEFBE,0xEFBE,0xEFDE,
    0xEFDE,0xEFDE,0xEFDE,0xEFDE,0xEFDE,0xEFDE,0xEFDE,0xEFDE,0xEFDE,0xEFDE,0xEFDE,0xEFDE,0xEFDE,0xEFDE,0xEFDE,0xEFDE,
    0xEFDE,0xEFDE,0xEFDE,0xEFDE,0xEFDE,0xEFDE,0xEFDE,0xEFDE,0xEFDE,0xEFDE,0xEFDE,0xEFDE,0xEFDE,0xEFDE,0xEFDE,0xEFDE,
    0xEFDE,0xEFDE,0xEFDE,0xEFDE,0xEFDE,0xEFDE,0xEFDE,0xEFDE,0xEFDE,0xEFDE,0xEFDE,0xEFDE,0xEFDE,0xEFDE,0xEFDE,0xEFDE,
    0xEFDE,0xEFDE,0xEFDE,0xEFDE,0xEFDE,0xEFDE,0xEFDE,0xEFDE,0xEFDE,0xEFDE,0xEFDE,0xEFDE,0xEFDE,0xEFDE,0xEFDE,0xEFDE,
    0xEFDE,0xEFDE,0xEFDE,0xEFDE,0xEFDE,0xEFDE,0xEFDE,0xEFDE,0xEFDE,0xEFDE,0xEFDE,0xEFDE,0xEFDE,0xEFDE,0xEFDE,0xEFDE,
    0xEFDE,0xEFDE,0xEFDE,0xEFDE,0xEFDE,0xEFDE,0xEFDE,0xEFDE,0xEFDE,0xE7BE,0xE7BE,0xEFBE,0xE7BE,0xDF3C,0x4208,0x3185,
    0xA34A,0xB42D,0xAD96,0xE79D,0xE7BE,0xEFDE,0xEFDE,0xEFDE,0xEFBE,0xE79D,0x4A08,0xC46C,0xFF57,0xFF56,0xFF37,0xFF57,
    0xFF57,0xFF57,0xFF78,0xFF79,0xFF37,0xFF78,0xFF78,0xFF77,0xFF56,0xAB8A,0x2945,0xE7BE,0xEFDE,0xEFBE,0xEFBE,0xEFDE,
    0xEFDE,0xEFDE,0xEFDE,0xEFDE,0xEFDE,0xEFDE,0xEFDE,0xEFDE,0xEFDE,0xEFDE,0xEFDE,0xEFDE,0xEFDE,0xEFDE,0xEFDE,0xEFDE,
    0xEFDE,0xEFDE,0xEFDE,0xEFDE,0xEFDE,0xEFDE,0xEFDE,0xEFDE,0xEFDE,0xEFDE,0xEFDE,0xEFDE,0xEFDE,0xEFDE,0xEFDE,0xEFDE,
    0xEFDE,0xEFDE,0xEFDE,0xEFDE,0xEFDE,0xEFDE,0xEFDE,0xEFDE,0xEFDE,0xEFDE,0xEFDE,0xEFDE,0xEFDE,0xEFDE,0xEFDE,0xEFDE,
    0xEFDE,0xEFDE,0xEFDE,0xEFDE,0xEFDE,0xEFDE,0xEFDE,0xEFDE,0xEFDE,0xEFDE,0xEFDE,0xEFDE,0xEFDE,0xEFDE,0xEFDE,0xEFDE,
    0xEFDE,0xEFDE,0xEFDE,0xEFDE,0xEFDE,0xEFDE,0xEFDE,0xEFDE,0xEFDE,0xEFDE,0xEFDE,0xEFDE,0xEFDE,0xEFDE,0xEFDE,0xEFDE,
    0xEFDE,0xEFDE,0xEFDE,0xEFDE,0xEFDE,0xEFDE,0xEFDE,0xEFDE,0xE7BE,0xE7BE,0xE7BE,0xE7BE,0x9471,0x5A27,0xC48D,0xF718,
    0x8288,0xC658,0xE7BE,0xE7BE,0xE7BE,0xE7BE,0xE7BE,0xE7BE,0xE7BE,0x3186,0x92E9,0xF632,0xFF56,0xFF36,0xFF57,0xFF57,
    0xFF57,0xFF57,0xFF78,0xFF78,0xFF78,0xFF57,0xFF56,0xFF78,0xFF78,0xFEF5,0xD54F,0x18C4,0xE7BE,0xE7BE,0xE7BE,0xEFBE,
    0xEFDE,0xEFDE,0xEFDE,0xEFDE,0xEFDE,0xEFDE,0xEFDE,0xEFDE,0xEFDE,0xEFDE,0xEFDE,0xEFDE,0xEFDE,0xEFDE,0xEFDE,0xEFDE,
    0xEFDE,0xEFDE,0xEFDE,0xEFDE,0xEFDE,0xEFDE,0xEFDE,0xEFDE,0xEFDE,0xEFDE,0xEFDE,0xEFDE,0xEFDE,0xEFDE,0xEFDE,0xEFDE,
    0xEFDE,0xEFDE,0xEFDE,0xEFDE,0xEFDE,0xEFDE,0xEFDE,0xEFDE,0xEFDE,0xEFDE,0xEFDE,0xEFDE,0xEFDE,0xEFDE,0xEFDE,0xEFDE,
    0xEFDE,0xEFDE,0xEFDE,0xEFDE,0xEFDE,0xEFDE,0xEFDE,0xEFDE,0xEFDE,0xEFDE,0xEFDE,0xEFDE,0xEFDE,0xEFDE,0xEFDE,0xEFDE,
    0xEFDE,0xEFDE,0xEFDE,0xEFDE,0xEFDE,0xEFDE,0xEFDE,0xEFDE,0xEFDE,0xEFDE,0xEFDE,0xEFDE,0xEFDE,0xEFDE,0xEFDE,0xEFDE,
    0xEFDE,0xEFDE,0xEFDE,0xEFDE,0xEFDE,0xEFDE,0xEFDE,0xE7BE,0xEFBE,0xE7BE,0xE79D,0x3A28,0x9B29,0xE591,0xFED6,0xC46B,
    0x49C7,0xE7BE,0xE7BE,0xE7BE,0xE7BE,0xE7BE,0xE7BE,0xE7BE,0xAD75,0xA38A,0xF696,0xFF37,0xFF15,0xFF15,0xFF16,0xFF16,
    0xFF58,0xFF58,0xFF58,0xFF78,0xFF57,0xFF57,0xFF57,0xFF57,0xFF78,0xFF57,0xFF36,0x82A9,0x31E9,0xE77D,0xE7BE,0xEFBE,
    0xEFBE,0xE7BE,0xEFDE,0xEFDE,0xEFDE,0xEFDE,0xEFDE,0xEFDE,0xEFDE,0xEFDE,0xEFDE,0xEFDE,0xEFDE,0xEFDE,0xEFDE,0xEFDE,
    0xEFDE,0xEFDE,0xEFDE,0xEFDE,0xEFDE,0xEFDE,0xEFDE,0xEFDE,0xEFDE,0xEFDE,0xEFDE,0xEFDE,0xEFDE,0xEFDE,0xEFDE,0xEFDE,
    0xEFDE,0xEFDE,0xEFDE,0xEFDE,0xEFDE,0xEFDE,0xEFDE,0xEFDE,0xEFDE,0xEFDE,0xEFDE,0xEFDE,0xEFDE,0xEFDE,0xEFDE,0xEFDE,
    0xEFDE,0xEFDE,0xEFDE,0xEFDE,0xEFDE,0xEFDE,0xEFDE,0xEFDE,0xEFDE,0xEFDE,0xEFDE,0xEFDE,0xEFDE,0xEFDE,0xEFDE,0xEFDE,
    0xEFDE,0xEFDE,0xEFDE,0xEFDE,0xEFDE,0xEFDE,0xEFDE,0xEFDE,0xEFDE,0xEFDE,0xEFDE,0xEFDE,0xEFDE,0xEFDE,0xEFDE,0xEFDE,
    0xEFDE,0xEFDE,0xEFDE,0xEFDE,0xEFDE,0xEFDE,0xEFDE,0xEFBE,0xEFBE,0xDF1B,0x5289,0x7287,0xFED4,0xFF16,0xFF57,0x6A27,
    0xD6B9,0xE7BE,0xE7BE,0xE7BE,0xE7BE,0xE7BE,0xE7BE,0xE7BE,0x5228,0xC46C,0xD50E,0xCCAD,0xAC2D,0x5228,0x6269,0xE50C,
    0xF611,0xF6B4,0xFF78,0xFF77,0xFF78,0xFF57,0xFF57,0xFF57,0xFF78,0xFF78,0xFF57,0xFF36,0x18A3,0x424A,0xE7BE,0xEFBE,
    0xEFBE,0xEFBE,0xEFDE,0xEFDE,0xEFDE,0xEFDE,0xEFDE,0xEFDE,0xEFDE,0xEFDE,0xEFDE,0xEFDE,0xEFDE,0xEFDE,0xEFDE,0xEFDE,
    0xEFDE,0xEFDE,0xEFDE,0xEFDE,0xEFDE,0xEFDE,0xEFDE,0xEFDE,0xEFDE,0xEFDE,0xEFDE,0xEFDE,0xEFDE,0xEFDE,0xEFDE,0xEFDE,
    0xEFDE,0xEFDE,0xEFDE,0xEFDE,0xEFDE,0xEFDE,0xEFDE,0xEFDE,0xEFDE,0xEFDE,0xEFDE,0xEFDE,0xEFDE,0xEFDE,0xEFDE,0xEFDE,
    0xEFDE,0xEFDE,0xEFDE,0xEFDE,0xEFDE,0xEFDE,0xEFDE,0xEFDE,0xEFDE,0xEFDE,0xEFDE,0xEFDE,0xEFDE,0xEFDE,0xEFDE,0xEFDE,
    0xEFDE,0xEFDE,0xEFDE,0xEFDE,0xEFDE,0xEFDE,0xEFDE,0xEFDE,0xEFDE,0xEFDE,0xEFDE,0xEFDE,0xEFDE,0xEFDE,0xEFDE,0xEFDE,
    0xEFDE,0xEFDE,0xEFDE,0xEFDE,0xEFDE,0xEFDE,0xEFBE,0xEFBE,0xE79D,0x6AC9,0xF52F,0xFF34,0xFF35,0xFF36,0xF6D5,0x72CA,
    0xE77C,0xE7BE,0xE7BE,0xE7BE,0xE7BE,0xE7BE,0xE7BE,0xE77D,0x82E9,0x9329,0x41A7,0x2946,0x4A28,0x528A,0x5289,0x4207,
    0x41E7,0x41C7,0xC40A,0xE56E,0xFF77,0xFF57,0xFF57,0xFF57,0xFF78,0xFF99,0xFF57,0xFF77,0xAB68,0x39E8,0xE77D,0xE7BE,
    0xE79D,0xE7BE,0xE7BE,0xEFDE,0xEFDE,0xEFDE,0xEFDE,0xEFDE,0xEFDE,0xEFDE,0xEFDE,0xEFDE,0xEFDE,0xEFDE,0xEFDE,0xEFDE,
    0xEFDE,0xEFDE,0xEFDE,0xEFDE,0xEFDE,0xEFDE,0xEFDE,0xEFDE,0xEFDE,0xEFDE,0xEFDE,0xEFDE,0xEFDE,0xEFDE,0xEFDE,0xEFDE,
    0xEFDE,0xEFDE,0xEFDE,0xEFDE,0xEFDE,0xEFDE,0xEFDE,0xEFDE,0xEFDE,0xEFDE,0xEFDE,0xEFDE,0xEFDE,0xEFDE,0xEFDE,0xEFDE,
    0xEFDE,0xEFDE,0xEFDE,0xEFDE,0xEFDE,0xEFDE,0xEFDE,0xEFDE,0xEFDE,0xEFDE,0xEFDE,0xEFDE,0xEFDE,0xEFDE,0xEFDE,0xEFDE,
    0xEFDE,0xEFDE,0xEFDE,0xEFDE,0xEFDE,0xEFDE,0xEFDE,0xEFDE,0xEFDE,0xEFDE,0xEFDE,0xEFDE,0xEFDE,0xEFDE,0xEFDE,0xEFDE,
    0xEFDE,0xEFDE,0xEFDE,0xEFDE,0xEFDE,0xEFBE,0xE7BE,0xE7BE,0x6AEB,0xBBCB,0xAB49,0xFF57,0xFF35,0xFF35,0xAB89,0xB553,
    0xE79D,0xE7BE,0xE7BE,0xE7BE,0xE7BE,0xE7BE,0xE7BE,0x73CF,0xC46D,0x3167,0xA534,0xE7BE,0xE7BE,0xE7BE,0xE7BE,0xE79D,
    0xD6B9,0xD678,0x2126,0xA308,0xEDCF,0xFF97,0xFF78,0xFF78,0xFF78,0xFF78,0xFF57,0xFF57,0xFEF5,0x5A28,0xBDF6,0xE7BD,
    0x7C10,0xAC8F,0x5269,0xCEB9,0xE7BE,0xE7BE,0xEFDE,0xEFDE,0xEFDE,0xEFDE,0xEFDE,0xEFDE,0xEFDE,0xEFDE,0xEFDE,0xEFDE,
    0xEFDE,0xEFDE,0xEFDE,0xEFDE,0xEFDE,0xEFDE,0xEFDE,0xEFDE,0xEFDE,0xEFDE,0xEFDE,0xEFDE,0xEFDE,0xEFDE,0xEFDE,0xEFDE,
    0xEFDE,0xEFDE,0xEFDE,0xEFDE,0xEFDE,0xEFDE,0xEFDE,0xEFDE,0xEFDE,0xEFDE,0xEFDE,0xEFDE,0xEFDE,0xEFDE,0xEFDE,0xEFDE,
    0xEFDE,0xEFDE,0xEFDE,0xEFDE,0xEFDE,0xEFDE,0xEFDE,0xEFDE,0xEFDE,0xEFDE,0xEFDE,0xEFDE,0xEFDE,0xEFDE,0xEFDE,0xEFDE,
    0xEFDE,0xEFDE,0xEFDE,0xEFDE,0xEFDE,0xEFDE,0xEFDE,0xEFDE,0xEFDE,0xEFDE,0xEFDE,0xEFDE,0xEFDE,0xEFDE,0xEFDE,0xEFDE,
    0xEFDE,0xEFDE,0xEFDE,0xEFDE,0xEFDE,0xEFBE,0xE7BE,0xE79D,0x7267,0xFF15,0xDC6A,0xFF57,0xFF36,0xFF35,0x9308,0xB553,
    0xE79D,0xE7BE,0xE7BE,0xE7BE,0xE7BE,0xE7BD,0xE79D,0x7C30,0x41E8,0xE7BD,0xE7BE,0xE7BE,0xE7BE,0xE7BE,0xE7BE,0xE7BE,
    0xE75C,0xDF3C,0xDEFB,0x7BEF,0x41A7,0xB36A,0xFF15,0xFF57,0xFF57,0xFF58,0xFF77,0xFF57,0xFF78,0xBC2C,0x2987,0xE79D,
    0xDF5C,0x630C,0xFE52,0x936B,0x6B2C,0xE79D,0xEFBE,0xEFDE,0xEFDE,0xEFDE,0xEFDE,0xEFDE,0xEFDE,0xEFDE,0xEFDE,0xEFDE,
    0xEFDE,0xEFDE,0xEFDE,0xEFDE,0xEFDE,0xEFDE,0xEFDE,0xEFDE,0xEFDE,0xEFDE,0xEFDE,0xEFDE,0xEFDE,0xEFDE,0xEFDE,0xEFDE,
    0xEFDE,0xEFDE,0xEFDE,0xEFDE,0xEFDE,0xEFDE,0xEFDE,0xEFDE,0xEFDE,0xEFDE,0xEFDE,0xEFDE,0xEFDE,0xEFDE,0xEFDE,0xEFDE,
    0xEFDE,0xEFDE,0xEFDE,0xEFDE,0xEFDE,0xEFDE,0xEFDE,0xEFDE,0xEFDE,0xEFDE,0xEFDE,0xEFDE,0xEFDE,0xEFDE,0xEFDE,0xEFDE,
    0xEFDE,0xEFDE,0xEFDE,0xEFDE,0xEFDE,0xEFDE,0xEFDE,0xEFDE,0xEFDE,0xEFDE,0xEFDE,0xEFDE,0xEFDE,0xEFDE,0xEFDE,0xEFDE,
    0xEFDE,0xEFDE,0xEFDE,0xEFDE,0xEFDE,0xEFBE,0xE7BE,0xCE78,0xBBA9,0xFE72,0xFE10,0xFF57,0xFF36,0xFF16,0x92E8,0xACD1,
    0xE79D,0xE7BE,0xE7BE,0xE7BE,0xC658,0xE79D,0xE79D,0xE77D,0x8431,0xE7BE,0xE7BE,0xE7BE,0xE7BE,0xE7BE,0xE7BE,0xD6DA,
    0x734D,0x9C50,0xCE78,0xD6B9,0xCE78,0x5289,0xD48C,0xFE73,0xFF36,0xFF77,0xFF36,0xFF57,0xFF57,0xEE12,0x2105,0xE77C,
    0xDF5C,0x9CD2,0x8B09,0xFF58,0x934A,0xB5B5,0xE7BE,0xEFDE,0xEFBE,0xEFDE,0xEFDE,0xEFDE,0xEFDE,0xEFDE,0xEFDE,0xEFDE,
    0xEFDE,0xEFDE,0xEFDE,0xEFDE,0xEFDE,0xEFDE,0xEFDE,0xEFDE,0xEFDE,0xEFDE,0xEFDE,0xEFDE,0xEFDE,0xEFDE,0xEFDE,0xEFDE,
    0xEFDE,0xEFDE,0xEFDE,0xEFDE,0xEFDE,0xEFDE,0xEFDE,0xEFDE,0xEFDE,0xEFDE,0xEFDE,0xEFDE,0xEFDE,0xEFDE,0xEFDE,0xEFDE,
    0xEFDE,0xEFDE,0xEFDE,0xEFDE,0xEFDE,0xEFDE,0xEFDE,0xEFDE,0xEFDE,0xEFDE,0xEFDE,0xEFDE,0xEFDE,0xEFDE,0xEFDE,0xEFDE,
    0xEFDE,0xEFDE,0xEFDE,0xEFDE,0xEFDE,0xEFDE,0xEFDE,0xEFDE,0xEFDE,0xEFDE,0xEFDE,0xEFDE,0xEFDE,0xEFDE,0xEFDE,0xEFDE,
    0xEFDE,0xEFDE,0xEFDE,0xEFDE,0xEFDE,0xE7BE,0xE7BE,0x7B8D,0xDBE9,0xFDCF,0xFE92,0xFE92,0xFF57,0xFF16,0x92C7,0xA40E,
    0xE77D,0xE79D,0xE79D,0xAD75,0x824A,0xBDD6,0xE77D,0xE77D,0xE79D,0xE7BE,0xE7BE,0xE7BE,0xE7BE,0xE7BE,0xE7BD,0x738E,
    0xE38C,0xEBAC,0x81A6,0x51A7,0x940F,0xB4F1,0x2945,0xAB69,0xFE92,0xFF57,0xFF57,0xFF57,0xFF57,0xF6B4,0x3145,0xDF5C,
    0xE77C,0x9CF2,0x7A88,0xFF78,0xEDF1,0x3944,0xEFDE,0xEFBE,0xEFBE,0xE7BE,0xEFDE,0xEFDE,0xEFDE,0xEFDE,0xEFDE,0xEFDE,
    0xEFDE,0xEFDE,0xEFDE,0xEFDE,0xEFDE,0xEFDE,0xEFDE,0xEFDE,0xEFDE,0xEFDE,0xEFDE,0xEFDE,0xEFDE,0xEFDE,0xEFDE,0xEFDE,
    0xEFDE,0xEFDE,0xEFDE,0xEFDE,0xEFDE,0xEFDE,0xEFDE,0xEFDE,0xEFDE,0xEFDE,0xEFDE,0xEFDE,0xEFDE,0xEFDE,0xEFDE,0xEFDE,
    0xEFDE,0xEFDE,0xEFDE,0xEFDE,0xEFDE,0xEFDE,0xEFDE,0xEFDE,0xEFDE,0xEFDE,0xEFDE,0xEFDE,0xEFDE,0xEFDE,0xEFDE,0xEFDE,
    0xEFDE,0xEFDE,0xEFDE,0xEFDE,0xEFDE,0xEFDE,0xEFDE,0xEFDE,0xEFDE,0xEFDE,0xEFDE,0xEFDE,0xEFDE,0xEFDE,0xEFDE,0xEFDE,
    0xEFDE,0xEFDE,0xEFDE,0xEFDE,0xEFDE,0xE7BE,0xE7BE,0x7B6D,0xDC0A,0xFD8E,0xFE51,0xFE0F,0xFEF4,0xFED4,0xFE11,0x6247,
    0xE71A,0xE79D,0xD6BA,0x61C7,0xE3AB,0x61E8,0x940F,0xDF3C,0xE79D,0xE7BD,0xE7BD,0xE7BD,0xE79D,0xE79D,0xE77D,0xDF3B,
    0x49C7,0xDB6C,0xFC2D,0xEBCD,0xCAE9,0x8185,0x834B,0x2945,0xDCAC,0xF650,0xFF78,0xFF78,0xFF57,0xFEF4,0x7A88,0xC678,
    0xE79D,0xB594,0xABAA,0xFF77,0xFEF5,0xBBE9,0x4A6A,0xE79D,0xE7BE,0xE7BE,0xEFDE,0xEFDE,0xEFDE,0xEFDE,0xEFDE,0xEFDE,
    0xEFDE,0xEFDE,0xEFDE,0xEFDE,0xEFDE,0xEFDE,0xEFDE,0xEFDE,0xEFDE,0xEFDE,0xEFDE,0xEFDE,0xEFDE,0xEFDE,0xEFDE,0xEFDE,
    0xEFDE,0xEFDE,0xEFDE,0xEFDE,0xEFDE,0xEFDE,0xEFDE,0xEFDE,0xEFDE,0xEFDE,0xEFDE,0xEFDE,0xEFDE,0xEFDE,0xEFDE,0xEFDE,
    0xEFDE,0xEFDE,0xEFDE,0xEFDE,0xEFDE,0xEFDE,0xEFDE,0xEFDE,0xEFDE,0xEFDE,0xEFDE,0xEFDE,0xEFDE,0xEFDE,0xEFDE,0xEFDE,
    0xEFDE,0xEFDE,0xEFDE,0xEFDE,0xEFDE,0xEFDE,0xEFDE,0xEFDE,0xEFDE,0xEFDE,0xEFDE,0xEFDE,0xEFDE,0xEFDE,0xEFDE,0xEFDE,
    0xEFDE,0xEFDE,0xEFDE,0xEFDE,0xEFDE,0xE7BE,0xE7BD,0x7B8D,0xBB47,0xF54D,0xFDAE,0xFD8C,0xFE50,0xFEB2,0xFEF5,0x6A27,
    0xDE77,0xE77D,0xBDF7,0x6186,0xF40A,0xFCCD,0x61A6,0x49A7,0xCE17,0xE77D,0xE77D,0xE77D,0xC5F7,0xAD54,0xAD34,0xA4B2,
    0xAC4F,0xA32A,0xFC4D,0xFC0C,0xFC0C,0xF32A,0x9945,0x7288,0x4124,0xFE31,0xFEF5,0xFF78,0xFF57,0xFED4,0x7267,0xBDD6,
    0xDF5C,0x5269,0xE590,0xFF36,0xFF36,0xED8F,0x3986,0xE77D,0xE7BE,0xE7BE,0xEFDE,0xEFDE,0xEFDE,0xEFDE,0xEFDE,0xEFDE,
    0xEFDE,0xEFDE,0xEFDE,0xEFDE,0xEFDE,0xEFDE,0xEFDE,0xEFDE,0xEFDE,0xEFDE,0xEFDE,0xEFDE,0xEFDE,0xEFDE,0xEFDE,0xEFDE,
    0xEFDE,0xEFDE,0xEFDE,0xEFDE,0xEFDE,0xEFDE,0xEFDE,0xEFDE,0xEFDE,0xEFDE,0xEFDE,0xEFDE,0xEFDE,0xEFDE,0xEFDE,0xEFDE,
    0xEFDE,0xEFDE,0xEFDE,0xEFDE,0xEFDE,0xEFDE,0xEFDE,0xEFDE,0xEFDE,0xEFDE,0xEFDE,0xEFDE,0xEFDE,0xEFDE,0xEFDE,0xEFDE,
    0xEFDE,0xEFDE,0xEFDE,0xEFDE,0xEFDE,0xEFDE,0xEFDE,0xEFDE,0xEFDE,0xEFDE,0xEFDE,0xEFDE,0xEFDE,0xEFDE,0xEFDE,0xEFDE,
    0xEFDE,0xEFDE,0xEFDE,0xEFDE,0xEFDE,0xE7BE,0xE79D,0xBD53,0x69E5,0xF50C,0xF52C,0xFDEE,0xF58D,0xFEB3,0xFE93,0xC3CA,
    0x20A3,0xDF3C,0xB554,0x6966,0xF3CA,0xFCAD,0xF3EB,0xA9C5,0x91A6,0x6A09,0x526B,0x528B,0x8229,0x89E8,0x91A6,0x7986,
    0x3925,0x3125,0xD1C6,0xFBCB,0xFBEC,0xFB8B,0xD9E7,0x8965,0x8166,0xA349,0xFE93,0xFF57,0xFF56,0xFE93,0x7AA7,0xB594,
    0xD6DA,0x72E9,0xFFBB,0xFF37,0xFF56,0xE56F,0x9329,0x8C71,0xE7BE,0xE7BE,0xEFDE,0xEFDE,0xEFDE,0xEFDE,0xEFDE,0xEFDE,
    0xEFDE,0xEFDE,0xEFDE,0xEFDE,0xEFDE,0xEFDE,0xEFDE,0xEFDE,0xEFDE,0xEFDE,0xEFDE,0xEFDE,0xEFDE,0xEFDE,0xEFDE,0xEFDE,
    0xEFDE,0xEFDE,0xEFDE,0xEFDE,0xEFDE,0xEFDE,0xEFDE,0xEFDE,0xEFDE,0xEFDE,0xEFDE,0xEFDE,0xEFDE,0xEFDE,0xEFDE,0xEFDE,
    0xEFDE,0xEFDE,0xEFDE,0xEFDE,0xEFDE,0xEFDE,0xEFDE,0xEFDE,0xEFDE,0xEFDE,0xEFDE,0xEFDE,0xEFDE,0xEFDE,0xEFDE,0xEFDE,
    0xEFDE,0xEFDE,0xEFDE,0xEFDE,0xEFDE,0xEFDE,0xEFDE,0xEFDE,0xEFDE,0xEFDE,0xEFDE,0xEFDE,0xEFDE,0xEFDE,0xEFDE,0xEFDE,
    0xEFDE,0xEFDE,0xEFDE,0xEFDE,0xEFDE,0xE7BE,0xE79D,0x82EB,0x69A4,0xAB48,0xF50C,0xF52C,0xFD4B,0xFDAD,0xFDEF,0xD44B,
    0x7267,0xB512,0xC574,0x61A6,0xE268,0xFC6C,0xFC6C,0xFC6C,0xFD2F,0xCA67,0x9985,0x8966,0x89A6,0xFC8D,0xEC4C,0xF46D,
    0xEB6A,0xE3AB,0x7104,0xB1C6,0xFC0C,0xFBEB,0xF36A,0xE248,0xC1C7,0x4165,0xF630,0xFF15,0xFF57,0xF652,0x7A87,0x9CB1,
    0x1082,0xD5B1,0xFF57,0xFF57,0xFF57,0xEDF1,0x7267,0x6B6D,0xE79D,0xE7BE,0xEFDE,0xEFDE,0xEFDE,0xEFDE,0xEFDE,0xEFDE,
    0xEFDE,0xEFDE,0xEFDE,0xEFDE,0xEFDE,0xEFDE,0xE7BE,0xAD96,0xBE58,0xE7BE,0xEFDE,0xEFDE,0xEFDE,0xEFDE,0xEFDE,0xEFDE,
    0xEFDE,0xEFDE,0xEFDE,0xEFDE,0xEFDE,0xEFDE,0xEFDE,0xEFDE,0xEFDE,0xEFDE,0xEFDE,0xEFDE,0xEFDE,0xEFDE,0xEFDE,0xEFDE,
    0xEFDE,0xEFDE,0xEFDE,0xEFDE,0xEFDE,0xEFDE,0xEFDE,0xEFDE,0xEFDE,0xEFDE,0xEFDE,0xEFDE,0xEFDE,0xEFDE,0xEFDE,0xEFDE,
    0xEFDE,0xEFDE,0xEFDE,0xEFDE,0xEFDE,0xEFDE,0xEFDE,0xEFDE,0xEFDE,0xEFDE,0xEFDE,0xEFDE,0xEFDE,0xEFDE,0xEFDE,0xEFDE,
    0xEFDE,0xEFDE,0xEFDE,0xEFDE,0xEFDE,0xEFBE,0xDEFB,0x79C8,0xAA06,0x8AE7,0xC44B,0xF50C,0xF50A,0xFD09,0xFCC7,0xF5B0,
    0xD46C,0x7AA8,0x6228,0xB48E,0xB1C7,0xFC2C,0xFC2B,0xFC4C,0xFC6D,0xFC8D,0xFCCD,0xFC8D,0xFCAE,0xFC8D,0xFC2C,0xFC2C,
    0xFC6C,0xFC4C,0xFC0B,0xFC2C,0xC1E6,0xFBEB,0xFC2C,0xEB09,0xC9E7,0x81C6,0xE52E,0xFED4,0xFF57,0xF672,0x28C3,0x72A8,
    0xABCA,0xFF99,0xFF77,0xFF57,0xFF16,0xF653,0x6A27,0x630C,0xE79D,0xE7BE,0xEFDE,0xEFDE,0xEFDE,0xEFDE,0xEFDE,0xEFDE,
    0xEFDE,0xEFDE,0xEFDE,0xEFDE,0xEFDE,0xE7BE,0x4229,0x91A7,0x5186,0xAD96,0xE7BE,0xE7BE,0xE7BE,0xEFDE,0xEFDE,0xEFDE,
    0xEFDE,0xEFDE,0xEFDE,0xEFDE,0xEFDE,0xEFDE,0xEFDE,0xEFDE,0xEFDE,0xEFDE,0xEFDE,0xEFDE,0xEFDE,0xEFDE,0xEFDE,0xEFDE,
    0xEFDE,0xEFDE,0xEFDE,0xEFDE,0xEFDE,0xEFDE,0xEFDE,0xEFDE,0xEFDE,0xEFDE,0xEFDE,0xEFDE,0xEFDE,0xEFDE,0xEFDE,0xEFDE,
    0xEFDE,0xEFDE,0xEFDE,0xEFDE,0xEFDE,0xEFDE,0xEFDE,0xEFDE,0xEFDE,0xEFDE,0xEFDE,0xEFDE,0xEFDE,0xEFDE,0xEFDE,0xEFDE,
    0xEFDE,0xEFDE,0xEFDE,0xEFDE,0xEFDE,0xEFBE,0xD699,0x7167,0xFC2C,0x71A5,0x7247,0xDC8C,0xDC4A,0xF4C9,0xF4A5,0xECEB,
    0xECEC,0xC40B,0x7A06,0x61A5,0x81C6,0xFB6A,0xFC0B,0xFC2C,0xFC4C,0xFC2C,0xFC4C,0xFCCE,0xFCAD,0xFD0E,0xFC4C,0xFC4C,
    0xFC8D,0xFC6D,0xFCAD,0xFC0B,0xFC2C,0xEAC9,0xFC0B,0xFB89,0xE207,0x9165,0xD46C,0xFEF5,0xFED5,0xD510,0x71C7,0x61C6,
    0xF693,0xFF78,0xFF77,0xFF36,0xFF36,0xFEB4,0x6A47,0x5289,0xE77C,0xE7BE,0xEFDE,0xEFDE,0xEFDE,0xEFDE,0xEFDE,0xEFDE,
    0xEFDE,0xEFDE,0xEFDE,0xEFDE,0xEFDE,0xE7BE,0x10A3,0xF36A,0xA269,0x18C5,0xE7BE,0xE7BE,0xE7BE,0xEFDE,0xEFDE,0xEFDE,
    0xEFDE,0xEFDE,0xEFDE,0xEFDE,0xEFDE,0xEFDE,0xEFDE,0xEFDE,0xEFDE,0xEFDE,0xEFDE,0xEFDE,0xEFDE,0xEFDE,0xEFDE,0xEFDE,
    0xEFDE,0xEFDE,0xEFDE,0xEFDE,0xEFDE,0xEFDE,0xEFDE,0xEFDE,0xEFDE,0xEFDE,0xEFDE,0xEFDE,0xEFDE,0xEFDE,0xEFDE,0xEFDE,
    0xEFDE,0xEFDE,0xEFDE,0xEFDE,0xEFDE,0xEFDE,0xEFDE,0xEFDE,0xEFDE,0xEFDE,0xEFDE,0xEFDE,0xEFDE,0xEFDE,0xEFDE,0xEFDE,
    0xEFDE,0xEFDE,0xEFDE,0xEFDE,0xEFDE,0xEFBE,0xD699,0x7967,0xFC2C,0xF42C,0x6965,0x4945,0xC3EA,0xCC0B,0xD409,0xD3E9,
    0xD409,0xEC8B,0xE42B,0xCB08,0xCAA7,0xB186,0xF2E8,0xFC2C,0xFC2C,0xFC0C,0xFC2C,0xFC4C,0xFC6D,0xFC2C,0xFBEB,0xFBAA,
    0xFC2C,0xFC0B,0xFC2B,0xFC4C,0xFC4C,0xFC4C,0xEA27,0xFB8A,0xE248,0x9945,0xBBAA,0xF672,0xF653,0xB3CC,0x5946,0xE5B1,
    0xFF77,0xFF99,0xFF56,0xFF36,0xFF56,0xD4CD,0x39E6,0xB510,0x624A,0xE7BE,0xEFDE,0xEFDE,0xEFDE,0xEFDE,0xEFDE,0xEFDE,
    0xEFDE,0xEFDE,0xEFDE,0xEFDE,0xE7BE,0x2946,0x6987,0xF2E9,0x7247,0x1063,0xD6FB,0xE7BE,0xE7BE,0xEFDE,0xEFDE,0xEFDE,
    0xEFDE,0xEFDE,0xEFDE,0xEFDE,0xEFDE,0xEFDE,0xEFDE,0xEFDE,0xEFDE,0xEFDE,0xEFDE,0xEFDE,0xEFDE,0xEFDE,0xEFDE,0xEFDE,
    0xEFDE,0xEFDE,0xEFDE,0xEFDE,0xEFDE,0xEFDE,0xEFDE,0xEFDE,0xEFDE,0xEFDE,0xEFDE,0xEFDE,0xEFDE,0xEFDE,0xEFDE,0xEFDE,
    0xEFDE,0xEFDE,0xEFDE,0xEFDE,0xEFDE,0xEFDE,0xEFDE,0xEFDE,0xEFDE,0xEFDE,0xEFDE,0xEFDE,0xEFDE,0xEFDE,0xEFDE,0xEFDE,
    0xEFDE,0xEFDE,0xEFDE,0xEFDE,0xEFDE,0xEFBE,0xDEBA,0x79A7,0xFBCA,0xFC0C,0xFC6D,0xFBEC,0x6945,0x3103,0x8267,0x92C8,
    0xA329,0x9A88,0x7944,0x7904,0xA965,0xD227,0x9904,0xD1C6,0xFB8A,0xF38A,0xFBCB,0xFC0C,0xE226,0xE247,0xFC8D,0xFC6D,
    0xFC4C,0xFC4C,0xFC6C,0xFBAA,0xFB8A,0xFBCB,0xFBCB,0xDA06,0xF2E9,0xB9A7,0x92A7,0xF5F0,0xDD2F,0x61E6,0xEE53,0xFF77,
    0xFF37,0xFF36,0xFF36,0xFF16,0xF632,0xB40B,0x83EB,0x9B4A,0xC228,0xCE58,0xEFBE,0xEFDE,0xEFDE,0xEFDE,0xEFDE,0xEFDE,
    0xEFBE,0xEFBE,0xE7BE,0xE7DE,0x41E7,0x9AC9,0xFC0D,0xE186,0x33CB,0x08E4,0x9514,0xE7BE,0xE7BE,0xEFDE,0xEFDE,0xEFDE,
    0xEFDE,0xEFDE,0xEFDE,0xEFDE,0xEFDE,0xEFDE,0xEFDE,0xEFDE,0xEFDE,0xEFDE,0xEFDE,0xEFDE,0xEFDE,0xEFDE,0xEFDE,0xEFDE,
    0xEFDE,0xEFDE,0xEFDE,0xEFDE,0xEFDE,0xEFDE,0xEFDE,0xEFDE,0xEFDE,0xEFDE,0xEFDE,0xEFDE,0xEFDE,0xEFDE,0xEFDE,0xEFDE,
    0xEFDE,0xEFDE,0xEFDE,0xEFDE,0xEFDE,0xEFDE,0xEFDE,0xEFDE,0xEFDE,0xEFDE,0xEFDE,0xEFDE,0xEFDE,0xEFDE,0xEFDE,0xEFDE,
    0xEFDE,0xEFDE,0xEFDE,0xEFDE,0xEFDE,0xE7BE,0xDEFB,0x69C7,0xE246,0xFC4C,0xFC6C,0xFC4C,0xFC2C,0xC207,0x7924,0x8185,
    0x8A07,0xEB6B,0xFB8B,0xFB09,0xFB49,0xFB6A,0xFBCB,0xEAE9,0xDA06,0xE227,0xC1A5,0xEB4A,0xFC4C,0xFC2C,0xFC6D,0xFC6D,
    0xFC4C,0xFC2C,0xFC4C,0xFC4C,0xFC6C,0xFBEB,0xFB8A,0xFBEC,0xE248,0xB1A6,0xB3AA,0xED8F,0x7A66,0xCCEE,0xFF57,0xFF57,
    0xFF57,0xFF98,0xFF16,0xFEB4,0xE56F,0x39C5,0x7308,0xD247,0xD228,0xB4B1,0xE7BE,0xEFBE,0xEFBE,0xEFBE,0xEFDE,0xEFBE,
    0xE7BE,0xE7BE,0xE7BD,0x6B6E,0x30A4,0xFC0C,0xFC4D,0xD966,0x3CAE,0x0904,0x7C31,0xE7BE,0xE7BE,0xEFDE,0xEFDE,0xEFDE,
    0xEFDE,0xEFDE,0xEFDE,0xEFDE,0xEFDE,0xEFDE,0xEFDE,0xEFDE,0xEFDE,0xEFDE,0xEFDE,0xEFDE,0xEFDE,0xEFDE,0xEFDE,0xEFDE,
    0xEFDE,0xEFDE,0xEFDE,0xEFDE,0xEFDE,0xEFDE,0xEFDE,0xEFDE,0xEFDE,0xEFDE,0xEFDE,0xEFDE,0xEFDE,0xEFDE,0xEFDE,0xEFDE,
    0xEFDE,0xEFDE,0xEFDE,0xEFDE,0xEFDE,0xEFDE,0xEFDE,0xEFDE,0xEFDE,0xEFDE,0xEFDE,0xEFDE,0xEFDE,0xEFDE,0xEFDE,0xEFBE,
    0xEFBE,0xEFDE,0xEFDE,0xEFDE,0xEFBE,0xE7BE,0xE79D,0x5A69,0xD207,0xFC2C,0xFC6C,0xFD0F,0xFC2C,0xFC2B,0xFC4C,0xFC4D,
    0xFC8E,0xFBEC,0xFBCB,0xFC0C,0xFC2C,0xFBEB,0xFBEB,0xFB8A,0xB944,0xC9A5,0xFCAD,0xFCAD,0xFC4C,0xFC4D,0xFC6D,0xFC4D,
    0xFC4C,0xFC8D,0xFC2C,0xFC2B,0xFC0B,0xFB6A,0xFC8D,0xFB49,0xEA88,0xA166,0xD4AC,0xE52E,0xE56E,0xFF77,0xFF57,0xFF57,
    0xFF16,0xFED5,0xFEB4,0xDD0E,0xB3CA,0x1882,0xC226,0xFBCB,0xF3EC,0x61E7,0xEFDE,0xE7BE,0xE7BE,0xE7BE,0xEFBE,0xEFBE,
    0xE7BE,0xEFDE,0x630C,0x4905,0xF38B,0xFC8D,0xF36B,0x51E8,0x452F,0x12A9,0x10A6,0xE79D,0xE7BE,0xEFDE,0xEFDE,0xEFDE,
    0xEFDE,0xEFDE,0xEFDE,0xEFDE,0xEFDE,0xEFDE,0xEFDE,0xEFDE,0xEFDE,0xEFDE,0xEFDE,0xEFDE,0xEFDE,0xEFDE,0xEFDE,0xEFDE,
    0xEFDE,0xEFDE,0xEFDE,0xEFDE,0xEFDE,0xEFDE,0xEFDE,0xEFDE,0xEFDE,0xEFDE,0xEFDE,0xEFDE,0xEFDE,0xEFDE,0xEFDE,0xEFDE,
    0xEFDE,0xEFDE,0xEFDE,0xEFDE,0xEFDE,0xEFDE,0xEFDE,0xEFDE,0xEFDE,0xEFDE,0xEFDE,0xEFDE,0xEFDE,0xEFDE,0xBDB6,0x8C10,
    0xE7BE,0xEFBE,0xEFBE,0xEFBE,0xE7BE,0xE7BE,0xE79D,0xA4B1,0x8986,0xF2A8,0xFC0B,0xFC0B,0xFC4C,0xFCAD,0xFCEE,0xFC8D,
    0xFC6D,0xFCAE,0xFC4D,0xFC6D,0xFC4C,0xFBCB,0xFB8A,0xD205,0xFC4C,0xFC8D,0xFD4E,0xFCAD,0xFCEE,0xFC4C,0xFC4C,0xFC8D,
    0xFC4D,0xFC4C,0xFB8A,0xFB4A,0xFC2C,0xFC6D,0xFC6D,0xFC4C,0xFB6A,0x8104,0xC449,0xEDF0,0xFFB9,0xFF57,0xFF16,0xF631,
    0xEE11,0xE5B1,0xD4CF,0x8227,0xC1E6,0xEA87,0xFC0B,0xFCAC,0xF3EB,0x3945,0xEFDE,0xE7BE,0xE7BE,0xE7BE,0xE7BE,0xEFDE,
    0x39C8,0x2905,0xA1A7,0xF3AA,0xFC6C,0xFCAD,0xC288,0x244E,0x44CE,0x1B6A,0x0884,0xE79D,0xE7BE,0xEFDE,0xEFDE,0xEFDE,
    0xEFDE,0xEFDE,0xEFDE,0xEFDE,0xEFDE,0xEFDE,0xEFDE,0xEFDE,0xEFDE,0xEFDE,0xEFDE,0xEFDE,0xEFDE,0xEFDE,0xEFDE,0xEFDE,
    0xEFDE,0xEFDE,0xEFDE,0xEFDE,0xEFDE,0xEFDE,0xEFDE,0xEFDE,0xEFDE,0xEFDE,0xEFDE,0xEFDE,0xEFDE,0xEFDE,0xEFDE,0xEFDE,
    0xEFDE,0xEFDE,0xEFDE,0xEFDE,0xEFDE,0xEFDE,0xEFDE,0xEFDE,0xEFDE,0xEFDE,0xEFDE,0xEFDE,0xEFDE,0xE7BE,0x3925,0xA1C6,
    0x3967,0xE79D,0xE7BE,0xE7BE,0xE7BE,0xE7BE,0xE79D,0xE77C,0x8B4D,0xC9C6,0xF2E8,0xFBCA,0xFC2C,0xFC4C,0xFC2C,0xFCAD,
    0xFCCE,0xFC6D,0xFC6D,0xFC8D,0xFBAA,0xFB49,0xC9E5,0xC1E6,0xFCCE,0xFD2E,0xFD2E,0xFCCD,0xFC4C,0xFC4C,0xFC4C,0xFC2C,
    0xFC2C,0xFBCB,0xE247,0xFC6D,0xFC4D,0xFC4D,0xFC6D,0xFC4C,0xFC4C,0xF369,0xF650,0xF631,0xF653,0xEE12,0xEDD1,0xEDF1,
    0xC44C,0x9308,0x40E3,0xB1A6,0xE206,0xFB89,0xFCCD,0xFC8C,0xEAE8,0x28C3,0xEFBD,0xE79D,0xE79D,0xE79D,0xAD13,0x1083,
    0x4864,0xA187,0xFC6D,0xFC6C,0xFC6C,0xFCCD,0x63AC,0x242D,0x348D,0x65AF,0x10A4,0xE7BD,0xE7BE,0xEFDE,0xEFDE,0xEFDE,
    0xEFDE,0xEFDE,0xEFDE,0xEFDE,0xEFDE,0xEFDE,0xEFDE,0xEFDE,0xEFDE,0xEFDE,0xEFDE,0xEFDE,0xEFDE,0xEFDE,0xEFDE,0xEFDE,
    0xEFDE,0xEFDE,0xEFDE,0xEFDE,0xEFDE,0xEFDE,0xEFDE,0xEFDE,0xEFDE,0xEFDE,0xEFDE,0xEFDE,0xEFDE,0xEFDE,0xEFDE,0xEFDE,
    0xEFDE,0xEFDE,0xEFDE,0xEFDE,0xEFDE,0xEFDE,0xEFDE,0xEFDE,0xEFDE,0xEFDE,0xEFDE,0xEFDE,0xEFDE,0xE7BE,0x4145,0xDB29,
    0xBA68,0x4125,0xB4D2,0xDEDA,0xDF1B,0xE73C,0xDEFA,0xBCF3,0x9BCF,0x38C4,0xB965,0xF2C8,0xFC0C,0xFC2C,0xFC2B,0xFC0B,
    0xFC6D,0xFC6D,0xFC4C,0xFBEB,0xFBAA,0xF309,0xD287,0xFCEE,0xFCAD,0xFD4E,0xFD2E,0xFCAC,0xFCED,0xFCAD,0xFC8D,0xFC0B,
    0xFB8A,0xDA27,0xFCAD,0xFCAE,0xFC6C,0xFC6D,0xFC4C,0xFC4C,0xFBAA,0xFC4C,0xF3EA,0xCB89,0xB44D,0xB46E,0xAC0D,0x7247,
    0x8A88,0x7984,0xC9E7,0xD1C7,0xFB49,0xFBEA,0xFBEB,0xFB2A,0xEAA8,0x20C3,0xE73C,0xE79D,0xCE17,0x2905,0x59C7,0xC2A9,
    0xFB8A,0xFCAD,0xFC6D,0xFC6C,0xFC4C,0xEA67,0x2C6E,0x246D,0x3CAE,0x6DF0,0x08A5,0xE7BE,0xE7BE,0xEFDE,0xEFDE,0xEFDE,
    0xEFDE,0xEFDE,0xEFDE,0xEFDE,0xEFDE,0xEFDE,0xEFDE,0xEFDE,0xEFDE,0xEFDE,0xEFDE,0xEFDE,0xEFDE,0xEFDE,0xEFDE,0xEFDE,
    0xEFDE,0xEFDE,0xEFDE,0xEFDE,0xEFDE,0xEFDE,0xEFDE,0xEFDE,0xEFDE,0xEFDE,0xEFDE,0xEFDE,0xEFDE,0xEFDE,0xEFDE,0xEFDE,
    0xEFDE,0xEFDE,0xEFDE,0xEFDE,0xEFDE,0xEFDE,0xEFDE,0xEFDE,0xEFDE,0xEFDE,0xEFDE,0xEFDE,0xE7BE,0xE7BE,0x4166,0xCA28,
    0xFC2B,0xF3CA,0xB206,0x4905,0x3926,0x3146,0x92A9,0x79E7,0x6966,0x6105,0x7105,0xB965,0xC165,0xF329,0xFC0B,0xFC4C,
    0xFC6D,0xFC6D,0xFC4D,0xFBEB,0xE288,0xC1C6,0xFC8D,0xFC8C,0xFC6C,0xFCEE,0xFC8C,0xFD0E,0xFCEE,0xFCAD,0xFC6C,0xFB6A,
    0xD184,0xFC2C,0xFD2F,0xFC6C,0xFC6D,0xFC4C,0xFC4C,0xFC4C,0xFBAA,0xFC4D,0xFBEB,0xDAC7,0xDC4A,0xD46B,0xD46C,0xD4AE,
    0xCC2C,0xCC4C,0xAA46,0xD1E7,0xF2A8,0xFBCA,0xFB69,0xFAC8,0xCA47,0xB349,0x5186,0x5A49,0x28E4,0x9947,0xF3EB,0xFC6C,
    0xFC6C,0xFC4C,0xFC8D,0xFCAD,0xF369,0x2AE9,0x246E,0x246E,0x44EE,0x6DEF,0x08C5,0xE7BE,0xE7BE,0xEFDE,0xEFDE,0xEFDE,
    0xEFDE,0xEFDE,0xEFDE,0xEFDE,0xEFDE,0xEFDE,0xEFDE,0xEFDE,0xEFDE,0xEFDE,0xEFDE,0xEFDE,0xEFDE,0xEFDE,0xEFDE,0xEFDE,
    0xEFDE,0xEFDE,0xEFDE,0xEFDE,0xEFDE,0xEFDE,0xEFDE,0xEFDE,0xEFDE,0xEFDE,0xEFDE,0xEFDE,0xEFDE,0xEFDE,0xEFDE,0xEFDE,
    0xEFDE,0xEFDE,0xEFDE,0xEFDE,0xEFDE,0xEFDE,0xEFDE,0xEFDE,0xEFDE,0xEFDE,0xEFDE,0xEFDE,0xE7BE,0xE7BE,0x9BCF,0x9986,
    0xFBCA,0xFC4C,0xFC6D,0xFC4C,0xFC4D,0xFC6D,0xFC2C,0xFC2C,0xFC2B,0xFC2C,0xFC4C,0xFC8D,0xFC4D,0xFC8D,0xFC2C,0xFC0B,
    0xFC2C,0xFBEB,0xF2C8,0xE247,0xB104,0xFC2C,0xFC4C,0xFC4C,0xFC6C,0xFC6C,0xFCCD,0xFC8D,0xFC4C,0xFC2C,0xFBCB,0xF2C9,
    0xF3EC,0xFCCD,0xFCCD,0xFC6D,0xFC4C,0xFC6C,0xFC4C,0xFC0B,0xFC0C,0xFC4D,0xFC4D,0xFC2C,0xFE30,0xFEF4,0xFF14,0xFF36,
    0xFF16,0xFE72,0xF610,0xED6F,0xDA47,0xEA88,0xF267,0xE206,0xB185,0xBBCB,0x3906,0x99C7,0xF329,0xFB8A,0xFC8D,0xFC8D,
    0xFCAD,0xFC8D,0xFD0F,0xE288,0x2B2A,0x242D,0x244E,0x2C8D,0x4CED,0x65CF,0x08A4,0xE7BE,0xE7BE,0xEFDE,0xEFDE,0xEFDE,
    0xEFDE,0xEFDE,0xEFDE,0xEFDE,0xEFDE,0xEFDE,0xEFDE,0xEFDE,0xEFDE,0xEFDE,0xEFDE,0xEFDE,0xEFDE,0xEFDE,0xEFDE,0xEFDE,
    0xEFDE,0xEFDE,0xEFDE,0xEFDE,0xEFDE,0xEFDE,0xEFDE,0xEFDE,0xEFDE,0xEFDE,0xEFDE,0xEFDE,0xEFDE,0xEFDE,0xEFDE,0xEFDE,
    0xEFDE,0xEFDE,0xEFDE,0xEFDE,0xEFDE,0xEFDE,0xEFDE,0xEFDE,0xEFDE,0xEFDE,0xEFDE,0xEFDE,0xEFDE,0xEFBE,0xBDF7,0x6945,
    0xFB69,0xFC2C,0xFC2C,0xFC2C,0xFC8D,0xFC4D,0xFC4C,0xFC4C,0xFC4C,0xFC8D,0xFC6D,0xFC6D,0xFC2C,0xFC0B,0xFC0B,0xFBEB,
    0xFBAA,0xF2E8,0xD1C6,0xA0C3,0xE2C9,0xFC2C,0xFC4C,0xFC6C,0xFC8C,0xFC6C,0xFC6D,0xFC6D,0xFC4C,0xFBCA,0xFB29,0xB904,
    0xFCAD,0xFCED,0xFCCD,0xFC4C,0xFC4C,0xFCAD,0xFC2B,0xFBCB,0xF349,0xFC6D,0xFC6D,0xFC8E,0xB144,0xFEF5,0xFF57,0xFF57,
    0xFF57,0xFF56,0xFF37,0xFED5,0xECEE,0xEA88,0xEA27,0xC1A6,0xB9A6,0x4905,0xE269,0xF2E8,0xFBAA,0xFC0B,0xFCCD,0xFCCE,
    0xFC8D,0xFC6D,0xFC2B,0x5AA8,0x2C6E,0x244E,0x246D,0x3C8C,0x554E,0x65CE,0x10A4,0xE7BD,0xE7BE,0xEFDE,0xEFDE,0xEFDE,
    0xEFDE,0xEFDE,0xEFDE,0xEFDE,0xEFDE,0xEFDE,0xEFDE,0xEFDE,0xEFDE,0xEFDE,0xEFDE,0xEFDE,0xEFDE,0xEFDE,0xEFDE,0xEFDE,
    0xEFDE,0xEFDE,0xEFDE,0xEFDE,0xEFDE,0xEFDE,0xEFDE,0xEFDE,0xEFDE,0xEFDE,0xEFDE,0xEFDE,0xEFDE,0xEFDE,0xEFDE,0xEFDE,
    0xEFDE,0xEFDE,0xEFDE,0xEFDE,0xEFDE,0xEFDE,0xEFDE,0xEFDE,0xEFDE,0xEFDE,0xEFDE,0xEFDE,0xEFDE,0xEFBE,0xE75C,0x4966,
    0xFB08,0xFB8B,0xFC0C,0xFC2C,0xFC4C,0xFCAE,0xFC6D,0xFC2C,0xFC2C,0xFC0C,0xFC0C,0xFC2C,0xFBCB,0xFBCA,0xFBAA,0xFB6A,
    0xF2C9,0xEA88,0xA945,0xEB4A,0xFC2C,0xFC4C,0xFC4C,0xFC4C,0xFC4C,0xFC6C,0xFC6D,0xFC6D,0xFBAB,0xFB09,0xE248,0x8881,
    0xFC8C,0xFC8C,0xFD2E,0xFCAD,0xFCAD,0xFCCD,0xFC2B,0xFB29,0xFBEB,0xFC6C,0xFCEE,0xFC4D,0xD1E6,0xC369,0xFF58,0xFF58,
    0xFF58,0xFF58,0xFF78,0xFF37,0xFED5,0xCAC8,0xC9A6,0xB165,0x7904,0xD1E7,0xEAC9,0xFBCB,0xFC0B,0xFC8D,0xFCAD,0xFC8D,
    0xFC8D,0xEBCB,0x39E7,0x238C,0x2C4D,0x2C6E,0x3C8D,0x54EC,0x5D4E,0x7E10,0x10E6,0xE7BE,0xE7BE,0xEFDE,0xEFDE,0xEFDE,
    0xEFDE,0xEFDE,0xEFDE,0xEFDE,0xEFDE,0xEFDE,0xEFDE,0xEFDE,0xEFDE,0xEFDE,0xEFDE,0xEFDE,0xEFDE,0xEFDE,0xEFDE,0xEFDE,
    0xEFDE,0xEFDE,0xEFDE,0xEFDE,0xEFDE,0xEFDE,0xEFDE,0xEFDE,0xEFDE,0xEFDE,0xEFDE,0xEFDE,0xEFDE,0xEFDE,0xEFDE,0xEFDE,
    0xEFDE,0xEFDE,0xEFDE,0xEFDE,0xEFDE,0xEFDE,0xEFDE,0xEFDE,0xEFDE,0xEFDE,0xEFDE,0xEFDE,0xEFDE,0xEFBE,0xE79D,0x6B0C,
    0x6186,0xF2C9,0xF308,0xFBCA,0xFC2C,0xFC2C,0xFC2C,0xFC2C,0xFC4C,0xFC2C,0xFC0C,0x8904,0xF2A8,0xF2C9,0xF2C9,0xEAE9,
    0xA125,0xB145,0xFB8A,0xFC2C,0xFC4C,0xFC4C,0xFC2C,0xFC4C,0xFC4C,0xFC4C,0xFBCA,0xFBCA,0xFB8A,0xDA27,0x7924,0xFC4D,
    0xFC6C,0xFC4C,0xFCCE,0xFC4C,0xFD2F,0xFC6C,0xFC2B,0xF266,0xFC4C,0xFC6C,0xFD0E,0xFC8D,0xE2E8,0xBA88,0xFF58,0xBCAF,
    0x8144,0x8965,0xDC6D,0xFF57,0xFF35,0xFEF4,0xA267,0x9985,0xD9C6,0xE206,0xF349,0xFC0C,0xFC0B,0xFC2C,0xFC4C,0xFC6D,
    0xFC2C,0xC288,0x0B6C,0x2C0D,0x2C2E,0x348E,0x550D,0x552D,0x5D8E,0x1A8A,0x6C0F,0xE7BE,0xE7BE,0xEFDE,0xEFDE,0xEFDE,
    0xEFDE,0xEFDE,0xEFDE,0xEFDE,0xEFDE,0xEFDE,0xEFDE,0xEFDE,0xEFDE,0xEFDE,0xEFDE,0xEFDE,0xEFDE,0xEFDE,0xEFDE,0xEFDE,
    0xEFDE,0xEFDE,0xEFDE,0xEFDE,0xEFDE,0xEFDE,0xEFDE,0xEFDE,0xEFDE,0xEFDE,0xEFDE,0xEFDE,0xEFDE,0xEFDE,0xEFDE,0xEFDE,
    0xEFDE,0xEFDE,0xEFDE,0xEFDE,0xEFDE,0xEFDE,0xEFDE,0xEFDE,0xEFDE,0xEFDE,0xE7BE,0xEFBE,0xE7BE,0xE7BE,0xE77D,0xD679,
    0x39A8,0xB165,0xEAA8,0xEA67,0xFB48,0xFB89,0xFBCB,0xFBAA,0xFBAA,0xFB89,0xFB08,0xEA47,0x9965,0xB9A6,0xB9A5,0xB164,
    0xFBAB,0xFC0B,0xFC2B,0xFC4C,0xFC4C,0xFC2C,0xFBAB,0xFBAA,0xFC4C,0xFBAA,0xFB69,0xFB08,0xE247,0x8925,0xDC2C,0xFC6D,
    0xFC4C,0xFC4C,0xFC8D,0xFC6D,0xFC6D,0xFC2C,0xF329,0xEA47,0xFC6C,0xFCCD,0xFCEE,0xFC6C,0xFC2C,0xB9A5,0xFEF6,0x8964,
    0x8164,0x8164,0x78E3,0xED0D,0xFF35,0xFF16,0xEDB0,0xE48B,0xE3EA,0xEB69,0xE207,0xFB6A,0xFC2C,0xFC2C,0xFC4D,0xFC2C,
    0xF42C,0x130A,0x13CD,0x2C2D,0x348E,0x3CAE,0x5D4E,0x5D6E,0x5D8E,0x22CB,0x7C30,0xE7BE,0xE7BE,0xEFDE,0xEFDE,0xEFDE,
    0xEFDE,0xEFDE,0xEFDE,0xEFDE,0xEFDE,0xEFDE,0xEFDE,0xEFDE,0xEFDE,0xEFDE,0xEFDE,0xEFDE,0xEFDE,0xEFDE,0xEFDE,0xEFDE,
    0xEFDE,0xEFDE,0xEFDE,0xEFDE,0xEFDE,0xEFDE,0xEFDE,0xEFDE,0xEFDE,0xEFDE,0xEFDE,0xEFDE,0xEFDE,0xEFDE,0xEFDE,0xEFDE,
    0xEFDE,0xEFDE,0xEFDE,0xEFDE,0xEFDE,0xEFDE,0xEFDE,0xEFDE,0xEFDE,0xEFDE,0xE7BE,0xE7BE,0xE7BE,0xE79E,0x6B6E,0x5AAB,
    0x3967,0x40E5,0xA987,0xDA27,0xEA87,0xF308,0xFB89,0xFB29,0xFB8A,0xF308,0xEA67,0xD9C6,0xD206,0xA965,0xF329,0xFBEB,
    0xFB69,0xFB69,0xFBAA,0xFBCA,0xFBAA,0xFB8A,0xFBCA,0xFBEB,0xFBEB,0xFAE9,0xFAA7,0xD1E6,0xA1E6,0xE46C,0xE42B,0xFCAE,
    0xFC6D,0xFC6C,0xFC6C,0xFC6C,0xFC2C,0xFB8A,0xEAA7,0xFC0B,0xFC6C,0xFD0E,0xFCEE,0xFC6C,0xFC4C,0xCA07,0xD40B,0x8924,
    0xD46E,0xFED3,0xFED4,0xF5F0,0xFE30,0xFF16,0xFEF4,0xE48C,0xE44B,0xE248,0xEAA8,0xFB69,0xFBAB,0xFC2C,0xFC2C,0xDBCA,
    0x0ACA,0x0AEA,0x1C0E,0x3C6D,0x348E,0x4D0E,0x5D4D,0x554D,0x552E,0x00A4,0x52CA,0xE79D,0xEFDE,0xEFDE,0xEFDE,0xEFDE,
    0xEFDE,0xEFDE,0xEFDE,0xEFDE,0xEFDE,0xEFDE,0xEFDE,0xEFDE,0xEFDE,0xEFDE,0xEFDE,0xEFDE,0xEFDE,0xEFDE,0xEFDE,0xEFDE,
    0xEFDE,0xEFDE,0xEFDE,0xEFDE,0xEFDE,0xEFDE,0xEFDE,0xEFDE,0xEFDE,0xEFDE,0xEFDE,0xEFDE,0xEFDE,0xEFDE,0xEFDE,0xEFDE,
    0xEFDE,0xEFDE,0xEFDE,0xEFDE,0xEFDE,0xEFDE,0xEFDE,0xEFDE,0xEFDE,0xEFDE,0xE7BE,0xE7BE,0xE7BE,0xE79D,0x7AAB,0x9AA9,
    0xCAA5,0x99A5,0x2883,0x78C5,0x8945,0xD1E6,0xE267,0xE247,0xDA06,0xD9E6,0xDA27,0xC9C6,0xCA46,0xEC8C,0xA1C5,0xA125,
    0xD227,0xE2C8,0xEAE8,0xF329,0xFB8A,0xFBCA,0xF2C8,0xF2E9,0xEAC9,0xC1C6,0xA185,0xCBCA,0xF50E,0xF56F,0xFD4E,0xFC4D,
    0xFC6D,0xFC6D,0xFC6D,0xFC6D,0xFC2C,0xF349,0xC1E5,0xFBEB,0xFC8C,0xFC6C,0xFC8D,0xFC2C,0xFC2C,0xDA47,0xCB89,0xD46D,
    0xFE94,0xFE92,0xFDEF,0xFD8E,0xFD8F,0xFD8F,0xFEF5,0xE4AD,0xDB6A,0xDA07,0xF2C8,0xFB29,0xFBAA,0xFC0C,0xD30A,0xDA88,
    0xA9C7,0x0B2B,0x1BEE,0x348E,0x44AE,0x5D6D,0x5D6E,0x552F,0x32A9,0xF626,0xBB42,0x18C3,0xE7BE,0xEFDE,0xEFDE,0xEFDE,
    0xEFDE,0xEFDE,0xEFDE,0xEFDE,0xEFDE,0xEFDE,0xEFDE,0xEFDE,0xEFDE,0xEFDE,0xEFDE,0xEFDE,0xEFDE,0xEFDE,0xEFDE,0xEFDE,
    0xEFDE,0xEFDE,0xEFDE,0xEFDE,0xEFDE,0xEFDE,0xEFDE,0xEFDE,0xEFDE,0xEFDE,0xEFDE,0xEFDE,0xEFDE,0xEFDE,0xEFDE,0xEFDE,
    0xEFDE,0xEFDE,0xEFDE,0xEFDE,0xEFDE,0xEFDE,0xEFDE,0xEFDE,0xEFDE,0xEFBE,0xEFDE,0xE7BE,0xE79D,0xE75C,0x2106,0x0864,
    0x5884,0x9104,0x8904,0x88E4,0x90E4,0x88C3,0xA124,0xA165,0x9166,0x8125,0x8104,0xF50E,0xFDF0,0xFDEF,0xFEB3,0xB309,
    0x9124,0x98E3,0xB9C6,0xE268,0xE248,0xE248,0xE268,0xC1C6,0xA144,0xCB49,0xFE12,0xFE52,0xFF15,0xFF37,0xB124,0xFC2C,
    0xFC4D,0xFC6D,0xFC6D,0xFC4D,0xFB8A,0xB985,0xEAA8,0xFC4C,0xFCAD,0xFC6C,0xFC4C,0xFC4C,0xFC4C,0xE247,0xF5B0,0xFEB4,
    0xFE51,0xFD4E,0xFD4E,0xFD2E,0xFD2E,0xFD6E,0xFDAF,0xFDF0,0xAA46,0xD247,0xE247,0xF2C8,0xFBEB,0xFC4D,0xFC4D,0xFC2D,
    0x1986,0x0B8C,0x13EE,0x3CCF,0x550D,0x5D6E,0x65CF,0x5570,0xEEF2,0xFFFD,0xEE48,0x81A2,0x4249,0xEFDE,0xEFDE,0xEFDE,
    0xEFDE,0xEFDE,0xEFDE,0xEFDE,0xEFDE,0xEFDE,0xEFDE,0xEFDE,0xEFDE,0xEFDE,0xEFDE,0xEFDE,0xEFDE,0xEFDE,0xEFDE,0xEFDE,
    0xEFDE,0xEFDE,0xEFDE,0xEFDE,0xEFDE,0xEFDE,0xEFDE,0xEFDE,0xEFDE,0xEFDE,0xEFDE,0xEFDE,0xEFDE,0xEFDE,0xEFDE,0xEFDE,
    0xEFDE,0xEFDE,0xEFDE,0xEFDE,0xEFDE,0xEFDE,0xE7BE,0xE7BE,0xE7BE,0xE7BE,0xE7BE,0xB5B6,0x49E8,0x3966,0x4106,0xA289,
    0xC2EA,0xC248,0xFBEB,0xFBEC,0xFBEB,0xF3CB,0xF3EC,0xF3AB,0xFB4A,0xFE12,0xFE92,0xFEF4,0xFF35,0xFF56,0xFF56,0xFF36,
    0xFEB3,0xED6E,0xCB49,0xC2A8,0xCA88,0xC268,0xC267,0xCAE7,0xED6E,0x9A26,0x9124,0x8124,0x9A47,0xF6B5,0xC124,0xFC2C,
    0xFC4C,0xFC4C,0xFC0B,0xFBEB,0xFB29,0xA9A5,0xF309,0xFCAE,0xFC8D,0xFC4D,0xFC4C,0xFC6C,0xFC6D,0xE268,0xF50E,0xF52D,
    0xF50D,0xFD6E,0x8228,0x0004,0xE44B,0xFD2D,0xFD4F,0xFE32,0xDC8D,0xDAE8,0xEAA8,0xFB09,0xFBCB,0xFB8A,0xFBAB,0x8A47,
    0x02EA,0x0BED,0x242C,0x4CAC,0x5D2D,0x65AE,0x65AE,0x132A,0xF66D,0xF68B,0xE501,0x91A1,0x31E7,0xEFDE,0xEFDE,0xEFDE,
    0xEFDE,0xEFDE,0xEFDE,0xEFDE,0xEFDE,0xEFDE,0xEFDE,0xEFDE,0xEFDE,0xEFDE,0xEFDE,0xEFDE,0xEFDE,0xEFDE,0xEFDE,0xEFDE,
    0xEFDE,0xEFDE,0xEFDE,0xEFDE,0xEFDE,0xEFDE,0xEFDE,0xEFDE,0xEFDE,0xEFDE,0xEFDE,0xEFDE,0xEFDE,0xEFDE,0xEFDE,0xEFDE,
    0xEFDE,0xEFDE,0xEFDE,0xEFDE,0xEFDE,0xEFDE,0xE7BE,0xE7BE,0xE7BE,0xE79D,0xD678,0x1083,0x78E4,0xB904,0xFC0B,0xFC6D,
    0xFCAE,0xFC8D,0xFC6D,0xFC4C,0xFC4C,0xFC4D,0xFC6D,0xFC8D,0xFB6A,0xFAE8,0xFB07,0xFF56,0xFF57,0xFF57,0xFF57,0xFF56,
    0xFF35,0xFF56,0xFF56,0xFE10,0xFE11,0xFE10,0xFE52,0xFED3,0x78C3,0x8124,0x8924,0x78A3,0x78C3,0x88C3,0xF36A,0xFC4C,
    0xFC2C,0xFC0B,0xFB8A,0xF2E8,0xBA06,0xDA27,0xFB6A,0xFC4C,0xFCCE,0xFC4D,0xFC4C,0xFC6C,0xFC2C,0xD247,0xF4CE,0xFCCB,
    0xF48B,0x0023,0x0024,0x0025,0x0044,0x0843,0xFD0D,0xFD4E,0xECAC,0xD227,0xFB09,0xF309,0xF2C8,0xEA87,0x81E7,0x0A6A,
    0x0B8C,0x1BED,0x344C,0x3CAD,0x3CEE,0x3CEE,0x3CEE,0x0A27,0xBB82,0xDC21,0xB300,0x8A22,0x52AA,0xEFDE,0xEFDE,0xEFDE,
    0xEFDE,0xEFDE,0xEFDE,0xEFDE,0xEFDE,0xEFDE,0xEFDE,0xEFDE,0xEFDE,0xEFDE,0xEFDE,0xEFDE,0xEFDE,0xEFDE,0xEFDE,0xEFDE,
    0xEFDE,0xEFDE,0xEFDE,0xEFDE,0xEFDE,0xEFDE,0xEFDE,0xEFDE,0xEFDE,0xEFDE,0xEFDE,0xEFDE,0xEFDE,0xEFDE,0xEFDE,0xEFDE,
    0xEFDE,0xEFDE,0xEFDE,0xEFDE,0xEFDE,0xEFDE,0xEFBE,0xE7BE,0xE71B,0x2926,0x30A5,0xA186,0xFC8D,0xFC4C,0xFC8C,0xFC8D,
    0xFCCE,0xFC6D,0xFC6C,0xFC6C,0xFCCE,0xFC4C,0xFC4C,0xFC4C,0xFC4C,0xFC2C,0xFC4C,0xFC4C,0xFBAA,0xFEF5,0xFEF4,0xFF37,
    0xFF57,0xFF56,0xFF56,0xFF56,0xFF56,0xFF56,0xFF57,0xA207,0x7062,0xCB29,0xFF56,0xFED3,0xFED3,0xBA05,0xFC6C,0xFC4C,
    0xFBCB,0xFB28,0xC9E6,0x9965,0xE46B,0xB1C6,0xFB8A,0xFC4C,0xFC4C,0xFC2C,0xFC4C,0xFC4C,0xFBAA,0xA227,0xFD4F,0xEC6C,
    0x0022,0x0002,0x0024,0x0045,0x42E9,0x0002,0x0864,0xFD8F,0xFD6E,0xB9A6,0xD207,0xEA47,0xEB08,0x9C0B,0x0208,0x132B,
    0x13CC,0x0BCD,0x23EB,0x2C6D,0x550C,0x346C,0x2C4D,0x23EB,0x0946,0xC363,0x3902,0x2965,0xE79D,0xEFDE,0xEFDE,0xEFDE,
    0xEFDE,0xEFDE,0xEFDE,0xEFDE,0xEFDE,0xEFDE,0xEFDE,0xEFDE,0xEFDE,0xEFDE,0xEFDE,0xEFDE,0xEFDE,0xEFDE,0xEFDE,0xEFDE,
    0xEFDE,0xEFDE,0xEFDE,0xEFDE,0xEFDE,0xEFDE,0xEFDE,0xEFDE,0xEFDE,0xEFDE,0xEFDE,0xEFDE,0xEFDE,0xE7BE,0xEFDE,0xEFDE,
    0xEFDE,0xEFDE,0xEFDE,0xE7BE,0xE7BE,0xEFBE,0xE7BE,0xC659,0x10A3,0x5906,0xE34B,0xFC6C,0xFC6D,0xFC6C,0xFCED,0xFCCD,
    0xFCEE,0xFD0E,0xFD0D,0xFCAD,0xFCAD,0xFC8D,0xFC6C,0xFC4C,0xFC6C,0xFC6C,0xFC4C,0xFC6C,0xFCAD,0xFE73,0xFF57,0xFF57,
    0xFF57,0xFF57,0xFF57,0xFF56,0xFF56,0xFF56,0xFF97,0xBA27,0xFED4,0xFED3,0xFED4,0xFEB3,0xFF35,0xF308,0xFC8D,0xFBCB,
    0xEAA8,0xC1A5,0xC2E9,0xE48C,0xECCB,0x9985,0xFBA9,0xFC6D,0xFC6D,0xFC4C,0xFC4C,0xFC0B,0xFB69,0xB2A8,0xFDB0,0xAB2A,
    0x0821,0x73F0,0x0004,0x0065,0x0085,0x41E8,0x0861,0xFCCD,0xFD2D,0xB9C7,0xC1E8,0xDA28,0xDA48,0x59A6,0x12CA,0x1B2A,
    0x1BAB,0x2C8D,0x3CAC,0x4D2D,0x554D,0x5D6D,0x554D,0x6E0F,0x1126,0x10A3,0x52EA,0xE79D,0xE7BE,0xEFDE,0xEFDE,0xEFDE,
    0xEFDE,0xEFDE,0xEFDE,0xEFDE,0xEFDE,0xEFDE,0xEFDE,0xEFDE,0xEFDE,0xEFDE,0xEFDE,0xEFDE,0xEFDE,0xEFDE,0xEFDE,0xEFDE,
    0xEFDE,0xEFDE,0xEFDE,0xEFDE,0xEFDE,0xEFDE,0xEFDE,0xEFDE,0xEFDE,0xEFDE,0xE7BE,0xE7BE,0xE7BE,0xE7BE,0xE7BE,0xE7BE,
    0xE7BE,0xE7BE,0xE7BE,0xE7BE,0xE7BE,0xE79D,0x2127,0x1864,0xA9C7,0xFC2C,0xFC6D,0xFC6D,0xFC6D,0xFC6C,0xFC8C,0xFCEE,
    0xFD0E,0xFCCD,0xFC8D,0xFC8D,0xFC6D,0xFC6C,0xFC6D,0xFC8D,0xFC8D,0xFC4D,0xFBAA,0xFF15,0xFF57,0xFF76,0xFF57,0xFF57,
    0xFF57,0xFF57,0xFF57,0xFF36,0xFF56,0xFF57,0xFF15,0xFEB3,0xFE92,0xFE72,0xFE72,0xFE51,0xC1E5,0xCA06,0xC9E6,0xC9A5,
    0xDAC8,0xE3CA,0xECAC,0xF5AE,0xFE2F,0xA1C6,0xFBC9,0xFC6D,0xFC6D,0xFC6D,0xFC6C,0xFC2C,0xDA68,0xAAE8,0xFDD0,0x1883,
    0x7C10,0x328B,0x00A4,0x0189,0x0108,0x0885,0x42CB,0x0843,0xF54E,0xB1A7,0xB9E8,0xB9C8,0x91C7,0x0AAA,0x0B4B,0x23CC,
    0x2C4D,0x44CD,0x4CEC,0x450D,0x4D2D,0x554D,0x658E,0x6D91,0x10E4,0xEFDE,0xE7BE,0xE7BE,0xE7BE,0xEFDE,0xEFDE,0xEFDE,
    0xEFDE,0xEFDE,0xEFDE,0xEFDE,0xEFDE,0xEFDE,0xEFDE,0xEFDE,0xEFDE,0xEFDE,0xEFDE,0xEFDE,0xEFDE,0xEFDE,0xEFDE,0xEFDE,
    0xEFDE,0xEFDE,0xEFDE,0xEFDE,0xEFDE,0xEFDE,0xEFDE,0xEFDE,0xEFDE,0xEFDE,0xE7BE,0xE7BE,0xE7BE,0xE7BE,0xE7BE,0xE7BE,
    0xE7BE,0xE7BE,0xE7BE,0x7BF0,0x2105,0x1883,0xD2EA,0xF3AB,0xFC2C,0xFC4C,0xFC8E,0xFC6D,0xFC6D,0xFC4D,0xFC8D,0xFC6D,
    0xFC6D,0xFC6D,0xFC6D,0xFC6D,0xFC4D,0xFC6D,0xFC8D,0xFC8D,0xFC6C,0xFC8D,0xFCED,0xFE72,0xFF57,0xFF56,0xFF36,0xFF36,
    0xFF57,0xFF57,0xFF57,0xFF36,0xFF56,0xFE93,0xFE72,0xFE52,0xFE31,0xFD8F,0xFD6F,0xF56F,0xF4EE,0xFCAC,0xFC8C,0xFD0E,
    0xFE10,0xFDCF,0xFE31,0xFEF4,0xFEB1,0xCAC7,0xFB88,0xFC6D,0xFC6D,0xFC4C,0xFBAA,0xFB29,0xA125,0xF50D,0xFDCF,0x1905,
    0xD636,0x0106,0xBE97,0xFFFF,0x0928,0x00A7,0x842F,0x0064,0xF48C,0xCA89,0x6188,0x09E8,0x0A49,0x0B0B,0x138C,0x2BEC,
    0x344C,0x4CCC,0x4CEC,0x4CED,0x5D8F,0x658F,0x75AF,0x0022,0x532B,0xE7BE,0xEFDE,0xEFDE,0xEFDE,0xEFDE,0xEFDE,0xEFDE,
    0xEFDE,0xEFDE,0xEFDE,0xEFDE,0xEFDE,0xEFDE,0xEFDE,0xEFDE,0xEFDE,0xEFDE,0xEFDE,0xEFDE,0xEFDE,0xEFDE,0xEFDE,0xEFDE,
    0xEFDE,0xEFDE,0xEFDE,0xEFDE,0xEFDE,0xEFDE,0xEFDE,0xEFDE,0xEFDE,0xEFDE,0xAD96,0x1905,0x2126,0xDF3C,0xDF5C,0xDF1B,
    0xD6DA,0x10A4,0x1085,0x1085,0x40C6,0xF3CC,0xFC6D,0xFC2C,0xFC6D,0xFC4C,0xFC6D,0xFC6D,0xFC6D,0xFC6D,0xFC6D,0xFC4D,
    0xFC2C,0xFC4D,0xFC6D,0xFC0C,0xFBAA,0xFC8D,0xFC6D,0xFCAD,0xFCAD,0xFC8D,0xFC6D,0xFC6D,0xFCAD,0xFEF4,0xFF15,0xFF36,
    0xFF57,0xFF57,0xFF57,0xFF36,0xFEF4,0xFE72,0xFE51,0xFDF0,0xFC8C,0xF4EF,0x6A09,0x0023,0x0022,0xA34B,0xF50E,0xFD4E,
    0xFE31,0xFEB3,0xFED4,0xFEF4,0xFEF5,0xCA87,0xFB67,0xFC6D,0xFC4C,0xFC0C,0xFB29,0xEB09,0xF48C,0xFE10,0xFDF0,0x41E9,
    0xFFDD,0x1167,0xEFBC,0xFFFD,0x00A5,0x00A5,0x3A28,0x1905,0xE4AC,0xC2A9,0x4925,0x12CA,0x0A89,0x134B,0x138C,0x1BAD,
    0x2C2C,0x2C4C,0x54CC,0x54ED,0x4D4E,0x75EF,0x2AA9,0x0862,0xBE58,0xE7BE,0xEFDE,0xEFDE,0xEFDE,0xEFDE,0xEFDE,0xEFDE,
    0xEFDE,0xEFDE,0xEFDE,0xEFDE,0xEFDE,0xEFDE,0xEFDE,0xEFDE,0xEFDE,0xEFDE,0xEFDE,0xEFDE,0xEFDE,0xEFDE,0xEFDE,0xEFDE,
    0xEFDE,0xEFDE,0xEFDE,0xEFDE,0xEFDE,0xEFDE,0xEFDE,0xEFDE,0xEFDE,0xEFDE,0x2926,0xAA47,0xAA07,0x18E6,0x18E6,0x18C5,
    0x18C4,0xAA27,0xEB29,0xF3CB,0xF3EB,0xFC4C,0xFC6D,0xFC4D,0xFC4C,0xFC4D,0xFC6D,0xFCAD,0xEB29,0xF32A,0xCA49,0xE286,
    0xEAA7,0xF308,0xEB09,0xFC6D,0xFCCE,0xFCAD,0xFCAE,0xFCAE,0xFCAD,0xFC4C,0xFC2C,0xFC4D,0xFC4D,0xFC2C,0xF46C,0xFD6E,
    0xFF37,0xFF57,0xFF56,0xFF36,0xFE31,0xFE72,0xFD2D,0xFCCD,0x1043,0x0841,0x0043,0x0045,0x0024,0x0042,0x0841,0x7967,
    0xF4ED,0xFDAF,0xFED4,0xFED4,0xFEF4,0xBA26,0xFB68,0xFC4C,0xFC4C,0xFB89,0xEA87,0x9964,0xFDCF,0xFEB2,0xFDD0,0x52CC,
    0xFFBD,0x0989,0x0A8C,0x334D,0x0064,0x00A5,0x0906,0xD653,0xECCC,0xCAC9,0xA9C7,0x4987,0x1207,0x136B,0x1B8C,0x2C0C,
    0x2C6C,0x348D,0x2C6D,0x54CD,0x65CF,0x96D1,0x08A3,0x8D53,0xE7BE,0xE7BE,0xE7BE,0xEFDE,0xEFDE,0xEFDE,0xEFDE,0xEFDE,
    0xEFDE,0xEFDE,0xEFDE,0xEFDE,0xEFDE,0xEFDE,0xEFDE,0xEFDE,0xEFDE,0xEFDE,0xEFDE,0xEFDE,0xEFDE,0xEFDE,0xEFDE,0xEFDE,
    0xEFDE,0xEFDE,0xEFDE,0xEFDE,0xEFDE,0xEFDE,0xEFDE,0xEFDE,0xEFDE,0xEFDE,0x2127,0xCA47,0xEAE8,0xFC0C,0xFC4D,0xFC0C,
    0xFBEB,0xFC0B,0xFC0B,0xFC8C,0xFC6C,0xFC8C,0xFC6D,0xFC4C,0xFC0B,0xFBCB,0xEB6A,0xB268,0xC2A7,0x1249,0x0A09,0x9328,
    0xB367,0xDB89,0xF46D,0xFCAD,0xFCCE,0xFCCE,0xFC6C,0xFC0B,0xFC0B,0xFC0B,0xFC2C,0xFBEB,0xFC0B,0xFC0C,0xFD91,0xFF37,
    0xFF57,0xFF57,0xFF57,0xFEF5,0xFE31,0xFD6E,0xFCCD,0x0843,0x0022,0x0842,0x3ACC,0x5B70,0x4350,0x0022,0x0001,0x0044,
    0x6A8A,0xF56F,0xFE72,0xFEF5,0xFED4,0xB205,0xFB48,0xFC2B,0xFC2C,0xF389,0xB164,0xEC6B,0xFE92,0xFEB2,0xFDAF,0xBDD5,
    0xFFBC,0x0988,0x01CA,0x0043,0x0065,0x0085,0x1168,0xF759,0xFD0E,0xDB4B,0xB186,0xD227,0x9904,0x6124,0x2BAA,0x2C2C,
    0x248C,0x34CD,0x3C8C,0x65CE,0x86F2,0x00E4,0x9574,0xE7BE,0xE7BE,0xE7BE,0xE7BE,0xE7BE,0xEFDE,0xEFDE,0xEFDE,0xEFDE,
    0xEFDE,0xEFDE,0xEFDE,0xEFDE,0xEFDE,0xEFDE,0xEFDE,0xEFDE,0xEFDE,0xEFDE,0xEFDE,0xEFDE,0xEFDE,0xEFDE,0xEFDE,0xEFDE,
    0xEFDE,0xEFDE,0xEFDE,0xEFDE,0xEFDE,0xEFDE,0xEFDE,0xEFDE,0xEFDE,0xEFDE,0xA575,0x0864,0x640C,0xDB2A,0xFBCB,0xFBAA,
    0xFB49,0xFB8A,0xFBCB,0xFBCB,0xFBCB,0xFBCB,0xEB49,0xEAE8,0xDA06,0x09E8,0x128A,0x346D,0x344D,0x2C0D,0x1BAC,0x240D,
    0x240D,0x01E8,0x0166,0xC34A,0xF34A,0xFBEB,0xFBCA,0xFB89,0xFBAB,0xFBCB,0xFBEB,0xFBEB,0xFBAA,0xFD4E,0xFF16,0xFF36,
    0xFF36,0xFF37,0xFEF4,0xFE10,0xFDD0,0xF4EE,0x0844,0x0023,0x2189,0x9CD1,0xA533,0x636E,0x00E8,0x0107,0x0106,0x0128,
    0x0085,0x69E7,0xFDCF,0xFEB3,0xFE71,0xDA46,0xFBCA,0xFBA9,0xEAE8,0xA964,0xEC4D,0xFDB0,0xFE71,0xFE71,0xFDAF,0xC657,
    0xF7BE,0x0A09,0x02AC,0x0045,0x0085,0x00E7,0x124D,0xF779,0xFCCC,0xDB8A,0xD1E7,0xEAC8,0xEAE8,0xDA67,0x8924,0x8905,
    0xA184,0x7A45,0x850B,0x5CD0,0x0863,0x3208,0xE7BE,0xE7BE,0xE7BE,0xE7BE,0xE7BE,0xE7BE,0xEFDE,0xEFDE,0xEFDE,0xEFDE,
    0xEFDE,0xEFDE,0xEFDE,0xEFDE,0xEFDE,0xEFDE,0xEFDE,0xEFDE,0xEFDE,0xEFDE,0xEFDE,0xEFDE,0xEFDE,0xEFDE,0xEFDE,0xEFDE,
    0xEFDE,0xEFDE,0xEFDE,0xEFDE,0xEFDE,0xEFDE,0xEFDE,0xEFDE,0xEFDE,0xEFDE,0xB638,0x0022,0x4D30,0x556E,0x4CAE,0x4C8D,
    0x8BAB,0x9965,0x9945,0xB965,0x6926,0x5966,0x49E8,0x1BAD,0x2BEC,0x2C2E,0x346E,0x346E,0x2C4D,0x2C2D,0x342D,0x23ED,
    0x1BED,0x1B6B,0x134B,0x1B2B,0x12EA,0x6208,0x6A47,0x7248,0xCA07,0xFC0C,0xFB49,0xFBEB,0xFD0E,0xFE31,0xFE72,0xFEB3,
    0xFF15,0xFF15,0xFED4,0xFE31,0xFD4F,0xD46E,0x0024,0x0043,0xB593,0xAD73,0xBDD4,0x0043,0x0169,0x0167,0x430C,0x0127,
    0x00E7,0x08A6,0xF56E,0xFE51,0xFE92,0xFBAA,0xFBEA,0xEB08,0xB9E6,0xF48C,0xFE10,0xFE92,0xFE92,0xFE71,0xFE51,0xF6D5,
    0xFFDE,0x0B2D,0x03EF,0x0065,0x0085,0x0107,0x130E,0xF77A,0xF4EC,0xEC2B,0xC9C6,0xEAC9,0xFB8A,0xFC6B,0xFC8B,0xF46A,
    0xC54D,0x4227,0x2145,0x0882,0x8CB0,0xEFDE,0xE7BE,0xE7BE,0xE7BE,0xE7BE,0xEFDE,0xE7BE,0xE7BE,0xEFDE,0xEFDE,0xEFDE,
    0xEFDE,0xEFDE,0xEFDE,0xEFDE,0xEFDE,0xEFDE,0xEFDE,0xEFDE,0xEFDE,0xEFDE,0xEFDE,0xEFDE,0xEFDE,0xEFDE,0xEFDE,0xEFDE,
    0xEFDE,0xEFDE,0xEFDE,0xEFDE,0xEFDE,0xEFDE,0xEFDE,0xEFDE,0xEFDE,0xEFDE,0xE79D,0x0043,0x434B,0x65AE,0x4CAE,0x3CAF,
    0x34AF,0x34CF,0x34EF,0x1C8F,0x244E,0x246E,0x2C4E,0x240D,0x2C2D,0x2C4E,0x2C6E,0x2C6E,0x2C4E,0x2C4D,0x346D,0x346D,
    0x240D,0x23EC,0x23AB,0x138B,0x136B,0x0A68,0x11E7,0xA308,0xF348,0xFC0B,0xFC0C,0xFBAA,0xFBCA,0xFBCB,0xFC0C,0xFE11,
    0xFF14,0xFF14,0xFE31,0xFE10,0xFD4F,0x0044,0x0044,0xA532,0xC615,0xE6D8,0x1085,0x0928,0x0A2B,0xF7FC,0xFFFF,0x08C6,
    0x00C6,0x00C5,0xB38A,0xFE51,0xED2E,0xFBAA,0xC1C4,0xB205,0xF48C,0xFDCF,0xFE72,0xFE92,0xFE92,0xFE71,0xFE51,0xFEB5,
    0xFFDD,0x4C70,0x042E,0x0CB1,0x0045,0x0A08,0x13CF,0xFF7C,0xFD8E,0xFD6E,0xCA67,0xEAC8,0xF2C8,0xFC4B,0xFC6B,0xF3A9,
    0xDB29,0xAA67,0x30E3,0x940E,0x7BAE,0xE7BE,0xE7BE,0xE7BE,0xE7BE,0xB5B5,0x4985,0xAD12,0xE7BE,0xEFDE,0xEFDE,0xEFDE,
    0xEFDE,0xEFDE,0xEFDE,0xEFDE,0xEFDE,0xEFDE,0xEFDE,0xEFDE,0xEFDE,0xEFDE,0xEFDE,0xEFDE,0xEFDE,0xEFDE,0xEFDE,0xEFDE,
    0xEFDE,0xEFDE,0xEFDE,0xEFDE,0xEFDE,0xEFDE,0xEFDE,0xEFDE,0xEFDE,0xEFDE,0xE7BE,0x0863,0x10C5,0x866F,0x554F,0x34AF,
    0x2C4E,0x2C6E,0x2C8E,0x346E,0x346D,0x348E,0x348E,0x346E,0x348E,0x34AE,0x2C6E,0x44EE,0x3CAE,0x3CAD,0x348D,0x346D,
    0x348D,0x344C,0x344C,0x240C,0x238C,0x134B,0x132B,0x2ACA,0x526A,0xA208,0xC207,0xF2C8,0xF2C8,0xFB28,0xFD0E,0xFEB3,
    0xFE92,0xFED3,0xFE31,0xFE10,0xFD0E,0x0843,0x0043,0xCE14,0xF759,0xFFBC,0x0022,0x0149,0x0A2B,0x7E92,0x7510,0x00C7,
    0x00C6,0x00C6,0x30E4,0xFE52,0xFE72,0xF4AC,0xEC6B,0xFE31,0xFE10,0xFE51,0xFE72,0xFE92,0xFED4,0xFE92,0xFE72,0xFED5,
    0xFFDC,0xE75B,0x0CB0,0x86CF,0x6E0D,0x4DCE,0x0B2D,0xFF79,0xFE93,0xFEB4,0xF58C,0xE2A7,0xE267,0xEAE8,0xF309,0xF308,
    0xEAE9,0xE309,0xCA48,0x3987,0xE77D,0xE7BE,0xE7BE,0xE7BE,0xE7BE,0x3944,0xFE06,0xF465,0x5A06,0xEFDE,0xE7BE,0xEFDE,
    0xEFDE,0xEFDE,0xEFDE,0xEFDE,0xEFDE,0xEFDE,0xEFDE,0xEFDE,0xEFDE,0xEFDE,0xEFDE,0xEFDE,0xEFDE,0xEFDE,0xEFDE,0xEFDE,
    0xEFDE,0xEFDE,0xEFDE,0xEFDE,0xEFDE,0xEFDE,0xEFDE,0xEFDE,0xEFDE,0xEFDE,0xE7BE,0xDF7D,0x10C5,0x3B6B,0x6DF1,0x450F,
    0x2C6E,0x2C8E,0x348E,0x348E,0x348E,0x348E,0x348E,0x348E,0x3CAE,0x34AD,0x3CCD,0x44ED,0x450D,0x450D,0x44ED,0x3C8E,
    0x2C4D,0x2C2D,0x13ED,0x13CC,0x1B8C,0x1B8C,0x1B8B,0x1B6A,0x1AA9,0x1A48,0xA185,0xC985,0xF2E7,0xFB48,0xFCCC,0xFE30,
    0xFE31,0xFE31,0xFE10,0xFE10,0xCB09,0x0043,0x8410,0xFF58,0xFF9B,0xFFDE,0x0043,0x016A,0x020B,0x0168,0x00E7,0x00A6,
    0x00A6,0x0167,0x00A5,0xFE92,0xFE51,0xFE51,0xFE51,0xFE72,0xFE72,0xFE92,0xFE72,0xFED3,0xFED3,0xFED3,0xFE92,0xFE51,
    0xFFDD,0xF7BE,0x248E,0x864C,0x968C,0x5DCE,0x64B1,0xFEB3,0xFED4,0xFED4,0xFEB4,0xBAE6,0xD206,0xF309,0xEB08,0xA1A6,
    0x7926,0x7147,0x3106,0xDF5C,0xE79D,0xE7BE,0xE7BE,0xE7BE,0xD6D9,0xB365,0xFE89,0xFEAA,0xC362,0x6AEB,0xE7BE,0xEFBE,
    0xE7BE,0xEFDE,0xEFDE,0xEFDE,0xEFDE,0xEFDE,0xEFDE,0xEFDE,0xEFDE,0xEFDE,0xEFDE,0xEFDE,0xEFDE,0xEFDE,0xEFDE,0xEFDE,
    0xEFDE,0xEFDE,0xEFDE,0xEFDE,0xEFDE,0xEFDE,0xEFDE,0xEFDE,0xEFDE,0xEFDE,0xE7BE,0xE7BE,0x7430,0x0905,0x7631,0x6DEF,
    0x552D,0x34AE,0x34AE,0x34AE,0x348E,0x34AE,0x348E,0x4D0D,0x4D2E,0x4D2E,0x4D0D,0x4D0E,0x44EE,0x450D,0x4D0D,0x3CAD,
    0x244E,0x244C,0x348C,0x346C,0x242D,0x140D,0x1BEB,0x23CB,0x130A,0x0AC9,0x12C8,0x2165,0x79C4,0xCA05,0xFC4C,0xFDD0,
    0xFE10,0xFE10,0xFE10,0xFDF0,0xC30A,0x0843,0xF6F7,0xFF7A,0xFFDD,0xFFDF,0x0085,0x030D,0x03EE,0x01E9,0x00A5,0x00A6,
    0x00A5,0x0209,0x0189,0xFF98,0xFE31,0xFE51,0xFE71,0xFE92,0xFED4,0xFED4,0xFEF4,0xFEF4,0xFEF5,0xFEF5,0xFED4,0xFEB2,
    0xFF17,0xFFDE,0xFFFF,0x1D90,0x45AE,0x2D2F,0xEEF6,0xFEF4,0xFF36,0xF6F5,0xFEB5,0xECED,0x9944,0xE288,0xF349,0xF349,
    0x6165,0x1064,0xDF3B,0xE79D,0xE79D,0xE7BE,0xE7BE,0xE7BD,0x4A27,0xF62B,0xFEAB,0xFECB,0xFEE9,0xB304,0x83EE,0xE7BE,
    0xEFBE,0xEFDE,0xEFDE,0xEFDE,0xEFDE,0xEFDE,0xEFDE,0xEFDE,0xEFDE,0xEFDE,0xEFDE,0xEFDE,0xEFDE,0xEFDE,0xEFDE,0xEFDE,
    0xEFDE,0xEFDE,0xEFDE,0xEFDE,0xEFDE,0xEFDE,0xEFDE,0xEFDE,0xEFDE,0xEFDE,0xE7BE,0xE7BE,0xE7BD,0x2126,0x0967,0x8671,
    0x5D8E,0x5D8F,0x5D6E,0x450F,0x3D0F,0x5D8E,0x5D6E,0x5D6E,0x5D6E,0x5D6E,0x552E,0x550D,0x4D0E,0x34CE,0x2CCE,0x2C8D,
    0x3CED,0x44ED,0x4CEC,0x3CAC,0x34AD,0x2C6D,0x1C0D,0x23CB,0x1B4A,0x1AC9,0x09E6,0xA166,0xE2C8,0xFC6C,0xFC4C,0xFD4F,
    0xFDD0,0xFDF0,0xFDF0,0xFDCF,0xDC2D,0x0844,0xFF5A,0xFFDD,0xFFDD,0xFFDC,0xCED9,0x030C,0x03ED,0x148E,0x0065,0x00A6,
    0x00A6,0x038D,0x0B2C,0xFFFB,0xFE31,0xFE92,0xFEF4,0xFEF4,0xFEF5,0xFEF5,0xFED4,0xED4E,0xC2E6,0xB2A6,0x89C4,0xFF58,
    0xFEF5,0xFF58,0xFFDE,0xF7DE,0xEFBC,0xF735,0xFF37,0xFF57,0x7E52,0x65CF,0xFF37,0xC42D,0x9985,0xDA47,0xE267,0xF2E8,
    0xE2C7,0x40C5,0xC5D6,0xE79D,0xE79D,0xE79D,0xE79D,0xAD53,0x7962,0xFE6A,0xFEAA,0xFF0C,0xE481,0x4124,0xCE77,0xE7BE,
    0xE7BE,0xE7BE,0xE7BE,0xE7BE,0xEFDE,0xEFDE,0xEFDE,0xEFDE,0xEFDE,0xEFDE,0xEFDE,0xEFDE,0xEFDE,0xEFDE,0xEFDE,0xEFDE,
    0xEFDE,0xEFDE,0xEFDE,0xEFDE,0xEFDE,0xEFDE,0xEFDE,0xEFDE,0xEFDE,0xEFDE,0xEFDE,0xE7BE,0xE7BE,0xE7BE,0x08C5,0x332B,
    0x75D0,0x5D8F,0x5D8F,0x5D6F,0x5D6E,0x5D6E,0x5D6E,0x5D8E,0x5D6E,0x5D6E,0x5D6E,0x5D2D,0x550D,0x44EE,0x34EE,0x452E,
    0x554D,0x552D,0x550D,0x4CED,0x34AE,0x240D,0x1BEC,0x33EA,0x4B69,0x3B09,0x3B09,0xA124,0xF38A,0xFC4C,0xFC6C,0xFCAD,
    0xFDD0,0xFDF0,0xFDF0,0xFDF0,0xEDB0,0x0866,0xFF9B,0xFFBD,0xFFDC,0xFFDC,0xFFDE,0x028A,0x0CCF,0x0CEF,0x1450,0x00A5,
    0x0064,0x142E,0x034C,0xFFFD,0xFE72,0xFEF4,0xFEF4,0xFEF5,0xFF16,0xFF58,0xFF78,0x68E1,0x7142,0x7963,0x6943,0xFF79,
    0xFF9A,0xFF79,0xFEF4,0xFEF4,0xFEF4,0xFF15,0xF6F6,0x7E33,0x7E52,0x6DF1,0xFFB9,0xBBEC,0x4104,0xC1A6,0xDA27,0xE267,
    0xF2E7,0x7125,0x3125,0xE79D,0xE79D,0xE79D,0xE75C,0x59E5,0xF4A4,0xFE89,0xFE88,0xF5A4,0x79A2,0xCEB9,0xE7BD,0xE7BE,
    0xE79D,0xB5D5,0x5A69,0xE77C,0xEFDE,0xEFDE,0xEFDE,0xEFDE,0xEFDE,0xEFDE,0xEFDE,0xEFDE,0xEFDE,0xEFDE,0xEFDE,0xEFDE,
    0xEFDE,0xEFDE,0xEFDE,0xEFDE,0xEFDE,0xEFDE,0xEFDE,0xEFDE,0xEFDE,0xEFDE,0xEFDE,0xE7BE,0xE7BE,0xE7BD,0x5B4D,0x0884,
    0x7550,0x7E51,0x5D8F,0x5D6E,0x5D4E,0x5D6E,0x5D6E,0x5D6E,0x5D6F,0x5D8F,0x5D8F,0x65AF,0x550D,0x2C8D,0x556F,0x5D8E,
    0x5D6E,0x552D,0x552D,0x4CED,0x34AF,0x240D,0x242D,0x242C,0x43CB,0x4B69,0x4A07,0xEAC8,0xFC0B,0xFC2C,0xFC4C,0xFD8F,
    0xFDF0,0xFDF0,0xFDF0,0xFDF0,0xFE11,0x10A6,0x4A29,0xFFBC,0xFFDC,0xFFDC,0xFFBC,0x44D1,0x2591,0x25D1,0x2DD0,0x13ED,
    0x24CF,0x2D4F,0x0B8C,0xFFFD,0xFEF5,0xFEF5,0xFF36,0xFF57,0xFF57,0xFF58,0xFF99,0xFF78,0xB3EC,0x5923,0xF759,0xFF9A,
    0xFF9A,0xFF9A,0xFF9A,0xFF99,0xFF99,0xFF79,0x7E32,0x7E52,0x7652,0xD6F6,0xE632,0xE44A,0x89A5,0xA187,0xC186,0xD1C7,
    0xF307,0xDA88,0x928A,0xE79D,0xE79D,0xE79D,0xDF1B,0x8264,0xFE87,0xFE88,0xED24,0x6922,0x8BAB,0xE7BE,0xE7BE,0xE7BE,
    0xA4F2,0xB367,0xB2E6,0xCE77,0xEFBE,0xEFDE,0xEFDE,0xEFDE,0xEFDE,0xEFDE,0xEFDE,0xEFDE,0xEFDE,0xEFDE,0xEFDE,0xEFDE,
    0xEFDE,0xEFDE,0xEFDE,0xEFDE,0xEFDE,0xEFDE,0xEFDE,0xEFDE,0xEFDE,0xEFDE,0xEFDE,0xE7BE,0xE7BE,0xE7BE,0xE7BE,0x326A,
    0x0083,0x7DF1,0x6DF0,0x554E,0x5D4E,0x5D6E,0x5D6E,0x5D6E,0x5D8F,0x658F,0x65AF,0x556E,0x144E,0x3D0F,0x5D8F,0x5D8F,
    0x5D8E,0x5D4D,0x5D6D,0x4D0D,0x2C6E,0x2C6D,0x2C8D,0x2C6D,0x2C4D,0x7AC9,0xE349,0xFBEB,0xFC0B,0xFC4B,0xFC4C,0xFD8F,
    0xFE10,0xFE10,0xFDF0,0xFDF0,0xFDF0,0xF58F,0x0022,0xEF7B,0xFFDC,0xFFDD,0xFFDD,0xEF9C,0x0510,0x3E0F,0x860B,0x866C,
    0x86AD,0x4E50,0x1B49,0xFEF6,0xFEF5,0xFF57,0xFF98,0xFF77,0xFF79,0xFF99,0xFF99,0xFF9A,0xFF9A,0xFF99,0xFF79,0xFF99,
    0xFFB9,0xFF9A,0xFF9A,0xFF9A,0xFF9A,0xFF9A,0xB675,0x7652,0x7651,0xFF99,0xE5AF,0xE46A,0xCA45,0x6128,0x91EA,0xA9C9,
    0xB1A8,0xB1E8,0x3105,0xE7BD,0xE79D,0xE79D,0x4A07,0xE463,0xFE69,0xFE26,0x59A2,0x6289,0xE77C,0xE7BD,0xE7BD,0xD6F9,
    0x81C2,0xEDE5,0xA1C1,0x3144,0xE7BE,0xEFDE,0xEFDE,0xEFDE,0xEFDE,0xEFDE,0xEFDE,0xEFDE,0xEFDE,0xEFDE,0xEFDE,0xEFDE,
    0xEFDE,0xEFDE,0xEFDE,0xEFDE,0xEFDE,0xEFDE,0xEFDE,0xEFDE,0xEFDE,0xEFDE,0xEFDE,0xEFDE,0xEFDE,0xEFDE,0xE7BE,0xE7BE,
    0xBE78,0x08A4,0x550F,0x760F,0x760F,0x65AF,0x658E,0x5D8F,0x65AF,0x65AF,0x65AF,0x3530,0x2C8F,0x5D8F,0x5D8F,0x5D8F,
    0x5D8F,0x5D8F,0x558F,0x24CE,0x34CE,0x44ED,0x4CCD,0x4C8C,0x9A87,0xF3AA,0xFC0B,0xFBEB,0xFBEB,0xFC8C,0xFC4C,0xFDB0,
    0xFD4F,0xFD8F,0xFED3,0xFEF4,0xFDAE,0xFD8E,0xECCD,0x2125,0xFFDE,0xFFDD,0xFFDD,0xFFDC,0xE7DC,0x14AD,0x6E4F,0x9ECF,
    0x7E8E,0x2D6D,0xFF77,0xFF57,0xFF77,0xF75A,0xFF9A,0xFF99,0xFF79,0xFF79,0xFF9A,0xFF9A,0xFFDE,0xA9C3,0xFFFD,0xEE34,
    0x48A0,0xFF7A,0xFF9A,0xFF9A,0xFF9A,0xFF9A,0xFF9A,0xFF9A,0xFF9A,0xF6F3,0xAB68,0xE50C,0xFCAB,0x40E6,0x826B,0x4967,
    0x4968,0x3947,0xEFDE,0xE7BE,0xE7BE,0xE7BD,0x2924,0xF4C1,0xFCA1,0x5962,0xCE37,0xE7BE,0xE7BE,0xE7BE,0x4983,0x50C2,
    0xFE8A,0xFF0C,0xF5A7,0x38C3,0xE79D,0xEFDE,0xEFDE,0xEFDE,0xEFDE,0xEFDE,0xEFDE,0xEFDE,0xEFDE,0xEFDE,0xEFDE,0xEFDE,
    0xEFDE,0xEFDE,0xEFDE,0xEFDE,0xEFDE,0xEFDE,0xEFDE,0xEFDE,0xEFDE,0xEFDE,0xEFDE,0xEFDE,0xEFDE,0xEFDE,0xE7BE,0xE7BE,
    0xE7BE,0x8CF3,0x08C5,0x54AE,0x8651,0x7E71,0x7E51,0x7652,0x6387,0x5B87,0x5409,0x244D,0x5D6F,0x5D8F,0x5D8F,0x5D8F,
    0x5D8F,0x5DAF,0x4590,0x2D2F,0x452E,0x5D0C,0x7CCC,0xD2C6,0xDB89,0xD3EC,0xC42D,0xFBEB,0xFC8D,0xFC4C,0xFC0B,0xFBEB,
    0xFBAA,0xFE11,0xFEF4,0xFEF4,0xFEF4,0xFE10,0xFE11,0xF5B0,0x9D14,0xFFDD,0xFFDC,0xFFDC,0xFFDC,0xF7FE,0x54AE,0x34CD,
    0x34CD,0xB611,0xFF37,0xFF98,0xFF37,0x58E4,0xE655,0xFF59,0xFF58,0xFF58,0xEEF7,0xF718,0x8904,0xA105,0x5107,0x4985,
    0xFF7A,0xFF99,0xFF9A,0xFF9A,0xFF9A,0xFF9A,0xFF9A,0xFF9A,0xFF35,0xD46A,0xD429,0xDC2A,0xFCEC,0x38C6,0x3168,0xACD3,
    0xD71B,0xE7BE,0xEFBE,0xEFBE,0xEFBE,0xE7BE,0x8285,0xF4C1,0x7A24,0x72C9,0xE7BE,0xE7BE,0xE7BE,0x49A4,0x9A62,0xFE48,
    0xFEED,0xFE8B,0xFEAB,0xC263,0xD6B9,0xEFDE,0xEFDE,0xEFDE,0xEFDE,0xEFDE,0xEFDE,0xEFDE,0xEFDE,0xEFDE,0xEFDE,0xEFDE,
    0xEFDE,0xEFDE,0xEFDE,0xEFDE,0xEFDE,0xEFDE,0xEFDE,0xEFDE,0xEFDE,0xEFDE,0xEFDE,0xEFDE,0xEFDE,0xEFDE,0xEFDE,0xE7BE,
    0xE7BE,0xE7BE,0xE7BD,0x0862,0x09A7,0x1289,0x75CF,0x4163,0xF5C6,0xF586,0xE4C3,0x2983,0x658F,0x5D8F,0x5D8F,0x5D8F,
    0x5D8F,0x450E,0x3CED,0x6D2C,0x754D,0x8D0C,0x84EC,0x6CCE,0x1966,0xCB08,0xF42C,0xFC8E,0xFC4C,0xFBEB,0xFBCB,0xFB6A,
    0xFE12,0xFEF4,0xFEF4,0xFEF4,0xFEF4,0xFEF5,0xFF15,0xFF15,0xFED4,0xECAA,0xFF57,0xFFBB,0xFFDC,0xFFBB,0xFFBC,0xF717,
    0xF717,0xFF58,0xFF99,0xFF79,0x1000,0x88E5,0xFFFD,0x4821,0x7062,0x7862,0x4084,0x60C4,0x70E4,0x60C4,0x7105,0xCDD2,
    0xFF9A,0xFF9A,0xFF9A,0xFF9A,0xFF9A,0xFF9A,0xFF9A,0xFF9A,0xFEF3,0xBA86,0xB227,0xEB69,0xFC8B,0x28A5,0xEF9D,0xE7BE,
    0xE7BE,0xE7BE,0xE7BE,0xEFBE,0xEFBE,0xE7BE,0xDF3B,0x5A26,0x944F,0xE7BE,0xE7BE,0xEFDE,0x59E5,0xDBE4,0xFE29,0xFEAC,
    0xFE8A,0xFE8A,0xFEAC,0xCA81,0xBDB3,0xEFBE,0xEFDE,0xEFDE,0xEFDE,0xEFDE,0xEFDE,0xEFDE,0xEFDE,0xEFDE,0xEFDE,0xEFDE,
    0xEFDE,0xEFDE,0xEFDE,0xEFDE,0xEFDE,0xEFDE,0xEFDE,0xEFDE,0xEFDE,0xEFDE,0xEFDE,0xEFDE,0xEFDE,0xEFDE,0xEFDE,0xE7BE,
    0xE7BE,0xE7BE,0xE7BE,0xE7BD,0x5B8C,0x10C4,0x0041,0xFF6D,0xFFFE,0xFEEC,0xFE04,0xA262,0x10C2,0x5D8F,0x5D8F,0x5D8E,
    0x5D6D,0x5D6E,0x656D,0x7D6D,0x9D6C,0xBD8C,0x32C9,0x0946,0xF348,0xFBEB,0xFC8D,0xFC0C,0xFBEB,0xFB8A,0xFC0B,0xFC4C,
    0xFF34,0xFF15,0xFEF4,0xFEF4,0xFEF5,0xFF36,0xFF16,0xFF77,0xE672,0xFEF4,0xFEF5,0xFF15,0xFF15,0xFF36,0xFF36,0xFF78,
    0xFF9A,0xFF9A,0xFF9A,0xFF7A,0x2021,0xB946,0xB145,0xA924,0xD1E6,0xD1E6,0xC1A6,0x50C4,0x68C4,0x68C4,0x70C4,0xFF7A,
    0xFF9A,0xFF9A,0xFF9A,0xFF9A,0xFF9A,0xFF99,0xFF78,0xEDCF,0x9984,0xC228,0xDAE9,0xE308,0xFBC9,0x2905,0xE79D,0xE7BE,
    0xE7BE,0xE7BE,0xEFDE,0xEFDE,0xEFBE,0xE7BE,0xE7BE,0xE7BE,0xE7BD,0xE7BD,0xD6FA,0x6204,0xC282,0xFE48,0xFE47,0xFE47,
    0xFE8C,0xFECC,0xFE69,0xFEA4,0x4965,0xE7BE,0xEFDE,0xEFDE,0xEFDE,0xEFDE,0xEFDE,0xEFDE,0xEFDE,0xEFDE,0xEFDE,0xEFDE,
    0xEFDE,0xEFDE,0xEFDE,0xEFDE,0xEFDE,0xEFDE,0xEFDE,0xEFDE,0xEFDE,0xEFDE,0xEFDE,0xEFDE,0xEFDE,0xEFDE,0xEFDE,0xEFDE,
    0xEFDE,0xE7BE,0xE7BE,0xE7BE,0xE7BE,0xE7BE,0x0842,0xFE67,0xFFB7,0xFEAB,0xED42,0xA281,0x0021,0x658D,0x658D,0x75EF,
    0x75CE,0x7DEE,0x864F,0x8E4F,0x8E10,0x852F,0x18C3,0xDA67,0xFC0B,0xFC4C,0xFBEB,0xFBEB,0xFB6A,0xE1E6,0xFC2C,0xFD0E,
    0xFF13,0xFEF4,0xFEF4,0xFEF4,0xFF79,0xFF58,0xCED6,0x7651,0xB690,0x8652,0x7E52,0x7E31,0xF716,0xFF79,0xFF78,0xFF9A,
    0xFF9A,0xFF9A,0xFF9A,0xFF9B,0x9BCD,0xC165,0xE206,0xE248,0xEAA8,0xEA68,0xE247,0xD9A5,0x58A3,0x68C4,0x5083,0xFF9A,
    0xFF9A,0xFF9A,0xFF9A,0xFF9A,0xFF9A,0xFF99,0xF630,0x5944,0xA186,0xC229,0xDAE9,0xE308,0xEB08,0x8C30,0xE7BE,0xEFBE,
    0xE7BE,0xEFDE,0xEFDE,0xEFDE,0xEFDE,0xEFBE,0xE7BE,0xE7BE,0xE7BE,0xE79D,0x41C6,0xF583,0xFE88,0xFE68,0xFE68,0xFE47,
    0xFEEC,0xFE88,0xEC42,0x81C3,0x51A5,0xE7BE,0xEFDE,0xEFDE,0xEFDE,0xEFDE,0xEFDE,0xEFDE,0xEFDE,0xEFDE,0xEFDE,0xEFDE,
    0xEFDE,0xEFDE,0xEFDE,0xEFDE,0xEFDE,0xEFDE,0xEFDE,0xEFDE,0xEFDE,0xEFDE,0xEFDE,0xEFDE,0xEFDE,0xEFDE,0xEFDE,0xEFDE,
    0xEFDE,0xEFDE,0xE7BE,0xE7BE,0xE7BE,0xE79D,0x0862,0xD421,0xF582,0xF522,0xB322,0x8203,0x0022,0x6D8E,0x7E2E,0x7E0E,
    0x862F,0x6D8E,0x54CC,0x1166,0x0022,0x1082,0xE2A6,0xFB69,0xFC2C,0xFC2C,0xFBCA,0xFB49,0xE227,0xFC0C,0xFC2C,0xFEF5,
    0xFD8F,0xFD90,0xFDD0,0xFED4,0xFEF4,0xFF57,0x8632,0x7671,0x8E52,0x8672,0x7E72,0x7E72,0x8652,0xFF7A,0xFF9A,0xFF9A,
    0xFF9A,0xFF9A,0xFF9A,0xFF9A,0xFFFC,0xE206,0xEA67,0xF32A,0xFBCB,0xFB8A,0xFB49,0xEA87,0xE246,0x70A3,0x4021,0xFF79,
    0xFF99,0xFF9A,0xFF9A,0xFF9A,0xFF9A,0xF672,0x5944,0x8145,0xA966,0xC9E8,0xDAC8,0xE2E7,0x6905,0xE79D,0xEFBE,0xE7BE,
    0xE7BE,0xEFDE,0xEFDE,0xEFDE,0xEFDE,0xE7BE,0xE7BE,0xE7BE,0xE7BE,0xE79D,0x7B8B,0xB302,0xF583,0xDC41,0xCBA1,0xB2A1,
    0x6183,0x5964,0x2082,0x3166,0xEFDE,0xE7BE,0xEFDE,0xEFDE,0xEFDE,0xEFDE,0xEFDE,0xEFDE,0xEFDE,0xEFDE,0xEFDE,0xEFDE,
    0xEFDE,0xEFDE,0xEFDE,0xEFDE,0xEFDE,0xEFDE,0xEFDE,0xEFDE,0xEFDE,0xEFDE,0xEFDE,0xEFDE,0xEFDE,0xEFDE,0xEFDE,0xEFDE,
    0xEFDE,0xEFDE,0xEFDE,0xE7BE,0xE7BE,0xE7BE,0xAD73,0x7A63,0xB323,0x9A64,0x9284,0x18A4,0x0883,0x0883,0x1105,0x08E5,
    0x08E4,0x0864,0x10A4,0x4A49,0x20E6,0x7925,0xF328,0xFC0B,0xFBCB,0xFB8A,0xF2E8,0xE267,0xEAC8,0xFC0B,0xFC4C,0xFC6D,
    0xFC8D,0xFC6D,0xF349,0xFED4,0xFED4,0xFF16,0xFF58,0xDF56,0x7E51,0x8672,0x7E52,0x7652,0xFFBA,0xFF9A,0xFF9A,0xFF9A,
    0xFF9A,0xFF9A,0xFF9A,0xFF9A,0xFF7A,0xA1A3,0xFBCB,0xFBCB,0xFBAA,0xFBAA,0xFBAA,0xFBCB,0xFBAA,0xA964,0xFF9B,0xFF9A,
    0xFF9A,0xFF9A,0xFF79,0xF6F6,0x6A28,0x3125,0x59EC,0x6A2C,0x99CA,0xA9E9,0xD2A8,0x8187,0x20E5,0xE7BE,0xE7BE,0xEFDE,
    0xE7BE,0xEFDE,0xEFDE,0xEFDE,0xEFDE,0xE7BE,0xB5B5,0xB5B6,0xDF3B,0xE77D,0xDF1B,0x7B2A,0x51C5,0x6204,0x6226,0x6267,
    0xD6B8,0xE75C,0xE79D,0xE79D,0xE7BE,0xE7BE,0xEFDE,0xEFDE,0xEFDE,0xEFDE,0xEFDE,0xEFDE,0xEFDE,0xEFDE,0xEFDE,0xEFDE,
    0xEFDE,0xEFDE,0xEFDE,0xEFDE,0xEFDE,0xEFDE,0xEFDE,0xEFDE,0xEFDE,0xEFDE,0xEFDE,0xEFDE,0xEFDE,0xEFDE,0xEFDE,0xEFDE,
    0xEFDE,0xEFDE,0xEFDE,0xEFDE,0xEFDE,0xE7BE,0xEFDE,0x2103,0x20A2,0x20C3,0x18A2,0x52AA,0xE7BE,0xEFDE,0x8CD3,0x8492,
    0x8CD3,0xD71B,0xE77D,0xBDF6,0x5106,0xEB29,0xFBC9,0xFB89,0xF308,0xF2A7,0xEAC9,0x8905,0xEB8B,0xFC4D,0xFC4D,0xFC4D,
    0xFC4D,0xFBEC,0xFB69,0xFED3,0xFEF4,0xFF16,0xFF78,0xFF78,0xF758,0xAEB4,0xA6D4,0xF79A,0xFFBB,0xFF9A,0xFF9A,0xFF9A,
    0xFF9A,0xFF9A,0xFF9A,0xFF9A,0xFF9A,0xFF9B,0xA943,0xFC4C,0xFBCB,0xFBAB,0xFB8A,0xFB8A,0xA102,0xD510,0xFF9A,0xFF9A,
    0xFF9A,0xFF7A,0xFF37,0x28E4,0x1063,0x5A2B,0x3968,0x2927,0x8A6D,0xA22A,0xC289,0x49A8,0xDF1B,0xE7BE,0xE7BE,0xEFDE,
    0xEFDE,0xE7BE,0xE7BE,0xE7BE,0xE7BE,0x9450,0x8983,0x78E1,0x5185,0xDEFA,0xE79D,0xE77D,0xE75C,0xEFBE,0xE7BE,0xE7BE,
    0xEFBE,0xEFBE,0xE7BE,0xE7BE,0xE7BE,0xEFDE,0xEFDE,0xEFDE,0xEFDE,0xEFDE,0xEFDE,0xEFDE,0xEFDE,0xEFDE,0xEFDE,0xEFDE,
    0xEFDE,0xEFDE,0xEFDE,0xEFDE,0xEFDE,0xEFDE,0xEFDE,0xEFDE,0xEFDE,0xEFDE,0xEFDE,0xEFDE,0xEFDE,0xEFDE,0xEFDE,0xEFDE,
    0xEFDE,0xEFDE,0xEFDE,0xEFDE,0xEFDE,0xEFDE,0xEFDE,0xEFDE,0xEFDE,0xEFDE,0xEFDE,0xEFDE,0xE7BE,0xE7BE,0xEFDE,0xEFDE,
    0xE7BE,0xE7BE,0xE79D,0x6B6D,0xB228,0xE287,0xDA47,0xE227,0xE267,0xCA28,0xB9A8,0x9904,0xFC0B,0xFC8D,0xFC2C,0xFC2C,
    0xFBEB,0xFB69,0xFE72,0xFEB3,0xFE52,0xFED4,0xFEB3,0xFF37,0xFF79,0xFF9A,0xFF9A,0xFF9A,0xFF9A,0xFF9A,0xFF9A,0xFF9A,
    0xFF9A,0xFF9A,0xFF9A,0xFF9A,0xFF9A,0xFF9B,0xFF9B,0xB205,0xDAE8,0xEB6A,0xE309,0xE2C8,0xFF37,0xFF79,0xFF99,0xFF38,
    0xFEF6,0x938C,0x62AA,0x10C6,0x626D,0x6A8D,0x7B6E,0xDF1A,0x524B,0x92AC,0x61A8,0xDF5C,0xE7BE,0xE7BE,0xEFDE,0xEFDE,
    0xEFDE,0xE7BE,0xE7BE,0xE7BE,0xDF5C,0x61C5,0xFEF4,0xFEF3,0xAA65,0x836B,0xE79D,0xE7BE,0xE7BE,0xEFBE,0xEFDE,0xEFDE,
    0xEFDE,0xEFDE,0xEFDE,0xEFDE,0xEFDE,0xEFDE,0xEFDE,0xEFDE,0xEFDE,0xEFDE,0xEFDE,0xEFDE,0xEFDE,0xEFDE,0xEFDE,0xEFDE,
    0xEFDE,0xEFDE,0xEFDE,0xEFDE,0xEFDE,0xEFDE,0xEFDE,0xEFDE,0xEFDE,0xEFDE,0xEFDE,0xEFDE,0xEFDE,0xEFDE,0xEFDE,0xEFDE,
    0xEFDE,0xEFDE,0xEFDE,0xEFDE,0xEFDE,0xEFDE,0xEFDE,0xE7BE,0xE7BE,0xE7BE,0xE7BE,0xE7BE,0xE7BE,0xE7BE,0xEFDE,0xEFDE,
    0xE7BE,0xE7BE,0xE7BD,0x4209,0x6987,0x8967,0xC1E7,0xC208,0x99C8,0x6148,0x30E6,0x9903,0xFBEB,0xFC4C,0xFC2C,0xFBEB,
    0xFBAA,0xFB49,0xEBA6,0xEB26,0xE2E5,0xEC28,0xED8E,0xF651,0xFEF5,0xFEF5,0xFF99,0xFF9A,0xFF9B,0xFF9A,0xFF9A,0xFF9A,
    0xFF9A,0xFF9A,0xFF9A,0xFF9A,0xFF9A,0xFF9A,0xFF9A,0xFFBB,0xFFFC,0xFFFE,0xFFFC,0xFFBA,0xFF58,0xFF78,0xFED5,0xBBAB,
    0x0001,0x0022,0x1189,0x7471,0x31EA,0x3989,0x2947,0xDF3C,0xAD75,0x49C9,0xEF9D,0xE7BE,0xE7BE,0xE7BE,0xEFDE,0xEFDE,
    0xEFDE,0xE7BE,0xE7BE,0xE7BE,0xDF3C,0x71C5,0xFF37,0xFF57,0xF4AA,0x3924,0xE79D,0xE7BE,0xE7BE,0xEFBE,0xEFDE,0xEFDE,
    0xEFDE,0xEFDE,0xEFDE,0xEFDE,0xEFDE,0xEFDE,0xEFDE,0xEFDE,0xEFDE,0xEFDE,0xEFDE,0xEFDE,0xEFDE,0xEFDE,0xEFDE,0xEFDE,
    0xEFDE,0xEFDE,0xEFDE,0xEFDE,0xEFDE,0xEFDE,0xEFDE,0xEFDE,0xEFDE,0xEFDE,0xEFDE,0xEFDE,0xEFDE,0xEFDE,0xEFDE,0xEFDE,
    0xEFDE,0xEFDE,0xEFDE,0xEFDE,0xEFDE,0xEFDE,0xEFDE,0xEFDE,0xEFDE,0xE7BE,0xE7BE,0xEFDE,0xE7BE,0xEFDE,0xEFDE,0xEFDE,
    0xEFDE,0xE7BE,0xE7BE,0xE79D,0xD699,0xAC2F,0x28E5,0x20E5,0x18C4,0x9BEF,0xA3CE,0x9924,0xFBCA,0xFBEB,0xFC4C,0xFB6A,
    0xFB4A,0xD208,0xCA08,0xB9E6,0xB183,0x8185,0x5964,0x59A4,0x8AC5,0xBC2B,0xCCCD,0xD54F,0xFED4,0xF6F6,0xFEF6,0xFEF6,
    0xFF79,0xFF78,0xFF9A,0xFF9A,0xFF99,0xFF79,0xFF9A,0xFF9A,0xFF9A,0xF694,0xEE94,0xEE33,0xC42C,0x28A4,0x18C3,0x0022,
    0x3988,0x39A8,0x41E8,0x2125,0x18E4,0x7B8D,0xDF5C,0xE79D,0xE79D,0xC658,0xE7BE,0xE7BE,0xE7BE,0xEFDE,0xEFDE,0xEFDE,
    0xEFDE,0xE7BE,0xE7BE,0xE79D,0x39C7,0xBB88,0xFF78,0xFE92,0xEC49,0x3124,0xE79D,0xE7BE,0xE7BE,0xEFBE,0xEFDE,0xEFDE,
    0xEFDE,0xEFDE,0xEFDE,0xEFDE,0xEFDE,0xEFDE,0xEFDE,0xEFDE,0xEFDE,0xEFDE,0xEFDE,0xEFDE,0xEFDE,0xEFDE,0xEFDE,0xEFDE,
    0xEFDE,0xEFDE,0xEFDE,0xEFDE,0xEFDE,0xEFDE,0xEFDE,0xEFDE,0xEFDE,0xEFDE,0xEFDE,0xEFDE,0xEFDE,0xEFDE,0xEFDE,0xEFDE,
    0xEFDE,0xEFDE,0xEFDE,0xEFDE,0xEFDE,0xEFDE,0xEFDE,0xEFDE,0xEFDE,0xEFDE,0xEFDE,0xEFDE,0xEFDE,0xEFDE,0xEFDE,0xEFDE,
    0xEFDE,0xE7BE,0xE7BE,0xE7BE,0xE7BE,0xE7BE,0xE7BE,0xE7BE,0xE7BD,0xE79D,0xC575,0x9945,0xFBAA,0xFC6C,0xFB6A,0xF2C8,
    0xDA28,0xCA49,0xA1A8,0xBA8A,0xA26C,0x820B,0x71CA,0x59EA,0x3146,0x0863,0x0863,0x7A87,0x7A89,0x830B,0x9B2A,0xDD0E,
    0xDD2E,0xEDD0,0xF652,0xEDF1,0xEDB0,0xEDAF,0xEDF1,0xEDF1,0xED6E,0xDCCC,0xBBEA,0x0865,0x0865,0x0885,0x10E6,0x0885,
    0x0023,0x82CB,0x8B4C,0xB46F,0x8B4B,0x0882,0xE77D,0xE7BE,0xE7BE,0xE7BE,0xE7BE,0xE7BE,0xEFDE,0xEFDE,0xEFDE,0xEFDE,
    0xE7BE,0xE7BE,0xE7BE,0xE79D,0x10A3,0xF5D1,0xFED5,0xFE71,0x6124,0x94D3,0xE7BE,0xE7BE,0xE7BE,0xE7BE,0xE7BE,0xEFBE,
    0xEFBE,0xE7BE,0xE7BE,0xEFBE,0xEFDE,0xEFDE,0xEFDE,0xEFDE,0xEFDE,0xEFDE,0xEFDE,0xEFDE,0xEFDE,0xEFDE,0xEFDE,0xEFDE,
    0xEFDE,0xEFDE,0xEFDE,0xEFDE,0xEFDE,0xEFDE,0xEFDE,0xEFDE,0xEFDE,0xEFDE,0xEFDE,0xEFDE,0xEFDE,0xEFDE,0xEFDE,0xEFDE,
    0xEFDE,0xEFDE,0xEFDE,0xEFDE,0xEFDE,0xEFDE,0xEFDE,0xEFDE,0xEFDE,0xEFDE,0xEFDE,0xEFDE,0xEFDE,0xEFDE,0xEFDE,0xEFDE,
    0xEFDE,0xEFDE,0xEFDE,0xEFDE,0xEFDE,0xEFDE,0xEFDE,0xEFDE,0xEFBE,0xE7BE,0xD699,0xA186,0xF329,0xFC2C,0xFB29,0xE248,
    0xBA08,0x81A8,0x38C5,0x9A8E,0x8A6D,0x6A2C,0x3949,0x31EC,0x0844,0x1084,0x20C5,0x2105,0x520A,0x0887,0x0043,0x0865,
    0x0845,0x0844,0x0844,0x30C4,0x79A6,0x7986,0x81A6,0x91E7,0x40C5,0x1844,0x0022,0x0023,0x0886,0x1107,0x1107,0x1107,
    0x08C5,0x5209,0x82EB,0xCD10,0xD550,0x9BAB,0xD6FB,0xE7BE,0xE7BE,0xE7BE,0xE7BE,0xE7BE,0xEFDE,0xEFDE,0xE7BE,0xE7BE,
    0xE7BE,0xE7BE,0xDF5D,0x10C5,0x2A0C,0x2A0B,0xDDF1,0xC42B,0x0844,0xDF3C,0xE7BE,0xE7BE,0xE7BE,0xE7BE,0xE7BE,0xE7BD,
    0xD6DA,0xCE99,0xC658,0xCE78,0xE7BE,0xE7BE,0xEFDE,0xEFDE,0xEFDE,0xEFDE,0xEFDE,0xEFDE,0xEFDE,0xEFDE,0xEFDE,0xEFDE,
    0xEFDE,0xEFDE,0xEFDE,0xEFDE,0xEFDE,0xEFDE,0xEFDE,0xEFDE,0xEFDE,0xEFDE,0xEFDE,0xEFDE,0xEFDE,0xEFDE,0xEFDE,0xEFDE,
    0xEFDE,0xEFDE,0xEFDE,0xEFDE,0xEFDE,0xEFDE,0xEFDE,0xEFDE,0xEFDE,0xEFDE,0xEFDE,0xEFDE,0xEFDE,0xEFDE,0xEFDE,0xEFDE,
    0xEFDE,0xEFDE,0xEFDE,0xEFDE,0xEFDE,0xEFDE,0xEFDE,0xEFDE,0xEFBE,0xE7BE,0xE79D,0x20E6,0xEAE9,0xFB8A,0xE248,0xB9E7,
    0x20A5,0x836D,0x3947,0x71EC,0x3169,0x6AEB,0x2127,0x2904,0xC48F,0xB40D,0x6A08,0x934C,0x728B,0x0022,0x1128,0x0908,
    0x08C7,0x08C6,0x0002,0x0002,0xAB4C,0xC36B,0xC308,0xC329,0xC329,0xB2C8,0x7A28,0x0022,0x0044,0x2189,0x2A0B,0x1128,
    0x1128,0x1084,0xBC6F,0xFEF4,0xE5B0,0x9B8A,0x2125,0xDF3C,0xE7BE,0xE7BE,0xE7BE,0xE7BE,0xE7BE,0xE7BE,0xE7BE,0xE7BE,
    0xE7BE,0xE79D,0x10A4,0x2A6D,0x32CE,0x2A6D,0x1969,0x1948,0x0822,0x2146,0xE79D,0xE7BE,0xE7BE,0xE79D,0x0882,0x1062,
    0x79E4,0xFED3,0xFF12,0xFE91,0x20A2,0xAD95,0xE7BE,0xEFDE,0xEFDE,0xEFDE,0xEFDE,0xEFDE,0xEFDE,0xEFDE,0xEFDE,0xEFDE,
    0xEFDE,0xEFDE,0xEFDE,0xEFDE,0xEFDE,0xEFDE,0xEFDE,0xEFDE,0xEFDE,0xEFDE,0xEFDE,0xEFDE,0xEFDE,0xEFDE,0xEFDE,0xEFDE,
    0xEFDE,0xEFDE,0xEFDE,0xEFDE,0xEFDE,0xEFDE,0xEFDE,0xEFDE,0xEFDE,0xEFDE,0xEFDE,0xEFDE,0xEFDE,0xEFDE,0xEFDE,0xEFDE,
    0xEFDE,0xEFDE,0xEFDE,0xEFDE,0xEFDE,0xEFDE,0xEFDE,0xEFDE,0xEFBE,0xE7BE,0xE7BE,0x3946,0xB207,0xFB8B,0xDA48,0x5967,
    0x5209,0xE77C,0x3147,0x3968,0xAD13,0x834C,0x10A3,0xCCCE,0xE590,0xE590,0xE5B1,0xAC0D,0x18C5,0x0022,0x1129,0x1169,
    0x1969,0x1969,0x1969,0x1127,0x08A6,0x0885,0x6AC8,0x8B89,0x9BE9,0x5964,0x0821,0x0844,0x2A2C,0x324D,0x21EB,0x1148,
    0x0085,0x8B6C,0xDD90,0xFF76,0xF610,0xDD4D,0x7AC9,0x4A8B,0xE7BE,0xE7BE,0xE7BE,0xE7BE,0xE7BE,0xE7BE,0xE7BE,0xE7BE,
    0xE7BE,0x31C8,0x198A,0x2A6D,0x32AE,0x32AD,0x2A6C,0x1128,0x1107,0x10E7,0x0041,0x0842,0x0883,0x1882,0x6963,0xDCA9,
    0xEDAD,0xED8A,0xDBA3,0xD406,0xE4C8,0x8A04,0xC658,0xEFDE,0xEFDE,0xEFDE,0xEFDE,0xEFDE,0xEFDE,0xEFDE,0xEFDE,0xEFDE,
    0xEFDE,0xEFDE,0xEFDE,0xEFDE,0xEFDE,0xEFDE,0xEFDE,0xEFDE,0xEFDE,0xEFDE,0xEFDE,0xEFDE,0xEFDE,0xEFDE,0xEFDE,0xEFDE,
    0xEFDE,0xEFDE,0xEFDE,0xEFDE,0xEFDE,0xEFDE,0xEFDE,0xEFDE,0xEFDE,0xEFDE,0xEFDE,0xEFDE,0xEFDE,0xEFDE,0xEFDE,0xEFDE,
    0xEFDE,0xEFDE,0xEFDE,0xE7BE,0xE7BE,0xE7BE,0xEFDE,0xEFDE,0xEFBE,0xEFBE,0xE7BE,0xEFDE,0x5967,0xD2A9,0xB1E8,0x72AB,
    0xE7BE,0xE7BE,0xE77D,0xDF5C,0xE77D,0x41E8,0x62CC,0xB42D,0xF672,0xFEF4,0xFF78,0xFF78,0xEDF3,0x5A8A,0x0865,0x08E6,
    0x1928,0x2189,0x2A0C,0x2A4D,0x2A8E,0x32CE,0x328D,0x2A4C,0x1107,0x10C6,0x2A0A,0x220C,0x2A2D,0x21EC,0x198A,0x1108,
    0x0003,0xC4AF,0xFF98,0xFF78,0xFED4,0xEE30,0xB40C,0x10C6,0xE79D,0xE7BE,0xE7BE,0xE7BE,0xE7BE,0xE7BE,0xE7BE,0xE7BE,
    0xD73C,0x0864,0x21CB,0x2A4C,0x2A6D,0x2A4C,0x198A,0x1128,0x1989,0x2189,0x1969,0x21EC,0x19EC,0xF528,0xD404,0xA261,
    0xDCEB,0xE54D,0xCBA4,0xC344,0xFF76,0xEC68,0x1082,0xEFDE,0xEFDE,0xEFDE,0xEFDE,0xEFDE,0xEFDE,0xEFDE,0xEFDE,0xEFDE,
    0xEFDE,0xEFDE,0xEFDE,0xEFDE,0xEFDE,0xEFDE,0xEFDE,0xEFDE,0xEFDE,0xEFDE,0xEFDE,0xEFDE,0xEFDE,0xEFDE,0xEFDE,0xEFDE,
    0xEFDE,0xEFDE,0xEFDE,0xEFDE,0xEFDE,0xEFDE,0xEFDE,0xEFDE,0xEFDE,0xEFDE,0xEFDE,0xEFDE,0xEFDE,0xEFDE,0xEFDE,0xEFDE,
    0xEFDE,0xE7BE,0xE7BE,0xB5B6,0xD6DA,0xE7BE,0xEFDE,0xEFDE,0xEFDE,0xEFBE,0xE7BE,0xE7BE,0xD71B,0x59E8,0x9208,0xEFBE,
    0xE7BE,0xE7BE,0xE7BE,0xDEFA,0x20C4,0x49E8,0xD4EF,0xF611,0xEDD0,0xF693,0xFF58,0xFF78,0xFF77,0xFF77,0xDDD2,0x0042,
    0x08C5,0x1107,0x21AA,0x29EB,0x2A2C,0x2A6D,0x328D,0x2A8D,0x2A8D,0x224C,0x224B,0x220C,0x1969,0x1949,0x1108,0x08C6,
    0x0002,0xFF17,0xFF99,0xFF57,0xFEB2,0xCD0C,0xA3CA,0x0865,0xE77C,0xE79D,0xE7BE,0xE7BE,0xE7BE,0xE7BE,0xDF7D,0xD73C,
    0x18E6,0x10C6,0x218A,0x222C,0x222C,0x2169,0x1928,0x21AA,0x21CB,0x21CA,0x222C,0x1127,0x10E6,0xFFD1,0xDC46,0xFF99,
    0xFF15,0xFF36,0xFF16,0xE4C9,0xFDEC,0xA244,0x18C3,0xEFDE,0xEFDE,0xEFDE,0xEFDE,0xEFDE,0xEFDE,0xEFDE,0xEFDE,0xEFDE,
    0xEFDE,0xEFDE,0xEFDE,0xEFDE,0xEFDE,0xEFDE,0xEFDE,0xEFDE,0xEFDE,0xEFDE,0xEFDE,0xEFDE,0xEFDE,0xEFDE,0xEFDE,0xEFDE,
    0xEFDE,0xEFDE,0xEFDE,0xEFDE,0xEFDE,0xEFDE,0xEFDE,0xEFDE,0xEFDE,0xEFDE,0xEFDE,0xEFDE,0xEFDE,0xEFDE,0xEFDE,0xEFDE,
    0xEFDE,0xEFBE,0xE75C,0x7AAB,0x51E8,0xEFBE,0xEFDE,0xEFDE,0xEFDE,0xEFBE,0xE7BE,0xE7BE,0xE7BE,0xC617,0x62CC,0xE7BE,
    0xE7BE,0xE7BE,0xCE99,0x0862,0xAC0D,0xF693,0xFF15,0xFFB9,0xFF99,0xFF78,0xFF16,0xFF36,0xFF56,0xFF77,0xFF56,0xB4AF,
    0x0044,0x1107,0x1108,0x1928,0x1969,0x21EB,0x2A2B,0x326C,0x2A4D,0x21EB,0x21CA,0x29CA,0x1947,0x08C5,0x1149,0x1108,
    0xBC6D,0xFF78,0xFF98,0xF673,0xBD2E,0x4329,0x0B0C,0x08C5,0x5B2D,0xE77D,0xE79D,0xE79D,0xD6FB,0xA574,0x10A3,0x10A2,
    0x51A7,0x10E7,0x218A,0x216A,0x220C,0x2A6C,0x2A0B,0x1948,0x1928,0x21EB,0x220B,0x1906,0x1883,0xFE6F,0xFF15,0xE4A8,
    0xFEF4,0xFED4,0xFE50,0xEBC6,0xA266,0x1082,0xE77D,0xEFDE,0xEFDE,0xEFDE,0xEFDE,0xEFDE,0xEFDE,0xEFDE,0xEFDE,0xEFDE,
    0xEFDE,0xEFDE,0xEFDE,0xEFDE,0xEFDE,0xEFDE,0xEFDE,0xEFDE,0xEFDE,0xEFDE,0xEFDE,0xEFDE,0xEFDE,0xEFDE,0xEFDE,0xEFDE,
    0xEFDE,0xEFDE,0xEFDE,0xEFDE,0xEFDE,0xEFDE,0xEFDE,0xEFDE,0xEFDE,0xEFDE,0xEFDE,0xEFDE,0xEFDE,0xEFDE,0xEFDE,0xEFDE,
    0xEFDE,0xE7BE,0xD699,0x6186,0x5186,0xE7BE,0xEFDE,0xEFDE,0xEFDE,0xEFDE,0xE7BE,0xE7BE,0xE7BE,0xE7BE,0xE7BE,0xE7BE,
    0xE7BE,0xE7BE,0x7BEF,0xB4AF,0xEDF1,0xF693,0xFEB4,0xFF77,0xFF78,0xFF78,0xFF77,0xFF57,0xFF56,0xFF35,0xFF77,0xFF37,
    0xA44E,0x0863,0x198A,0x21EB,0x1128,0x1107,0x1107,0x1969,0x21CB,0x1989,0x1128,0x10E7,0x08A5,0x21A9,0x1148,0x10C5,
    0xFF57,0xFF99,0xFF16,0xCCAD,0x1208,0x13CC,0x44EE,0x4C8F,0x1A8A,0x2146,0xC699,0x8471,0x10C5,0x3103,0xEE68,0x69A3,
    0x10E5,0x1989,0x1969,0x222B,0x2AAD,0x32EB,0x2A6C,0x224C,0x19AB,0x21EA,0x1969,0x0020,0xFF76,0xFF79,0xFF79,0xFF79,
    0xB1A2,0xFD8C,0xD325,0x68C2,0x1041,0xBDF7,0xE7BE,0xEFDE,0xEFDE,0xEFDE,0xEFDE,0xEFDE,0xEFDE,0xEFDE,0xEFDE,0xEFDE,
    0xEFDE,0xEFDE,0xEFDE,0xEFDE,0xEFDE,0xEFDE,0xEFDE,0xEFDE,0xEFDE,0xEFDE,0xEFDE,0xEFDE,0xEFDE,0xEFDE,0xEFDE,0xEFDE,
    0xEFDE,0xEFDE,0xEFDE,0xEFDE,0xEFDE,0xEFDE,0xEFDE,0xEFDE,0xEFDE,0xEFDE,0xEFDE,0xEFDE,0xEFDE,0xEFDE,0xEFBE,0xEFBE,
    0xE7BE,0xE7BE,0x4967,0xBA68,0x7145,0x4187,0xEFDE,0xEFDE,0xEFDE,0xEFDE,0xEFDE,0xEFDE,0xEFDE,0xEFDE,0xE7BE,0xE7BE,
    0xE7BE,0xE79D,0x2105,0xD50F,0xD50E,0xC50F,0xB4CE,0xC4EE,0xE5F2,0xFF78,0xFF77,0xFF77,0xFF78,0xFF77,0xFF57,0xFF58,
    0xFF57,0x51C6,0x1149,0x21CB,0x2A2D,0x2A2C,0x2A0B,0x1127,0x1169,0x0907,0x0884,0x1148,0x21EB,0x1969,0x1107,0x72E9,
    0xFF78,0xFF37,0xE653,0x2148,0x1C6F,0x3CAD,0xF6ED,0x8C8D,0x54AF,0x3C6E,0x08A4,0x348E,0x09A7,0xFDE8,0x9388,0x8A44,
    0x08A4,0x1989,0x1928,0x2A6C,0x2A8E,0x2AAD,0x32ED,0x224D,0x224C,0x226C,0x220C,0xFFDC,0xFF76,0xFF15,0xFEB4,0xF54D,
    0xBA85,0xDC0A,0x20A5,0x1083,0xE79D,0xEFDE,0xEFDE,0xEFDE,0xEFDE,0xEFDE,0xEFDE,0xEFDE,0xEFDE,0xEFDE,0xEFDE,0xEFDE,
    0xEFDE,0xEFDE,0xEFDE,0xEFDE,0xEFDE,0xEFDE,0xEFDE,0xEFDE,0xEFDE,0xEFDE,0xEFDE,0xEFDE,0xEFDE,0xEFDE,0xEFDE,0xEFDE,
    0xEFDE,0xEFDE,0xEFDE,0xEFDE,0xEFDE,0xEFDE,0xEFDE,0xEFDE,0xEFDE,0xEFDE,0xEFDE,0xEFDE,0xEFDE,0xEFDE,0xEFBE,0xEFBE,
    0xE7BE,0x5209,0x60E4,0xEAA8,0xCA06,0x4947,0xEFBE,0xEFDE,0xEFDE,0xEFDE,0xEFDE,0xEFDE,0xEFDE,0xEFDE,0xEFDE,0xE7BE,
    0xE7BE,0xE79D,0x0843,0xBC0B,0x18A3,0x09AA,0x2C10,0x1C30,0x1BD0,0x1128,0x1084,0xC46C,0xEDF1,0xF6B3,0xFF36,0xFF57,
    0xFF76,0xF6B4,0x0862,0x196A,0x1969,0x218A,0x21EB,0x220C,0x222D,0x222D,0x21EB,0x220C,0x1969,0x1127,0x0022,0xC4EE,
    0xFEF6,0xEDF0,0x08C5,0x0C2F,0x1CF0,0x954C,0xAD6C,0xA52D,0x952E,0x0946,0x5DF1,0x1AE9,0xFE49,0xFF51,0x6184,0xAAC6,
    0x69C4,0x1948,0x1928,0x21CB,0x21EB,0x220B,0x224C,0x222B,0x21EB,0x21EB,0x198A,0xBC4D,0xF58E,0xDBE9,0xD347,0x4884,
    0x20A4,0x18E5,0xCEBA,0xE7BE,0xEFDE,0xEFDE,0xEFDE,0xEFDE,0xEFDE,0xEFDE,0xEFDE,0xEFDE,0xEFDE,0xEFDE,0xEFDE,0xEFDE,
    0xEFDE,0xEFDE,0xEFDE,0xEFDE,0xEFDE,0xEFDE,0xEFDE,0xEFDE,0xEFDE,0xEFDE,0xEFDE,0xEFDE,0xEFDE,0xEFDE,0xEFDE,0xEFDE,
    0xEFDE,0xEFDE,0xEFDE,0xEFDE,0xEFDE,0xEFDE,0xEFDE,0xEFDE,0xEFDE,0xEFDE,0xEFDE,0xEFDE,0xEFDE,0xEFDE,0xEFBE,0xE7BE,
    0xBD95,0x40A5,0xEAA8,0xFB49,0xD227,0x4947,0xEFBE,0xEFDE,0xEFDE,0xEFDE,0xEFDE,0xEFDE,0xEFDE,0xEFDE,0xE7BE,0xE7BE,
    0xE7BE,0xE7BD,0x0022,0x51A6,0x0022,0xA4CA,0x8C87,0x958B,0x652C,0x2C8C,0x13CC,0x01C8,0x1947,0x736C,0xC4EE,0xF632,
    0xFEF5,0xFF36,0xD511,0x0841,0x0884,0x1106,0x1168,0x1989,0x19CA,0x19AA,0x1989,0x1128,0x0927,0x0843,0x0863,0xF6D6,
    0xD4EE,0x21A7,0x02AB,0x0C4F,0x1C4F,0x95CC,0x6DCF,0x6DF0,0x65F0,0x4D70,0x5E10,0x344D,0xEE2C,0xFFF9,0x6183,0xAAC5,
    0x9285,0x1927,0x1128,0x1128,0x218A,0x21C9,0x1969,0x1969,0x196A,0x1108,0x08E7,0x08C7,0xCB29,0x59C8,0x0842,0x0842,
    0x73AF,0xE7BE,0xE7BE,0xE7BE,0xE7BE,0xEFDE,0xEFDE,0xEFDE,0xEFDE,0xEFDE,0xEFDE,0xEFDE,0xEFDE,0xEFDE,0xEFDE,0xEFDE,
    0xEFDE,0xEFDE,0xEFDE,0xEFDE,0xEFDE,0xEFDE,0xEFDE,0xEFDE,0xEFDE,0xEFDE,0xEFDE,0xEFDE,0xEFDE,0xEFDE,0xEFDE,0xEFDE,
    0xEFDE,0xEFDE,0xEFDE,0xEFDE,0xEFDE,0xEFDE,0xEFDE,0xEFDE,0xEFDE,0xEFDE,0xEFDE,0xEFBE,0xEFBE,0xEFBE,0xE7BE,0x9C92,
    0x5946,0xF2A8,0xFB69,0xFB29,0xD206,0x4967,0xEFBE,0xEFDE,0xEFDE,0xEFDE,0xEFDE,0xEFDE,0xEFDE,0xEFDE,0xE7BE,0xE7BE,
    0xE7BE,0xE79D,0x0842,0x12EB,0x85D2,0x958F,0xA611,0x8DCF,0x7DCE,0x2C8D,0x0925,0x0042,0x0862,0x0841,0x0841,0x2926,
    0xDDAF,0xFE93,0xFE94,0x2904,0x69A6,0x31E8,0x0064,0x1127,0x0863,0x0863,0x0884,0x08A5,0x0021,0x8167,0x0884,0xEE34,
    0x2906,0x09A8,0x0BCD,0x0C0F,0x0BEE,0x8610,0x75D0,0x7E10,0x334B,0x7630,0x7630,0x29A6,0xF6CE,0xFF50,0x5963,0xAAE6,
    0x9244,0x3902,0x10E7,0x10C6,0x1107,0x1107,0x1108,0x1108,0x1128,0x08E7,0x0885,0x0885,0x18C5,0x9CF4,0xCEBA,0xE79D,
    0xE7BE,0xE7BE,0xE7BE,0xE7BE,0xEFDE,0xEFDE,0xEFDE,0xEFDE,0xEFDE,0xEFDE,0xEFDE,0xEFDE,0xEFDE,0xEFDE,0xEFDE,0xEFDE,
    0xEFDE,0xEFDE,0xEFDE,0xEFDE,0xEFDE,0xEFDE,0xEFDE,0xEFDE,0xEFDE,0xEFDE,0xEFDE,0xEFDE,0xEFDE,0xEFDE,0xEFDE,0xEFDE,
    0xEFDE,0xEFDE,0xEFDE,0xEFDE,0xEFDE,0xEFDE,0xEFDE,0xEFDE,0xEFDE,0xEFDE,0xEFBE,0xE7BE,0xE7BE,0xE79D,0x3905,0xA9C6,
    0xE2A9,0xFBCA,0xFB69,0xFB08,0x9965,0x9451,0xEFBE,0xEFDE,0xEFDE,0xEFDE,0xEFDE,0xEFDE,0xEFDE,0xEFDE,0xE7BE,0xE7BE,
    0xE7BE,0x3208,0x1A69,0x6E51,0x85F1,0x9E11,0x85D0,0x7591,0x0084,0x21CA,0x2A4D,0x2A4E,0x9BCB,0xFF15,0xFF57,0x2904,
    0x0905,0x74AF,0xDD4F,0x49E7,0x58E3,0x738D,0x5B2D,0x3923,0xDE0F,0xFE07,0xFDE5,0xD405,0x7A67,0x8186,0x0063,0xBCF1,
    0xA287,0x3944,0x0C2F,0x0C0F,0x44F0,0x654F,0x65B0,0x7DCF,0x64AE,0x8650,0x5D8F,0x29C7,0xF5E4,0xF5A2,0x9242,0x8A04,
    0x81E4,0x71A3,0x38C2,0x18C5,0x18C6,0x0865,0x0864,0x0864,0x0884,0x18C5,0x8CB3,0xADD7,0xE7BE,0xE7BE,0xEFDE,0xEFDE,
    0xEFDE,0xEFDE,0xEFDE,0xEFDE,0xEFDE,0xEFDE,0xEFDE,0xEFDE,0xEFDE,0xEFDE,0xEFDE,0xEFDE,0xEFDE,0xEFDE,0xEFDE,0xEFDE,
    0xEFDE,0xEFDE,0xEFDE,0xEFDE,0xEFDE,0xEFDE,0xEFDE,0xEFDE,0xEFDE,0xEFDE,0xEFDE,0xEFDE,0xEFDE,0xEFDE,0xEFDE,0xEFDE,
    0xEFDE,0xEFDE,0xEFDE,0xEFDE,0xEFDE,0xEFDE,0xEFDE,0xEFDE,0xEFDE,0xEFDE,0xEFBE,0xE7BE,0xEFDE,0x3125,0x99A6,0xFBEB,
    0xFC0C,0xFBCB,0xFB8A,0xF2A8,0x30C4,0xE79D,0xEFDE,0xEFDE,0xEFDE,0xEFDE,0xEFDE,0xEFDE,0xEFDE,0xE7BE,0xE7BE,0xE7BE,
    0x5B2D,0x0104,0x650E,0x958C,0xA5CE,0x85F0,0x75CF,0x0002,0x19EB,0x2A8D,0x2A4E,0x220C,0x2146,0xF713,0xFED3,0xF6B3,
    0x10E4,0x0986,0x41C5,0xAC2E,0x0841,0x79C3,0x69E2,0xFFD9,0xFF54,0xFE25,0xFD82,0xF5A4,0x2061,0x9228,0x0021,0x6BAB,
    0xAB28,0x5183,0x0C2E,0x034E,0x3490,0x6DAF,0x55D0,0x65F0,0x55D1,0x7E50,0x452E,0x2A6A,0xED23,0xFD63,0xFE47,0x50C1,
    0x6984,0x6163,0x5942,0x6143,0x1884,0x28C4,0x0842,0x2987,0xDF5D,0xE79D,0xE7BE,0xE7BE,0xE7BE,0xE7BE,0xE7BE,0xEFDE,
    0xEFDE,0xEFDE,0xEFDE,0xEFDE,0xEFDE,0xEFDE,0xEFDE,0xEFDE,0xEFDE,0xEFDE,0xEFDE,0xEFDE,0xEFDE,0xEFDE,0xEFDE,0xEFDE,
    0xEFDE,0xEFDE,0xEFDE,0xEFDE,0xEFDE,0xEFDE,0xEFDE,0xEFDE,0xEFDE,0xEFDE,0xEFDE,0xEFDE,0xEFDE,0xEFDE,0xEFDE,0xEFDE,
    0xEFDE,0xEFDE,0xEFDE,0xEFDE,0xEFDE,0xEFDE,0xEFDE,0xEFDE,0xEFDE,0xEFDE,0xEFBE,0xCE79,0x3946,0xE226,0xFBEB,0xFBEB,
    0xFBCB,0xFBEB,0xFB6A,0xF2E9,0x30E5,0xEFBE,0xEFDE,0xEFDE,0xEFDE,0xEFDE,0xEFDE,0xEFDE,0xEFDE,0xE7BE,0xE7BE,0x7430,
    0x08A4,0x5CAE,0xA56A,0x9D0A,0x8D4B,0x5D4D,0x4D0F,0x0043,0x1A4C,0x224C,0x1128,0x0884,0x0042,0x60C1,0xDB05,0xF5CD,
    0x30A3,0xAC2A,0x1166,0x7D73,0x08A3,0x08A3,0xC3C3,0xFF34,0xFECB,0xFDC1,0xFE27,0xF561,0xE481,0x7268,0x0883,0x134A,
    0x6A67,0x6A05,0x142E,0x01C9,0x1C4F,0x456F,0x5DAF,0x4DD0,0x5611,0x7650,0x3D2D,0x2C2D,0x2188,0xECC4,0xDC83,0xC3C5,
    0x5944,0x5142,0x5962,0x4923,0x4104,0x4104,0x18E5,0xE79D,0xE7BE,0xE7BE,0xE7BE,0xE7BE,0xE7BE,0xE7BE,0xEFDE,0xEFDE,
    0xEFDE,0xEFDE,0xEFDE,0xEFDE,0xEFDE,0xEFDE,0xEFDE,0xEFDE,0xEFDE,0xEFDE,0xEFDE,0xEFDE,0xEFDE,0xEFDE,0xEFDE,0xEFDE,
    0xEFDE,0xEFDE,0xEFDE,0xEFDE,0xEFDE,0xEFDE,0xEFDE,0xEFDE,0xEFDE,0xEFDE,0xEFDE,0xEFDE,0xEFDE,0xEFDE,0xEFDE,0xE7BE,
    0xE7BE,0xE7BE,0xEFDE,0xEFDE,0xEFDE,0xEFDE,0xE7BE,0xEFBE,0xEFBE,0xE79D,0x62A9,0xCA27,0xF3EC,0xFC2C,0xFC0B,0xFBCB,
    0xFC0B,0xFBCA,0xFB69,0xB1A6,0x8BCF,0xE7BE,0xEFDE,0xEFDE,0xEFDE,0xEFDE,0xEFDE,0xE7BE,0xE7BE,0xE7BE,0x0863,0x4CD0,
    0x6D90,0x85F0,0x8DF0,0x7E31,0x244F,0x0082,0x1082,0x220C,0x328C,0x2A4D,0x2A2D,0x2A0C,0x2A4C,0xFFF9,0xFFD8,0xC2E7,
    0xDC49,0xFECF,0x29E8,0x4430,0x08C4,0xCD10,0x8A82,0xFE24,0xFDA2,0xBB41,0xCC23,0xED01,0xBAC0,0x7268,0x10C5,0x146D,
    0x1881,0xAAC5,0x1227,0x00A4,0x032C,0x1C6E,0x454F,0x354F,0x5DB0,0x7610,0x5DCF,0x34AD,0x11C9,0xDCC3,0xBB21,0xBB41,
    0xB362,0x5121,0x30E2,0x20C3,0x20A3,0x1043,0xDF7D,0xE7BE,0xE7BE,0xE7BE,0xE7BE,0xEFDE,0xEFDE,0xEFDE,0xEFDE,0xEFDE,
    0xEFDE,0xEFDE,0xEFDE,0xEFDE,0xEFDE,0xEFDE,0xEFDE,0xEFDE,0xEFDE,0xEFDE,0xEFDE,0xEFDE,0xEFDE,0xEFDE,0xEFDE,0xEFDE,
    0xEFDE,0xEFDE,0xEFDE,0xEFDE,0xEFDE,0xEFDE,0xEFDE,0xEFDE,0xEFDE,0xEFDE,0xEFDE,0xEFDE,0xEFDE,0xEFDE,0xEFDE,0xE7BE,
    0xE7BE,0xE7BE,0xE7BE,0xEFDE,0xEFDE,0xE7BE,0xE7BE,0xE7BE,0xE79D,0x2146,0x9A26,0xFC4C,0xFC2C,0xFC2C,0xFBEB,0xFC0C,
    0xFC0B,0xFC0B,0xFB8A,0x9146,0xE75C,0xE7BE,0xEFBE,0xEFDE,0xE7BE,0xE7BE,0xE7BE,0xE7BE,0xE79D,0x10E5,0x11E8,0x7E32,
    0x556F,0x0B8B,0x0A69,0x0022,0xECC8,0x8183,0x1947,0x21EB,0x3A8B,0x324C,0x222C,0x2A2D,0x2A6D,0xFFB6,0xFF12,0xFEB1,
    0x1002,0xF4C7,0x4164,0x3C90,0x08C4,0xE5B2,0x5183,0xE461,0xF520,0xECA1,0xE4A2,0xE421,0x79A1,0xD510,0x1945,0x248F,
    0x08A1,0xC345,0x20E4,0x0064,0x02AB,0x0C0E,0x24CF,0x24AF,0x450F,0x6DEF,0x6DEF,0x450C,0x1BCE,0x5183,0xB321,0xC341,
    0x9A63,0x9264,0x7184,0x6184,0x6184,0x1083,0xEFDE,0xE7BE,0xEFDE,0xEFDE,0xEFDE,0xEFDE,0xEFDE,0xEFDE,0xEFDE,0xEFDE,
    0xEFDE,0xEFDE,0xEFDE,0xEFDE,0xEFDE,0xEFDE,0xEFDE,0xEFDE,0xEFDE,0xEFDE,0xEFDE,0xEFDE,0xEFDE,0xEFDE,0xEFDE,0xEFDE,
    0xEFDE,0xEFDE,0xEFDE,0xEFDE,0xEFDE,0xEFDE,0xEFDE,0xEFDE,0xEFDE,0xEFDE,0xEFDE,0xEFDE,0xEFDE,0xEFDE,0xE7BE,0xE7BE,
    0xE7BE,0xBE58,0x31C9,0xE7BE,0xE7BE,0xE7BE,0xE7BE,0xE79D,0x5A29,0xC267,0xFC6C,0xFC4C,0xFC2C,0xFC2C,0xFBAB,0xFC0C,
    0xFC0B,0xF349,0xF329,0x6966,0xE79D,0xE7BE,0xEFBE,0xE7BE,0xE7BE,0xE7BE,0xE7BE,0xE77D,0x29C7,0x336D,0x452F,0x2C8D,
    0x1B8B,0x242C,0x6B28,0xD4CB,0x9A23,0x8A45,0x1969,0x29EB,0x2A0C,0x2A2C,0x220C,0x21CB,0x2187,0xCBC8,0xF52C,0xF58D,
    0x2042,0xD2A7,0x39A6,0x24AF,0x08A3,0xEE14,0xB44D,0x61C3,0xE482,0xE442,0xDBE1,0xAAE3,0x9349,0xDD91,0x20E4,0x2CAF,
    0x08E2,0xAAE5,0x3923,0x0064,0x020A,0x0C2F,0x0C4F,0x144E,0x246E,0x656D,0x550C,0x4D0C,0x140D,0x12CC,0x2904,0xA2E4,
    0x9284,0x9264,0x71A4,0x6184,0x3903,0x8451,0xE7BE,0xE7BE,0xEFDE,0xEFDE,0xEFDE,0xEFDE,0xEFDE,0xEFDE,0xEFDE,0xEFDE,
    0xEFDE,0xEFDE,0xEFDE,0xEFDE,0xEFDE,0xEFDE,0xEFDE,0xEFDE,0xEFDE,0xEFDE,0xEFDE,0xEFDE,0xEFDE,0xEFDE,0xEFDE,0xEFDE,
    0xEFDE,0xEFDE,0xEFDE,0xEFDE,0xEFDE,0xEFDE,0xEFDE,0xEFDE,0xEFDE,0xEFDE,0xEFDE,0xEFDE,0xEFDE,0xEFDE,0xE7BE,0xE7BE,
    0xE79D,0x1187,0x1947,0xCEBA,0xE7BE,0xE7BE,0xE7BE,0x39C9,0xC2C9,0xFC2C,0xFC4C,0xFC2C,0xFC2C,0xFC0C,0xFC0C,0xFC2C,
    0xFC0C,0xFB6A,0xA166,0x9BAE,0xE79D,0xE7BE,0xEFBE,0xE7BE,0xE7BE,0xE7BE,0xE7BE,0x2987,0x19A8,0x5D70,0x2C2C,0x8630,
    0x8650,0x0063,0xF6F1,0xCCC9,0xA2A4,0x3A28,0x21AA,0x21AB,0x2A2C,0x2A2C,0x2A2C,0x2A2D,0x222D,0xFFDD,0xFF99,0xC287,
    0x2862,0x5925,0x1145,0x1C8E,0x0863,0xFF99,0xE5D1,0x82E7,0x59A4,0x4144,0x4144,0x6206,0xD52F,0xFE94,0x18A2,0x2C6E,
    0x5E11,0x83A7,0x61A3,0x0064,0x08C5,0x0065,0x13CE,0x13AE,0x0BAD,0x4CAC,0x54EC,0x550C,0x552D,0x03AE,0x0B4E,0x08C6,
    0x6A46,0x7A25,0x1842,0x0022,0x0043,0xE7BE,0xE7BE,0xE7BE,0xEFDE,0xEFDE,0xEFDE,0xEFDE,0xEFDE,0xEFDE,0xEFDE,0xEFDE,
    0xEFDE,0xEFDE,0xEFDE,0xEFDE,0xEFDE,0xEFDE,0xEFDE,0xEFDE,0xEFDE,0xEFDE,0xEFDE,0xEFDE,0xEFDE,0xEFDE,0xEFDE,0xEFDE,
    0xEFDE,0xEFDE,0xEFDE,0xEFDE,0xEFDE,0xEFDE,0xEFDE,0xEFDE,0xEFDE,0xEFDE,0xEFDE,0xEFDE,0xE7BE,0xE7BE,0xE7BE,0xE7BE,
    0x3A4A,0x12AA,0x08A4,0xB617,0xE7BE,0xE7BE,0xCE58,0x5127,0xFCCE,0xFC4C,0xFC2C,0xFC2C,0xFC2C,0xFBCB,0xFC0C,0xFC2C,
    0xFC0C,0xE247,0x99A7,0xACD3,0xE79D,0xE7BE,0xEFBE,0xE7BE,0xE7BE,0xE7BE,0xE79D,0x0042,0x7D92,0x6D0E,0x8DCE,0x7DAE,
    0x0125,0xD4A9,0xFFD2,0x4923,0xC3A5,0x10E6,0x21AA,0x29CA,0x2A2C,0x2A2D,0x2A0C,0x21AA,0x198A,0xFF78,0xF715,0xE4CC,
    0x0862,0x6964,0x09C6,0x142D,0x0001,0xFF78,0xFF79,0xF6F7,0xDDB1,0xCCEE,0xDD50,0xEE34,0xFF99,0xFF16,0x9B8A,0x2BAC,
    0x5590,0x6A65,0x5122,0x10C5,0xCEFB,0x7C92,0x0883,0x09A7,0x0B4D,0x1C2E,0x244E,0x1C0E,0x142F,0x142E,0x03CE,0x034D,
    0x028B,0x0A8A,0x020A,0x1063,0xE7BE,0xEFDE,0xEFDE,0xEFDE,0xEFDE,0xEFDE,0xEFDE,0xEFDE,0xEFDE,0xEFDE,0xEFDE,0xEFDE,
    0xEFDE,0xEFDE,0xEFDE,0xEFDE,0xEFDE,0xEFDE,0xEFDE,0xEFDE,0xEFDE,0xEFDE,0xEFDE,0xEFDE,0xEFDE,0xEFDE,0xEFDE,0xEFDE,
    0xEFDE,0xEFDE,0xEFDE,0xEFDE,0xEFDE,0xEFDE,0xEFDE,0xEFDE,0xEFDE,0xEFDE,0xEFDE,0xEFDE,0xE7BE,0xE7BE,0xE7BE,0xDF5C,
    0x21A8,0x33EC,0x08A4,0xB618,0xE79D,0xE77D,0x4166,0xFD0E,0xFCCD,0xFC4C,0xFC2C,0xFC2C,0xFBCB,0xFC2C,0xFC2C,0xFC0C,
    0xFC0C,0xD227,0x81A7,0xD679,0xE79D,0xE7BE,0xE7BE,0xE7BE,0xE7BE,0xE7BE,0xB617,0x1167,0x65B0,0x9630,0x7DAD,0x1B0A,
    0x2020,0xFF79,0xFEEC,0x6183,0xB385,0x1926,0x2189,0x2169,0x326A,0x2A2C,0x1169,0x08C5,0x0864,0x3020,0xFCE8,0xCAC5,
    0x0043,0x99C4,0x2B4A,0x240C,0x20A3,0xFF78,0xFF99,0xFF9A,0xFF99,0xFF79,0xFF79,0xFF99,0xFF9A,0xFF37,0xB42D,0x2BCD,
    0x6E32,0x1248,0x0905,0x10A4,0xD73C,0xDF7D,0xD75C,0x3A08,0x10C4,0x0BAE,0x13EE,0x140F,0x142F,0x140F,0x036E,0x034D,
    0x02CC,0x0B0D,0x1084,0xDF5C,0xE7BE,0xEFDE,0xEFDE,0xEFDE,0xEFDE,0xEFDE,0xEFDE,0xEFDE,0xEFDE,0xEFDE,0xEFDE,0xEFDE,
    0xEFDE,0xEFDE,0xEFDE,0xEFDE,0xEFDE,0xEFDE,0xEFDE,0xEFDE,0xEFDE,0xEFDE,0xEFDE,0xEFDE,0xEFDE,0xEFDE,0xEFDE,0xEFDE,
    0xEFDE,0xEFDE,0xEFDE,0xEFDE,0xEFDE,0xEFDE,0xEFDE,0xEFDE,0xEFDE,0xEFDE,0xEFDE,0xEFDE,0xE7BE,0xE7BE,0xE7BE,0xD71B,
    0x1A6B,0x552E,0x08E5,0xC679,0xDF7C,0xB554,0x5106,0xFC4C,0xFCAD,0xFC2C,0xFC2C,0xFC2C,0xFBEB,0xFC2C,0xFC0C,0xFC0C,
    0xFC0C,0xD206,0x5967,0xE73C,0xE79D,0xE7BE,0xE7BE,0xE7BE,0xE7BE,0xE77D,0x4B0B,0x3CCF,0x6E10,0x7E0F,0x7DEF,0x1AAB,
    0xFE6A,0xFE46,0xF5C2,0x6164,0x7A44,0x1903,0x218A,0x198A,0x220A,0x21EC,0x21EC,0x21AB,0x39E9,0xF653,0xFD0B,0x0000,
    0x0967,0x89A3,0x450D,0x0165,0xCCAE,0xF633,0xFF9A,0xFF9A,0xFF99,0xFF99,0xFF78,0xFF99,0xFF79,0xEE34,0xB44F,0x234C,
    0x7E71,0x344C,0x138B,0x0043,0x4AAB,0xDF7D,0xDF7D,0xDF7D,0x8CF3,0x08A5,0x00E6,0x0947,0x0B2D,0x030D,0x030D,0x01CA,
    0x0127,0x0864,0xD6FB,0xE7BE,0xE7BE,0xEFDE,0xEFDE,0xEFDE,0xEFDE,0xEFDE,0xEFDE,0xEFDE,0xEFDE,0xEFDE,0xEFDE,0xEFDE,
    0xEFDE,0xEFDE,0xEFDE,0xEFDE,0xEFDE,0xEFDE,0xEFDE,0xEFDE,0xEFDE,0xEFDE,0xEFDE,0xEFDE,0xEFDE,0xEFDE,0xEFDE,0xEFDE,
    0xEFDE,0xEFDE,0xEFDE,0xEFDE,0xEFDE,0xEFDE,0xEFDE,0xEFDE,0xEFDE,0xEFDE,0xEFDE,0xEFDE,0xE7BE,0xE7BE,0xE7BE,0x29C8,
    0x3CCF,0x65AF,0x09A7,0x7C51,0xDF3C,0x10A4,0xEBAB,0xFC4B,0xFCCE,0xFC8D,0xFC2C,0xFC2C,0xFC4D,0xFC4C,0xFC2C,0xFC0C,
    0xFB69,0xD207,0x51A7,0xE71B,0xE75C,0xE79D,0x7B6E,0xE7BE,0xE7BE,0xBE17,0x0884,0x7E71,0x7630,0x760F,0x7DF0,0x1AEB,
    0xFDA5,0xE4C1,0xE502,0x5124,0x61A3,0x18E3,0x1128,0x21AA,0x19A9,0x2189,0x1969,0x1948,0x49A6,0xF54D,0xECAC,0x0000,
    0x0A2A,0x2965,0x6630,0x00E5,0xDD91,0xF6B5,0xFF9A,0xFF9A,0xFF99,0xFF99,0xFF16,0xFF99,0xFF37,0xFF37,0x9B6C,0x0884,
    0x7E0F,0x4CED,0x244C,0x0A69,0x0063,0xA5B6,0xE79D,0xDF9D,0xDF7D,0xDF7D,0xB658,0x5BCE,0x08A4,0x0884,0x08A4,0x3229,
    0xC6BA,0xE79D,0xE7BE,0xE7BE,0xEFDE,0xEFDE,0xEFDE,0xEFDE,0xEFDE,0xEFDE,0xEFDE,0xEFDE,0xEFDE,0xEFDE,0xEFDE,0xEFDE,
    0xEFDE,0xEFDE,0xEFDE,0xEFDE,0xEFDE,0xEFDE,0xEFDE,0xEFDE,0xEFDE,0xEFDE,0xEFDE,0xEFDE,0xEFDE,0xEFDE,0xEFDE,0xEFDE,
    0xEFDE,0xEFDE,0xEFDE,0xEFDE,0xEFDE,0xEFDE,0xEFDE,0xEFDE,0xEFDE,0xEFDE,0xEFDE,0xE7BE,0xE7BE,0xE7BE,0xE7BE,0x08C5,
    0x4530,0x658F,0x0A08,0x2987,0x4A8B,0x18A5,0xFC2C,0xFC2C,0xFCAD,0xFCCD,0xFCCD,0xFBEB,0xFCAD,0xFC6D,0xFC4C,0xFC4C,
    0xF308,0xEA88,0x5166,0xE6FB,0xB491,0x69A6,0xA1C8,0x5A4B,0xE79D,0xA533,0x0064,0x65F0,0x6E10,0x9690,0x658E,0x1BAC,
    0x38E4,0xECE5,0xD423,0xA2C2,0x5164,0x4964,0x0085,0x1948,0x1127,0x1148,0x08A6,0x0023,0x1042,0xBAA7,0x40E4,0x0ACD,
    0x0B4D,0x1C0F,0x75AE,0x00A4,0xEE32,0xFF9A,0xFFBA,0xFF99,0xFF99,0xFF79,0xFEF6,0xFF78,0xFFDB,0xF652,0xCCF0,0x10C5,
    0x7DAF,0x75EE,0x44CD,0x1BCC,0x0A29,0x0020,0x0842,0x0862,0xE77D,0xE79D,0xE7BE,0xE7BE,0xE79D,0xE79D,0xE7BE,0xE7BE,
    0xEFDE,0xEFDE,0xEFDE,0xEFDE,0xEFDE,0xEFDE,0xEFDE,0xEFDE,0xEFDE,0xEFDE,0xEFDE,0xEFDE,0xEFDE,0xEFDE,0xEFDE,0xEFDE,
    0xEFDE,0xEFDE,0xEFDE,0xEFDE,0xEFDE,0xEFDE,0xEFDE,0xEFDE,0xEFDE,0xEFDE,0xEFDE,0xEFDE,0xEFDE,0xEFDE,0xEFDE,0xEFDE,
    0xEFDE,0xEFDE,0xEFDE,0xEFDE,0xEFDE,0xEFDE,0xEFDE,0xEFDE,0xEFDE,0xEFDE,0xEFDE,0xE7BE,0xE7BE,0xE7BE,0xE7BD,0x0926,
    0x552F,0x5D8E,0x33CD,0x1946,0x3188,0xA207,0xFC6C,0xFC4C,0xFC8D,0xFC6C,0xFCCD,0xFBEB,0xFCAD,0xFC2C,0xFC6D,0xFC4C,
    0xF328,0xE268,0x4125,0x934D,0xA1C7,0xFC8D,0xA9C7,0x4947,0xE79D,0x94B1,0x0064,0x4D2E,0x65AE,0x65CE,0x65CE,0x3D4E,
    0x0967,0xBB08,0xC381,0xB380,0x4944,0x4943,0x0022,0x0864,0x08A5,0x08A6,0x08E7,0x00A6,0x0043,0x0022,0x0987,0x0410,
    0x338C,0x3CF1,0x854D,0x2186,0xEE12,0xFF57,0xFF37,0xFF99,0xFF99,0xFF58,0xFF58,0xFF79,0xFF77,0xEE32,0xD530,0x49E8,
    0x3BCC,0x7E10,0x44ED,0x2C0D,0x11A8,0x4124,0x81E4,0x79E4,0x28C4,0x9D34,0xE7BE,0xE7BE,0xE7BE,0xE7BE,0xEFDE,0xEFDE,
    0xEFDE,0xEFDE,0xEFDE,0xEFDE,0xEFDE,0xEFDE,0xEFDE,0xEFDE,0xEFDE,0xEFDE,0xEFDE,0xEFDE,0xEFDE,0xEFDE,0xEFDE,0xEFDE,
    0xEFDE,0xEFDE,0xEFDE,0xEFDE,0xEFDE,0xEFDE,0xEFDE,0xEFDE,0xEFDE,0xEFDE,0xEFDE,0xEFDE,0xEFDE,0xEFDE,0xEFDE,0xEFDE,
    0xEFDE,0xEFDE,0xEFDE,0xEFDE,0xEFDE,0xEFDE,0xEFDE,0xEFDE,0xEFDE,0xEFDE,0xEFDE,0xE7BE,0xE7BE,0xE7BE,0x322A,0x0946,
    0x656F,0x5D6F,0x5D6F,0x08A6,0x18E8,0xFC8E,0xFC4C,0xFC2C,0xFC4C,0xFCAD,0xFC2B,0xFC4C,0xFC6D,0xFC2C,0xFC2C,0xFC2C,
    0xFB8A,0xE288,0x68E4,0xB1E6,0xFBCB,0xFBEB,0xB207,0x8208,0xE77D,0x8C91,0x0084,0x2CF0,0x350F,0x6DCF,0x5D6D,0x34CD,
    0x0B4C,0x49E8,0x9A44,0x71E4,0x61C3,0x3903,0x30E2,0x30A2,0x0020,0x0001,0x0023,0x08E6,0x01EA,0x09E9,0x038D,0x3C4D,
    0x43EB,0x4571,0x852E,0x1083,0xE5B2,0xFF36,0xFF78,0xFF79,0xFF9A,0xFFBB,0xFF37,0xFF37,0xFF98,0xFED4,0xD551,0x624A,
    0x0885,0x8670,0x54ED,0x1965,0x8A04,0xA2A4,0xBB43,0x9222,0x89E2,0x30E3,0x8471,0xE7BE,0xE7BE,0xE7BE,0xE7BE,0xEFDE,
    0xEFDE,0xEFDE,0xEFDE,0xEFDE,0xEFDE,0xEFDE,0xEFDE,0xEFDE,0xEFDE,0xEFDE,0xEFDE,0xEFDE,0xEFDE,0xEFDE,0xEFDE,0xEFDE,
    0xEFDE,0xEFDE,0xEFDE,0xEFDE,0xEFDE,0xEFDE,0xEFDE,0xEFDE,0xEFDE,0xEFDE,0xEFDE,0xEFDE,0xEFDE,0xEFDE,0xEFDE,0xEFDE,
    0xEFDE,0xEFDE,0xEFDE,0xEFDE,0xEFDE,0xEFDE,0xEFDE,0xEFDE,0xEFDE,0xEFDE,0xEFDE,0xE7BE,0xE7BE,0xE7BE,0x29E9,0x0946,
    0x65B0,0x5D6E,0x5D6E,0x136B,0x18C6,0xFC2C,0xFC2C,0xFC2C,0xFC4C,0xFC8D,0xFC2B,0xFC8D,0xFC4C,0xFC2C,0xFC2C,0xFC2C,
    0xFB29,0xC1C6,0xC1C5,0xFC0C,0xFC0C,0xFB8A,0xCA48,0x40C5,0xDF7D,0xC678,0x29E8,0x244F,0x350F,0x44EE,0x5D2D,0x242D,
    0x140D,0x0A28,0x61C5,0x69C4,0x6183,0x3903,0x38E3,0x30C3,0x20C3,0x0022,0x58A4,0x71C3,0x82A3,0x3102,0x238A,0x550D,
    0x4D4E,0x8E72,0x13EC,0x6A08,0xDD90,0xFF36,0xFF99,0xFF79,0xFF59,0xFF38,0xFF17,0xFEF7,0xFED4,0xF673,0xD530,0x0864,
    0x0023,0x552E,0x7E2F,0x1965,0x40C2,0x5923,0x6962,0x9A82,0x9241,0x9263,0x0862,0xE79D,0xE7BE,0xE7BE,0xEFDE,0xEFDE,
    0xEFDE,0xEFDE,0xEFDE,0xEFDE,0xEFDE,0xEFDE,0xEFDE,0xEFDE,0xEFDE,0xEFDE,0xEFDE,0xEFDE,0xEFDE,0xEFDE,0xEFDE,0xEFDE,
    0xEFDE,0xEFDE,0xEFDE,0xEFDE,0xEFDE,0xEFDE,0xEFDE,0xEFDE,0xEFDE,0xEFDE,0xEFDE,0xEFDE,0xEFDE,0xEFDE,0xEFDE,0xEFDE,
    0xEFDE,0xEFDE,0xEFDE,0xEFDE,0xEFDE,0xEFDE,0xEFDE,0xEFDE,0xEFDE,0xEFDE,0xEFDE,0xE7BE,0xE7BE,0xE7BD,0x2187,0x0AA9,
    0x65B0,0x5D6E,0x5D6E,0x1BCB,0x1106,0xFC2C,0xFC0C,0xFC4C,0xFC2C,0xFC6D,0xFC2C,0xFC6D,0xFC2C,0xFC2C,0xFC2C,0xFC2B,
    0xFB29,0xD1E7,0xF389,0xFC8D,0xFC2C,0xFBAB,0xD268,0x38A5,0xE77D,0xE79D,0x9D95,0x00E6,0x248E,0x248E,0x2CAE,0x1C6F,
    0x1C6F,0x032C,0x0106,0x3125,0x38C4,0x28E3,0x2905,0x3106,0x4146,0x5944,0x91C3,0xAAA3,0xC361,0xC360,0x30A2,0x558F,
    0x558F,0x9692,0x0AEB,0xDCCF,0xD4EF,0xF6B4,0xFF17,0xF6F7,0x8265,0x58E2,0x48C1,0x40C1,0x2881,0xDE31,0x20C5,0x28E4,
    0x0801,0x236A,0x8E70,0x4C8C,0x08C5,0x5124,0x6163,0x6162,0x8A40,0x5981,0x38A2,0x1082,0xDF7D,0xE7BE,0xEFDE,0xEFDE,
    0xEFDE,0xEFDE,0xEFDE,0xEFDE,0xEFDE,0xEFDE,0xEFDE,0xEFDE,0xEFDE,0xEFDE,0xEFDE,0xEFDE,0xEFDE,0xEFDE,0xEFDE,0xEFDE,
    0xEFDE,0xEFDE,0xEFDE,0xEFDE,0xEFDE,0xEFDE,0xEFDE,0xEFDE,0xEFDE,0xEFDE,0xEFDE,0xEFDE,0xEFDE,0xEFDE,0xEFDE,0xEFDE,
    0xEFDE,0xEFDE,0xEFDE,0xEFDE,0xEFDE,0xEFDE,0xEFDE,0xEFDE,0xEFDE,0xEFDE,0xEFDE,0xE7BE,0xE7BE,0xCEFB,0x19C8,0x1BCB,
    0x65B0,0x658F,0x5D8F,0x5D8F,0x2269,0xFC2C,0xFC2C,0xFC2C,0xFC2C,0xFC4C,0xFC0C,0xFC2C,0xFC2C,0xFC2C,0xFC4C,0xFC2C,
    0xEA47,0xFC0C,0xFBEB,0xFC2B,0xFC2C,0xFBAB,0xD288,0x30A5,0xE77D,0xE79D,0xDF7C,0x0884,0x0B6E,0x1C4F,0x1C8F,0x146F,
    0x1490,0x0C0F,0x032D,0x02AB,0x0188,0x0043,0x0024,0x20A4,0x40E5,0x81C3,0xA2A3,0xDC42,0xE482,0x89E3,0x8163,0x2AC9,
    0x7E2F,0x6DF1,0x0022,0x0864,0x1065,0x2905,0x3104,0xAB85,0xFF0F,0xFE6A,0xE463,0xF4C1,0xFE04,0xABE7,0x51A6,0x4165,
    0x30A2,0x1226,0x7D8F,0x64EC,0x2BEC,0x0864,0x6183,0x7183,0x6982,0x4923,0x28C3,0x0841,0xDF5C,0xE7BE,0xEFDE,0xEFDE,
    0xEFDE,0xEFDE,0xEFDE,0xEFDE,0xEFDE,0xEFDE,0xEFDE,0xEFDE,0xEFDE,0xEFDE,0xEFDE,0xEFDE,0xEFDE,0xEFDE,0xEFDE,0xEFDE,
    0xEFDE,0xEFDE,0xEFDE,0xEFDE,0xEFDE,0xEFDE,0xEFDE,0xEFDE,0xEFDE,0xEFDE,0xEFDE,0xEFDE,0xEFDE,0xEFDE,0xEFDE,0xEFDE,
    0xEFDE,0xEFDE,0xEFDE,0xEFDE,0xEFDE,0xEFDE,0xEFDE,0xEFDE,0xEFDE,0xEFDE,0xEFDE,0xE7BE,0xE7BE,0xBE79,0x120B,0x5D8F,
    0x65AF,0x5D8F,0x5D8F,0x658F,0x2BCC,0x39E8,0xF48E,0xFC4C,0xFC2C,0xFC2C,0xFC2C,0xFC2C,0xFC2C,0xFC4C,0xFC6D,0xFC6C,
    0xEA26,0xFC6C,0xFC2B,0xFC2C,0xFC0C,0xFB49,0xCA48,0x30E6,0xE79D,0xE79D,0xE79D,0xBE79,0x10C4,0x0AEB,0x0BCE,0x0C30,
    0x0C50,0x0C0F,0x030D,0x032D,0x030D,0x01A9,0x0843,0x59A5,0x842A,0xAAE1,0xD482,0xD4A1,0x9244,0x79E4,0x28E4,0x44EE,
    0x8650,0x550E,0x0842,0x4944,0x8266,0x8A86,0x79C3,0xF790,0xCCC9,0x69A4,0x8205,0x81E5,0x5902,0xEE04,0x4922,0x51A6,
    0x4924,0x0824,0x6571,0x7DAE,0x4D4D,0x24CE,0x1084,0x5144,0x5163,0x7A03,0x79E3,0x5185,0x39C8,0xE7BE,0xEFDE,0xEFDE,
    0xEFDE,0xEFDE,0xEFDE,0xEFDE,0xEFDE,0xEFDE,0xEFDE,0xEFDE,0xEFDE,0xEFDE,0xEFDE,0xEFDE,0xEFDE,0xEFDE,0xEFDE,0xEFDE,
    0xEFDE,0xEFDE,0xEFDE,0xEFDE,0xEFDE,0xEFDE,0xEFDE,0xEFDE,0xEFDE,0xEFDE,0xEFDE,0xEFDE,0xEFDE,0xEFDE,0xEFDE,0xEFDE,
    0xEFDE,0xEFDE,0xEFDE,0xEFDE,0xEFDE,0xEFDE,0xEFDE,0xEFDE,0xEFDE,0xEFDE,0xEFDE,0xE7BE,0xE7BE,0xBE99,0x122A,0x5DAF,
    0x65AF,0x75F0,0x5D6F,0x5D6F,0x5D4E,0x0289,0xEB8B,0xFC4C,0xFC2C,0xFC2C,0xFC4C,0xFC0B,0xFC4C,0xFC4C,0xFC4C,0xFB49,
    0xFC4C,0xFC2C,0xFC4C,0xFC2C,0xFC2C,0xFB8A,0xD289,0x2946,0xE77D,0xE79D,0xE7BE,0xE79D,0xA5D6,0x10A3,0x0967,0x0947,
    0x0B6E,0x030C,0x02AC,0x0169,0x00A6,0x0843,0x2167,0x0884,0x49E4,0xC381,0x8A82,0x40C2,0x7184,0x5964,0x09C7,0x5DAE,
    0x7E4F,0x1AAA,0x20C4,0x61C5,0x7A25,0x4944,0x79A2,0xFF8B,0x4923,0x8A25,0x9A65,0x9A65,0x40A1,0xE4C0,0x91E1,0x3945,
    0x4924,0x28C5,0x13CF,0x8E2F,0x5D6D,0x3D6E,0x0B0D,0x0043,0x41A4,0x59A4,0x71E3,0x4964,0x10A4,0xE79D,0xEFDE,0xEFDE,
    0xEFDE,0xEFDE,0xEFDE,0xEFDE,0xEFDE,0xEFDE,0xEFDE,0xEFDE,0xEFDE,0xEFDE,0xEFDE,0xEFDE,0xEFDE,0xEFDE,0xEFDE,0xEFDE,
    0xEFDE,0xEFDE,0xEFDE,0xEFDE,0xEFDE,0xEFDE,0xEFDE,0xEFDE,0xEFDE,0xEFDE,0xEFDE,0xEFDE,0xEFDE,0xEFDE,0xEFDE,0xEFDE,
    0xEFDE,0xEFDE,0xEFDE,0xEFDE,0xEFDE,0xEFDE,0xEFDE,0xEFDE,0xEFDE,0xEFDE,0xEFDE,0xE7BE,0xE7BE,0xCEDB,0x0A2A,0x5DB0,
    0x658F,0x6DD0,0x5D8F,0x5D8F,0x556E,0x4D0E,0x83AD,0xFC4D,0xFC2C,0xFC2C,0xFC4D,0xFBEA,0xFC4D,0xFC4D,0xFC2C,0xFB08,
    0xFC4D,0xFC4C,0xFC2C,0xFC2C,0xFBCA,0xFBCB,0x99C7,0x5A8A,0xE79D,0xE79D,0xE7BE,0xE7BE,0xE7BE,0xE79D,0x424A,0x0926,
    0x08E5,0x0906,0x0884,0x0844,0x1044,0x3947,0x31A8,0x6203,0x61A3,0xBB64,0x9244,0x79C4,0x71C5,0x0863,0x142E,0x760E,
    0x96D0,0x11A8,0x5165,0x69E6,0x71E5,0x4124,0xF605,0xFF05,0xFE45,0x8225,0x9A44,0x9A65,0x8264,0x9242,0x91E1,0x3124,
    0x3104,0x1084,0x0822,0x7DEF,0xA610,0x4D6E,0x2CAF,0x1BCE,0x0926,0x4164,0x51A4,0x5983,0x4124,0xBE38,0xE7BE,0xEFDE,
    0xEFDE,0xEFDE,0xEFDE,0xEFDE,0xEFDE,0xEFDE,0xEFDE,0xEFDE,0xEFDE,0xEFDE,0xEFDE,0xEFDE,0xEFDE,0xEFDE,0xEFDE,0xEFDE,
    0xEFDE,0xEFDE,0xEFDE,0xEFDE,0xEFDE,0xEFDE,0xEFDE,0xEFDE,0xEFDE,0xEFDE,0xEFDE,0xEFDE,0xEFDE,0xEFDE,0xEFDE,0xEFDE,
    0xEFDE,0xEFDE,0xEFDE,0xEFDE,0xEFDE,0xEFDE,0xEFDE,0xEFDE,0xEFDE,0xEFDE,0xEFDE,0xE7BE,0xE7BE,0xCEDB,0x0A4A,0x5DB0,
    0x658F,0x65B0,0x5D8F,0x5D8F,0x5D6F,0x5D6E,0x1B6B,0xEBCB,0xFC0B,0xFC0C,0xFC2C,0xFBA9,0xFC4C,0xFC4C,0xFC0C,0xFBCB,
    0xFC6D,0xFC4C,0xFC4C,0xFC4C,0xFB6A,0xF36A,0x79C7,0xA533,0xD73B,0xCEBA,0xA5D7,0xE79D,0xE79D,0xE7BE,0xE7BE,0xE79D,
    0xE7BE,0xDF7D,0xCF1B,0x0863,0x1084,0x61A5,0x9264,0xAAA4,0xB2C4,0xC3A6,0x8A05,0x71A4,0x28E4,0x2C0E,0x3C8E,0x8E4E,
    0x44F0,0x0864,0x5164,0x61C5,0x8263,0x5964,0x6943,0xFE26,0x5923,0x71A4,0x6983,0x6183,0x2882,0xF5C5,0x40C3,0x2085,
    0x3945,0x4963,0x0820,0x128A,0x7E52,0x6D6D,0x554D,0x452E,0x0C4F,0x32CB,0x10C6,0x018A,0x6329,0x0842,0xE79D,0xE7BE,
    0xE7BE,0xEFDE,0xEFDE,0xEFDE,0xEFDE,0xEFDE,0xEFDE,0xEFDE,0xEFDE,0xEFDE,0xEFDE,0xEFDE,0xEFDE,0xEFDE,0xEFDE,0xEFDE,
    0xEFDE,0xEFDE,0xEFDE,0xEFDE,0xEFDE,0xEFDE,0xEFDE,0xEFDE,0xEFDE,0xEFDE,0xEFDE,0xEFDE,0xEFDE,0xEFDE,0xEFDE,0xEFDE,
    0xEFDE,0xEFDE,0xEFDE,0xEFDE,0xEFDE,0xEFDE,0xEFDE,0xEFDE,0xEFDE,0xEFDE,0xEFDE,0xE7BE,0xE7BE,0xCEFA,0x0A4B,0x4DB0,
    0x658F,0x6590,0x75F0,0x556F,0x5D6F,0x5D6E,0x5D6F,0x02C9,0xFBEB,0xFC0B,0xFBEB,0xFB69,0xFBAA,0xFC4C,0xFBEB,0xFBEB,
    0xFC8D,0xFC2C,0xFC4C,0xFC4C,0xFB8A,0xDA87,0x61E7,0x842F,0x4B2B,0x19A7,0x2C2F,0x9D55,0xE79D,0xE7BE,0xE7BE,0xE7BE,
    0xE7BE,0xDF7D,0x9534,0x0884,0x1966,0x4144,0x6184,0x9A84,0xAAC4,0x8A04,0x7184,0x69E5,0x1B0A,0x3D30,0x6DCF,0x75AE,
    0x0064,0x1884,0x4123,0x69E3,0x9AC1,0x8224,0x5104,0xE481,0xD402,0x38A2,0x30A2,0x3061,0xF5C7,0xBAE2,0x28A3,0x38E5,
    0x61A3,0x5142,0x4922,0x0021,0x5E12,0x9690,0x6D8C,0x5D6E,0x4D6E,0x1BCC,0x0BAC,0x020A,0x0B08,0x0862,0xE7BE,0xE7BE,
    0xE7BE,0xEFDE,0xEFDE,0xEFDE,0xEFDE,0xEFDE,0xEFDE,0xEFDE,0xEFDE,0xEFDE,0xEFDE,0xEFDE,0xEFDE,0xEFDE,0xEFDE,0xEFDE,
    0xEFDE,0xEFDE,0xEFDE,0xEFDE,0xEFDE,0xEFDE,0xEFDE,0xEFDE,0xEFDE,0xEFDE,0xEFDE,0xEFDE,0xEFDE,0xEFDE,0xEFDE,0xEFDE,
    0xEFDE,0xEFDE,0xEFDE,0xEFDE,0xEFDE,0xEFDE,0xEFDE,0xEFDE,0xEFDE,0xEFDE,0xEFDE,0xE7BE,0xE7BE,0xC6BA,0x09CA,0x352E,
    0x656F,0x656F,0x658F,0x556E,0x5D6F,0x5D6E,0x5D4E,0x448D,0xE40B,0xFC2C,0xFC0B,0xFEF6,0xFBCA,0xFC0C,0xFBCB,0xFBEB,
    0xFC4C,0xFC2C,0xFC2C,0xFC2B,0xEAC8,0xCA88,0x2ACB,0x1A48,0x2B8A,0x454F,0x1ACA,0xC699,0xE79D,0xE7BE,0xE7BE,0xE7BE,
    0xE7BE,0xA5B6,0x0022,0x02AA,0x132A,0x08E4,0x3965,0x59C5,0x69A4,0x5943,0x4944,0x08A3,0x3D50,0x6DAF,0xA5ED,0x3C2F,
    0x0023,0x30E5,0x0821,0x28C3,0x3945,0x4165,0x18A3,0x8201,0xE4C1,0xDCA2,0xDC82,0xDC62,0xBB22,0x6A05,0x2904,0x5165,
    0x71E3,0x6162,0x6163,0x28C2,0x3BED,0x8ED2,0x8D8D,0x7D0D,0x6D4E,0x5D6F,0x242C,0x2349,0x0986,0x2187,0xE7BE,0xEFDE,
    0xE7BE,0xEFDE,0xEFDE,0xEFDE,0xEFDE,0xEFDE,0xEFDE,0xEFDE,0xEFDE,0xEFDE,0xEFDE,0xEFDE,0xEFDE,0xEFDE,0xEFDE,0xEFDE,
    0xEFDE,0xEFDE,0xEFDE,0xEFDE,0xEFDE,0xEFDE,0xEFDE,0xEFDE,0xEFDE,0xEFDE,0xEFDE,0xEFDE,0xEFDE,0xEFDE,0xEFDE,0xEFDE,
    0xEFDE,0xEFDE,0xEFDE,0xEFDE,0xEFDE,0xEFDE,0xEFDE,0xEFDE,0xEFDE,0xEFDE,0xEFDE,0xE7BE,0xE7BE,0xDF5C,0x0927,0x1B8B,
    0x658F,0x658F,0x658F,0x65AF,0x5D8F,0x5D6E,0x5D6E,0x5D6E,0x13CD,0xD40C,0xFC2C,0xFF35,0xFD6F,0xFBCB,0xFBCB,0xFBAA,
    0xFC4C,0xFC4C,0xFC2C,0xFBEA,0xEAC7,0x9AA9,0x0B2C,0x556F,0x554D,0x348D,0x1208,0xD73C,0xE79D,0xE7BE,0xE7BE,0xE7BE,
    0xEFDE,0x1987,0x0188,0x2BEB,0x43EA,0x1C0C,0x140C,0x00C7,0x0085,0x0083,0x34CF,0x350F,0x654E,0xC4C8,0xCD8B,0x0002,
    0x4967,0x5985,0x82A3,0x6A03,0x51C7,0xA3CB,0x9B8B,0x30E3,0x28E3,0x28E3,0x2944,0x2124,0x20C3,0xB44D,0x3926,0x5145,
    0x79E3,0x79E3,0x6983,0x5143,0x3125,0x6E51,0x8E0F,0x856F,0x7D11,0x65F1,0x4D0E,0x4C0A,0x742F,0xA595,0xEFDE,0xEFDE,
    0xEFDE,0xEFDE,0xEFDE,0xEFDE,0xEFDE,0xEFDE,0xEFDE,0xEFDE,0xEFDE,0xEFDE,0xEFDE,0xEFDE,0xEFDE,0xEFDE,0xEFDE,0xEFDE,
    0xEFDE,0xEFDE,0xEFDE,0xEFDE,0xEFDE,0xEFDE,0xEFDE,0xEFDE,0xEFDE,0xEFDE,0xEFDE,0xEFDE,0xEFDE,0xEFDE,0xEFDE,0xEFDE,
    0xEFDE,0xEFDE,0xEFDE,0xEFDE,0xEFDE,0xEFDE,0xEFDE,0xEFDE,0xEFDE,0xEFDE,0xEFDE,0xE7BE,0xE7BE,0xE79D,0x21C8,0x12A9,
    0x4D6F,0x658F,0x5D8F,0x6DD0,0x5D8F,0x65AF,0x5D6E,0x5D8E,0x4D4F,0x8C0C,0xFBCA,0xFED4,0xFF15,0xFC8D,0xFC0C,0xFB8B,
    0xFC4C,0xFC2C,0xFC4C,0xF347,0xEB29,0x01A7,0x4D8F,0x5D8E,0x554C,0x348E,0x126A,0xDF5C,0xE79D,0xE7BE,0xE7BE,0xE7BE,
    0xEFDE,0x08E6,0x53A8,0x9447,0x8BC7,0x64AA,0x3D2E,0x4D8F,0x452E,0x44ED,0x550E,0x658E,0xAD09,0xD4E7,0xA58F,0x3945,
    0x5183,0x82C2,0x6A02,0xD56E,0xD52E,0xE5D0,0xEDD0,0xD4CE,0xD50F,0xABCC,0xDD2E,0xD50E,0xB40C,0xD550,0xC4D0,0x51E9,
    0x30C3,0x7A03,0x79E4,0x5943,0x30C3,0x1AA8,0x6E52,0xA653,0xD52B,0x6E32,0x5D8F,0x2987,0x0863,0xE7BE,0xE7BE,0xEFDE,
    0xEFDE,0xEFDE,0xEFDE,0xEFDE,0xEFDE,0xEFDE,0xEFDE,0xEFDE,0xEFDE,0xEFDE,0xEFDE,0xEFDE,0xEFDE,0xEFDE,0xEFDE,0xEFDE,
    0xEFDE,0xEFDE,0xEFDE,0xEFDE,0xEFDE,0xEFDE,0xEFDE,0xEFDE,0xEFDE,0xEFDE,0xEFDE,0xEFDE,0xEFDE,0xEFDE,0xEFDE,0xEFDE,
    0xEFDE,0xEFDE,0xEFDE,0xEFDE,0xEFDE,0xEFDE,0xEFDE,0xEFDE,0xEFDE,0xEFDE,0xEFDE,0xE7BE,0xE7BE,0xE7BE,0x2A08,0x08A4,
    0x4510,0x5DAF,0x5D8F,0x5D8E,0x5D8F,0x5D6E,0x5D6E,0x5D6E,0x556E,0x2C8D,0xF46B,0xFF15,0xFF16,0xFF77,0xFBAA,0xFB49,
    0xFC2C,0xFC2C,0xF3C9,0xF348,0x4208,0x454E,0x558F,0x5D8E,0x4D0C,0x34CE,0x11E9,0xD73C,0xE79D,0xE7BE,0xE7BE,0xE7BE,
    0xEFDE,0x10E5,0xA3C3,0xBC46,0xB4C9,0xA468,0x85CE,0x7630,0x760F,0x75CE,0x858C,0x956B,0xCE2D,0x4CF0,0x0800,0x4963,
    0x7222,0x6A43,0xD4ED,0xEDF0,0xFF15,0xFF15,0xFF15,0xFED4,0xFEB3,0xEDD0,0xFEB3,0xFF36,0xBC4C,0xFEF6,0xDD70,0xC4AD,
    0xAC2C,0x20A2,0x4922,0x6183,0x4103,0x0821,0x44CE,0x8E30,0xCD2B,0x85F0,0x640E,0x0883,0x7C0F,0xE7BE,0xE7BE,0xE7BE,
    0xEFDE,0xEFDE,0xEFDE,0xEFDE,0xEFDE,0xEFDE,0xEFDE,0xEFDE,0xEFDE,0xEFDE,0xEFDE,0xEFDE,0xEFDE,0xEFDE,0xEFDE,0xEFDE,
    0xEFDE,0xEFDE,0xEFDE,0xEFDE,0xEFDE,0xEFDE,0xEFDE,0xEFDE,0xEFDE,0xEFDE,0xEFDE,0xEFDE,0xEFDE,0xEFDE,0xEFDE,0xEFDE,
    0xEFDE,0xEFDE,0xEFDE,0xEFDE,0xEFDE,0xEFDE,0xEFDE,0xEFDE,0xEFDE,0xEFDE,0xEFDE,0xE7BE,0xE7BE,0xBE98,0xCEFA,0x0883,
    0x23CE,0x5D8F,0x5D8F,0x5D8F,0x5D8F,0x5D6E,0x556E,0x5D6D,0x4D2D,0x3C8D,0xB5F1,0xFF36,0xFF36,0xFF36,0xFD30,0xF2C8,
    0xFC0C,0xFC2C,0xF3CA,0xEB48,0x3C2D,0x4D6E,0x556F,0x5D8E,0x556E,0x34EF,0x09A8,0xD73B,0xE79D,0xE7BE,0xE7BE,0xE7BE,
    0xE79D,0x6BAE,0x39E5,0xB4A7,0xA50B,0x9D0A,0xADCC,0x8650,0x7E50,0x960E,0xD568,0x9D6B,0x6655,0x09E9,0x4883,0x7A44,
    0x20C2,0xC50E,0xEE53,0xFEF6,0xFF56,0xFF56,0xFF36,0xFF56,0xFF35,0xEDAF,0xF693,0xFED5,0xC48D,0xDD70,0xF6B3,0xEE11,
    0xCD2F,0x9BCD,0x72EA,0x18A3,0xA40D,0xA3EC,0x3BCA,0x6D8F,0x9DEF,0x430A,0x0022,0x10A3,0x2967,0xE7BE,0xE7BE,0xE7BE,
    0xEFDE,0xEFDE,0xEFDE,0xEFDE,0xEFDE,0xEFDE,0xEFDE,0xEFDE,0xEFDE,0xEFDE,0xEFDE,0xEFDE,0xEFDE,0xEFDE,0xEFDE,0xEFDE,
    0xEFDE,0xEFDE,0xEFDE,0xEFDE,0xEFDE,0xEFDE,0xEFDE,0xEFDE,0xEFDE,0xEFDE,0xEFDE,0xEFDE,0xEFDE,0xEFDE,0xEFDE,0xEFDE,
    0xEFDE,0xEFDE,0xEFDE,0xEFDE,0xEFDE,0xEFDE,0xEFDE,0xEFDE,0xEFDE,0xEFDE,0xEFDE,0xE7BE,0xE7BE,0x29E9,0x8BEC,0x434B,
    0x11C8,0x3D0F,0x5D8F,0x5D6E,0x5D8E,0x5D8F,0x5D8E,0x5D4D,0x4D2E,0x550E,0xB653,0xFF36,0xFF36,0xFF36,0xFF15,0xFD91,
    0xF2E8,0xFC0C,0xFC0B,0xBAA8,0x4D8E,0x5D8E,0x558E,0x5D6E,0x552E,0x3CAE,0x1B6C,0xB637,0xDF7D,0xE7BE,0xE7BE,0xE79D,
    0xDF7D,0xBE38,0x2986,0x10A3,0x83A7,0xADCB,0xA60F,0x9652,0xC60B,0xE609,0xB56A,0x85EF,0x12A9,0x28E4,0x6924,0xC42B,
    0xDD50,0xF6B4,0xFF56,0xFF57,0xFF56,0xFF56,0xFF36,0xFED4,0xF693,0xBC4C,0xDDB0,0xD54F,0xE5D0,0xEDF1,0xE5D0,0xFEF4,
    0xFED4,0xF6B3,0xF673,0xCCEF,0xD52F,0xCCAE,0x2124,0x1A68,0x2A68,0x9BAB,0xB42C,0xA3CB,0x2125,0xD73B,0xE7BE,0xE7BE,
    0xEFDE,0xEFDE,0xEFDE,0xEFDE,0xEFDE,0xEFDE,0xEFDE,0xEFDE,0xEFDE,0xEFDE,0xEFDE,0xEFDE,0xEFDE,0xEFDE,0xEFDE,0xEFDE,
    0xEFDE,0xEFDE,0xEFDE,0xEFDE,0xEFDE,0xEFDE,0xEFDE,0xEFDE,0xEFDE,0xEFDE,0xEFDE,0xEFDE,0xEFDE,0xEFDE,0xEFDE,0xEFDE,
    0xEFDE,0xEFDE,0xEFDE,0xEFDE,0xEFDE,0xEFDE,0xEFDE,0xEFDE,0xEFDE,0xEFDE,0xEFDE,0xE7BE,0xE79D,0x21A8,0xBCAC,0xE694,
    0x19A7,0x13CD,0x3CEF,0x5D6E,0x5D8F,0x5D8F,0x5D8E,0x5D8E,0x554E,0x554E,0xCE11,0xFF36,0xFF56,0xFF36,0xFF35,0xFF35,
    0xFEB5,0xFBEB,0xFC0B,0x92A8,0x5DAF,0x5DAE,0x5D8E,0x5D8E,0x550D,0x44AD,0x132C,0x2125,0xDF5C,0xE79D,0xE79D,0x9D35,
    0x8430,0x4A6A,0x39A7,0x49A7,0x0841,0x4122,0xA674,0x8E53,0xEE28,0x9D8C,0x85EF,0x4D4E,0x0862,0xA40C,0xB40B,0xF631,
    0xFF36,0xFF56,0xFF36,0xFF57,0xFF57,0xFF16,0xF672,0xF652,0xF652,0xA3EB,0xBCAC,0x9369,0xCD0E,0xE5D0,0xFEB3,0xFEF3,
    0xFF57,0xFF77,0xFF57,0xFF56,0xFF35,0xEDF0,0xC48D,0x0862,0xD54F,0xD52F,0xE5D1,0xE58F,0xCCCD,0x634D,0xE7BE,0xE7BE,
    0xE7BE,0xEFDE,0xEFDE,0xEFDE,0xEFDE,0xEFDE,0xEFDE,0xEFDE,0xEFDE,0xEFDE,0xEFDE,0xEFDE,0xEFDE,0xEFDE,0xEFDE,0xEFDE,
    0xEFDE,0xEFDE,0xEFDE,0xEFDE,0xEFDE,0xEFDE,0xEFDE,0xEFDE,0xEFDE,0xEFDE,0xEFDE,0xEFDE,0xEFDE,0xEFDE,0xEFDE,0xEFDE,
    0xEFDE,0xEFDE,0xEFDE,0xEFDE,0xEFDE,0xEFDE,0xEFDE,0xEFDE,0xEFDE,0xEFDE,0xEFDE,0xE7BE,0xE7BE,0x9D33,0x82E9,0xFF99,
    0xC591,0x11C6,0x1C0D,0x3D0F,0x556E,0x5D8F,0x5D8E,0x5D8F,0x5590,0x556E,0xD610,0xFF35,0xFF35,0xFF35,0xFF36,0xFF36,
    0xFF36,0xEBCA,0xFB89,0x8A88,0x5D8E,0x5DAF,0x5DAE,0x558E,0x5D6E,0x44CE,0x132B,0x10A4,0xDF3C,0xE79D,0xE79D,0x6B4D,
    0x9AEA,0x81A6,0xD287,0xDAA8,0xCA28,0x1062,0x1082,0x2A87,0xA56D,0x6E94,0x348D,0x10E3,0xA42C,0xBC4D,0xF630,0xFF35,
    0xFF36,0xFF56,0xFF57,0xFF57,0xFF57,0xFEF5,0xFF15,0xEDF0,0xB40B,0x4965,0x7288,0xD4ED,0xE5D0,0xFF15,0xFEF5,0xFF16,
    0xFF57,0xFF57,0xFF57,0xFF36,0xFF36,0xFF16,0xE5F1,0xDDD1,0xEE33,0xFF37,0xFF16,0xEE12,0xEDAF,0x0883,0xE7BE,0xE7BE,
    0xE7BE,0xEFDE,0xEFDE,0xEFDE,0xEFDE,0xEFDE,0xEFDE,0xEFDE,0xEFDE,0xEFDE,0xEFDE,0xEFDE,0xEFDE,0xEFDE,0xEFDE,0xEFDE,
    0xEFDE,0xEFDE,0xEFDE,0xEFDE,0xEFDE,0xEFDE,0xEFDE,0xEFDE,0xEFDE,0xEFDE,0xEFDE,0xEFDE,0xEFDE,0xEFDE,0xEFDE,0xEFDE,
    0xEFDE,0xEFDE,0xEFDE,0xEFDE,0xEFDE,0xEFDE,0xEFDE,0xEFDE,0xEFDE,0xEFDE,0xEFDE,0xE7BE,0xE7BE,0xE79D,0x31E8,0xCCCC,
    0xFF15,0xFF15,0x8C2C,0x6C8C,0x34CD,0x4D2E,0x558E,0x5D8E,0x5D6E,0x5D6E,0x95EF,0xFF35,0xFF15,0xFF15,0xFF77,0xFF36,
    0xFF16,0xFEF5,0xFE12,0xA267,0x556E,0x558F,0x854E,0x5DCF,0x4D6E,0x34EF,0x5268,0x0882,0xD71B,0xE79D,0xE79D,0xE77C,
    0x4A09,0x7945,0xDA87,0xD226,0xC247,0x6A08,0xABCC,0xA3CC,0x8B8B,0x0021,0x0021,0x9329,0xCCEE,0xF673,0xFF57,0xFF37,
    0xFF57,0xFF57,0xFF57,0xFF56,0xFF36,0xFF57,0xF672,0xDD2E,0xA36A,0x6207,0xB40C,0xB40C,0xCCEF,0xF631,0xFEB2,0xFF57,
    0xFF57,0xFF57,0xFF36,0xFF57,0xFF37,0xFF36,0xFF36,0xFF37,0xFF37,0xFF57,0xFF36,0xFF15,0xEE31,0xCCAC,0x18E6,0xE7BE,
    0xE7BE,0xEFDE,0xEFDE,0xEFDE,0xEFDE,0xEFDE,0xEFDE,0xEFDE,0xEFDE,0xEFDE,0xEFDE,0xEFDE,0xEFDE,0xEFDE,0xEFDE,0xEFDE,
    0xEFDE,0xEFDE,0xEFDE,0xEFDE,0xEFDE,0xEFDE,0xEFDE,0xEFDE,0xEFDE,0xEFDE,0xEFDE,0xEFDE,0xEFDE,0xEFDE,0xEFDE,0xEFDE,
    0xEFDE,0xEFDE,0xEFDE,0xEFDE,0xEFDE,0xEFDE,0xEFDE,0xEFDE,0xEFDE,0xEFDE,0xEFDE,0xE7BE,0xE7BE,0xE79D,0x424A,0xB409,
    0xFEF4,0xFF36,0xFF36,0xFF56,0xFF14,0x242D,0x2CCD,0x5D8E,0x556E,0x5D6E,0x554F,0xFF36,0xFF36,0xFF16,0xFF16,0xFF15,
    0xFF36,0xFF15,0xFF36,0xD308,0x55AF,0x4D6F,0xBCAC,0x552D,0x452E,0x1C0C,0xC247,0x1083,0x6B6E,0xE79D,0xE79D,0xE77D,
    0x9C30,0x1863,0xC1C5,0xD9E6,0x1863,0xB3EE,0xCCF0,0xCCCF,0xC46E,0x938B,0x9B8B,0xD50F,0xF673,0xFF57,0xFF57,0xFF57,
    0xFF57,0xFF57,0xFF36,0xFF36,0xFF36,0xFEF4,0xEDF2,0xCCEE,0x5A28,0x49E8,0xABEC,0xC4AE,0xD510,0xDD6F,0xFEB3,0xFF16,
    0xFF57,0xFF56,0xFF37,0xFF37,0xFF57,0xFF37,0xFF37,0xFF37,0xFF57,0xFF36,0xFF36,0xFF16,0xFF16,0xC44B,0x10A5,0xE7BE,
    0xE7BE,0xEFDE,0xEFDE,0xEFDE,0xEFDE,0xEFDE,0xEFDE,0xEFDE,0xEFDE,0xEFDE,0xEFDE,0xEFDE,0xEFDE,0xEFDE,0xEFDE,0xEFDE,
    0xEFDE,0xEFDE,0xEFDE,0xEFDE,0xEFDE,0xEFDE,0xEFDE,0xEFDE,0xEFDE,0xEFDE,0xEFDE,0xEFDE,0xEFDE,0xEFDE,0xEFDE,0xEFDE,
    0xEFDE,0xEFDE,0xEFDE,0xEFDE,0xEFDE,0xEFDE,0xEFDE,0xEFDE,0xEFDE,0xEFDE,0xEFDE,0xE7BE,0xE7BE,0xE7BE,0x636E,0x08A4,
    0xF611,0xFF36,0xFF57,0xFF37,0xFF36,0xFF36,0xEEF5,0x7590,0x2CEE,0x4D0D,0x4D4E,0xEE32,0xFF36,0xFF36,0xFF36,0xFF15,
    0xFF15,0xFF15,0xFF15,0xED8F,0x35CF,0x4DAF,0xCC6C,0xA44B,0x44ED,0x140B,0xEB09,0xBA48,0x3187,0xAD75,0xDF5C,0xCE58,
    0x2105,0x5986,0xE207,0x1843,0x59C7,0xFEB4,0xF693,0xF652,0xEDF0,0xDD90,0xDD90,0xFEF5,0xFF57,0xFF57,0xFF57,0xFF57,
    0xFF57,0xFF57,0xFF37,0xFF37,0xFF37,0xF672,0xDDB2,0xB46E,0x18E4,0x2904,0x936B,0xB44D,0xD530,0xE590,0xF652,0xFED3,
    0xFF36,0xFF36,0xFF37,0xFF37,0xFF57,0xFF37,0xFF37,0xFF57,0xFF37,0xFF36,0xFF36,0xFF16,0xF694,0xCC6C,0x10A4,0xE7BE,
    0xE7BE,0xE7BE,0xEFDE,0xEFDE,0xEFDE,0xEFDE,0xEFDE,0xEFDE,0xEFDE,0xEFDE,0xEFDE,0xEFDE,0xEFDE,0xEFDE,0xEFDE,0xEFDE,
    0xEFDE,0xEFDE,0xEFDE,0xEFDE,0xEFDE,0xEFDE,0xEFDE,0xEFDE,0xEFDE,0xEFDE,0xEFDE,0xEFDE,0xEFDE,0xEFDE,0xEFDE,0xEFDE,
    0xEFDE,0xEFDE,0xEFDE,0xEFDE,0xEFDE,0xEFDE,0xEFDE,0xEFDE,0xEFDE,0xEFDE,0xEFDE,0xE7BE,0xE7BE,0xE7BE,0xADB6,0x0863,
    0xEDB0,0xFF57,0xFF37,0xFF36,0xFF36,0xFF36,0xFF36,0xFF36,0xFF96,0xAE32,0x3D0E,0xB5D0,0xFF37,0xFF36,0xFF36,0xFF15,
    0xFF15,0xFF15,0xFF16,0xFF57,0x5C4D,0x4D6F,0xC46D,0xEBCB,0x5CAD,0x2CAD,0xF38B,0xE288,0x9125,0x28A4,0x28A4,0x4926,
    0xC1C6,0xF2C8,0xD248,0x0842,0xCCCD,0xFEB4,0xFF15,0xFF57,0xFF56,0xFF57,0xFF57,0xFF57,0xFF57,0xFF57,0xFF57,0xFF57,
    0xFF57,0xFF57,0xFF37,0xFF37,0xFEF5,0xEDF1,0xDD92,0x6A69,0x2946,0xDF1B,0x2125,0x82AA,0xD530,0xD4EF,0xEDD1,0xFED3,
    0xFF36,0xFF36,0xFF36,0xFF57,0xFF37,0xFF37,0xFF37,0xFF37,0xFF37,0xFF36,0xFED4,0xFF77,0xE611,0x8267,0x10C4,0xE7BE,
    0xE7BE,0xE7BE,0xEFDE,0xEFDE,0xEFDE,0xEFDE,0xEFDE,0xEFDE,0xEFDE,0xEFDE,0xEFDE,0xEFDE,0xEFDE,0xEFDE,0xEFDE,0xEFDE,
    0xEFDE,0xEFDE,0xEFDE,0xEFDE,0xEFDE,0xEFDE,0xEFDE,0xEFDE,0xEFDE,0xEFDE,0xEFDE,0xEFDE,0xEFDE,0xEFDE,0xEFDE,0xEFDE,
    0xEFDE,0xEFDE,0xEFDE,0xEFDE,0xEFDE,0xEFDE,0xEFDE,0xEFDE,0xEFDE,0xEFDE,0xEFDE,0xEFDE,0xEFDE,0xEFDE,0xE7BE,0x3209,
    0xA42B,0xFF36,0xFF36,0xFF36,0xFF36,0xFF36,0xFF36,0xFF36,0xFF36,0xFF36,0xFF16,0xFED2,0xFED2,0xFF16,0xFF15,0xFF36,
    0xFF16,0xFF16,0xFF16,0xFF36,0xF56E,0x642C,0x8CCE,0xF3EB,0xDC0C,0x656F,0xEC2D,0xFBAA,0xFB29,0xF309,0xFB4A,0xF329,
    0xFB4A,0xFB4A,0xD268,0x20A4,0xB3A9,0xFEB3,0xFF77,0xFF57,0xFF57,0xFF57,0xFF57,0xFF57,0xFF57,0xFF57,0xFF57,0xFF57,
    0xFF57,0xFF57,0xFF37,0xFF36,0xF693,0xE5D1,0xD530,0x3966,0x52AB,0xE7BE,0x9D13,0x2926,0xB42E,0xD50F,0xE590,0xEE52,
    0xFED4,0xFF57,0xFF57,0xFF37,0xFF57,0xFF57,0xFF37,0xFF37,0xFF36,0xFED4,0xFEF5,0xEE32,0xE5D0,0x1084,0xEFDE,0xE7BE,
    0xEFDE,0xEFDE,0xEFDE,0xEFDE,0xEFDE,0xEFDE,0xEFDE,0xEFDE,0xEFDE,0xEFDE,0xEFDE,0xEFDE,0xEFDE,0xEFDE,0xEFDE,0xEFDE,
    0xEFDE,0xEFDE,0xEFDE,0xEFDE,0xEFDE,0xEFDE,0xEFDE,0xEFDE,0xEFDE,0xEFDE,0xEFDE,0xEFDE,0xEFDE,0xEFDE,0xEFDE,0xEFDE,
    0xEFDE,0xEFDE,0xEFDE,0xEFDE,0xEFDE,0xEFDE,0xEFDE,0xEFDE,0xEFDE,0xEFDE,0xEFDE,0xEFDE,0xEFDE,0xEFDE,0xE7BE,0xD6FB,
    0x29C8,0xE52B,0xFED4,0xFF36,0xFF36,0xFF36,0xFF36,0xFF36,0xFF36,0xFF36,0xFF36,0xFF56,0xFE4F,0xFEF4,0xFF15,0xFF36,
    0xFF36,0xFF36,0xFF16,0xFF16,0xFF15,0xE3AA,0x7CCC,0xFC0C,0xFC4C,0xD4AE,0xCCAE,0xFBCB,0xFBAA,0xFBEB,0xFBCA,0xFBCB,
    0xFBCB,0xFBCB,0xF2E8,0x0021,0x8247,0xF652,0xFF36,0xFF77,0xFF57,0xFF57,0xFF57,0xFF57,0xFF57,0xFF57,0xFF57,0xFF57,
    0xFF57,0xFF57,0xFF16,0xFED4,0xEE32,0xE5B1,0xB42D,0x10A3,0xE79D,0xE7BE,0xE79D,0x1083,0xAC2D,0xD50F,0xE591,0xF693,
    0xF6B3,0xFEF4,0xFF36,0xFF37,0xFF36,0xFF37,0xFF36,0xFF36,0xFEF5,0xF693,0xEE32,0xD54F,0xCC8C,0x10A4,0xEFDE,0xEFDE,
    0xEFDE,0xEFDE,0xEFDE,0xEFDE,0xEFDE,0xEFDE,0xEFDE,0xEFDE,0xEFDE,0xEFDE,0xEFDE,0xEFDE,0xEFDE,0xEFDE,0xEFDE,0xEFDE,
    0xEFDE,0xEFDE,0xEFDE,0xEFDE,0xEFDE,0xEFDE,0xEFDE,0xEFDE,0xEFDE,0xEFDE,0xEFDE,0xEFDE,0xEFDE,0xEFDE,0xEFDE,0xEFDE,
    0xEFDE,0xEFDE,0xEFDE,0xEFDE,0xEFDE,0xEFDE,0xEFDE,0xEFDE,0xEFDE,0xEFDE,0xEFDE,0xEFDE,0xEFDE,0xEFDE,0xE7BE,0xE79D,
    0x31E8,0xD50B,0xFEB3,0xFF15,0xFF36,0xFF36,0xFF36,0xFF36,0xFF36,0xFF36,0xFF36,0xFF36,0xFF15,0xFE50,0xFF15,0xFF36,
    0xFF36,0xFF36,0xFF36,0xFF16,0xFF36,0xFF14,0xFC49,0xFC2B,0xFC4C,0xFC4C,0xFC4C,0xFC4C,0xFC6C,0xFC2C,0xFBCB,0xFBEB,
    0xFBEB,0xFB09,0xF2A8,0x89C7,0x4945,0xDD90,0xF693,0xFF36,0xFED4,0xFF57,0xFF57,0xFF57,0xFF57,0xFF37,0xFF57,0xFF57,
    0xFF57,0xFF57,0xFEF5,0xFEF5,0xEE12,0xE5B0,0x936B,0x2104,0xE79D,0xE7BE,0xE7BE,0x0862,0xB42E,0xD50F,0xE5B0,0xF6B4,
    0xF693,0xF6B3,0xF6B3,0xFE93,0xFF36,0xFF36,0xFEF5,0xF673,0xF652,0xF632,0xD550,0xC48D,0x62A9,0x4209,0xEFDE,0xEFDE,
    0xEFDE,0xEFDE,0xEFDE,0xEFDE,0xEFDE,0xEFDE,0xEFDE,0xEFDE,0xEFDE,0xEFDE,0xEFDE,0xEFDE,0xEFDE,0xEFDE,0xEFDE,0xEFDE,
    0xEFDE,0xEFDE,0xEFDE,0xEFDE,0xEFDE,0xEFDE,0xEFDE,0xEFDE,0xEFDE,0xEFDE,0xEFDE,0xEFDE,0xEFDE,0xEFDE,0xEFDE,0xEFDE,
    0xEFDE,0xEFDE,0xEFDE,0xEFDE,0xEFDE,0xEFDE,0xEFDE,0xEFDE,0xEFDE,0xEFDE,0xEFDE,0xEFDE,0xEFDE,0xEFDE,0xE7BE,0xE7BE,
    0xE7BE,0x29A7,0xB3CA,0xF652,0xFF57,0xFF36,0xFF36,0xFF36,0xFF36,0xFF36,0xFF36,0xFF36,0xFF15,0xFEF4,0xFE71,0xFF16,
    0xFF37,0xFF36,0xFF36,0xFF16,0xFF36,0xFF36,0xFED3,0xFD90,0xF38B,0xFC0C,0xFC2C,0xFC4C,0xFC4C,0xFBEB,0xFBCB,0xFBAA,
    0xFB69,0xF2E9,0xDA28,0xD208,0x9A48,0x9B6B,0xDD70,0xEE12,0xFEB4,0xFEB3,0xFED4,0xFF37,0xFF57,0xFF57,0xFF57,0xFEF5,
    0xFEB4,0xFED4,0xFED4,0xE5F1,0xE5D1,0xBC4D,0x20E5,0xEFDE,0xE7BE,0xE7BE,0xE7BE,0xCE79,0x5209,0xDD50,0xDD70,0xDD70,
    0xE5D0,0xF672,0xFEB4,0xEE11,0xEE11,0xEE11,0xEDF1,0xEDF1,0xE5B1,0xD530,0xCD30,0x7AEA,0x0001,0xE7BE,0xEFDE,0xEFDE,
    0xEFDE,0xEFDE,0xEFDE,0xEFDE,0xEFDE,0xEFDE,0xEFDE,0xEFDE,0xEFDE,0xEFDE,0xEFDE,0xEFDE,0xEFDE,0xEFDE,0xEFDE,0xEFDE,
    0xEFDE,0xEFDE,0xEFDE,0xEFDE,0xEFDE,0xEFDE,0xEFDE,0xEFDE,0xEFDE,0xEFDE,0xEFDE,0xEFDE,0xEFDE,0xEFDE,0xEFDE,0xEFDE,
    0xEFDE,0xEFDE,0xEFDE,0xEFDE,0xEFDE,0xEFDE,0xEFDE,0xEFDE,0xEFDE,0xEFDE,0xEFDE,0xEFDE,0xEFDE,0xEFDE,0xEFDE,0xE7BE,
    0xE7BE,0xE79D,0x83CC,0xEDD0,0xF611,0xFEB3,0xFEF4,0xFF15,0xFF35,0xFF36,0xFEF4,0xFF15,0xFEF4,0xFEF4,0xFE71,0xFE30,
    0xFE92,0xFF16,0xFF16,0xFF16,0xFF36,0xFF36,0xFEF5,0xFE93,0xFE72,0xFB8A,0xFBAA,0xFBCB,0xFBEB,0xFBEB,0xFB8A,0xFB49,
    0xFB29,0xDA07,0xDA27,0xC208,0xB269,0x1883,0xC4AE,0xD591,0xEE33,0xE612,0xFEB3,0xFEB3,0xFEB3,0xFEB3,0xFEB3,0xFEB3,
    0xF652,0xDD70,0xEDF1,0xDD4F,0xCD0F,0xBCCF,0x5AEC,0xEFDE,0xE7BE,0xE7BE,0xE7BE,0xE7BE,0x39E8,0x72CA,0xC4CE,0xD52F,
    0xDD4F,0xDD90,0xD52F,0xDD90,0xDDB1,0xE5B1,0xD550,0xD550,0xD530,0xD50F,0xCD30,0x3986,0xE77D,0xE7BE,0xEFDE,0xEFDE,
    0xEFDE,0xEFDE,0xEFDE,0xEFDE,0xEFDE,0xEFDE,0xEFDE,0xEFDE,0xEFDE,0xEFDE,0xEFDE,0xEFDE,0xEFDE,0xEFDE,0xEFDE,0xEFDE,
    0xEFDE,0xEFDE,0xEFDE,0xEFDE,0xEFDE,0xEFDE,0xEFDE,0xEFDE,0xEFDE,0xEFDE,0xEFDE,0xEFDE,0xEFDE,0xEFDE,0xEFDE,0xEFDE,
    0xEFDE,0xEFDE,0xEFDE,0xEFDE,0xEFDE,0xEFDE,0xEFDE,0xEFDE,0xEFDE,0xEFDE,0xEFDE,0xEFDE,0xEFDE,0xEFDE,0xEFDE,0xE7BE,
    0xE7BE,0xE7BE,0x73AF,0x3167,0xF612,0xF610,0xFE72,0xFE92,0xFED4,0xFED4,0xFED4,0xFEF4,0xFE92,0xFE92,0xFE52,0xFE10,
    0xFD4E,0xFE31,0xFED4,0xFF36,0xFF36,0xFF36,0xFF36,0xFF15,0xFEB4,0xFE72,0xFDF1,0xFD70,0xFBCB,0xFBAA,0xFB29,0xEAA8,
    0xDA06,0xD227,0xC229,0xA26C,0x92AC,0x0842,0xDD71,0xCD0F,0xD571,0xDD91,0xE5D1,0xE5D1,0xEE12,0xEE12,0xEE32,0xDD91,
    0xDD70,0xDD50,0xCD0F,0xAC2D,0x938B,0x10C4,0xDF3C,0xE7BE,0xE7BE,0xE7BE,0xE7BE,0xE7BE,0xE79D,0x5AEC,0x3187,0x72CA,
    0xB42D,0xA3EC,0xCD0F,0xCCEF,0xD550,0xD550,0xD530,0xD530,0xCCEF,0xC4AE,0x2926,0x52AB,0xE7BD,0xE7BE,0xEFDE,0xEFDE,
    0xEFDE,0xEFDE,0xEFDE,0xEFDE,0xEFDE,0xEFDE,0xEFDE,0xEFDE,0xEFDE,0xEFDE,0xEFDE,0xEFDE,0xEFDE,0xEFDE,0xEFDE,0xEFDE,
    0xEFDE,0xEFDE,0xEFDE,0xEFDE,0xEFDE,0xEFDE,0xEFDE,0xEFDE,0xEFDE,0xEFDE,0xEFDE,0xEFDE,0xEFDE,0xEFDE,0xEFDE,0xEFDE,
    0xEFDE,0xEFDE,0xEFDE,0xEFDE,0xEFDE,0xEFDE,0xEFDE,0xEFDE,0xEFDE,0xEFDE,0xEFDE,0xEFDE,0xEFDE,0xEFDE,0xEFDE,0xE7BE,
    0xE7BE,0xE7BE,0xE7BE,0xC699,0x3185,0xA2C3,0xA348,0xF5F0,0xF631,0xF631,0xF611,0xF611,0xF632,0xF5F1,0xF52E,0xF42C,
    0xF369,0xF308,0xF48C,0xFD8F,0xFE52,0xFE72,0xFE52,0xFE52,0xFE92,0xFE93,0xFE71,0xFE30,0xF3E8,0xFCCB,0xEB28,0xEB68,
    0xD348,0xBC4C,0xA28E,0x928D,0x7ACD,0x3988,0x10A4,0xA38A,0xD530,0xD50F,0xD50F,0xD50F,0xCD0F,0xCD0F,0xD530,0xD550,
    0xC4AE,0x936B,0x7B0A,0x10C5,0x39C8,0xE7BE,0xE7BE,0xE7BE,0xEFDE,0xEFDE,0xEFDE,0xE7BE,0xE7BE,0xE7BE,0xE7BD,0x4208,
    0x10A4,0x8BCD,0x730B,0xC4AE,0xDD50,0xE591,0xDD50,0x7206,0x1862,0x0821,0x0841,0xE77D,0xE7BE,0xE7BE,0xEFDE,0xEFDE,
    0xEFDE,0xEFDE,0xEFDE,0xEFDE,0xEFDE,0xEFDE,0xEFDE,0xEFDE,0xEFDE,0xEFDE,0xEFDE,0xEFDE,0xEFDE,0xEFDE,0xEFDE,0xEFDE,
    0xEFDE,0xEFDE,0xEFDE,0xEFDE,0xEFDE,0xEFDE,0xEFDE,0xEFDE,0xEFDE,0xEFDE,0xEFDE,0xEFDE,0xEFDE,0xEFDE,0xEFDE,0xEFDE,
    0xEFDE,0xEFDE,0xEFDE,0xEFDE,0xEFDE,0xEFDE,0xEFDE,0xEFDE,0xEFDE,0xEFDE,0xEFDE,0xEFDE,0xEFDE,0xEFDE,0xEFDE,0xEFDE,
    0xEFDE,0xE7BE,0xE7BE,0xE7BE,0xEFBE,0x10C4,0x08A5,0xAB29,0xBBCA,0xE50D,0xE4ED,0xED0D,0xF4CD,0xF42C,0xF349,0xF308,
    0xF308,0xFBAA,0xFBEB,0xFC2B,0xFBCB,0xFBEA,0xFDAF,0xF58E,0xF56F,0xF56F,0xF50E,0xF44A,0xFC4A,0xEBC9,0xDC0A,0xD46C,
    0xB3CC,0xABAE,0x92CE,0x82CE,0x2986,0xB595,0x1904,0x1883,0x6164,0xD4EE,0xD4CE,0xCCEF,0xCCEF,0xCCEE,0xBC8D,0xB40D,
    0x628A,0x41C7,0x2125,0xEFDE,0xEFDE,0xEFDE,0xE7BE,0xEFDE,0xEFDE,0xEFDE,0xEFDE,0xEFDE,0xEFDE,0xE7BE,0xE7BE,0xE7BE,
    0xEFDE,0x31A7,0x0843,0x18A3,0x2082,0x30C2,0x40E3,0x5904,0x9185,0x99A6,0x0841,0x20E4,0x6B8E,0xE7BE,0xEFDE,0xEFDE,
    0xEFDE,0xEFDE,0xEFDE,0xEFDE,0xEFDE,0xEFDE,0xEFDE,0xEFDE,0xEFDE,0xEFDE,0xEFDE,0xEFDE,0xEFDE,0xEFDE,0xEFDE,0xEFDE,
    0xEFDE,0xEFDE,0xEFDE,0xEFDE,0xEFDE,0xEFDE,0xEFDE,0xEFDE,0xEFDE,0xEFDE,0xEFDE,0xEFDE,0xEFDE,0xEFDE,0xEFDE,0xEFDE,
    0xEFDE,0xEFDE,0xEFDE,0xEFDE,0xEFDE,0xEFDE,0xEFDE,0xEFDE,0xEFDE,0xEFDE,0xEFDE,0xEFDE,0xEFDE,0xEFDE,0xEFDE,0xEFDE,
    0xEFDE,0xEFDE,0xEFDE,0xE7BE,0xE7BE,0xE7BE,0xCEBA,0x1906,0x10E6,0x61A6,0x8185,0xB144,0xB945,0xB945,0xF369,0xFBEB,
    0xFBCB,0xFBCB,0xFBEB,0xFC0B,0xFC0C,0xFC0C,0xFC0B,0xFB89,0xFB69,0xF3A9,0xF3AA,0xEBCA,0xDC2B,0xD44C,0xCC6C,0xB42E,
    0xA38E,0x8AEE,0x6ACE,0x1947,0x732B,0xCE99,0x18E4,0xA247,0x79C5,0x5924,0x38C2,0x30C2,0x38E4,0x30E4,0x20C4,0x10A4,
    0x1906,0xB5F7,0xE7BE,0xE7BE,0xEFDE,0xEFDE,0xEFDE,0xEFDE,0xEFDE,0xEFDE,0xEFDE,0xEFDE,0xEFDE,0xEFDE,0xE7BE,0xE7BE,
    0xE79D,0xC699,0x0863,0x7146,0x91A7,0x99A7,0xC288,0xCA68,0xCAA8,0x91E7,0x0841,0x1948,0x1968,0x8471,0xE7BE,0xE7BE,
    0xE7BE,0xEFDE,0xEFDE,0xEFDE,0xEFDE,0xEFDE,0xEFDE,0xEFDE,0xEFDE,0xEFDE,0xEFDE,0xEFDE,0xEFDE,0xEFDE,0xEFDE,0xEFDE,
    0xEFDE,0xEFDE,0xEFDE,0xEFDE,0xEFDE,0xEFDE,0xEFDE,0xEFDE,0xEFDE,0xEFDE,0xEFDE,0xEFDE,0xEFDE,0xEFDE,0xEFDE,0xEFDE,
    0xEFDE,0xEFDE,0xEFDE,0xEFDE,0xEFDE,0xEFDE,0xEFDE,0xEFDE,0xEFDE,0xEFDE,0xEFDE,0xEFDE,0xEFDE,0xEFDE,0xEFDE,0xEFDE,
    0xEFDE,0xEFDE,0xEFDE,0xE7BE,0xE7BE,0xE7BE,0xE7BE,0xE7BD,0xDF3C,0x4229,0x18A4,0x6905,0xB145,0xF2C8,0xFB69,0xFBAA,
    0xFBCB,0xFBEB,0xFBEB,0xFBEB,0xFBEB,0xFC0C,0xFB49,0xF2C9,0xF288,0xEA68,0xDA68,0xD48D,0xCC8D,0xAC0D,0xA3ED,0x938F,
    0x830F,0x72CE,0x2947,0x6BAD,0x1083,0x0862,0x0862,0xD38B,0xCB2A,0xB267,0xCA87,0xC247,0x5904,0x6124,0x2106,0xA555,
    0xE7BE,0xE7BE,0xE7BE,0xE7BE,0xEFDE,0xEFDE,0xEFDE,0xEFDE,0xEFDE,0xEFDE,0xEFDE,0xEFDE,0xEFDE,0xEFDE,0xEFDE,0xE7BE,
    0x52AB,0x10A5,0x0864,0xAA6B,0xC2CA,0xDB29,0xFD2D,0xC4EC,0x0946,0x12A9,0x1B6C,0x0106,0x1928,0x0864,0xE7BE,0xE7BE,
    0xE7BE,0xEFDE,0xEFDE,0xEFDE,0xEFDE,0xEFDE,0xEFDE,0xEFDE,0xEFDE,0xEFDE,0xEFDE,0xEFDE,0xEFDE,0xEFDE,0xEFDE,0xEFDE,
    0xEFDE,0xEFDE,0xEFDE,0xEFDE,0xEFDE,0xEFDE,0xEFDE,0xEFDE,0xEFDE,0xEFDE,0xEFDE,0xEFDE,0xEFDE,0xEFDE,0xEFDE,0xEFDE,
    0xEFDE,0xEFDE,0xEFDE,0xEFDE,0xEFDE,0xEFDE,0xEFDE,0xEFDE,0xEFDE,0xEFDE,0xEFDE,0xEFDE,0xEFDE,0xEFDE,0xEFDE,0xEFDE,
    0xEFDE,0xEFDE,0xEFDE,0xEFDE,0xE7BE,0xE7BE,0xE7BE,0xE7BE,0xE79D,0x62EC,0x5925,0xF309,0xFB49,0xFB49,0xFBAA,0xFBCB,
    0xFBEB,0xFB29,0xFB08,0xFB69,0xFB29,0xEAA8,0xE288,0xE2C9,0xCA48,0x81E7,0xB44D,0xA40F,0x93AD,0x9BED,0x4A2B,0x3169,
    0x3147,0xAD33,0x4208,0x19CA,0x11CA,0x0042,0x8ED4,0x75F0,0x3C2B,0x00A3,0x0842,0xE389,0xCB08,0x1042,0x0884,0xE77D,
    0xE7BE,0xE7BE,0xE7BE,0xE7BE,0xEFDE,0xEFDE,0xEFDE,0xEFDE,0xEFDE,0xEFDE,0xEFDE,0xEFDE,0xEFDE,0xEFDE,0xE7BE,0x2126,
    0x10E6,0x1907,0x0022,0x0002,0x0002,0x0002,0x0043,0x3C8F,0x6E32,0x7651,0x4D6E,0x1BAA,0x0842,0x0043,0xE7BE,0xE7BE,
    0xE7BE,0xE7BE,0xEFDE,0xEFDE,0xEFDE,0xEFDE,0xEFDE,0xEFDE,0xEFDE,0xEFDE,0xEFDE,0xEFDE,0xEFDE,0xEFDE,0xEFDE,0xEFDE,
    0xEFDE,0xEFDE,0xEFDE,0xEFDE,0xEFDE,0xEFDE,0xEFDE,0xEFDE,0xEFDE,0xEFDE,0xEFDE,0xEFDE,0xEFDE,0xEFDE,0xEFDE,0xEFDE,
    0xEFDE,0xEFDE,0xEFDE,0xEFDE,0xEFDE,0xEFDE,0xEFDE,0xEFDE,0xEFDE,0xEFDE,0xEFDE,0xEFDE,0xEFDE,0xEFDE,0xEFDE,0xEFDE,
    0xEFDE,0xEFDE,0xEFDE,0xEFDE,0xEFDE,0xEFDE,0xE7BE,0xEFBE,0xDF1B,0x6966,0xD1E6,0xE247,0xE226,0xE246,0xDA67,0xF328,
    0xF307,0xF308,0xFB08,0xEAC7,0xDA27,0xDA27,0xD227,0x89A7,0x7A2A,0x5A4B,0x41EA,0x39C9,0x39C9,0x39EA,0x738F,0xD6FB,
    0xE79D,0xD6FB,0x0885,0x21AA,0x10C6,0x342D,0x8692,0x86D2,0x96B3,0x6DAF,0x3C4B,0x0042,0x0084,0x0864,0x1929,0xB5D7,
    0xE7BE,0xE7BE,0xE7BE,0xE7BE,0xEFDE,0xEFDE,0xEFDE,0xEFDE,0xEFDE,0xEFDE,0xEFDE,0xEFDE,0xEFDE,0xEFDE,0xE7BE,0x0043,
    0x1128,0x1107,0x1989,0x21CB,0x328D,0x2A4D,0x1148,0x22CA,0x3CCF,0x5B67,0x8A42,0xA281,0x9200,0x0822,0xDF5C,0xE7BE,
    0xE7BE,0xE7BE,0xEFDE,0xEFDE,0xEFDE,0xEFDE,0xEFDE,0xEFDE,0xEFDE,0xEFDE,0xEFDE,0xEFDE,0xEFDE,0xEFDE,0xEFDE,0xEFDE,
    0xEFDE,0xEFDE,0xEFDE,0xEFDE,0xEFDE,0xEFDE,0xEFDE,0xEFDE,0xEFDE,0xEFDE,0xEFDE,0xEFDE,0xEFDE,0xEFDE,0xEFDE,0xEFDE,
    0xEFDE,0xEFDE,0xEFDE,0xEFDE,0xEFDE,0xEFDE,0xEFDE,0xEFDE,0xEFDE,0xEFDE,0xEFDE,0xEFDE,0xEFDE,0xEFDE,0xEFDE,0xEFDE,
    0xEFDE,0xEFDE,0xEFDE,0xEFDE,0xEFDE,0xEFDE,0xE7BE,0xE7BE,0x3167,0x7987,0x7946,0xC9E6,0xD206,0xC9E6,0xE267,0xE247,
    0xE226,0xE246,0xEAA8,0xD1E7,0xD207,0xA9C7,0x4968,0x51C9,0x3968,0x41EA,0x6B6F,0xE79D,0xE79D,0xE79D,0xE79D,0xE7BE,
    0xE79D,0xDF3B,0x1083,0x1968,0x28E4,0x4942,0x7BA5,0x8690,0x5D6E,0x4CEC,0x1A88,0x1969,0x21EB,0x21CB,0x1107,0x1083,
    0xE7BE,0xE7BE,0xE7BE,0xEFDE,0xEFDE,0xEFDE,0xEFDE,0xEFDE,0xEFDE,0xEFDE,0xEFDE,0xEFDE,0xEFDE,0xEFDE,0xE7BE,0x0043,
    0x1108,0x1108,0x08E7,0x198A,0x19AB,0x21CB,0x1969,0x0862,0x3102,0xE441,0xFFFA,0xFEEF,0xF5C5,0x6961,0x3123,0xE79D,
    0xE7BE,0xE7BE,0xEFDE,0xEFDE,0xEFDE,0xEFDE,0xEFDE,0xEFDE,0xEFDE,0xEFDE,0xEFDE,0xEFDE,0xEFDE,0xEFDE,0xEFDE,0xEFDE,
    0xEFDE,0xEFDE,0xEFDE,0xEFDE,0xEFDE,0xEFDE,0xEFDE,0xEFDE,0xEFDE,0xEFDE,0xEFDE,0xEFDE,0xEFDE,0xEFDE,0xEFDE,0xEFDE,
    0xEFDE,0xEFDE,0xEFDE,0xEFDE,0xEFDE,0xEFDE,0xEFDE,0xEFDE,0xEFDE,0xEFDE,0xEFDE,0xEFDE,0xEFDE,0xEFDE,0xEFDE,0xEFDE,
    0xEFDE,0xEFDE,0xEFDE,0xEFDE,0xEFDE,0xEFDE,0xEFDE,0xE7DE,0xE7BE,0xCE79,0x18C5,0x20C5,0x28A5,0x30C5,0x40C5,0x40C5,
    0x48E5,0x48E5,0x5105,0x40E5,0x28C5,0x2967,0xD6BA,0xE77C,0xE79D,0xE7BE,0xE7BE,0xE7BE,0xE7BE,0xE7BE,0xE7BE,0xE7BE,
    0xE79D,0x8C91,0x5963,0x38C3,0xCB60,0xFF6E,0xFFF4,0xFE89,0x7181,0x4962,0x0021,0x19AA,0x1969,0x1108,0x10E7,0x1084,
    0xE7BE,0xE7BE,0xEFDE,0xE7BE,0xEFDE,0xEFDE,0xEFDE,0xEFDE,0xEFDE,0xEFDE,0xEFDE,0xEFDE,0xEFDE,0xEFDE,0xEFDE,0xEFDE,
    0x0022,0x10E6,0x08C6,0x1969,0x2189,0x1927,0x10A4,0x0001,0xE485,0xFEA7,0xFE68,0xFE06,0xFE05,0xF5A2,0x4102,0x18C3,
    0xE7BE,0xEFDE,0xEFDE,0xEFDE,0xEFDE,0xEFDE,0xEFDE,0xEFDE,0xEFDE,0xEFDE,0xEFDE,0xEFDE,0xEFDE,0xEFDE,0xEFDE,0xEFDE,
    0xEFDE,0xEFDE,0xEFDE,0xEFDE,0xEFDE,0xEFDE,0xEFDE,0xEFDE,0xEFDE,0xEFDE,0xEFDE,0xEFDE,0xEFDE,0xEFDE,0xEFDE,0xEFDE,
    0xEFDE,0xEFDE,0xEFDE,0xEFDE,0xEFDE,0xEFDE,0xEFDE,0xEFDE,0xEFDE,0xEFDE,0xEFDE,0xEFDE,0xEFDE,0xEFDE,0xEFDE,0xEFDE,
    0xEFDE,0xEFDE,0xEFDE,0xEFDE,0xEFDE,0xEFDE,0xEFDE,0xE7BE,0xE7BE,0xEFBE,0xEFDE,0xEFDE,0xA555,0x94B2,0x9C92,0x9C92,
    0x9CB2,0x9CB2,0x9CD3,0xB596,0xEFDE,0xE7BE,0xE7BE,0xE7BE,0xE7BE,0xE7BE,0xE7BE,0xE7BE,0xE7BE,0xE7BE,0xE7BE,0xE7BE,
    0xE7BE,0x2965,0x6163,0x3882,0xF521,0xFEED,0xFF0C,0xFE89,0xFDE4,0x9A62,0x0820,0x10C5,0x1969,0x1108,0x10E6,0x3A09,
    0xE7BE,0xE7BE,0xEFDE,0xEFDE,0xEFDE,0xEFDE,0xEFDE,0xEFDE,0xEFDE,0xEFDE,0xEFDE,0xEFDE,0xEFDE,0xEFDE,0xE7BE,0xE7BE,
    0x0021,0x30E3,0x28C3,0x2925,0x49A5,0x5943,0x8204,0x79C3,0x38C2,0xFD81,0xFE8E,0xF5E5,0xF5A2,0xE4E0,0x6122,0x0843,
    0xD71B,0xEFDE,0xE7BE,0xE7BE,0xE7BE,0xE7BE,0xEFDE,0xE7BE,0xE7BE,0xEFDE,0xEFDE,0xEFDE,0xEFDE,0xEFDE,0xEFDE,0xEFDE,
    0xEFDE,0xEFDE,0xEFDE,0xEFDE,0xEFDE,0xEFDE,0xEFDE,0xEFDE,0xEFDE,0xEFDE,0xEFDE,0xEFDE,0xEFDE,0xEFDE,0xEFDE,0xEFDE,
    0xEFDE,0xEFDE,0xEFDE,0xEFDE,0xEFDE,0xEFDE,0xEFDE,0xEFDE,0xEFDE,0xEFDE,0xEFDE,0xEFDE,0xEFDE,0xEFDE,0xEFDE,0xEFDE,
    0xEFDE,0xEFDE,0xEFDE,0xEFDE,0xEFDE,0xEFDE,0xEFDE,0xEFDE,0xEFDE,0xEFDE,0xEFDE,0xEFDE,0xE7BE,0xEFDE,0xEFDE,0xEFDE,
    0xEFDE,0xEFDE,0xEFDE,0xEFDE,0xEFBE,0xEFDE,0xE7BE,0xE7BE,0xE7BE,0xE7BE,0xE7BE,0xE7BE,0xE7BE,0xE7BE,0xE7BE,0xE7BE,
    0xBE38,0x28C4,0x7183,0xD3E1,0xF583,0xFE69,0xFDC2,0xFDA3,0xECA1,0x5902,0x92E5,0x69C3,0x3924,0x3965,0x0042,0xD71B,
    0xEFDE,0xEFDE,0xEFDE,0xEFDE,0xEFDE,0xEFDE,0xEFDE,0xEFDE,0xEFDE,0xEFDE,0xEFDE,0xEFDE,0xEFDE,0xEFDE,0xE7BE,0xE79D,
    0x0862,0x4922,0x5143,0x7A43,0x92C4,0x71C4,0x69A3,0x79E3,0x40E2,0xD402,0xF582,0xF582,0xA302,0x1043,0x0866,0x0085,
    0x0863,0x2187,0x7430,0x7C31,0x8CB3,0xBE58,0xE7BE,0xE7BE,0xE7BE,0xE7BE,0xE7BE,0xEFDE,0xEFDE,0xEFDE,0xEFDE,0xEFDE,
    0xEFDE,0xEFDE,0xEFDE,0xEFDE,0xEFDE,0xEFDE,0xEFDE,0xEFDE,0xEFDE,0xEFDE,0xEFDE,0xEFDE,0xEFDE,0xEFDE,0xEFDE,0xEFDE,
    0xEFDE,0xEFDE,0xEFDE,0xEFDE,0xEFDE,0xEFDE,0xEFDE,0xEFDE,0xEFDE,0xEFDE,0xEFDE,0xEFDE,0xEFDE,0xEFDE,0xEFDE,0xEFDE,
    0xEFDE,0xEFDE,0xEFDE,0xEFDE,0xEFDE,0xEFDE,0xEFDE,0xEFDE,0xEFDE,0xEFDE,0xEFDE,0xEFDE,0xEFDE,0xEFDE,0xEFDE,0xEFDE,
    0xEFDE,0xEFDE,0xEFDE,0xEFDE,0xEFDE,0xEFDE,0xEFDE,0xEFDE,0xE7BE,0xE7BE,0xE7BE,0xE7BE,0xE7BE,0xE7BE,0xEFDE,0x9D75,
    0x0864,0x0023,0x10C6,0x0863,0x28E3,0xD424,0xE441,0xED01,0xB302,0x5964,0x79E3,0x7A23,0x5943,0x4923,0x5124,0xCEDB,
    0xEFDE,0xEFDE,0xEFDE,0xEFDE,0xEFDE,0xEFDE,0xEFDE,0xEFDE,0xEFDE,0xEFDE,0xEFDE,0xEFDE,0xEFDE,0xEFDE,0xE7BE,0xE79D,
    0x8472,0x4123,0x5963,0x61C2,0x61A2,0x71A4,0x71E4,0x6983,0x3903,0x48E2,0x1041,0x0084,0x09C9,0x120B,0x120A,0x0A09,
    0x130A,0x3CEE,0x34AE,0x1C2E,0x242E,0x08E7,0x0863,0x9514,0xEFBE,0xE7BE,0xE7BE,0xE7BE,0xEFDE,0xEFDE,0xEFDE,0xEFDE,
    0xEFDE,0xEFDE,0xEFDE,0xEFDE,0xEFDE,0xEFDE,0xEFDE,0xEFDE,0xEFDE,0xEFDE,0xEFDE,0xEFDE,0xEFDE,0xEFDE,0xEFDE,0xEFDE,
    0xEFDE,0xEFDE,0xEFDE,0xEFDE,0xEFDE,0xEFDE,0xEFDE,0xEFDE,0xEFDE,0xEFDE,0xEFDE,0xEFDE,0xEFDE,0xEFDE,0xEFDE,0xEFDE,
    0xEFDE,0xEFDE,0xEFDE,0xEFDE,0xEFDE,0xEFDE,0xEFDE,0xEFDE,0xEFDE,0xEFDE,0xEFDE,0xEFDE,0xEFDE,0xEFDE,0xEFDE,0xEFDE,
    0xEFDE,0xEFDE,0xEFDE,0xEFDE,0xEFDE,0xEFDE,0xEFDE,0xEFDE,0xE7BE,0xE7BE,0xE7BE,0xE7BE,0xD73C,0xBE58,0x10C5,0x0865,
    0x08E6,0x1189,0x1A2A,0x1A6B,0x1A8C,0x1168,0x30C3,0xAAC0,0x0823,0x3904,0x69C3,0x6982,0x5122,0x4923,0x30E4,0xCEDB,
    0xEFDE,0xEFDE,0xEFDE,0xEFDE,0xEFDE,0xEFDE,0xEFDE,0xEFDE,0xEFDE,0xEFDE,0xEFDE,0xEFDE,0xEFDE,0xEFDE,0xE7BE,0xE7BE,
    0x2967,0x0843,0x0842,0x4962,0x5982,0x5163,0x20C3,0x10A4,0x1989,0x1126,0x0906,0x19E9,0x1AAB,0x1209,0x2C2E,0x3CEE,
    0x4D0E,0x44EE,0x4D0E,0x450E,0x3CAD,0x344D,0x0965,0x08A2,0x0842,0xDF5C,0xE7BE,0xE7BE,0xEFDE,0xEFDE,0xEFDE,0xEFDE,
    0xEFDE,0xEFDE,0xEFDE,0xEFDE,0xEFDE,0xEFDE,0xEFDE,0xEFDE,0xEFDE,0xEFDE,0xEFDE,0xEFDE,0xEFDE,0xEFDE,0xEFDE,0xEFDE,
    0xEFDE,0xEFDE,0xEFDE,0xEFDE,0xEFDE,0xEFDE,0xEFDE,0xEFDE,0xEFDE,0xEFDE,0xEFDE,0xEFDE,0xEFDE,0xEFDE,0xEFDE,0xEFDE,
    0xEFDE,0xEFDE,0xEFDE,0xEFDE,0xEFDE,0xEFDE,0xEFDE,0xEFDE,0xEFDE,0xEFDE,0xEFDE,0xEFDE,0xEFDE,0xEFDE,0xEFDE,0xEFDE,
    0xEFDE,0xEFDE,0xEFDE,0xEFDE,0xEFDE,0xEFDE,0xEFDE,0xE7BE,0xE7BE,0xE7BE,0xEFDE,0x08A4,0x0042,0x1229,0x2C4E,0x242E,
    0x23AC,0x236B,0x238B,0x128A,0x126A,0x1AAD,0x120B,0x10E5,0x10E7,0x1107,0x0885,0x0841,0x4102,0x30E2,0x0862,0xE7BE,
    0xEFDE,0xEFDE,0xEFDE,0xEFDE,0xEFDE,0xEFDE,0xEFDE,0xEFDE,0xEFDE,0xEFDE,0xEFDE,0xEFDE,0xEFDE,0xEFDE,0xE7BE,0x6B8F,
    0x0023,0x10E6,0x10E6,0x10E6,0x10E7,0x10E6,0x1927,0x21CB,0x21EC,0x21EB,0x1989,0x1968,0x1209,0x3C8D,0x4D2F,0x454E,
    0x4D4F,0x4D0E,0x552F,0x85B1,0x9DD2,0xA5B2,0xD674,0xF6F4,0x7B29,0x1083,0xE7BE,0xE7BE,0xE7BE,0xEFDE,0xEFDE,0xEFDE,
    0xEFDE,0xEFDE,0xEFDE,0xEFDE,0xEFDE,0xEFDE,0xEFDE,0xEFDE,0xEFDE,0xEFDE,0xEFDE,0xEFDE,0xEFDE,0xEFDE,0xEFDE,0xEFDE,
    0xEFDE,0xEFDE,0xEFDE,0xEFDE,0xEFDE,0xEFDE,0xEFDE,0xEFDE,0xEFDE,0xEFDE,0xEFDE,0xEFDE,0xEFDE,0xEFDE,0xEFDE,0xEFDE,
    0xEFDE,0xEFDE,0xEFDE,0xEFDE,0xEFDE,0xEFDE,0xEFDE,0xEFDE,0xEFDE,0xEFDE,0xEFDE,0xEFDE,0xEFDE,0xEFDE,0xEFDE,0xEFDE,
    0xEFDE,0xEFDE,0xEFDE,0xEFDE,0xEFDE,0xEFDE,0xE7BE,0xE7BE,0xE7BE,0xC679,0x10A5,0x08C5,0x34CE,0x44AE,0x3CCF,0x44CE,
    0x3CCE,0x3CAD,0x34CE,0x34AD,0x23AC,0x19EA,0x2A6B,0x1989,0x1148,0x1969,0x1149,0x1148,0x08E5,0x08E6,0x0862,0xE7BE,
    0xEFDE,0xEFDE,0xEFDE,0xEFDE,0xEFDE,0xEFDE,0xEFDE,0xEFDE,0xEFDE,0xEFDE,0xEFDE,0xEFDE,0xEFDE,0xEFDE,0xE7BE,0x0864,
    0x10C6,0x1107,0x1989,0x08E7,0x1108,0x1968,0x21E9,0x220C,0x21EC,0x21EB,0x21EB,0x1A4A,0x348E,0x4D0E,0x4D2F,0x4D6F,
    0x4D6F,0x344D,0xFFBB,0xFFB9,0xFF9A,0xFF58,0xFF58,0xFF78,0xF672,0x51E8,0x1907,0xE79D,0xE7BE,0xEFDE,0xEFDE,0xEFDE,
    0xEFDE,0xEFDE,0xEFDE,0xEFDE,0xEFDE,0xEFDE,0xEFDE,0xEFDE,0xEFDE,0xEFDE,0xEFDE,0xEFDE,0xEFDE,0xEFDE,0xEFDE,0xEFDE,
    0xEFDE,0xEFDE,0xEFDE,0xEFDE,0xEFDE,0xEFDE,0xEFDE,0xEFDE,0xEFDE,0xEFDE,0xEFDE,0xEFDE,0xEFDE,0xEFDE,0xEFDE,0xEFDE,
    0xEFDE,0xEFDE,0xEFDE,0xEFDE,0xEFDE,0xEFDE,0xEFDE,0xEFDE,0xEFDE,0xEFDE,0xEFDE,0xEFDE,0xEFDE,0xEFDE,0xEFDE,0xEFDE,
    0xEFDE,0xEFDE,0xEFDE,0xEFDE,0xEFDE,0xE7BE,0xE7BE,0xE7BE,0xA534,0x0841,0x3C2E,0x3C4F,0xB6B4,0xA633,0x9E12,0xBE74,
    0x450F,0x4D30,0x558F,0x450F,0x3CAE,0x346C,0x2269,0x21EA,0x21EB,0x198A,0x1948,0x1948,0x10E7,0x1148,0x0908,0xBE59,
    0xEFDE,0xEFDE,0xEFDE,0xEFDE,0xEFDE,0xEFDE,0xEFDE,0xEFDE,0xEFDE,0xEFDE,0xEFDE,0xEFDE,0xEFDE,0xEFDE,0xE7BE,0x0843,
    0x10C7,0x1108,0x1969,0x1989,0x10E7,0x1127,0x1988,0x21AA,0x21EC,0x220C,0x19A9,0x244D,0x34CE,0x5D8F,0x4D2E,0x450E,
    0xDED7,0xFF9B,0xFFBB,0xFFBB,0xFF78,0xFF58,0xFF57,0xFF57,0xFEB3,0xE570,0x0862,0x10A4,0xE7BE,0xEFDE,0xEFDE,0xEFDE,
    0xEFDE,0xEFDE,0xEFDE,0xEFDE,0xEFDE,0xEFDE,0xEFDE,0xEFDE,0xEFDE,0xEFDE,0xEFDE,0xEFDE,0xEFDE,0xEFDE,0xEFDE,0xEFDE,
    0xEFDE,0xEFDE,0xEFDE,0xEFDE,0xEFDE,0xEFDE,0xEFDE,0xEFDE,0xEFDE,0xEFDE,0xEFDE,0xEFDE,0xEFDE,0xEFDE,0xEFDE,0xEFDE,
    0xEFDE,0xEFDE,0xEFDE,0xEFDE,0xEFDE,0xEFDE,0xEFDE,0xEFDE,0xEFDE,0xEFDE,0xEFDE,0xEFDE,0xEFDE,0xEFDE,0xEFDE,0xEFDE,
    0xEFDE,0xEFDE,0xEFDE,0xEFDE,0xEFDE,0xE7BE,0xE7BE,0xE79D,0x1082,0x430A,0xCDAF,0xF77A,0xFF9A,0xFF9A,0xFF9A,0xFFBA,
    0xFFBB,0xFFFD,0x348E,0x450F,0x3CAE,0x3C8D,0x23CA,0x1A8C,0x1989,0x2189,0x1928,0x1107,0x29C9,0x1128,0x0908,0xADD7,
    0xEFDE,0xEFDE,0xEFDE,0xEFDE,0xEFDE,0xEFDE,0xEFDE,0xEFDE,0xEFDE,0xEFDE,0xEFDE,0xEFDE,0xEFDE,0xEFDE,0xE7BE,0x0843,
    0x10E7,0x1128,0x1968,0x1968,0x1968,0x1127,0x1988,0x1988,0x2188,0x21A9,0x23AD,0x2C8D,0x34CE,0x3D0F,0x3CCE,0x54EF,
    0xFF78,0xFF79,0xFF79,0xFF78,0xFF78,0xFF57,0xFEF4,0xFEB3,0xFE93,0xF5D1,0xBC0C,0x0044,0xDF5C,0xEFDE,0xEFDE,0xEFDE,
    0xEFDE,0xEFDE,0xEFDE,0xEFDE,0xEFDE,0xEFDE,0xEFDE,0xEFDE,0xEFDE,0xEFDE,0xEFDE,0xEFDE,0xEFDE,0xEFDE,0xEFDE,0xEFDE,
    0xEFDE,0xEFDE,0xEFDE,0xEFDE,0xEFDE,0xEFDE,0xEFDE,0xEFDE,0xEFDE,0xEFDE,0xEFDE,0xEFDE,0xEFDE,0xEFDE,0xEFDE,0xEFDE,
    0xEFDE,0xEFDE,0xEFDE,0xEFDE,0xEFDE,0xEFDE,0xEFDE,0xEFDE,0xEFDE,0xEFDE,0xEFDE,0xEFDE,0xEFDE,0xEFDE,0xEFDE,0xEFDE,
    0xEFDE,0xEFDE,0xEFDE,0xEFDE,0xEFDE,0xE7BE,0xE79D,0x5B0C,0x72EB,0xFF36,0xFF36,0xFF78,0xFF79,0xFF79,0xFF99,0xFFBA,
    0xFF9A,0xFF9A,0xFFBB,0x2BEC,0x3C8E,0x448C,0x3C0C,0x0C0F,0x1989,0x2189,0x1928,0x10C5,0x1968,0x1128,0x08E8,0xA576,
    0xEFDE,0xEFDE,0xEFDE,0xEFDE,0xEFDE,0xEFDE,0xEFDE,0xEFDE,0xEFDE,0xEFDE,0xEFDE,0xEFDE,0xEFDE,0xEFDE,0xEFDE,0x0823,
    0x3082,0x1905,0x1127,0x1127,0x1947,0x0064,0x1126,0x1967,0x1988,0x1188,0x1BCD,0x240D,0x3CAE,0x34EF,0x2CAF,0xF6F4,
    0xFF15,0xFF78,0xFF58,0xFF58,0xFF37,0xFEF5,0xF62F,0xF5EF,0xF5D0,0xE50E,0xC40C,0x0864,0x632D,0xEFDE,0xEFDE,0xEFDE,
    0xEFDE,0xEFDE,0xEFDE,0xEFDE,0xEFDE,0xEFDE,0xEFDE,0xEFDE,0xEFDE,0xEFDE,0xEFDE,0xEFDE,0xEFDE,0xEFDE,0xEFDE,0xEFDE,
    0xEFDE,0xEFDE,0xEFDE,0xEFDE,0xEFDE,0xEFDE,0xEFDE,0xEFDE,0xEFDE,0xEFDE,0xEFDE,0xEFDE,0xEFDE,0xEFDE,0xEFDE,0xEFDE,
    0xEFDE,0xEFDE,0xEFDE,0xEFDE,0xEFDE,0xEFDE,0xEFDE,0xEFDE,0xEFDE,0xEFDE,0xEFDE,0xEFDE,0xEFDE,0xEFDE,0xEFDE,0xEFDE,
    0xEFDE,0xEFDE,0xEFDE,0xEFDE,0xEFDE,0xE7BE,0xDF3C,0x0043,0xC470,0xFF17,0xFF16,0xFF57,0xFF58,0xFF58,0xFF78,0xFF99,
    0xFF99,0xFF99,0xFF77,0xFF14,0x7DB1,0x446D,0x3C4D,0x144F,0x11C8,0x1948,0x1127,0x10E6,0x1127,0x1107,0x18A4,0x6B6E,
    0xE7BE,0xE7BE,0xE7BE,0xEFDE,0xEFDE,0xEFDE,0xEFDE,0xEFDE,0xEFDE,0xEFDE,0xEFDE,0xEFDE,0xEFDE,0xEFDE,0xEFDE,0x0023,
    0x6983,0x8202,0x5183,0x28E4,0x5921,0xD420,0x5162,0x1946,0x1146,0x11A8,0x23ED,0x240D,0x240D,0x2C6F,0xD5B0,0xFEB4,
    0xFEF5,0xFEF5,0xFF15,0xFEB2,0xFE70,0xC342,0x9AC2,0x9AA2,0x9262,0xAB86,0xB2E3,0x50E3,0x0843,0xE79D,0xEFDE,0xEFDE,
    0xEFDE,0xEFDE,0xEFDE,0xEFDE,0xEFDE,0xEFDE,0xEFDE,0xEFDE,0xEFDE,0xEFDE,0xEFDE,0xEFDE,0xEFDE,0xEFDE,0xEFDE,0xEFDE,
    0xEFDE,0xEFDE,0xEFDE,0xEFDE,0xEFDE,0xEFDE,0xEFDE,0xEFDE,0xEFDE,0xEFDE,0xEFDE,0xEFDE,0xEFDE,0xEFDE,0xEFDE,0xEFDE,
    0xEFDE,0xEFDE,0xEFDE,0xEFDE,0xEFDE,0xEFDE,0xEFDE,0xEFDE,0xEFDE,0xEFDE,0xEFDE,0xEFDE,0xEFDE,0xEFDE,0xEFDE,0xEFDE,
    0xEFDE,0xEFDE,0xEFDE,0xEFDE,0xEFDE,0xE7BE,0x634E,0x2107,0xE52F,0xEE53,0xF693,0xFEB2,0xFED4,0xFEF5,0xFF15,0xFF16,
    0xFF15,0xFF16,0xFF15,0xFF15,0xE6B4,0x34B0,0x2C4F,0x13EF,0x0BAD,0x1128,0x1107,0x10A5,0x1107,0x10A4,0x6143,0x0883,
    0xE7BE,0xE7BE,0xE7BE,0xEFDE,0xEFDE,0xEFDE,0xEFDE,0xEFDE,0xEFDE,0xEFDE,0xEFDE,0xEFDE,0xEFDE,0xEFDE,0xEFDE,0x0023,
    0x5964,0x69C2,0x6982,0xB303,0xBB62,0xCC01,0xBB62,0xD403,0xCC43,0x1167,0x1B4A,0x240D,0x23ED,0x6CCE,0xEE12,0xEE33,
    0xF652,0xF611,0xE54E,0xBB62,0x1929,0x5B2E,0x2A0B,0x29EC,0x29CB,0x21A9,0xE4C1,0x6963,0x0023,0xE79D,0xEFDE,0xEFDE,
    0xEFDE,0xEFDE,0xEFDE,0xEFDE,0xEFDE,0xEFDE,0xEFDE,0xEFDE,0xEFDE,0xEFDE,0xEFDE,0xEFDE,0xEFDE,0xEFDE,0xEFDE,0xEFDE,
    0xEFDE,0xEFDE,0xEFDE,0xEFDE,0xEFDE,0xEFDE,0xEFDE,0xEFDE,0xEFDE,0xEFDE,0xEFDE,0xEFDE,0xEFDE,0xEFDE,0xEFDE,0xEFDE,
    0xEFDE,0xEFDE,0xEFDE,0xEFDE,0xEFDE,0xEFDE,0xEFDE,0xEFDE,0xEFDE,0xEFDE,0xEFDE,0xEFDE,0xEFDE,0xEFDE,0xEFDE,0xEFDE,
    0xEFDE,0xEFDE,0xEFDE,0xEFDE,0xEFDE,0xE7BE,0x39E8,0x2127,0xDCAC,0xE52E,0xDC25,0xC321,0xB2E1,0xB2E1,0xED4A,0xFE51,
    0xFEF5,0xFF15,0xFEF4,0xFE92,0xEE32,0x5D11,0x1C0F,0x13CE,0x0B8D,0x1149,0x0864,0xC403,0xAB23,0x79E2,0x5943,0x1084,
    0xEFDE,0xE7BE,0xE7BE,0xEFDE,0xEFDE,0xEFDE,0xEFDE,0xEFDE,0xEFDE,0xEFDE,0xEFDE,0xEFDE,0xEFDE,0xEFDE,0xEFDE,0x0842,
    0x3147,0x61A2,0x7203,0xA2C3,0xB322,0xC3A1,0x5183,0xB2E1,0xB341,0xFEA4,0x8A81,0x6161,0x4921,0xB3A7,0xD427,0xD469,
    0xDCCA,0xB2E3,0xC380,0x3984,0x324C,0x29CA,0x2169,0x2189,0x2169,0x2148,0x3163,0x5102,0x0022,0xE79D,0xEFDE,0xEFDE,
    0xEFDE,0xEFDE,0xEFDE,0xEFDE,0xEFDE,0xEFDE,0xEFDE,0xEFDE,0xEFDE,0xEFDE,0xEFDE,0xEFDE,0xEFDE,0xEFDE,0xEFDE,0xEFDE,
    0xEFDE,0xEFDE,0xEFDE,0xEFDE,0xEFDE,0xEFDE,0xEFDE,0xEFDE,0xEFDE,0xEFDE,0xEFDE,0xEFDE,0xEFDE,0xEFDE,0xEFDE,0xEFDE,
    0xEFDE,0xEFDE,0xEFDE,0xEFDE,0xEFDE,0xEFDE,0xEFDE,0xEFDE,0xEFDE,0xEFDE,0xEFDE,0xEFDE,0xEFDE,0xEFDE,0xEFDE,0xEFDE,
    0xEFDE,0xEFDE,0xEFDE,0xEFDE,0xE7BE,0x4A6A,0x1883,0xBB21,0xBB41,0x2147,0x21AB,0x324D,0x322C,0x2A0C,0x1969,0x9261,
    0xCB62,0xF5AC,0xF5D0,0xF5F0,0xEDAF,0xE4EB,0x23ED,0x23CC,0x1184,0x3944,0xAAA3,0x9A01,0xA243,0x9A63,0x6124,0x1084,
    0xEFDE,0xEFDE,0xEFDE,0xEFDE,0xEFDE,0xEFDE,0xEFDE,0xEFDE,0xEFDE,0xEFDE,0xEFDE,0xEFDE,0xEFDE,0xEFDE,0xEFDE,0xE77D,
    0x1086,0x08A5,0x2926,0x3103,0x9AC2,0x92E3,0x0864,0x28E3,0xB321,0xC382,0xCBA1,0xD3E1,0xEC80,0xED21,0xF624,0xFEA8,
    0xFEEC,0xFEEE,0xDCE5,0x29EB,0x1949,0x2169,0x2168,0x2168,0x1927,0x1928,0x1107,0x0024,0x0023,0xE7BE,0xEFDE,0xEFDE,
    0xEFDE,0xEFDE,0xEFDE,0xEFDE,0xEFDE,0xEFDE,0xEFDE,0xEFDE,0xEFDE,0xEFDE,0xEFDE,0xEFDE,0xEFDE,0xEFDE,0xEFDE,0xEFDE,
    0xEFDE,0xEFDE,0xEFDE,0xEFDE,0xEFDE,0xEFDE,0xEFDE,0xEFDE,0xEFDE,0xEFDE,0xEFDE,0xEFDE,0xEFDE,0xEFDE,0xEFDE,0xEFDE,
    0xEFDE,0xEFDE,0xEFDE,0xEFDE,0xEFDE,0xEFDE,0xEFDE,0xEFDE,0xEFDE,0xEFDE,0xEFDE,0xEFDE,0xEFDE,0xEFDE,0xEFDE,0xEFDE,
    0xEFDE,0xEFDE,0xEFDE,0xEFDE,0xE7BE,0x31C8,0x1063,0xBAE0,0x2904,0x1949,0x2169,0x218A,0x218A,0x218A,0x21CC,0x220E,
    0x9B04,0xFF0F,0xAAC2,0xB303,0xBB22,0xCB62,0xE503,0xED24,0xD3E1,0x9202,0x79A4,0x30A3,0x9223,0x81A2,0x1885,0x73CF,
    0xE7BE,0xEFDE,0xEFDE,0xEFDE,0xEFDE,0xEFDE,0xEFDE,0xEFDE,0xEFDE,0xEFDE,0xEFDE,0xEFDE,0xEFDE,0xEFDE,0xEFDE,0xE7BE,
    0xDF3C,0x528B,0x10C5,0x0865,0x0864,0x0863,0x0864,0x0883,0x51A3,0xAAC2,0xBB61,0xC362,0xF541,0xECC0,0xECC1,0xDC41,
    0xE4A2,0x4103,0x21AA,0x218A,0x2169,0x1948,0x1927,0x1927,0x1907,0x10E7,0x10E7,0x0043,0x2106,0xE7BE,0xEFDE,0xEFDE,
    0xEFDE,0xEFDE,0xEFDE,0xEFDE,0xEFDE,0xEFDE,0xEFDE,0xEFDE,0xEFDE,0xEFDE,0xEFDE,0xEFDE,0xEFDE,0xEFDE,0xEFDE,0xEFDE,
    0xEFDE,0xEFDE,0xEFDE,0xEFDE,0xEFDE,0xEFDE,0xEFDE,0xEFDE,0xEFDE,0xEFDE,0xEFDE,0xEFDE,0xEFDE,0xEFDE,0xEFDE,0xEFDE,
    0xEFDE,0xEFDE,0xEFDE,0xEFDE,0xEFDE,0xEFDE,0xEFDE,0xEFDE,0xEFDE,0xEFDE,0xEFDE,0xEFDE,0xEFDE,0xEFDE,0xEFDE,0xEFDE,
    0xEFDE,0xEFDE,0xEFDE,0xEFDE,0xE7BE,0x39C9,0x0023,0x79A4,0x1928,0x1969,0x2169,0x218A,0x216A,0x218A,0x21AB,0x29CB,
    0x4A49,0xFEE7,0xFE04,0xF521,0xF563,0xDC41,0xCBE2,0xD3C2,0xAAE2,0x9242,0x0022,0x3105,0x69E4,0x0884,0x0023,0xDF5C,
    0xEFDE,0xEFDE,0xEFDE,0xEFDE,0xEFDE,0xEFDE,0xEFDE,0xEFDE,0xEFDE,0xEFDE,0xEFDE,0xEFDE,0xEFDE,0xEFDE,0xEFDE,0xE7BE,
    0xE7BE,0xE79D,0xD71B,0xC678,0xBE17,0xB5F6,0xDF3B,0xD6B9,0x10C4,0x0884,0x18C5,0x8243,0xA300,0xB361,0xA342,0x9303,
    0xA365,0x1908,0x1928,0x1949,0x1969,0x1928,0x1107,0x08E7,0x08E7,0x08E7,0x0023,0x3A0A,0xE7BE,0xEFDE,0xEFDE,0xEFDE,
    0xEFDE,0xEFDE,0xEFDE,0xEFDE,0xEFDE,0xEFDE,0xEFDE,0xEFDE,0xEFDE,0xEFDE,0xEFDE,0xEFDE,0xEFDE,0xEFDE,0xEFDE,0xEFDE,
    0xEFDE,0xEFDE,0xEFDE,0xEFDE,0xEFDE,0xEFDE,0xEFDE,0xEFDE,0xEFDE,0xEFDE,0xEFDE,0xEFDE,0xEFDE,0xEFDE,0xEFDE,0xEFDE,
    0xEFDE,0xEFDE,0xEFDE,0xEFDE,0xEFDE,0xEFDE,0xEFDE,0xEFDE,0xE7BE,0xEFDE,0xEFDE,0xEFDE,0xEFDE,0xEFDE,0xEFDE,0xEFDE,
    0xEFDE,0xEFDE,0xEFDE,0xEFDE,0xE7BE,0x9D35,0x0864,0x0865,0x1908,0x1949,0x1949,0x1949,0x218B,0x21AB,0x218A,0x2189,
    0x1947,0x1906,0xD420,0xE480,0xE480,0xDC21,0xCBA2,0xCB81,0x9221,0x20C3,0x0843,0x0044,0x0043,0x0001,0xA554,0xE7BE,
    0xEFDE,0xEFDE,0xEFDE,0xEFDE,0xEFDE,0xEFDE,0xEFDE,0xEFDE,0xEFDE,0xEFDE,0xEFDE,0xEFDE,0xEFDE,0xEFDE,0xEFDE,0xE7BE,
    0xE7BE,0xE7BE,0xE7BE,0xE7BE,0xE7BE,0xE7BE,0xE7BE,0xE7BE,0xEFDE,0x0882,0x0001,0x0000,0x0883,0x10E5,0x10E5,0x10C4,
    0x0884,0x08C5,0x08C6,0x10E6,0x10E6,0x08C6,0x0044,0x0043,0x0023,0x0023,0x9D34,0xEFDE,0xE7BE,0xEFDE,0xEFDE,0xEFDE,
    0xEFDE,0xEFDE,0xEFDE,0xEFDE,0xEFDE,0xEFDE,0xEFDE,0xEFDE,0xEFDE,0xEFDE,0xEFDE,0xEFDE,0xEFDE,0xEFDE,0xEFDE,0xEFDE,
    0xEFDE,0xEFDE,0xEFDE,0xEFDE,0xEFDE,0xEFDE,0xEFDE,0xEFDE,0xEFDE,0xEFDE,0xEFDE,0xEFDE,0xEFDE,0xEFDE,0xEFDE,0xEFDE,
    0xEFDE,0xEFDE,0xEFDE,0xEFDE,0xEFDE,0xEFDE,0xEFDE,0xEFDE,0xEFDE,0xEFDE,0xEFDE,0xEFDE,0xEFDE,0xEFDE,0xEFDE,0xEFDE,
    0xEFDE,0xEFDE,0xEFDE,0xEFDE,0xE7BE,0xE7BE,0xCEDB,0x0863,0x0065,0x08E7,0x10E6,0x1107,0x1107,0x10E7,0x1928,0x1907,
    0x1928,0x1927,0x20C1,0x59C1,0x51A2,0x4984,0x4184,0x2905,0x1083,0x2125,0xE77D,0xE7BE,0xEFDE,0xEFDE,0xEFDE,0xEFDE,
    0xEFDE,0xEFDE,0xEFDE,0xEFDE,0xEFDE,0xEFDE,0xEFDE,0xEFDE,0xEFDE,0xEFDE,0xEFDE,0xEFDE,0xEFDE,0xEFDE,0xEFDE,0xEFDE,
    0xEFDE,0xEFDE,0xEFDE,0xEFDE,0xEFDE,0xEFDE,0xEFDE,0xEFDE,0xEFDE,0xE7BE,0xE7BE,0xE7BE,0xDF5C,0xD73B,0xD6FB,0xCEBA,
    0xCEBA,0xC699,0xBE58,0xBE38,0xBE58,0xBE59,0xC659,0xCEBA,0xDF7D,0xEFDE,0xEFDE,0xEFDE,0xEFDE,0xEFDE,0xEFDE,0xEFDE,
    0xEFDE,0xEFDE,0xEFDE,0xEFDE,0xEFDE,0xEFDE,0xEFDE,0xEFDE,0xEFDE,0xEFDE,0xEFDE,0xEFDE,0xEFDE,0xEFDE,0xEFDE,0xEFDE,
    0xEFDE,0xEFDE,0xEFDE,0xEFDE,0xEFDE,0xEFDE,0xEFDE,0xEFDE,0xEFDE,0xEFDE,0xEFDE,0xEFDE,0xEFDE,0xEFDE,0xEFDE,0xEFDE,
    0xEFDE,0xEFDE,0xEFDE,0xEFDE,0xEFDE,0xEFDE,0xEFDE,0xEFDE,0xEFDE,0xEFDE,0xEFDE,0xEFDE,0xEFDE,0xEFDE,0xEFDE,0xEFDE,
    0xEFDE,0xEFDE,0xEFDE,0xEFDE,0xEFDE,0xE7BE,0xE7BE,0xE7BE,0x0002,0x0023,0x0043,0x0864,0x0864,0x0864,0x10E6,0x10E6,
    0x10E7,0x10E6,0x10C5,0x10A4,0x0022,0x0863,0x0863,0x0863,0xC658,0xE79D,0xE7BE,0xE7BE,0xE7BE,0xE7BE,0xEFDE,0xEFDE,
    0xEFDE,0xEFDE,0xEFDE,0xEFDE,0xEFDE,0xEFDE,0xEFDE,0xEFDE,0xEFDE,0xEFDE,0xEFDE,0xEFDE,0xEFDE,0xEFDE,0xEFDE,0xEFDE,
    0xEFDE,0xEFDE,0xEFDE,0xEFDE,0xEFDE,0xEFDE,0xEFDE,0xEFDE,0xEFDE,0xE7BE,0xE7BE,0xE7BE,0xE7BE,0xE7BE,0xE7BE,0xE7BE,
    0xE7BE,0xE7BE,0xE7BE,0xE7BE,0xE7BE,0xE7BE,0xE7BE,0xE7BE,0xE7BE,0xE7BE,0xEFDE,0xEFDE,0xEFDE,0xEFDE,0xEFDE,0xEFDE,
    0xEFDE,0xEFDE,0xEFDE,0xEFDE,0xEFDE,0xEFDE,0xEFDE,0xEFDE,0xEFDE,0xEFDE,0xEFDE,0xEFDE,0xEFDE,0xEFDE,0xEFDE,0xEFDE,
    0xEFDE,0xEFDE,0xEFDE,0xEFDE,0xEFDE,0xEFDE,0xEFDE,0xEFDE,0xEFDE,0xEFDE,0xEFDE,0xEFDE,0xEFDE,0xEFDE,0xEFDE,0xEFDE,
    0xEFDE,0xEFDE,0xEFDE,0xEFDE,0xEFDE,0xEFDE,0xEFDE,0xEFDE,0xEFDE,0xEFDE,0xEFDE,0xEFDE,0xEFDE,0xEFDE,0xEFDE,0xEFDE,
    0xEFDE,0xEFDE,0xEFDE,0xEFDE,0xEFDE,0xE7BE,0xE7BE,0xE7BE,0xE79D,0xA596,0x29A8,0x2127,0x2106,0x10A5,0x10A4,0x10A5,
    0x10A4,0x1083,0x1083,0x1083,0x10C4,0x9D13,0xDF5C,0xDF7C,0xE7BE,0xE7BE,0xE7BE,0xE7BE,0xE7BE,0xEFDE,0xEFDE,0xEFDE,
    0xEFDE,0xEFDE,0xEFDE,0xEFDE,0xEFDE,0xEFDE,0xEFDE,0xEFDE,0xEFDE,0xEFDE,0xEFDE,0xEFDE,0xEFDE,0xEFDE,0xEFDE,0xEFDE,
    0xEFDE,0xEFDE,0xEFDE,0xEFDE,0xEFDE,0xEFDE,0xEFDE,0xEFDE,0xEFDE,0xEFDE,0xE7BE,0xE7BE,0xE7BE,0xE7BE,0xE7BE,0xE7BE,
    0xE7BE,0xE7BE,0xE7BE,0xE7BE,0xE7BE,0xE7BE,0xE7BE,0xE7BE,0xE7BE,0xE7BE,0xEFDE,0xEFDE,0xEFDE,0xEFDE,0xEFDE,0xEFDE,
    0xEFDE,0xEFDE,0xEFDE,0xEFDE,0xEFDE,0xEFDE,0xEFDE,0xEFDE,0xEFDE,0xEFDE,0xEFDE,0xEFDE,0xEFDE,0xEFDE,0xEFDE,0xEFDE,
    0xEFDE,0xEFDE,0xEFDE,0xEFDE,0xEFDE,0xEFDE,0xEFDE,0xEFDE,0xEFDE,0xEFDE,0xEFDE,0xEFDE,0xEFDE,0xEFDE,0xEFDE,0xEFDE,
    0xEFDE,0xEFDE,0xEFDE,0xEFDE,0xEFDE,0xEFDE,0xEFDE,0xEFDE,0xEFDE,0xEFDE,0xEFDE,0xEFDE,0xEFDE,0xEFDE,0xEFDE,0xEFDE,
    0xEFDE,0xEFDE,0xEFDE,0xEFDE,0xEFDE,0xEFDE,0xEFDE,0xEFDE,0xEFDE,0xEFDE,0xEFDE,0xEFDE,0xEFDE,0xEFDE,0xEFDE,0xEFDE,
    0xEFDE,0xEFDE,0xEFDE,0xEFDE,0xEFDE,0xEFDE,0xEFDE,0xEFDE,0xEFDE,0xEFDE,0xEFDE,0xEFDE,0xEFDE,0xEFDE,0xEFDE,0xEFDE,
    0xEFDE,0xEFDE,0xEFDE,0xEFDE,0xEFDE,0xEFDE,0xEFDE,0xEFDE,0xEFDE,0xEFDE,0xEFDE,0xEFDE,0xEFDE,0xEFDE,0xEFDE,0xEFDE,
    0xEFDE,0xEFDE,0xEFDE,0xEFDE,0xEFDE,0xEFDE,0xEFDE,0xEFDE,0xEFDE,0xEFDE,0xEFDE,0xEFDE,0xEFDE,0xEFDE,0xEFDE,0xEFDE,
    0xEFDE,0xEFDE,0xEFDE,0xEFDE,0xEFDE,0xEFDE,0xEFDE,0xEFDE,0xEFDE,0xEFDE,0xEFDE,0xEFDE,0xEFDE,0xEFDE,0xEFDE,0xEFDE,
    0xEFDE,0xEFDE,0xEFDE,0xEFDE,0xEFDE,0xEFDE,0xEFDE,0xEFDE,0xEFDE,0xEFDE,0xEFDE,0xEFDE,0xEFDE,0xEFDE,0xEFDE,0xEFDE,
    0xEFDE,0xEFDE,0xEFDE,0xEFDE,0xEFDE,0xEFDE,0xEFDE,0xEFDE,0xEFDE,0xEFDE,0xEFDE,0xEFDE,0xEFDE,0xEFDE,0xEFDE,0xEFDE,
    0xEFDE,0xEFDE,0xEFDE,0xEFDE,0xEFDE,0xEFDE,0xEFDE,0xEFDE,0xEFDE,0xEFDE,0xEFDE,0xEFDE,0xEFDE,0xEFDE,0xEFDE,0xEFDE,
    0xEFDE,0xEFDE,0xEFDE,0xEFDE,0xEFDE,0xEFDE,0xEFDE,0xEFDE,0xEFDE,0xEFDE,0xEFDE,0xEFDE,0xEFDE,0xEFDE,0xEFDE,0xEFDE,
    0xEFDE,0xEFDE,0xEFDE,0xEFDE,0xEFDE,0xEFDE,0xEFDE,0xEFDE,0xEFDE,0xEFDE,0xEFDE,0xEFDE,0xEFDE,0xEFDE,0xEFDE,0xEFDE,
    0xEFDE,0xEFDE,0xEFDE,0xEFDE,0xEFDE,0xEFDE,0xEFDE,0xEFDE,0xEFDE,0xEFDE,0xEFDE,0xEFDE,0xEFDE,0xEFDE,0xEFDE,0xEFDE,
    0xEFDE,0xEFDE,0xEFDE,0xEFDE,0xEFDE,0xEFDE,0xEFDE,0xEFDE,0xEFDE,0xEFDE,0xEFDE,0xEFDE,0xEFDE,0xEFDE,0xEFDE,0xEFDE,
    0xEFDE,0xEFDE,0xEFDE,0xEFDE,0xEFDE,0xEFDE,0xEFDE,0xEFDE,0xEFDE,0xEFDE,0xEFDE,0xEFDE,0xEFDE,0xEFDE,0xEFDE,0xEFDE,
    0xEFDE,0xEFDE,0xEFDE,0xEFDE,0xEFDE,0xEFDE,0xEFDE,0xEFDE,0xEFDE,0xEFDE,0xEFDE,0xEFDE,0xEFDE,0xEFDE,0xEFDE,0xEFDE,
};

const lv_image_dsc_t g_pet_sprites[PET_SPRITE_COUNT] = {
    {
        .header.magic = LV_IMAGE_HEADER_MAGIC,
        .header.cf = LV_COLOR_FORMAT_RGB565,
        .header.w = 128, .header.h = 150, .header.stride = 256,
        .data_size = sizeof(s_pet_idle),
        .data = (const uint8_t *)s_pet_idle,
    },
    {
        .header.magic = LV_IMAGE_HEADER_MAGIC,
        .header.cf = LV_COLOR_FORMAT_RGB565,
        .header.w = 128, .header.h = 150, .header.stride = 256,
        .data_size = sizeof(s_pet_listen),
        .data = (const uint8_t *)s_pet_listen,
    },
    {
        .header.magic = LV_IMAGE_HEADER_MAGIC,
        .header.cf = LV_COLOR_FORMAT_RGB565,
        .header.w = 128, .header.h = 150, .header.stride = 256,
        .data_size = sizeof(s_pet_think),
        .data = (const uint8_t *)s_pet_think,
    },
    {
        .header.magic = LV_IMAGE_HEADER_MAGIC,
        .header.cf = LV_COLOR_FORMAT_RGB565,
        .header.w = 128, .header.h = 150, .header.stride = 256,
        .data_size = sizeof(s_pet_talk),
        .data = (const uint8_t *)s_pet_talk,
    },
};
