/*******************************************************************************
 * Size: 18 px
 * Bpp: 1
 * Opts: --size 18 --bpp 1 --format lvgl --font managed_components\lvgl__lvgl\scripts\built_in_font\Montserrat-Medium.ttf -r 0x20-0x7E --autohint-strong --font managed_components\lvgl__lvgl\scripts\built_in_font\SourceHanSansSC-Normal.otf --symbols …·（）【】啊爱碍安按案巴把吧白败斑板版办半伴帮膀棒包薄宝饱保抱爆杯悲贝备背倍被呗本笨崩蹦比必闭避边编扁变便遍辨标表别冰并病波播补不布步部簿擦才采彩菜参餐仓舱藏操草册测层叉插查察差拆产尝常超吵沉称成乘惩程橙吃池持尺齿翅充冲虫宠抽仇丑出初除础处触串窗床创吹垂纯呲词此次从脆存寸撮错达哒跶打大呆代带待戴单担但淡蛋当党档刀到倒道得地的等低滴底第典点电吊调掉叠蝶丁顶定丢东懂动都兜斗豆毒独读赌肚度端短段断队对多朵恶饿而尔耳二发罚法翻凡烦反返饭范方防访放飞非啡分粉份奋风封否孵服浮符福负附复副覆嘎该改盖概感刚钢高告歌格隔个各给根跟更工公功攻共构够呱咕孤古固故顾乖关观冠管惯光广归规轨贵滚果过哈咳还海害函汗憾毫好号耗喝合何和河核荷黑嘿痕很哼横哄红宏后候呼忽弧糊蝴户花化画话怀坏欢环缓唤换黄灰恢回会绘浑活火或获击叽饥圾机迹基及级即极急辑几己计记际继寂加家颊尖间减剪检简见件建健渐键将奖酱交娇焦角脚叫较教阶皆接节洁结解界巾今金尽紧近进经睛精景境静镜啾久旧就居局举句具据距锯决绝觉均咖卡开看康拷靠颗壳可克刻空控口扣哭苦库夸跨块快宽框溃扩廓垃拉啦来赖蓝澜老了雷泪类累冷哩离里理力立利励例粒俩连联敛脸良两亮谅量疗聊列烈裂邻林临零令另流留龙噜陆录路履虑率绿乱略轮论逻络落麻码骂吗嘛麦满慢猫毛冒帽么没枚眉莓每美们梦咪眯米眠免面描秒名明命摸模寞默木目幕嗯拿哪那奶难闹呢内嫩能你拟年柠凝钮努暖喔哦偶怕排牌判胖跑泡陪培配碰披皮脾匹偏片漂频平凭屏瓶泼扑葡普铺期欺其奇启起气契器签前歉强且切亲倾清情请庆球区屈取去圈全权确然染让扰惹热人认任日荣柔如入软若弱撒塞三散扫色森杀沙傻删闪伤上尚稍少舌设射身深什升生声绳胜剩失师石时实食使始士世示式事视试饰是适释收手守受瘦殊舒输熟属束树竖数刷耍衰双霜水睡顺说私死饲松送素速宿算虽随损缩所索锁他它台太态谈炭糖桃萄讨套特提题体替天填挑条跳听挺通同统痛偷头透突图土团推退拖椭哇外弯完玩晚万亡王网忘望微围维尾委为未位喂慰温文纹稳问我呜无唔五务物吸西息晰嘻习喜戏系细下先闲显险现线限相香详响想向项象像消小效笑斜写谢心新信星行形型醒兴杏幸性凶休须虚需许序绪续选渲学循压牙呀严言岩眼厌验焰洋养样药要耶也叶页夜一医依移遗已以义忆异译意溢翼因阴音银引隐应樱营赢影映硬哟永用优幽由油游有又右幼于余与宇语预域阈遇愈原圆缘远愿约月越晕云允运再在暂噪则择责怎展占战栈站张长找照者这着针珍真阵征整正证帧之知肢执直值职只址指至志制治致置中终钟种重周宙珠蛛逐主住注专装状追缀仔紫字自子鬃总走奏足阻组嘴最遵昨左作坐做 --autohint-strong --no-compress --no-kerning --lv-include lvgl.h --lv-font-name yygz_font_16 -o main\yygz_font_16.c
 ******************************************************************************/

#ifdef LV_LVGL_H_INCLUDE_SIMPLE
#include "lvgl.h"
#else
#include "lvgl.h"
#endif

#ifndef YYGZ_FONT_16
#define YYGZ_FONT_16 1
#endif

#if YYGZ_FONT_16

/*-----------------
 *    BITMAPS
 *----------------*/

/*Store the image of the glyphs*/
static LV_ATTRIBUTE_LARGE_CONST const uint8_t glyph_bitmap[] = {
    /* U+0020 " " */
    0x0,

    /* U+0021 "!" */
    0xff, 0xff, 0xc0, 0xc0,

    /* U+0022 "\"" */
    0xde, 0xf7, 0xbd, 0x80,

    /* U+0023 "#" */
    0x8, 0xc0, 0x88, 0x8, 0x87, 0xff, 0x18, 0x81,
    0x8, 0x10, 0x81, 0x18, 0xff, 0xe1, 0x10, 0x11,
    0x1, 0x10, 0x31, 0x0,

    /* U+0024 "$" */
    0x8, 0x4, 0x2, 0x7, 0xe6, 0x96, 0x43, 0x21,
    0x90, 0x78, 0x1f, 0x3, 0xc1, 0x70, 0x9c, 0x4f,
    0x2c, 0xfc, 0x8, 0x4, 0x0,

    /* U+0025 "%" */
    0x78, 0x33, 0x30, 0x88, 0x44, 0x21, 0x30, 0x84,
    0x83, 0x34, 0x7, 0xb7, 0x80, 0xb3, 0x4, 0x84,
    0x32, 0x10, 0x88, 0x44, 0x33, 0x30, 0x78,

    /* U+0026 "&" */
    0x3e, 0xc, 0x61, 0x8c, 0x31, 0x83, 0x60, 0x38,
    0xe, 0x3, 0x63, 0xc7, 0x58, 0x7b, 0x7, 0x31,
    0xe3, 0xe6,

    /* U+0027 "'" */
    0xff, 0xc0,

    /* U+0028 "(" */
    0x32, 0x66, 0xcc, 0xcc, 0xcc, 0xcc, 0xc4, 0x66,
    0x23,

    /* U+0029 ")" */
    0xc4, 0x66, 0x23, 0x33, 0x33, 0x33, 0x32, 0x66,
    0x4c,

    /* U+002A "*" */
    0x10, 0x21, 0xf1, 0xc7, 0xc2, 0x4, 0x0,

    /* U+002B "+" */
    0x18, 0x18, 0x18, 0xff, 0x18, 0x18, 0x18, 0x18,

    /* U+002C "," */
    0xf6, 0x80,

    /* U+002D "-" */
    0xf8,

    /* U+002E "." */
    0xc0,

    /* U+002F "/" */
    0x3, 0x3, 0x2, 0x6, 0x6, 0x4, 0xc, 0xc,
    0x8, 0x18, 0x18, 0x10, 0x30, 0x30, 0x20, 0x60,
    0x60, 0x40,

    /* U+0030 "0" */
    0x1e, 0xc, 0xc6, 0x1b, 0x3, 0xc0, 0xf0, 0x3c,
    0xf, 0x3, 0xc0, 0xf0, 0x36, 0x18, 0xcc, 0x1e,
    0x0,

    /* U+0031 "1" */
    0xf8, 0xc6, 0x31, 0x8c, 0x63, 0x18, 0xc6, 0x31,
    0x80,

    /* U+0032 "2" */
    0x7e, 0x61, 0x80, 0x60, 0x30, 0x18, 0x1c, 0x1c,
    0x1c, 0xc, 0xc, 0xc, 0xc, 0xf, 0xf8,

    /* U+0033 "3" */
    0x7f, 0x80, 0x60, 0x30, 0x18, 0x6, 0x3, 0x80,
    0xf8, 0x7, 0x0, 0xc0, 0x30, 0xd, 0x86, 0x3f,
    0x0,

    /* U+0034 "4" */
    0x3, 0x0, 0xc0, 0x38, 0x6, 0x1, 0x80, 0x63,
    0x18, 0x63, 0xc, 0xff, 0xe0, 0x30, 0x6, 0x0,
    0xc0, 0x18,

    /* U+0035 "5" */
    0x3f, 0x88, 0x2, 0x0, 0x80, 0x60, 0x1f, 0xc0,
    0x18, 0x3, 0x0, 0xc0, 0x30, 0xd, 0x86, 0x3f,
    0x0,

    /* U+0036 "6" */
    0x1f, 0x8c, 0x26, 0x1, 0x0, 0xc0, 0x37, 0xcf,
    0x1b, 0x83, 0xc0, 0xf0, 0x36, 0xc, 0xc6, 0x1f,
    0x0,

    /* U+0037 "7" */
    0xff, 0xf0, 0x6c, 0x18, 0x4, 0x3, 0x0, 0xc0,
    0x60, 0x18, 0x4, 0x3, 0x0, 0xc0, 0x60, 0x18,
    0x0,

    /* U+0038 "8" */
    0x3f, 0x18, 0x6c, 0xf, 0x3, 0xc0, 0xd8, 0x63,
    0xf1, 0x86, 0xc0, 0xf0, 0x3c, 0xd, 0x86, 0x3f,
    0x0,

    /* U+0039 "9" */
    0x3e, 0x18, 0xcc, 0x1b, 0x3, 0xc1, 0xd8, 0xf3,
    0xec, 0x3, 0x0, 0xc0, 0x60, 0x19, 0xc, 0x7e,
    0x0,

    /* U+003A ":" */
    0xc0, 0x0, 0x30,

    /* U+003B ";" */
    0xc0, 0xf, 0x68,

    /* U+003C "<" */
    0x0, 0x7, 0x1c, 0xf0, 0xc0, 0x70, 0x1e, 0x7,
    0x0,

    /* U+003D "=" */
    0xff, 0x0, 0x0, 0x0, 0xff,

    /* U+003E ">" */
    0x0, 0xe0, 0x78, 0xf, 0x3, 0xe, 0x78, 0xe0,
    0x0,

    /* U+003F "?" */
    0x3e, 0x71, 0x90, 0x60, 0x30, 0x18, 0x1c, 0x1c,
    0xc, 0xc, 0x6, 0x0, 0x0, 0x0, 0xc0,

    /* U+0040 "@" */
    0x7, 0xf0, 0xe, 0x6, 0xe, 0x1, 0x8e, 0xfb,
    0x66, 0xc3, 0x96, 0x61, 0xc7, 0x60, 0x63, 0xb0,
    0x31, 0xd8, 0x18, 0xec, 0xc, 0x73, 0xe, 0x39,
    0x87, 0x26, 0x3c, 0xe3, 0x0, 0x0, 0xc0, 0x0,
    0x38, 0x20, 0x7, 0xf0, 0x0,

    /* U+0041 "A" */
    0x7, 0x0, 0x38, 0x1, 0x60, 0x1b, 0x0, 0x88,
    0xc, 0x60, 0x61, 0x6, 0xc, 0x3f, 0xe1, 0x1,
    0x98, 0xc, 0x80, 0x3c, 0x1, 0x80,

    /* U+0042 "B" */
    0xff, 0x18, 0x33, 0x3, 0x60, 0x6c, 0xd, 0x83,
    0x3f, 0xc6, 0x6, 0xc0, 0x78, 0xf, 0x1, 0xe0,
    0x6f, 0xf8,

    /* U+0043 "C" */
    0xf, 0xc3, 0x87, 0x60, 0x26, 0x0, 0xc0, 0xc,
    0x0, 0xc0, 0xc, 0x0, 0xc0, 0x6, 0x0, 0x60,
    0x23, 0x87, 0xf, 0xc0,

    /* U+0044 "D" */
    0xff, 0xc, 0x1c, 0xc0, 0x6c, 0x6, 0xc0, 0x3c,
    0x3, 0xc0, 0x3c, 0x3, 0xc0, 0x3c, 0x6, 0xc0,
    0x6c, 0x1c, 0xff, 0x0,

    /* U+0045 "E" */
    0xff, 0xe0, 0x30, 0x18, 0xc, 0x6, 0x3, 0xfd,
    0x80, 0xc0, 0x60, 0x30, 0x18, 0xf, 0xf8,

    /* U+0046 "F" */
    0xff, 0xe0, 0x30, 0x18, 0xc, 0x6, 0x3, 0xfd,
    0x80, 0xc0, 0x60, 0x30, 0x18, 0xc, 0x0,

    /* U+0047 "G" */
    0xf, 0xc3, 0x87, 0x70, 0x6, 0x0, 0xc0, 0xc,
    0x0, 0xc0, 0x3c, 0x3, 0xc0, 0x36, 0x3, 0x70,
    0x33, 0x87, 0xf, 0xe0,

    /* U+0048 "H" */
    0xc0, 0x78, 0xf, 0x1, 0xe0, 0x3c, 0x7, 0x80,
    0xff, 0xfe, 0x3, 0xc0, 0x78, 0xf, 0x1, 0xe0,
    0x3c, 0x6,

    /* U+0049 "I" */
    0xff, 0xff, 0xff, 0xc0,

    /* U+004A "J" */
    0x7f, 0x3, 0x3, 0x3, 0x3, 0x3, 0x3, 0x3,
    0x3, 0x3, 0x3, 0xc6, 0x7c,

    /* U+004B "K" */
    0xc0, 0xd8, 0x3b, 0xe, 0x61, 0x8c, 0x61, 0x98,
    0x37, 0x7, 0xb0, 0xe7, 0x18, 0x63, 0x6, 0x60,
    0x6c, 0x6,

    /* U+004C "L" */
    0xc0, 0x60, 0x30, 0x18, 0xc, 0x6, 0x3, 0x1,
    0x80, 0xc0, 0x60, 0x30, 0x18, 0xf, 0xf8,

    /* U+004D "M" */
    0xc0, 0xf, 0x80, 0x7e, 0x1, 0xfc, 0xf, 0xd0,
    0x2f, 0x61, 0xbc, 0xc4, 0xf3, 0x33, 0xc7, 0x8f,
    0x1e, 0x3c, 0x30, 0xf0, 0x3, 0xc0, 0xc,

    /* U+004E "N" */
    0xc0, 0x7c, 0xf, 0xc1, 0xf8, 0x3d, 0x87, 0x98,
    0xf3, 0x9e, 0x33, 0xc3, 0x78, 0x3f, 0x7, 0xe0,
    0x7c, 0x6,

    /* U+004F "O" */
    0xf, 0x81, 0xc7, 0x18, 0xc, 0xc0, 0x6c, 0x1,
    0xe0, 0xf, 0x0, 0x78, 0x3, 0xc0, 0x1b, 0x1,
    0x98, 0xc, 0x71, 0xc0, 0xf8, 0x0,

    /* U+0050 "P" */
    0xfe, 0x30, 0x6c, 0xf, 0x3, 0xc0, 0xf0, 0x3c,
    0xf, 0x6, 0xff, 0x30, 0xc, 0x3, 0x0, 0xc0,
    0x0,

    /* U+0051 "Q" */
    0xf, 0x80, 0xe3, 0x86, 0x3, 0x18, 0xc, 0xc0,
    0x1b, 0x0, 0x6c, 0x1, 0xb0, 0x6, 0xc0, 0x19,
    0x80, 0xc6, 0x3, 0xe, 0x38, 0xf, 0x80, 0x6,
    0x20, 0xf, 0x80,

    /* U+0052 "R" */
    0xfe, 0x30, 0x6c, 0xf, 0x3, 0xc0, 0xf0, 0x3c,
    0xf, 0x6, 0xff, 0x30, 0xcc, 0x13, 0x6, 0xc0,
    0xc0,

    /* U+0053 "S" */
    0x3f, 0x30, 0xb0, 0x18, 0xe, 0x7, 0xc1, 0xfc,
    0x1f, 0x3, 0x80, 0xe0, 0x78, 0x67, 0xe0,

    /* U+0054 "T" */
    0xff, 0xc3, 0x0, 0xc0, 0x30, 0xc, 0x3, 0x0,
    0xc0, 0x30, 0xc, 0x3, 0x0, 0xc0, 0x30, 0xc,
    0x0,

    /* U+0055 "U" */
    0xc0, 0x78, 0xf, 0x1, 0xe0, 0x3c, 0x7, 0x80,
    0xf0, 0x1e, 0x3, 0xc0, 0x78, 0xd, 0x83, 0x38,
    0xe1, 0xf0,

    /* U+0056 "V" */
    0xc0, 0x1b, 0x1, 0x98, 0xc, 0xc0, 0x43, 0x6,
    0x18, 0x30, 0x63, 0x3, 0x18, 0xd, 0x80, 0x6c,
    0x3, 0x40, 0xe, 0x0, 0x70, 0x0,

    /* U+0057 "W" */
    0xc0, 0xc0, 0x78, 0x1c, 0x1b, 0x3, 0x83, 0x30,
    0xf0, 0x66, 0x1a, 0x8, 0xc2, 0x63, 0xc, 0xcc,
    0x61, 0x98, 0x88, 0x36, 0x1b, 0x2, 0xc3, 0x60,
    0x78, 0x28, 0xe, 0x7, 0x0, 0xc0, 0xe0,

    /* U+0058 "X" */
    0x60, 0x63, 0x6, 0x30, 0xc1, 0x98, 0xf, 0x0,
    0xf0, 0x6, 0x0, 0xf0, 0x19, 0x81, 0x98, 0x30,
    0xc6, 0x6, 0x60, 0x70,

    /* U+0059 "Y" */
    0xc0, 0x36, 0x6, 0x60, 0x63, 0xc, 0x19, 0x81,
    0x98, 0xf, 0x0, 0xf0, 0x6, 0x0, 0x60, 0x6,
    0x0, 0x60, 0x6, 0x0,

    /* U+005A "Z" */
    0xff, 0xe0, 0x18, 0x7, 0x1, 0xc0, 0x30, 0xc,
    0x3, 0x80, 0xe0, 0x18, 0x6, 0x1, 0xc0, 0x30,
    0xf, 0xfe,

    /* U+005B "[" */
    0xfc, 0xcc, 0xcc, 0xcc, 0xcc, 0xcc, 0xcc, 0xcc,
    0xcf,

    /* U+005C "\\" */
    0xc0, 0x40, 0x60, 0x60, 0x20, 0x30, 0x30, 0x10,
    0x18, 0x18, 0x8, 0xc, 0xc, 0x4, 0x6, 0x6,
    0x2, 0x3,

    /* U+005D "]" */
    0xf3, 0x33, 0x33, 0x33, 0x33, 0x33, 0x33, 0x33,
    0x3f,

    /* U+005E "^" */
    0x18, 0x1c, 0x14, 0x34, 0x26, 0x62, 0x43, 0x41,

    /* U+005F "_" */
    0xff, 0x80,

    /* U+0060 "`" */
    0xc3, 0x4,

    /* U+0061 "a" */
    0x7c, 0x46, 0x3, 0x3, 0x7f, 0xc3, 0xc3, 0xc3,
    0xe7, 0x7b,

    /* U+0062 "b" */
    0xc0, 0x30, 0xc, 0x3, 0x0, 0xde, 0x38, 0xee,
    0x1b, 0x3, 0xc0, 0xf0, 0x3c, 0xf, 0x86, 0xe1,
    0xb7, 0xc0,

    /* U+0063 "c" */
    0x1f, 0x38, 0xd8, 0x18, 0xc, 0x6, 0x3, 0x0,
    0xc0, 0x71, 0x8f, 0x80,

    /* U+0064 "d" */
    0x0, 0xc0, 0x30, 0xc, 0x3, 0x1e, 0xd8, 0x76,
    0x1f, 0x3, 0xc0, 0xf0, 0x3c, 0xd, 0x87, 0x61,
    0xcf, 0xb0,

    /* U+0065 "e" */
    0x1e, 0x18, 0x64, 0xf, 0x3, 0xff, 0xf0, 0xc,
    0x1, 0x80, 0x71, 0x87, 0xc0,

    /* U+0066 "f" */
    0x3e, 0xc1, 0x83, 0xf, 0xcc, 0x18, 0x30, 0x60,
    0xc1, 0x83, 0x6, 0xc, 0x0,

    /* U+0067 "g" */
    0x1e, 0xd8, 0x76, 0x1f, 0x3, 0xc0, 0xf0, 0x3c,
    0xd, 0x87, 0x63, 0xcf, 0xb0, 0xc, 0x3, 0x61,
    0x9f, 0xc0,

    /* U+0068 "h" */
    0xc0, 0x60, 0x30, 0x18, 0xd, 0xe7, 0x1b, 0x7,
    0x83, 0xc1, 0xe0, 0xf0, 0x78, 0x3c, 0x1e, 0xc,

    /* U+0069 "i" */
    0xc0, 0xff, 0xff, 0xf0,

    /* U+006A "j" */
    0x18, 0x0, 0x1, 0x8c, 0x63, 0x18, 0xc6, 0x31,
    0x8c, 0x63, 0x9f, 0x80,

    /* U+006B "k" */
    0xc0, 0x30, 0xc, 0x3, 0x0, 0xc1, 0xb0, 0xcc,
    0x63, 0x30, 0xfc, 0x3f, 0xe, 0x63, 0xc, 0xc3,
    0xb0, 0x60,

    /* U+006C "l" */
    0xff, 0xff, 0xff, 0xf0,

    /* U+006D "m" */
    0xde, 0x7c, 0xe3, 0xc6, 0xc1, 0x83, 0xc1, 0x83,
    0xc1, 0x83, 0xc1, 0x83, 0xc1, 0x83, 0xc1, 0x83,
    0xc1, 0x83, 0xc1, 0x83,

    /* U+006E "n" */
    0xde, 0x71, 0xb0, 0x78, 0x3c, 0x1e, 0xf, 0x7,
    0x83, 0xc1, 0xe0, 0xc0,

    /* U+006F "o" */
    0x1e, 0x18, 0x66, 0x1b, 0x3, 0xc0, 0xf0, 0x3c,
    0xd, 0x86, 0x61, 0x87, 0x80,

    /* U+0070 "p" */
    0xde, 0x38, 0xee, 0x1b, 0x3, 0xc0, 0xf0, 0x3c,
    0xf, 0x86, 0xe1, 0xb7, 0x8c, 0x3, 0x0, 0xc0,
    0x30, 0x0,

    /* U+0071 "q" */
    0x1e, 0xd8, 0x76, 0x1f, 0x3, 0xc0, 0xf0, 0x3c,
    0xd, 0x87, 0x61, 0xcf, 0xb0, 0xc, 0x3, 0x0,
    0xc0, 0x30,

    /* U+0072 "r" */
    0xdf, 0x31, 0x8c, 0x63, 0x18, 0xc6, 0x0,

    /* U+0073 "s" */
    0x3e, 0xc2, 0xc0, 0xe0, 0xfc, 0x7f, 0x7, 0x3,
    0xc3, 0xfc,

    /* U+0074 "t" */
    0x60, 0xc3, 0xf3, 0x6, 0xc, 0x18, 0x30, 0x60,
    0xc1, 0x81, 0xf0,

    /* U+0075 "u" */
    0xc1, 0xe0, 0xf0, 0x78, 0x3c, 0x1e, 0xf, 0x7,
    0x83, 0x63, 0x9e, 0xc0,

    /* U+0076 "v" */
    0xc0, 0xd0, 0x26, 0x19, 0x86, 0x31, 0xc, 0xc1,
    0x20, 0x78, 0xe, 0x3, 0x0,

    /* U+0077 "w" */
    0xc1, 0x83, 0x41, 0x83, 0x63, 0xc2, 0x63, 0xc6,
    0x22, 0x44, 0x36, 0x64, 0x36, 0x2c, 0x14, 0x38,
    0x1c, 0x38, 0x1c, 0x18,

    /* U+0078 "x" */
    0x61, 0x88, 0xc3, 0x30, 0x78, 0xc, 0x3, 0x1,
    0xe0, 0xcc, 0x61, 0x98, 0x60,

    /* U+0079 "y" */
    0xc0, 0xd0, 0x26, 0x19, 0x86, 0x31, 0xc, 0xc1,
    0x20, 0x78, 0x1e, 0x3, 0x0, 0xc0, 0x20, 0x98,
    0x3c, 0x0,

    /* U+007A "z" */
    0xff, 0x7, 0x6, 0xc, 0x18, 0x18, 0x30, 0x60,
    0xe0, 0xff,

    /* U+007B "{" */
    0x1c, 0xc3, 0xc, 0x30, 0xc3, 0xc, 0x33, 0x83,
    0xc, 0x30, 0xc3, 0xc, 0x30, 0x70,

    /* U+007C "|" */
    0xff, 0xff, 0xff, 0xff, 0xf0,

    /* U+007D "}" */
    0xe1, 0x8c, 0x63, 0x18, 0xc6, 0x30, 0xcc, 0x63,
    0x18, 0xc6, 0x37, 0x0,

    /* U+007E "~" */
    0x71, 0x99, 0x8e,

    /* U+00B7 "·" */
    0x6f, 0x60,

    /* U+2026 "…" */
    0xc3, 0xf, 0xc, 0x30,

    /* U+3010 "【" */
    0xfb, 0xce, 0x38, 0xe3, 0xc, 0x30, 0xc3, 0xc,
    0x38, 0xe3, 0xcf, 0x3e,

    /* U+3011 "】" */
    0x7c, 0xf3, 0xc7, 0x1c, 0x30, 0xc3, 0xc, 0x30,
    0xc7, 0x1c, 0x73, 0xdf,

    /* U+4E00 "一" */
    0xff, 0xff,

    /* U+4E01 "丁" */
    0xff, 0xff, 0x0, 0x80, 0x0, 0x80, 0x0, 0x80,
    0x0, 0x80, 0x0, 0x80, 0x0, 0x80, 0x0, 0x80,
    0x0, 0x80, 0x0, 0x80, 0x0, 0x80, 0x0, 0x80,
    0x0, 0x80, 0xf, 0x80,

    /* U+4E07 "万" */
    0x7f, 0xff, 0x81, 0x0, 0x0, 0x80, 0x0, 0x40,
    0x0, 0x20, 0x0, 0x1f, 0xf0, 0x8, 0x8, 0xc,
    0x4, 0x4, 0x2, 0x2, 0x1, 0x3, 0x0, 0x81,
    0x0, 0x41, 0x80, 0x61, 0x80, 0x31, 0x1, 0xf0,

    /* U+4E09 "三" */
    0x7f, 0xfe, 0x0, 0x0, 0x0, 0x0, 0x0, 0x0,
    0x0, 0x0, 0x0, 0x0, 0x3f, 0xfc, 0x0, 0x0,
    0x0, 0x0, 0x0, 0x0, 0x0, 0x0, 0x0, 0x0,
    0xff, 0xff,

    /* U+4E0A "上" */
    0x1, 0x0, 0x1, 0x0, 0x1, 0x0, 0x1, 0x0,
    0x1, 0x0, 0x1, 0x0, 0x1, 0xfe, 0x1, 0x0,
    0x1, 0x0, 0x1, 0x0, 0x1, 0x0, 0x1, 0x0,
    0x1, 0x0, 0x1, 0x0, 0xff, 0xff,

    /* U+4E0B "下" */
    0xff, 0xff, 0x1, 0x0, 0x1, 0x0, 0x1, 0x0,
    0x1, 0x80, 0x1, 0x60, 0x1, 0x38, 0x1, 0xc,
    0x1, 0x2, 0x1, 0x0, 0x1, 0x0, 0x1, 0x0,
    0x1, 0x0, 0x1, 0x0, 0x1, 0x0,

    /* U+4E0D "不" */
    0xff, 0xfe, 0x1, 0x0, 0x4, 0x0, 0x18, 0x0,
    0x74, 0x1, 0xac, 0x6, 0x46, 0x18, 0x86, 0xe1,
    0x7, 0x2, 0x4, 0x4, 0x0, 0x8, 0x0, 0x10,
    0x0, 0x20, 0x0, 0x40, 0x0,

    /* U+4E0E "与" */
    0x18, 0x0, 0x20, 0x0, 0x7f, 0xf8, 0x80, 0x1,
    0x0, 0x6, 0x0, 0xf, 0xff, 0x80, 0x3, 0x0,
    0x4, 0x0, 0xb, 0xff, 0x90, 0x0, 0x20, 0x0,
    0xc0, 0x1, 0x0, 0x3e, 0x0,

    /* U+4E11 "丑" */
    0x7f, 0xf8, 0x6, 0x8, 0x6, 0x8, 0x6, 0x8,
    0x4, 0x8, 0x4, 0x8, 0x4, 0x8, 0x7f, 0xf8,
    0x4, 0x8, 0x4, 0x8, 0x4, 0x8, 0x4, 0x8,
    0xc, 0x8, 0xc, 0x8, 0xff, 0xff,

    /* U+4E13 "专" */
    0x1, 0x0, 0x3, 0x0, 0x7f, 0xfe, 0x2, 0x0,
    0x6, 0x0, 0xff, 0xff, 0x4, 0x0, 0xc, 0x0,
    0x8, 0x0, 0xf, 0xfc, 0x0, 0x8, 0x0, 0x10,
    0x8, 0x20, 0x7, 0xc0, 0x1, 0xc0, 0x0, 0x38,
    0x0, 0x0,

    /* U+4E14 "且" */
    0x1f, 0xf8, 0x10, 0x8, 0x10, 0x8, 0x10, 0x8,
    0x1f, 0xf8, 0x10, 0x8, 0x10, 0x8, 0x10, 0x8,
    0x10, 0x8, 0x1f, 0xf8, 0x10, 0x8, 0x10, 0x8,
    0x10, 0x8, 0x10, 0x8, 0xff, 0xff,

    /* U+4E16 "世" */
    0x11, 0x88, 0x11, 0x88, 0x11, 0x88, 0x11, 0x88,
    0x11, 0x88, 0xff, 0xff, 0x11, 0x88, 0x11, 0x88,
    0x11, 0x88, 0x11, 0x88, 0x11, 0xf8, 0x10, 0x0,
    0x10, 0x0, 0x10, 0x0, 0x1f, 0xff,

    /* U+4E1C "东" */
    0x0, 0x0, 0x4, 0x0, 0x18, 0x7, 0xff, 0xf0,
    0xc0, 0x1, 0x0, 0x6, 0x20, 0x8, 0x40, 0x30,
    0x80, 0x7f, 0xf8, 0x2, 0x0, 0x84, 0x81, 0x9,
    0x84, 0x11, 0x98, 0x21, 0x60, 0x41, 0x7, 0x80,

    /* U+4E22 "丢" */
    0x0, 0x7c, 0x7f, 0xe0, 0x1, 0x80, 0x1, 0x80,
    0x1, 0x80, 0x7f, 0xfe, 0x1, 0x80, 0x1, 0x80,
    0xff, 0xff, 0x2, 0x0, 0x6, 0x10, 0xc, 0x18,
    0x18, 0xc, 0x30, 0x4, 0x7f, 0xfa, 0x0, 0x3,

    /* U+4E24 "两" */
    0xff, 0xff, 0x4, 0x20, 0x4, 0x20, 0x4, 0x20,
    0x7f, 0xfe, 0x44, 0x22, 0x44, 0x22, 0x46, 0x62,
    0x4e, 0x52, 0x49, 0x5a, 0x58, 0x8e, 0x51, 0x82,
    0x40, 0x2, 0x40, 0x2, 0x40, 0x1e,

    /* U+4E25 "严" */
    0x7f, 0xfe, 0x6, 0x40, 0x26, 0x44, 0x16, 0x48,
    0x16, 0x48, 0x6, 0x40, 0x7f, 0xff, 0x40, 0x0,
    0x40, 0x0, 0x40, 0x0, 0x40, 0x0, 0x40, 0x0,
    0x40, 0x0, 0xc0, 0x0, 0x80, 0x0,

    /* U+4E2A "个" */
    0x0, 0x80, 0x0, 0xc0, 0x0, 0xd0, 0x0, 0xc4,
    0x0, 0xc1, 0x80, 0xc4, 0x61, 0xc2, 0x1c, 0x81,
    0x2, 0x0, 0x80, 0x0, 0x40, 0x0, 0x20, 0x0,
    0x10, 0x0, 0x8, 0x0, 0x4, 0x0, 0x2, 0x0,
    0x1, 0x0,

    /* U+4E2D "中" */
    0x1, 0x0, 0x2, 0x0, 0x4, 0x7, 0xff, 0xf8,
    0x10, 0x30, 0x20, 0x60, 0x40, 0xc0, 0x81, 0x81,
    0x3, 0xff, 0xfe, 0x4, 0x8, 0x8, 0x0, 0x10,
    0x0, 0x20, 0x0, 0x40, 0x0, 0x80,

    /* U+4E32 "串" */
    0x2, 0x0, 0x8, 0x7, 0xff, 0x90, 0x82, 0x42,
    0x9, 0x8, 0x27, 0xff, 0x80, 0x80, 0xff, 0xfe,
    0x8, 0x18, 0x20, 0x60, 0x81, 0xff, 0xfe, 0x8,
    0x10, 0x20, 0x0, 0x80,

    /* U+4E34 "临" */
    0x10, 0x80, 0x22, 0x2, 0x47, 0xfc, 0x98, 0x9,
    0x26, 0x12, 0x86, 0x25, 0x6, 0x48, 0x0, 0x93,
    0xff, 0x24, 0x46, 0x48, 0x8c, 0x91, 0x19, 0x22,
    0x32, 0x44, 0x44, 0xff, 0x89, 0x1,

    /* U+4E3A "为" */
    0x11, 0x0, 0x32, 0x0, 0x24, 0x0, 0x8, 0x7,
    0xff, 0xe0, 0x20, 0x40, 0x40, 0x81, 0x1, 0x2,
    0x42, 0xc, 0x44, 0x10, 0xc8, 0x60, 0x11, 0x80,
    0x26, 0x0, 0x58, 0x1, 0x20, 0x1e,

    /* U+4E3B "主" */
    0x0, 0x0, 0x3, 0x0, 0x1, 0x80, 0x0, 0xc0,
    0x7f, 0xfe, 0x1, 0x80, 0x1, 0x80, 0x1, 0x80,
    0x1, 0x80, 0x3f, 0xfc, 0x1, 0x80, 0x1, 0x80,
    0x1, 0x80, 0x1, 0x80, 0x1, 0x80, 0xff, 0xff,

    /* U+4E3E "举" */
    0x0, 0x0, 0x10, 0x86, 0x4, 0x62, 0x3, 0x2,
    0xf, 0xff, 0xf0, 0x40, 0x80, 0x66, 0x20, 0x63,
    0xc, 0xdf, 0xfb, 0x0, 0xc0, 0x0, 0x60, 0x0,
    0x30, 0x7, 0xff, 0xe0, 0xc, 0x0, 0x6, 0x0,
    0x3, 0x0,

    /* U+4E45 "久" */
    0x4, 0x0, 0x4, 0x0, 0xc, 0x0, 0xf, 0xe0,
    0x18, 0x60, 0x30, 0x60, 0x20, 0x40, 0x60, 0xc0,
    0xc0, 0xc0, 0x1, 0xc0, 0x3, 0x20, 0x6, 0x30,
    0xc, 0x18, 0x18, 0xc, 0x70, 0x6, 0xc0, 0x3,

    /* U+4E48 "么" */
    0x1, 0x0, 0x3, 0x0, 0x6, 0x0, 0x4, 0x0,
    0x8, 0x30, 0x10, 0x20, 0x20, 0x60, 0xc0, 0xc0,
    0x1, 0x80, 0x3, 0x10, 0x6, 0x18, 0xc, 0x8,
    0x18, 0x4, 0x30, 0xfe, 0x7f, 0xf2, 0x0, 0x3,

    /* U+4E49 "义" */
    0x1, 0x0, 0x1, 0x4, 0x20, 0x84, 0x20, 0x8c,
    0x10, 0x88, 0x10, 0x18, 0x8, 0x10, 0xc, 0x30,
    0x4, 0x20, 0x2, 0x40, 0x1, 0x80, 0x1, 0x80,
    0x6, 0x60, 0xc, 0x30, 0x30, 0x1c, 0xe0, 0x7,

    /* U+4E4B "之" */
    0x1, 0x0, 0x1, 0x0, 0x0, 0x80, 0x0, 0x80,
    0x7f, 0xfc, 0x0, 0xc, 0x0, 0x18, 0x0, 0x30,
    0x0, 0x60, 0x0, 0xc0, 0x1, 0x80, 0x3, 0x0,
    0xc, 0x0, 0x38, 0x0, 0x4c, 0x0, 0x83, 0xff,

    /* U+4E56 "乖" */
    0x0, 0xc, 0x7f, 0xf0, 0x1, 0x80, 0x1, 0x80,
    0xff, 0xff, 0x1, 0x80, 0x9, 0x90, 0x9, 0x97,
    0xf9, 0x9c, 0x9, 0x90, 0x9, 0x91, 0xf9, 0x91,
    0x89, 0x9f, 0x1, 0x80, 0x1, 0x80, 0x1, 0x80,

    /* U+4E58 "乘" */
    0x0, 0x1e, 0xf, 0xfc, 0x0, 0xc, 0x0, 0x3,
    0x0, 0x7f, 0xff, 0x80, 0x30, 0x0, 0x4c, 0x90,
    0xf3, 0x3c, 0x4, 0xc8, 0x3, 0x32, 0x27, 0x5e,
    0xf8, 0xb, 0x40, 0x4, 0xc8, 0x6, 0x31, 0x86,
    0xc, 0x38, 0x3, 0x0,

    /* U+4E5F "也" */
    0x0, 0x80, 0x10, 0x80, 0x10, 0x80, 0x10, 0x8e,
    0x10, 0xfa, 0x17, 0x82, 0x38, 0x82, 0xd0, 0x82,
    0x10, 0x82, 0x10, 0x84, 0x10, 0xbc, 0x10, 0x81,
    0x10, 0x1, 0x10, 0x1, 0x10, 0x1, 0xf, 0xfe,

    /* U+4E60 "习" */
    0x7f, 0xfc, 0x0, 0x10, 0x0, 0x46, 0x1, 0xc,
    0x4, 0x18, 0x10, 0x10, 0x40, 0x1, 0x0, 0x64,
    0xf, 0x11, 0xe0, 0x7c, 0x1, 0x0, 0x4, 0x0,
    0x10, 0x7, 0x80,

    /* U+4E71 "乱" */
    0x3, 0x20, 0x7e, 0x20, 0x8, 0x20, 0x8, 0x20,
    0x8, 0x20, 0xff, 0xa0, 0x8, 0x20, 0x8, 0x20,
    0x8, 0x20, 0x7f, 0x20, 0x41, 0x20, 0x41, 0x20,
    0x41, 0x21, 0x41, 0x21, 0x7f, 0x21, 0x41, 0x3e,

    /* U+4E86 "了" */
    0xff, 0xfc, 0x0, 0x60, 0x3, 0x0, 0x18, 0x1,
    0xc0, 0x4, 0x0, 0x10, 0x0, 0x40, 0x1, 0x0,
    0x4, 0x0, 0x10, 0x0, 0x40, 0x1, 0x0, 0x4,
    0x1, 0xf0, 0x0,

    /* U+4E8B "事" */
    0x1, 0x0, 0x1, 0x0, 0xff, 0xff, 0x1, 0x0,
    0x3f, 0xfc, 0x21, 0x4, 0x21, 0x4, 0x3f, 0xfc,
    0x1, 0x0, 0x7f, 0xfc, 0x1, 0x4, 0xff, 0xff,
    0x1, 0x4, 0x1, 0x4, 0x7f, 0xfc, 0x1, 0x4,
    0x7, 0x0,

    /* U+4E8C "二" */
    0x3f, 0xfc, 0x0, 0x0, 0x0, 0x0, 0x0, 0x0,
    0x0, 0x0, 0x0, 0x0, 0x0, 0x0, 0x0, 0x0,
    0x0, 0x0, 0x0, 0x0, 0xff, 0xff,

    /* U+4E8E "于" */
    0x7f, 0xfe, 0x0, 0x80, 0x0, 0x80, 0x0, 0x80,
    0x0, 0x80, 0x0, 0x80, 0xff, 0xff, 0x0, 0x80,
    0x0, 0x80, 0x0, 0x80, 0x0, 0x80, 0x0, 0x80,
    0x0, 0x80, 0x0, 0x80, 0xf, 0x0,

    /* U+4E91 "云" */
    0x3f, 0xfc, 0x0, 0x0, 0x0, 0x0, 0x0, 0x0,
    0x0, 0x0, 0x0, 0x0, 0xff, 0xff, 0x6, 0x0,
    0x6, 0x0, 0xc, 0x30, 0x8, 0x18, 0x18, 0x8,
    0x30, 0xc, 0x7f, 0xfe, 0x7c, 0x2, 0x0, 0x2,

    /* U+4E94 "五" */
    0x7f, 0xfe, 0x3, 0x0, 0x2, 0x0, 0x2, 0x0,
    0x2, 0x0, 0x3f, 0xf8, 0x6, 0x8, 0x6, 0x18,
    0x4, 0x18, 0x4, 0x18, 0x4, 0x10, 0x4, 0x10,
    0xff, 0xff,

    /* U+4EA1 "亡" */
    0x1, 0x0, 0x1, 0x80, 0x0, 0x80, 0x0, 0x80,
    0xff, 0xff, 0x10, 0x0, 0x10, 0x0, 0x10, 0x0,
    0x10, 0x0, 0x10, 0x0, 0x10, 0x0, 0x10, 0x0,
    0x10, 0x0, 0x10, 0x0, 0x1f, 0xfe,

    /* U+4EA4 "交" */
    0x1, 0x0, 0x1, 0x0, 0x0, 0x80, 0xff, 0xff,
    0x0, 0x0, 0xc, 0x18, 0x18, 0xc, 0x60, 0x6,
    0xcc, 0x13, 0x4, 0x20, 0x6, 0x60, 0x3, 0xc0,
    0x1, 0x80, 0x3, 0xc0, 0xe, 0x30, 0x78, 0xf,
    0xc0, 0x1,

    /* U+4EA7 "产" */
    0x1, 0x0, 0x0, 0x80, 0x7f, 0xfe, 0x8, 0x0,
    0xc, 0x10, 0x4, 0x30, 0x4, 0x20, 0x7f, 0xff,
    0x60, 0x0, 0x40, 0x0, 0x40, 0x0, 0x40, 0x0,
    0x40, 0x0, 0x40, 0x0, 0xc0, 0x0, 0x80, 0x0,
    0x80, 0x0,

    /* U+4EAE "亮" */
    0x1, 0x0, 0x0, 0x80, 0xff, 0xff, 0x0, 0x0,
    0x1f, 0xfc, 0x10, 0xc, 0x1f, 0xfc, 0x0, 0x0,
    0xff, 0xff, 0xc0, 0x3, 0xc0, 0x3, 0xf, 0xf0,
    0xc, 0x30, 0x8, 0x31, 0x18, 0x31, 0xe0, 0x3f,

    /* U+4EB2 "亲" */
    0x3, 0x0, 0x2, 0x1, 0xff, 0xf0, 0x81, 0x80,
    0x82, 0x1, 0xc, 0x3f, 0xff, 0x80, 0x80, 0x1,
    0x0, 0x2, 0x3, 0xff, 0xf8, 0x8, 0x1, 0x13,
    0x4, 0x21, 0x10, 0x41, 0x3, 0x80,

    /* U+4EBA "人" */
    0x0, 0x80, 0x0, 0x40, 0x0, 0x20, 0x0, 0x10,
    0x0, 0x8, 0x0, 0xc, 0x0, 0x5, 0x0, 0x2,
    0x80, 0x1, 0x40, 0x1, 0x10, 0x0, 0x88, 0x0,
    0x82, 0x0, 0xc1, 0x80, 0xc0, 0x60, 0xc0, 0x18,
    0xc0, 0x6,

    /* U+4EC0 "什" */
    0x4, 0x10, 0x4, 0x8, 0x2, 0x4, 0x2, 0x2,
    0x3, 0x1, 0x1, 0x80, 0x81, 0x5f, 0xfe, 0xa0,
    0x20, 0x10, 0x10, 0x8, 0x8, 0x4, 0x4, 0x2,
    0x2, 0x1, 0x1, 0x0, 0x80, 0x80, 0x40, 0x40,
    0x20, 0x20,

    /* U+4EC7 "仇" */
    0x18, 0x80, 0x10, 0x80, 0x10, 0x80, 0x20, 0x80,
    0x6f, 0xf8, 0x60, 0x88, 0xe0, 0x88, 0xa0, 0x88,
    0x20, 0x88, 0x20, 0x88, 0x21, 0x8, 0x21, 0x8,
    0x23, 0x9, 0x22, 0x9, 0x24, 0x9, 0x38, 0xf,

    /* U+4ECA "今" */
    0x0, 0x80, 0x1, 0x80, 0x3, 0x40, 0x6, 0x20,
    0x1c, 0x18, 0x33, 0xc, 0xe1, 0x87, 0x80, 0xc1,
    0x0, 0x40, 0x3f, 0xfc, 0x0, 0x8, 0x0, 0x18,
    0x0, 0x30, 0x0, 0x60, 0x0, 0x40, 0x0, 0x80,

    /* U+4ECE "从" */
    0x8, 0x10, 0x8, 0x10, 0x8, 0x10, 0x8, 0x10,
    0x8, 0x10, 0x8, 0x10, 0x8, 0x10, 0xc, 0x30,
    0x16, 0x30, 0x12, 0x30, 0x11, 0x28, 0x11, 0x48,
    0x20, 0xc4, 0x20, 0x86, 0x61, 0x83, 0xc3, 0x1,

    /* U+4ED3 "仓" */
    0x0, 0x80, 0x0, 0xe0, 0x0, 0xd8, 0x0, 0xc6,
    0x0, 0xc0, 0xc1, 0xc0, 0x33, 0xbf, 0xe6, 0x10,
    0x10, 0x8, 0x8, 0x4, 0x4, 0x2, 0x2, 0x1,
    0xf, 0x0, 0x80, 0x20, 0x40, 0x10, 0x20, 0x18,
    0xf, 0xf8,

    /* U+4ED4 "仔" */
    0x10, 0x0, 0x17, 0xff, 0x30, 0x6, 0x20, 0xc,
    0x60, 0x30, 0x60, 0x60, 0xe0, 0x60, 0xa0, 0x60,
    0x2f, 0xff, 0x20, 0x60, 0x20, 0x60, 0x20, 0x60,
    0x20, 0x60, 0x20, 0x60, 0x20, 0x60, 0x23, 0xc0,

    /* U+4ED6 "他" */
    0x4, 0x10, 0x4, 0x8, 0x2, 0x44, 0x2, 0x22,
    0x63, 0x11, 0xf1, 0x8b, 0x89, 0x4e, 0x44, 0xae,
    0x22, 0x11, 0x11, 0x8, 0x88, 0x84, 0x45, 0xc2,
    0x22, 0x1, 0x10, 0x8, 0x88, 0x4, 0x44, 0x6,
    0x21, 0xfe,

    /* U+4EE3 "代" */
    0x4, 0x48, 0x8, 0x4c, 0x8, 0x46, 0x10, 0x42,
    0x30, 0x40, 0x30, 0x7f, 0x77, 0xe0, 0xd0, 0x60,
    0x90, 0x20, 0x10, 0x20, 0x10, 0x20, 0x10, 0x20,
    0x10, 0x11, 0x10, 0x11, 0x10, 0x9, 0x10, 0x6,

    /* U+4EE4 "令" */
    0x1, 0x80, 0x0, 0xe0, 0x1, 0x98, 0x1, 0x86,
    0x1, 0xb1, 0xc3, 0xc, 0x3b, 0x3, 0x4, 0x0,
    0x0, 0x3f, 0xfc, 0x0, 0xc, 0x0, 0xc, 0x0,
    0x8c, 0x0, 0x3c, 0x0, 0xc, 0x0, 0x3, 0x80,
    0x0, 0x40,

    /* U+4EE5 "以" */
    0x40, 0x8, 0x8c, 0x11, 0x8, 0x22, 0x8, 0x44,
    0x18, 0x88, 0x1, 0x10, 0x4, 0x20, 0x8, 0x40,
    0x10, 0x84, 0x61, 0x38, 0xc3, 0xc2, 0xcc, 0xc,
    0xc0, 0x70, 0xc3, 0x80, 0x80, 0x0,

    /* U+4EEC "们" */
    0x2, 0x0, 0x13, 0x3f, 0x11, 0x81, 0x24, 0x1,
    0x24, 0x1, 0x64, 0x1, 0xe4, 0x1, 0xa4, 0x1,
    0x24, 0x1, 0x24, 0x1, 0x24, 0x1, 0x24, 0x1,
    0x24, 0x1, 0x24, 0x1, 0x24, 0x1, 0x24, 0xf,

    /* U+4EF6 "件" */
    0x8, 0x20, 0x19, 0x20, 0x11, 0x20, 0x33, 0x20,
    0x23, 0xfe, 0x62, 0x20, 0xe6, 0x20, 0xa4, 0x20,
    0x20, 0x20, 0x27, 0xff, 0x20, 0x20, 0x20, 0x20,
    0x20, 0x20, 0x20, 0x20, 0x20, 0x20, 0x20, 0x20,

    /* U+4EFB "任" */
    0x4, 0x0, 0x2, 0x3, 0x82, 0x7f, 0x3, 0x62,
    0x1, 0x1, 0x1, 0x80, 0x81, 0xc0, 0x41, 0xa0,
    0x20, 0x17, 0xff, 0x88, 0x8, 0x4, 0x4, 0x2,
    0x2, 0x1, 0x1, 0x0, 0x80, 0x80, 0x40, 0x40,
    0x27, 0xff,

    /* U+4EFD "份" */
    0x18, 0x98, 0x10, 0x88, 0x11, 0x88, 0x21, 0xc,
    0x23, 0x4, 0x62, 0x6, 0xe4, 0x3, 0xab, 0xfd,
    0x20, 0xc4, 0x20, 0x84, 0x20, 0x84, 0x20, 0x84,
    0x21, 0x84, 0x21, 0x4, 0x22, 0xc, 0x24, 0x38,

    /* U+4F11 "休" */
    0x4, 0x30, 0x6, 0x18, 0x2, 0xc, 0x3, 0x6,
    0x1, 0x3, 0x1, 0xbf, 0xfd, 0xc1, 0xe1, 0xa0,
    0xf0, 0x10, 0xfc, 0x8, 0x5a, 0x4, 0x4c, 0x82,
    0x66, 0x61, 0x63, 0x18, 0xa1, 0x84, 0x40, 0xc0,
    0x20, 0x60,

    /* U+4F18 "优" */
    0x8, 0xc8, 0x10, 0xcc, 0x10, 0xc6, 0x20, 0xc0,
    0x2f, 0xff, 0x60, 0x80, 0xe0, 0x80, 0xa0, 0xb0,
    0x20, 0xb0, 0x20, 0xb0, 0x21, 0x30, 0x21, 0x30,
    0x21, 0x30, 0x22, 0x31, 0x24, 0x31, 0x28, 0x1f,

    /* U+4F1A "会" */
    0x0, 0x0, 0x0, 0x40, 0x0, 0x50, 0x0, 0x44,
    0x0, 0xc1, 0x81, 0xc0, 0x73, 0xbf, 0xee, 0x0,
    0x0, 0x0, 0x0, 0x3f, 0xff, 0x80, 0xc0, 0x0,
    0xc2, 0x0, 0xc0, 0x80, 0xc0, 0x20, 0xff, 0xf8,
    0x70, 0x6,

    /* U+4F24 "伤" */
    0x0, 0x0, 0x6, 0x60, 0x2, 0x20, 0x2, 0x3f,
    0xf3, 0x32, 0x1, 0x91, 0x1, 0x40, 0x80, 0xa7,
    0xfe, 0x10, 0x21, 0x8, 0x30, 0x84, 0x10, 0x42,
    0x8, 0x21, 0xc, 0x10, 0x84, 0x8, 0x44, 0x4,
    0x2c, 0x3c,

    /* U+4F34 "伴" */
    0x4, 0x30, 0x5, 0x19, 0x82, 0x4c, 0x82, 0x26,
    0x43, 0x1b, 0x41, 0x81, 0x81, 0xcf, 0xfd, 0xa0,
    0x60, 0x10, 0x30, 0x8, 0x18, 0x5, 0xff, 0xe2,
    0x6, 0x1, 0x3, 0x0, 0x81, 0x80, 0x40, 0xc0,
    0x20, 0x60,

    /* U+4F46 "但" */
    0xc, 0x0, 0x4, 0xff, 0x6, 0x40, 0x82, 0x20,
    0x43, 0x10, 0x21, 0x88, 0x11, 0xc7, 0xf8, 0xa2,
    0x4, 0x11, 0x2, 0x8, 0x81, 0x4, 0x40, 0x82,
    0x3f, 0xc1, 0x0, 0x0, 0x80, 0x0, 0x40, 0x0,
    0x2f, 0xff,

    /* U+4F4D "位" */
    0x4, 0x10, 0x6, 0x8, 0x2, 0x4, 0x2, 0x3f,
    0xe1, 0x0, 0x1, 0x84, 0x11, 0xc2, 0x8, 0xa1,
    0x4, 0x10, 0xc6, 0x8, 0x22, 0x4, 0x11, 0x2,
    0x8, 0x81, 0x4, 0x40, 0x82, 0x60, 0x40, 0x20,
    0x27, 0xff,

    /* U+4F4E "低" */
    0x4, 0x3, 0x6, 0x1f, 0x2, 0x7a, 0x2, 0x21,
    0x1, 0x10, 0x81, 0x88, 0x41, 0xc4, 0x21, 0xa3,
    0xff, 0x11, 0x8, 0x8, 0x86, 0x4, 0x41, 0x2,
    0x20, 0x81, 0x10, 0x48, 0x88, 0xa4, 0x44, 0xaa,
    0x27, 0x93,

    /* U+4F4F "住" */
    0x0, 0x20, 0x6, 0x10, 0x2, 0xc, 0x3, 0x2,
    0x1, 0x7f, 0xf9, 0x81, 0x81, 0xc0, 0xc1, 0xa0,
    0x60, 0x10, 0x30, 0x9, 0xff, 0x84, 0xc, 0x2,
    0x6, 0x1, 0x3, 0x0, 0x81, 0x80, 0x40, 0xc0,
    0x2f, 0xff,

    /* U+4F53 "体" */
    0x10, 0x40, 0x10, 0x40, 0x30, 0x40, 0x20, 0x40,
    0x2f, 0xff, 0x60, 0xe0, 0xe0, 0xd0, 0xa1, 0x50,
    0x21, 0x48, 0x22, 0x4c, 0x26, 0x44, 0x24, 0x42,
    0x2b, 0xff, 0x20, 0x40, 0x20, 0x40, 0x20, 0x40,

    /* U+4F55 "何" */
    0x8, 0x0, 0x10, 0x0, 0x17, 0xff, 0x20, 0x6,
    0x20, 0x6, 0x60, 0x6, 0xe3, 0xe6, 0xa2, 0x26,
    0x22, 0x26, 0x22, 0x26, 0x22, 0x26, 0x23, 0xe6,
    0x22, 0x6, 0x20, 0x6, 0x20, 0x6, 0x20, 0x3c,

    /* U+4F59 "余" */
    0x0, 0x80, 0x0, 0xc0, 0x0, 0xd0, 0x0, 0xc6,
    0x0, 0xc1, 0x81, 0x80, 0x33, 0xbf, 0xee, 0x1,
    0x0, 0x0, 0x80, 0x0, 0x40, 0x1f, 0xff, 0xc0,
    0x10, 0x0, 0x89, 0x80, 0xc4, 0x60, 0xc2, 0x18,
    0xc1, 0x6, 0x7, 0x80, 0x0,

    /* U+4F5C "作" */
    0x4, 0x40, 0x4, 0x20, 0x2, 0x20, 0x2, 0x1f,
    0xf1, 0x12, 0x1, 0x99, 0x1, 0xc8, 0x80, 0xa8,
    0x7e, 0x10, 0x20, 0x8, 0x10, 0x4, 0x8, 0x2,
    0x7, 0xf1, 0x2, 0x0, 0x81, 0x0, 0x40, 0x80,
    0x20, 0x40,

    /* U+4F60 "你" */
    0xc, 0x80, 0x4, 0x40, 0x6, 0x60, 0x2, 0x3f,
    0xf3, 0x11, 0x1b, 0x90, 0x89, 0x58, 0x44, 0xa1,
    0x2c, 0x10, 0x92, 0x8, 0xc9, 0x84, 0x44, 0x42,
    0x62, 0x21, 0x21, 0x18, 0x90, 0x80, 0x40, 0x40,
    0x20, 0xe0,

    /* U+4F7F "使" */
    0x8, 0x30, 0x4, 0x18, 0x7, 0xff, 0xe2, 0x6,
    0x3, 0x3, 0x1, 0x9f, 0xf9, 0xc8, 0xc5, 0xa4,
    0x62, 0x12, 0x31, 0x9, 0xff, 0x84, 0x88, 0x2,
    0x64, 0x1, 0x1e, 0x0, 0x87, 0x0, 0x4e, 0x70,
    0x2c, 0x7,

    /* U+4F8B "例" */
    0x10, 0x1, 0x17, 0xe1, 0x31, 0x9, 0x21, 0x9,
    0x22, 0x9, 0x63, 0xe9, 0xe2, 0x49, 0xa6, 0x49,
    0x24, 0x49, 0x2f, 0x49, 0x21, 0x89, 0x20, 0x89,
    0x21, 0x81, 0x21, 0x1, 0x22, 0x1, 0x24, 0xf,

    /* U+4F9D "依" */
    0x18, 0x40, 0x10, 0x60, 0x30, 0x20, 0x2f, 0xff,
    0x60, 0xc0, 0x60, 0xc0, 0xe1, 0x21, 0xa2, 0x26,
    0x26, 0x3c, 0x3a, 0x10, 0x22, 0x18, 0x22, 0x8,
    0x22, 0xc, 0x22, 0x66, 0x23, 0xc3, 0x22, 0x0,

    /* U+4FBF "便" */
    0x8, 0x0, 0x17, 0xff, 0x10, 0x20, 0x30, 0x20,
    0x23, 0xfe, 0x62, 0x22, 0xe2, 0x22, 0xa3, 0xfe,
    0x22, 0x22, 0x23, 0xfe, 0x20, 0x20, 0x26, 0x60,
    0x23, 0x40, 0x20, 0xc0, 0x23, 0x7c, 0x2c, 0x7,

    /* U+4FDD "保" */
    0x4, 0x0, 0x5, 0xff, 0x82, 0xc0, 0x42, 0x60,
    0x23, 0x30, 0x11, 0x9f, 0xf9, 0x40, 0xc1, 0xa0,
    0x60, 0x10, 0x30, 0xb, 0xff, 0xc4, 0x1e, 0x2,
    0x1f, 0x81, 0x1b, 0x60, 0x99, 0x98, 0x58, 0xc6,
    0x20, 0x60,

    /* U+4FE1 "信" */
    0x8, 0x40, 0x18, 0x20, 0x10, 0x20, 0x27, 0xff,
    0x20, 0x0, 0x63, 0xfe, 0xa0, 0x0, 0xa0, 0x0,
    0x23, 0xfe, 0x20, 0x0, 0x20, 0x0, 0x23, 0xfe,
    0x22, 0x2, 0x22, 0x2, 0x22, 0x2, 0x23, 0xfe,

    /* U+4FE9 "俩" */
    0x10, 0x0, 0x3f, 0xff, 0x20, 0x90, 0x20, 0x90,
    0x60, 0x90, 0x6f, 0xfe, 0xec, 0x92, 0xac, 0x92,
    0x2d, 0x92, 0x2d, 0xda, 0x2d, 0x6a, 0x2f, 0x26,
    0x2e, 0x62, 0x2c, 0x2, 0x2c, 0x2, 0x2c, 0xe,

    /* U+500D "倍" */
    0x10, 0x40, 0x10, 0x60, 0x37, 0xfe, 0x22, 0x4,
    0x61, 0x8, 0x61, 0x8, 0xe1, 0x18, 0xaf, 0xff,
    0x20, 0x0, 0x20, 0x0, 0x23, 0xfc, 0x22, 0x4,
    0x22, 0x4, 0x22, 0x4, 0x22, 0x4, 0x23, 0xfc,

    /* U+5012 "倒" */
    0x10, 0x1, 0x1f, 0xe9, 0x22, 0x9, 0x26, 0x49,
    0x64, 0x69, 0x6f, 0xe9, 0xa0, 0x9, 0xa1, 0x9,
    0x2f, 0xe9, 0x21, 0x9, 0x21, 0x9, 0x21, 0x1,
    0x23, 0xe1, 0x2c, 0x1, 0x20, 0xf,

    /* U+5019 "候" */
    0x8, 0x0, 0xc, 0x7f, 0x4, 0x1, 0x86, 0x0,
    0xc2, 0x5f, 0xfb, 0x20, 0x1, 0x91, 0x1, 0xc9,
    0xfe, 0x24, 0x90, 0x12, 0x88, 0x9, 0x4, 0x4,
    0xbf, 0xf2, 0x41, 0x81, 0x1, 0x60, 0x83, 0x18,
    0x42, 0x3,

    /* U+503C "值" */
    0x8, 0x20, 0x10, 0x60, 0x17, 0xfe, 0x30, 0x40,
    0x20, 0x40, 0x63, 0xfc, 0xe2, 0x4, 0xa3, 0xfc,
    0x22, 0x4, 0x22, 0x4, 0x23, 0xfc, 0x22, 0x4,
    0x23, 0xfc, 0x22, 0x4, 0x22, 0x4, 0x2f, 0xff,

    /* U+503E "倾" */
    0x10, 0x0, 0x10, 0xff, 0x24, 0x18, 0x24, 0x10,
    0x64, 0x7e, 0x67, 0x42, 0xa4, 0x52, 0xa4, 0x52,
    0x24, 0x52, 0x24, 0x52, 0x24, 0x52, 0x27, 0x52,
    0x24, 0x10, 0x20, 0x2c, 0x20, 0x66, 0x20, 0x81,

    /* U+504F "偏" */
    0x4, 0x20, 0x8, 0x30, 0xb, 0xff, 0x12, 0x1,
    0x32, 0x1, 0x33, 0xff, 0x52, 0x0, 0x53, 0xff,
    0x13, 0x25, 0x13, 0x25, 0x13, 0x25, 0x13, 0xff,
    0x13, 0x25, 0x15, 0x25, 0x15, 0x25, 0x15, 0x27,

    /* U+505A "做" */
    0x9, 0x8, 0x11, 0x8, 0x11, 0x10, 0x31, 0x10,
    0x2f, 0xdf, 0x61, 0x32, 0xe1, 0x32, 0xa1, 0x32,
    0x27, 0xd2, 0x24, 0x4e, 0x24, 0x4c, 0x24, 0x4c,
    0x24, 0x4c, 0x27, 0xde, 0x24, 0x33, 0x20, 0x61,

    /* U+5065 "健" */
    0x10, 0x10, 0xf, 0xbf, 0x88, 0x44, 0xc4, 0x42,
    0x66, 0x2f, 0xfb, 0x20, 0x9b, 0xbd, 0xfd, 0x42,
    0x20, 0x21, 0xff, 0x15, 0x88, 0xa, 0x84, 0x4,
    0xdf, 0xf2, 0x61, 0x1, 0x38, 0x80, 0xa7, 0x0,
    0x70, 0xff,

    /* U+5076 "偶" */
    0x8, 0x0, 0x1b, 0xfe, 0x12, 0x22, 0x32, 0x22,
    0x23, 0xfe, 0x62, 0x22, 0xe3, 0xfe, 0xa0, 0x20,
    0x20, 0x20, 0x27, 0xff, 0x24, 0x21, 0x24, 0x29,
    0x25, 0xfd, 0x24, 0x5, 0x24, 0x1, 0x24, 0xf,

    /* U+5077 "偷" */
    0x0, 0x0, 0x10, 0x60, 0x10, 0xd0, 0x23, 0x88,
    0x26, 0x6, 0x6d, 0xf9, 0x60, 0x0, 0xe0, 0x2,
    0xa7, 0xd2, 0xa4, 0x52, 0x27, 0xd2, 0x24, 0x52,
    0x27, 0xd2, 0x24, 0x52, 0x24, 0x42, 0x24, 0x42,
    0x24, 0xce,

    /* U+50BB "傻" */
    0x0, 0x40, 0x10, 0x40, 0x17, 0xfe, 0x25, 0xa,
    0x24, 0xf2, 0x64, 0xf2, 0x65, 0xa, 0xa7, 0xfe,
    0xa0, 0x98, 0x27, 0x6, 0x20, 0x80, 0x21, 0xfc,
    0x27, 0x8, 0x21, 0x98, 0x20, 0x60, 0x21, 0xd8,
    0x2e, 0x7,

    /* U+50CF "像" */
    0x11, 0x0, 0x11, 0xf8, 0x12, 0x10, 0x24, 0x20,
    0x2f, 0xfe, 0x6c, 0x62, 0xe4, 0x42, 0xa7, 0xfe,
    0xa1, 0x80, 0x26, 0x46, 0x28, 0xf8, 0x23, 0x2c,
    0x2c, 0x64, 0x21, 0xb2, 0x2e, 0x21, 0x20, 0xe0,

    /* U+5141 "允" */
    0x1, 0x80, 0x1, 0x80, 0x0, 0x80, 0x0, 0xc2,
    0x0, 0xc0, 0x80, 0x40, 0x60, 0x4f, 0xf8, 0x7c,
    0x46, 0x2, 0x20, 0x1, 0x10, 0x0, 0x88, 0x0,
    0x44, 0x0, 0x42, 0x8, 0x61, 0x4, 0x60, 0x82,
    0xe0, 0x7e,

    /* U+5145 "充" */
    0x1, 0x0, 0x1, 0x80, 0x0, 0x80, 0xff, 0xff,
    0x6, 0x0, 0xc, 0x30, 0x18, 0x18, 0x30, 0xc,
    0x7f, 0xfe, 0x4, 0x62, 0x4, 0x60, 0x4, 0x60,
    0xc, 0x61, 0x8, 0x61, 0x30, 0x61, 0xe0, 0x3f,

    /* U+5148 "先" */
    0x1, 0x80, 0x11, 0x80, 0x11, 0x80, 0x3f, 0xfe,
    0x21, 0x80, 0x61, 0x80, 0x41, 0x80, 0x1, 0x80,
    0xff, 0xff, 0x4, 0x20, 0x4, 0x20, 0xc, 0x20,
    0x8, 0x20, 0x18, 0x21, 0x30, 0x21, 0xe0, 0x3f,

    /* U+5149 "光" */
    0x1, 0x80, 0x21, 0x84, 0x31, 0x84, 0x11, 0x88,
    0x19, 0x88, 0x9, 0x90, 0x1, 0x80, 0xff, 0xff,
    0x4, 0x20, 0x4, 0x20, 0xc, 0x20, 0x8, 0x20,
    0x8, 0x21, 0x10, 0x21, 0x60, 0x21, 0xc0, 0x3f,

    /* U+514B "克" */
    0x1, 0x80, 0x1, 0x80, 0xff, 0xff, 0x1, 0x80,
    0x1, 0x80, 0x3f, 0xfc, 0x20, 0x4, 0x20, 0x4,
    0x20, 0x4, 0x3f, 0xfc, 0x4, 0x60, 0x4, 0x60,
    0xc, 0x61, 0x18, 0x61, 0x30, 0x61, 0xe0, 0x3f,

    /* U+514D "免" */
    0x4, 0x0, 0xf, 0xe0, 0x18, 0x60, 0x30, 0x40,
    0x7f, 0xfe, 0xa0, 0x82, 0x20, 0x82, 0x20, 0x82,
    0x20, 0x82, 0x3f, 0xfe, 0x1, 0x40, 0x3, 0x40,
    0x2, 0x40, 0xc, 0x41, 0x38, 0x41, 0xe0, 0x7f,

    /* U+515A "党" */
    0x10, 0x84, 0x8, 0x8c, 0x8, 0x88, 0x7f, 0xff,
    0x40, 0x1, 0x40, 0x1, 0x4f, 0xf9, 0x8, 0x8,
    0x8, 0x8, 0x8, 0x8, 0xf, 0xf8, 0x2, 0x20,
    0x2, 0x20, 0x4, 0x21, 0x18, 0x21, 0x60, 0x3f,

    /* U+515C "兜" */
    0x1, 0x0, 0x19, 0x1e, 0x67, 0xde, 0x44, 0x42,
    0x44, 0x42, 0x47, 0xc2, 0x44, 0x42, 0x44, 0x42,
    0x5c, 0x42, 0xe7, 0xde, 0x4, 0x40, 0x4, 0x40,
    0xc, 0x40, 0x8, 0x41, 0x30, 0x41, 0xe0, 0x7f,

    /* U+5165 "入" */
    0x0, 0x0, 0x4, 0x0, 0x2, 0x0, 0x1, 0x0,
    0x1, 0x80, 0x1, 0x80, 0x1, 0x40, 0x3, 0x40,
    0x2, 0x20, 0x6, 0x20, 0x4, 0x10, 0xc, 0x18,
    0x18, 0x8, 0x30, 0xc, 0x60, 0x7, 0xc0, 0x1,

    /* U+5168 "全" */
    0x0, 0x80, 0x0, 0xc0, 0x0, 0x50, 0x0, 0x44,
    0x0, 0xc1, 0x80, 0xc0, 0x61, 0xc0, 0x1d, 0xbf,
    0xfb, 0x0, 0x80, 0x0, 0x40, 0x0, 0x20, 0x3,
    0xff, 0x80, 0x8, 0x0, 0x4, 0x0, 0x2, 0x0,
    0xff, 0xfe,

    /* U+516C "公" */
    0x4, 0x20, 0xc, 0x30, 0x8, 0x10, 0x18, 0x8,
    0x30, 0xc, 0x21, 0x86, 0x41, 0x3, 0x83, 0x1,
    0x6, 0x0, 0x4, 0x20, 0xc, 0x10, 0x18, 0x18,
    0x30, 0xc, 0x3f, 0xfe, 0x0, 0x2, 0x0, 0x2,

    /* U+5171 "共" */
    0x8, 0x10, 0x8, 0x10, 0x8, 0x10, 0x8, 0x10,
    0x7f, 0xfe, 0x8, 0x10, 0x8, 0x10, 0x8, 0x10,
    0x8, 0x10, 0xff, 0xff, 0x0, 0x0, 0x4, 0x20,
    0x8, 0x30, 0x10, 0xc, 0x60, 0x6, 0x40, 0x2,

    /* U+5173 "关" */
    0x0, 0x8, 0x18, 0x18, 0x8, 0x10, 0x4, 0x30,
    0x7f, 0xfe, 0x1, 0x80, 0x1, 0x80, 0x1, 0x80,
    0xff, 0xff, 0x1, 0x80, 0x3, 0x40, 0x2, 0x60,
    0xe, 0x30, 0x18, 0x18, 0x70, 0x7, 0xc0, 0x1,

    /* U+5174 "兴" */
    0x2, 0x3, 0xc3, 0x2, 0x41, 0x6, 0x61, 0x4,
    0x21, 0x8c, 0x30, 0x18, 0x0, 0x10, 0x0, 0x0,
    0xff, 0xff, 0x0, 0x0, 0xc, 0x30, 0x18, 0x18,
    0x30, 0xc, 0x60, 0x6, 0xc0, 0x3, 0x0, 0x0,

    /* U+5176 "其" */
    0x18, 0x18, 0x18, 0x18, 0xff, 0xff, 0x18, 0x18,
    0x18, 0x18, 0x1f, 0xf8, 0x18, 0x18, 0x18, 0x18,
    0x1f, 0xf8, 0x18, 0x18, 0x18, 0x18, 0xff, 0xff,
    0x4, 0x0, 0x1c, 0x38, 0x70, 0xe, 0xc0, 0x3,

    /* U+5177 "具" */
    0x1f, 0xf8, 0x10, 0x8, 0x1f, 0xf8, 0x10, 0x8,
    0x10, 0x8, 0x1f, 0xf8, 0x10, 0x8, 0x10, 0x8,
    0x1f, 0xf8, 0x10, 0x8, 0xff, 0xff, 0x0, 0x20,
    0x1c, 0x18, 0x70, 0x6, 0xc0, 0x3,

    /* U+5178 "典" */
    0x2, 0x20, 0x1, 0x10, 0xf, 0xff, 0x84, 0x44,
    0x42, 0x22, 0x21, 0x11, 0x10, 0xff, 0xf8, 0x44,
    0x44, 0x22, 0x22, 0x11, 0x11, 0x8, 0x88, 0x9f,
    0xff, 0xf0, 0x40, 0x0, 0x60, 0xc0, 0xe0, 0x19,
    0xc0, 0x6,

    /* U+517B "养" */
    0x8, 0x18, 0x4, 0x30, 0x7f, 0xfe, 0x1, 0x80,
    0x3f, 0xfc, 0x3, 0x0, 0x2, 0x0, 0xff, 0xff,
    0xc, 0x30, 0x18, 0x18, 0x74, 0x26, 0xc4, 0x21,
    0xc, 0x20, 0x8, 0x20, 0x30, 0x20, 0x60, 0x20,

    /* U+5185 "内" */
    0x1, 0x0, 0x4, 0x0, 0x10, 0x3f, 0xff, 0x81,
    0x6, 0x4, 0x18, 0x10, 0x60, 0xe1, 0x82, 0xc6,
    0x11, 0x98, 0x83, 0x6c, 0x5, 0x80, 0x6, 0x0,
    0x18, 0x0, 0x60, 0xf,

    /* U+518C "册" */
    0x3e, 0x7c, 0x22, 0x44, 0x22, 0x44, 0x22, 0x44,
    0x22, 0x44, 0x22, 0x44, 0xff, 0xff, 0x22, 0x44,
    0x22, 0x44, 0x22, 0x44, 0x22, 0xc4, 0x42, 0x84,
    0x42, 0x84, 0x43, 0x84, 0x8f, 0x1c,

    /* U+518D "再" */
    0x7f, 0xff, 0x0, 0x40, 0x0, 0x20, 0x7, 0xff,
    0xc2, 0x8, 0x61, 0x4, 0x30, 0xff, 0xf8, 0x41,
    0xc, 0x20, 0x86, 0x10, 0x43, 0x3f, 0xff, 0xe4,
    0x0, 0xc2, 0x0, 0x61, 0x0, 0x30, 0x80, 0x70,

    /* U+5192 "冒" */
    0xff, 0xfc, 0x0, 0x6f, 0xfb, 0x0, 0x1b, 0xfe,
    0xc0, 0x4, 0x0, 0xf, 0xfe, 0x40, 0x13, 0xff,
    0x90, 0x4, 0xff, 0xe4, 0x1, 0x20, 0x9, 0xff,
    0xc0,

    /* U+5199 "写" */
    0xff, 0xff, 0x10, 0x6, 0x20, 0x8, 0xc0, 0x1,
    0xff, 0x82, 0x0, 0x4, 0x0, 0x1f, 0xfc, 0x0,
    0x8, 0x0, 0x13, 0xff, 0x20, 0x0, 0x40, 0x1,
    0x80, 0x2, 0x0, 0x7c, 0x0,

    /* U+51A0 "冠" */
    0xff, 0xff, 0xc0, 0x3, 0xc0, 0x3, 0x7e, 0x4,
    0x7e, 0x4, 0x0, 0xff, 0x0, 0x4, 0xff, 0x44,
    0x24, 0x64, 0x24, 0x24, 0x24, 0x24, 0x24, 0x4,
    0x64, 0x1d, 0x44, 0x1, 0x83, 0xff,

    /* U+51B0 "冰" */
    0x0, 0x20, 0x0, 0x10, 0x30, 0x8, 0x6, 0x4,
    0x1, 0x2, 0x10, 0x3d, 0x90, 0x2, 0xd0, 0x1,
    0x70, 0x11, 0xa8, 0x8, 0x94, 0xc, 0xc9, 0x4,
    0x44, 0xc4, 0x42, 0x32, 0x61, 0xc, 0x0, 0x80,
    0x1, 0xc0,

    /* U+51B2 "冲" */
    0x0, 0x21, 0x80, 0x41, 0x80, 0x81, 0xbf, 0xf0,
    0x42, 0x20, 0x84, 0x41, 0x8, 0x82, 0x11, 0x14,
    0x22, 0x6f, 0xfc, 0x90, 0x8a, 0x1, 0xc, 0x2,
    0x10, 0x4, 0x0, 0x8, 0x0, 0x10,

    /* U+51B3 "决" */
    0x0, 0x20, 0x20, 0x10, 0x18, 0x8, 0x6, 0x7f,
    0xc1, 0x2, 0x20, 0x1, 0x10, 0x0, 0x88, 0x0,
    0x44, 0x7, 0xff, 0x88, 0x18, 0xc, 0x1c, 0x4,
    0x9, 0x6, 0x8, 0xc2, 0xc, 0x33, 0x18, 0xc,
    0x18, 0x3,

    /* U+51B7 "冷" */
    0x0, 0x60, 0xc0, 0x60, 0x60, 0x90, 0x21, 0x18,
    0x23, 0xc, 0x6, 0x46, 0x8, 0x23, 0x0, 0x0,
    0x27, 0xfe, 0x20, 0xc, 0x20, 0x8, 0x40, 0x10,
    0x41, 0xa0, 0xc0, 0x60, 0x80, 0x30, 0x0, 0x10,

    /* U+51CF "减" */
    0x0, 0xa, 0x20, 0x4, 0x88, 0x2, 0x44, 0xff,
    0xf1, 0x40, 0x80, 0x2f, 0xc8, 0x10, 0x24, 0x8,
    0x1a, 0x5, 0xfd, 0xa, 0x8b, 0xd, 0x45, 0x84,
    0xa2, 0x82, 0x5f, 0xc2, 0x48, 0x65, 0x20, 0xca,
    0x30, 0x42,

    /* U+51DD "凝" */
    0x4, 0x0, 0x2, 0x5f, 0xd1, 0xe0, 0x44, 0x83,
    0x41, 0x44, 0xc0, 0x3e, 0x10, 0x10, 0x0, 0x8,
    0x7f, 0x7, 0xc4, 0x84, 0x8a, 0x88, 0x45, 0x5,
    0xfa, 0xf6, 0x31, 0x42, 0x18, 0xa3, 0xa, 0xb0,
    0x8, 0x58, 0x8, 0x47, 0x80,

    /* U+51E0 "几" */
    0xf, 0xf0, 0x8, 0x10, 0x8, 0x10, 0x8, 0x10,
    0x8, 0x10, 0x8, 0x10, 0x8, 0x10, 0x8, 0x10,
    0x8, 0x10, 0x8, 0x10, 0x10, 0x10, 0x10, 0x11,
    0x30, 0x11, 0x60, 0x11, 0xc0, 0x1f,

    /* U+51E1 "凡" */
    0xf, 0xf8, 0x4, 0x4, 0x2, 0x2, 0x1, 0x1,
    0x0, 0xa0, 0x80, 0x58, 0x40, 0x26, 0x20, 0x11,
    0x90, 0x8, 0x68, 0x4, 0x4, 0x4, 0x2, 0x2,
    0x1, 0x13, 0x0, 0x89, 0x0, 0x45, 0x0, 0x3e,
    0x0, 0x0,

    /* U+51ED "凭" */
    0xc, 0x7, 0x5, 0xfe, 0x4, 0xc, 0x6, 0x6,
    0x7, 0x7f, 0xfa, 0x81, 0x80, 0x40, 0xc0, 0x27,
    0xff, 0x10, 0x0, 0x0, 0x0, 0x3, 0xfe, 0x1,
    0x81, 0x0, 0xc0, 0x80, 0x40, 0x44, 0x60, 0x22,
    0xc0, 0x1f,

    /* U+51F6 "凶" */
    0x20, 0x10, 0x60, 0x62, 0x60, 0x8c, 0x22, 0x18,
    0x3c, 0x30, 0x30, 0x60, 0xf0, 0xc3, 0x31, 0x8c,
    0x33, 0x30, 0x36, 0x80, 0xc, 0x0, 0x1f, 0xff,
    0xe0, 0x0, 0x40,

    /* U+51FA "出" */
    0x2, 0x0, 0x8, 0x4, 0x20, 0x90, 0x82, 0x42,
    0x9, 0x8, 0x24, 0x20, 0x9f, 0xfe, 0x2, 0x2,
    0x8, 0x18, 0x20, 0x60, 0x81, 0x82, 0x6, 0x8,
    0x1f, 0xff, 0xc0, 0x1,

    /* U+51FB "击" */
    0x1, 0x80, 0x1, 0x80, 0x1, 0x80, 0x7f, 0xfe,
    0x1, 0x80, 0x1, 0x80, 0x1, 0x80, 0xff, 0xff,
    0x1, 0x80, 0x21, 0x84, 0x21, 0x84, 0x21, 0x84,
    0x21, 0x84, 0x21, 0x84, 0x3f, 0xfc, 0x0, 0x4,

    /* U+51FD "函" */
    0x7f, 0xf8, 0x0, 0x60, 0x3, 0x4, 0x8, 0x1b,
    0x11, 0xb3, 0x26, 0x62, 0x58, 0xc1, 0xe1, 0x8d,
    0x63, 0x72, 0x26, 0x84, 0x2c, 0x38, 0x18, 0x0,
    0x3f, 0xff, 0xc0, 0x0, 0x80,

    /* U+5200 "刀" */
    0x7f, 0xff, 0x1, 0x1, 0x1, 0x1, 0x3, 0x1,
    0x3, 0x1, 0x3, 0x3, 0x2, 0x3, 0x2, 0x3,
    0x6, 0x3, 0x4, 0x3, 0xc, 0x3, 0x18, 0x2,
    0x30, 0x2, 0xe0, 0x3c,

    /* U+5206 "分" */
    0xc, 0x20, 0x8, 0x10, 0x18, 0x18, 0x30, 0x8,
    0x20, 0x4, 0x40, 0x6, 0xbf, 0xfa, 0x2, 0x8,
    0x6, 0x8, 0x4, 0x8, 0x4, 0x8, 0xc, 0x8,
    0x18, 0x8, 0x30, 0x18, 0xc0, 0xf0,

    /* U+5207 "切" */
    0x20, 0x0, 0x21, 0xff, 0x20, 0x21, 0x22, 0x21,
    0x7e, 0x21, 0xe0, 0x21, 0x20, 0x21, 0x20, 0x21,
    0x20, 0x41, 0x22, 0x41, 0x2e, 0x41, 0x70, 0x81,
    0x1, 0x81, 0x3, 0x2, 0x6, 0x1e,

    /* U+5217 "列" */
    0x0, 0x3, 0xff, 0x4, 0x40, 0x48, 0x80, 0x92,
    0x1, 0x27, 0xe2, 0x58, 0x44, 0xa0, 0x89, 0xc3,
    0x13, 0x64, 0x24, 0x28, 0x48, 0x20, 0x90, 0xc0,
    0x23, 0x0, 0x4c, 0x0, 0xa0, 0x7,

    /* U+5219 "则" */
    0x0, 0x2, 0xff, 0x5, 0x2, 0x4a, 0x4, 0x94,
    0x89, 0x29, 0x12, 0x52, 0x24, 0xa4, 0x49, 0x48,
    0x92, 0x91, 0x25, 0x22, 0x4a, 0x44, 0x91, 0x40,
    0x26, 0x60, 0x58, 0x60, 0xe0, 0x4f,

    /* U+521A "刚" */
    0x0, 0x3, 0xff, 0x6, 0x2, 0x4c, 0x14, 0x9a,
    0x29, 0x36, 0x92, 0x65, 0x24, 0xc6, 0x49, 0x88,
    0x93, 0x19, 0x26, 0x52, 0x4c, 0x94, 0x9a, 0x28,
    0x3c, 0x10, 0x60, 0x20, 0xc3, 0xcf,

    /* U+521B "创" */
    0x0, 0x0, 0xc, 0x1, 0xe, 0x11, 0x1b, 0x11,
    0x31, 0x11, 0x20, 0x91, 0xc0, 0xd1, 0x3f, 0x11,
    0x21, 0x11, 0x21, 0x11, 0x21, 0x11, 0x27, 0x11,
    0x20, 0x81, 0x20, 0x81, 0x20, 0x81, 0x3f, 0x9f,

    /* U+521D "初" */
    0x30, 0x0, 0x11, 0xff, 0x11, 0xff, 0x7e, 0x21,
    0x4, 0x21, 0xc, 0x21, 0x18, 0x21, 0x12, 0x21,
    0x3c, 0x21, 0x74, 0x41, 0xd2, 0x41, 0x10, 0x41,
    0x10, 0xc1, 0x11, 0x83, 0x11, 0x2, 0x13, 0x1e,

    /* U+5220 "删" */
    0x0, 0x1, 0x7b, 0xc1, 0x4a, 0x49, 0x4a, 0x49,
    0x4a, 0x49, 0x4a, 0x49, 0x4a, 0x49, 0xff, 0xe9,
    0x4a, 0x49, 0x4a, 0x49, 0x4a, 0x49, 0x4a, 0x49,
    0x4a, 0x41, 0x4a, 0x41, 0x8a, 0x41, 0xbc, 0xc7,

    /* U+5224 "判" */
    0x8, 0x2, 0x91, 0x5, 0x24, 0x49, 0x48, 0x92,
    0xa1, 0x2f, 0xf2, 0x42, 0x4, 0x84, 0x9, 0x8,
    0x12, 0x10, 0x27, 0xfe, 0x48, 0x40, 0x91, 0x0,
    0x22, 0x0, 0x48, 0x0, 0xa0, 0x7,

    /* U+5229 "利" */
    0x3, 0x1, 0x7e, 0x1, 0xc8, 0x31, 0x8, 0x31,
    0x8, 0x31, 0xff, 0xb1, 0x8, 0x31, 0x18, 0x31,
    0x1c, 0x31, 0x2a, 0x31, 0x69, 0xb1, 0x48, 0x31,
    0x88, 0x1, 0x88, 0x1, 0x8, 0x1, 0x8, 0xf,

    /* U+522B "别" */
    0x0, 0x1, 0x7f, 0x1, 0x41, 0x11, 0x41, 0x11,
    0x41, 0x11, 0x7f, 0x11, 0x7f, 0x11, 0x8, 0x11,
    0x8, 0x11, 0xff, 0x11, 0x9, 0x11, 0x11, 0x11,
    0x11, 0x1, 0x31, 0x1, 0x61, 0x1, 0xc6, 0xf,

    /* U+5230 "到" */
    0x0, 0x3, 0xff, 0x44, 0x40, 0x89, 0x11, 0x16,
    0x12, 0x3f, 0xe4, 0x50, 0x28, 0x84, 0x11, 0x8,
    0x23, 0xff, 0x44, 0x20, 0x88, 0x41, 0x10, 0x88,
    0x21, 0xf0, 0x7e, 0x0, 0x80, 0xf,

    /* U+5236 "制" */
    0xc, 0x1, 0x2c, 0x1, 0x6c, 0x11, 0x7f, 0x91,
    0x4c, 0x11, 0x8c, 0x11, 0xff, 0xd1, 0xc, 0x11,
    0xc, 0x11, 0x7f, 0x91, 0x4c, 0x91, 0x4c, 0x91,
    0x4c, 0x81, 0x4c, 0x81, 0x4d, 0x81, 0xc, 0xf,

    /* U+5237 "刷" */
    0x0, 0x2, 0xff, 0x5, 0x2, 0x4a, 0x4, 0x94,
    0x9, 0x2f, 0xf2, 0x51, 0x4, 0xa2, 0x9, 0x7f,
    0x92, 0xc9, 0x25, 0x92, 0x4b, 0x24, 0x96, 0x48,
    0x34, 0xb0, 0x61, 0x0, 0xc2, 0x7,

    /* U+523B "刻" */
    0x8, 0x1, 0x4, 0x1, 0xff, 0xd1, 0x8, 0x11,
    0x10, 0x11, 0x21, 0x11, 0x7f, 0x11, 0x7e, 0x11,
    0x4, 0xd1, 0x18, 0x91, 0x31, 0x11, 0xc3, 0x11,
    0x7, 0x1, 0x19, 0x81, 0x70, 0xc1, 0xc0, 0xf,

    /* U+524D "前" */
    0x10, 0x8, 0x8, 0x18, 0xc, 0x10, 0xff, 0xff,
    0x0, 0x0, 0x0, 0x2, 0x7f, 0x22, 0x43, 0x22,
    0x43, 0x22, 0x7f, 0x22, 0x43, 0x22, 0x7f, 0x22,
    0x43, 0x22, 0x43, 0x2, 0x43, 0x2, 0x4e, 0x1e,

    /* U+5269 "剩" */
    0x3, 0xc1, 0x7e, 0x1, 0x4, 0x9, 0xff, 0xe9,
    0x4, 0x9, 0x15, 0x9, 0xf5, 0x69, 0x15, 0x89,
    0x15, 0x9, 0xf5, 0x29, 0x1c, 0xc9, 0xf, 0x9,
    0x15, 0x81, 0x24, 0x61, 0xc4, 0x1, 0x4, 0xf,

    /* U+526A "剪" */
    0x18, 0x18, 0x8, 0x10, 0xff, 0xff, 0x0, 0x4,
    0x7f, 0x24, 0x7f, 0x24, 0x41, 0x24, 0x7f, 0x24,
    0x41, 0x4, 0x47, 0xc, 0x0, 0x0, 0xff, 0xfe,
    0x3, 0x6, 0x6, 0x6, 0x1c, 0x4, 0xf0, 0x3c,

    /* U+526F "副" */
    0x0, 0x3, 0xff, 0x84, 0x0, 0x4b, 0xfc, 0x94,
    0x9, 0x28, 0x12, 0x5f, 0xe4, 0x80, 0x9, 0x0,
    0x13, 0xff, 0xa7, 0x11, 0x4f, 0xfe, 0x9c, 0x44,
    0x38, 0x88, 0x7f, 0xf0, 0xe0, 0x2f,

    /* U+529B "力" */
    0x1, 0x0, 0x2, 0x0, 0x4, 0x0, 0x8, 0x7,
    0xff, 0xe0, 0x20, 0x40, 0x40, 0x80, 0x81, 0x3,
    0x2, 0x4, 0x4, 0x18, 0x8, 0x20, 0x10, 0xc0,
    0x23, 0x0, 0xdc, 0x1, 0x60, 0x3e,

    /* U+529E "办" */
    0x2, 0x0, 0x2, 0x0, 0x2, 0x0, 0x7f, 0xf0,
    0x2, 0x10, 0x2, 0x10, 0x22, 0x14, 0x22, 0x16,
    0x64, 0x12, 0x44, 0x12, 0xcc, 0x13, 0x8, 0x11,
    0x18, 0x10, 0x30, 0x10, 0x60, 0x20, 0xc1, 0xe0,

    /* U+529F "功" */
    0x0, 0x20, 0x0, 0x20, 0xfe, 0x20, 0x10, 0x20,
    0x11, 0xff, 0x10, 0x21, 0x10, 0x21, 0x10, 0x21,
    0x10, 0x21, 0x10, 0x61, 0x1e, 0x41, 0xf8, 0x41,
    0xc0, 0x81, 0x1, 0x81, 0x3, 0x2, 0x6, 0x1e,

    /* U+52A0 "加" */
    0x10, 0x0, 0x10, 0x0, 0x10, 0x3f, 0x7f, 0x21,
    0x11, 0x21, 0x11, 0x21, 0x11, 0x21, 0x11, 0x21,
    0x11, 0x21, 0x11, 0x21, 0x21, 0x21, 0x21, 0x21,
    0x21, 0x21, 0x61, 0x21, 0x41, 0x3f, 0xce, 0x21,

    /* U+52A1 "务" */
    0x2, 0x0, 0x4, 0x0, 0xf, 0xfc, 0x18, 0xc,
    0x6c, 0x10, 0x43, 0x60, 0x3, 0xe0, 0xfc, 0x3f,
    0x81, 0x0, 0x1, 0x0, 0x7f, 0xfe, 0x2, 0x4,
    0x6, 0x4, 0xc, 0x4, 0x38, 0xc, 0xe0, 0x78,

    /* U+52A8 "动" */
    0x0, 0x10, 0x7f, 0x10, 0x0, 0x10, 0x0, 0x10,
    0x0, 0xff, 0x0, 0x11, 0xff, 0x11, 0x30, 0x11,
    0x20, 0x11, 0x22, 0x11, 0x22, 0x31, 0x43, 0x21,
    0x7f, 0x21, 0xe1, 0x61, 0x0, 0xc3, 0x1, 0x9e,

    /* U+52AA "努" */
    0x18, 0x0, 0x10, 0xff, 0xff, 0x42, 0x22, 0x62,
    0x62, 0x24, 0x34, 0x1c, 0xc, 0x1c, 0x32, 0xe7,
    0xc1, 0x1, 0x1, 0x0, 0x7f, 0xfe, 0x3, 0x2,
    0x2, 0x6, 0x6, 0x6, 0x18, 0x4, 0xe0, 0x3c,

    /* U+52B1 "励" */
    0x0, 0x10, 0x7f, 0x90, 0x40, 0x10, 0x40, 0x10,
    0x7f, 0xbf, 0x48, 0x11, 0x48, 0x11, 0x48, 0x11,
    0x4f, 0x11, 0x49, 0x11, 0x49, 0x31, 0x49, 0x21,
    0x59, 0x21, 0x51, 0x61, 0x91, 0x43, 0xa6, 0xde,

    /* U+5305 "包" */
    0x0, 0x0, 0x6, 0x0, 0x2, 0x0, 0x3, 0xff,
    0xc1, 0x0, 0x21, 0x0, 0x11, 0x80, 0x9, 0xbf,
    0x84, 0x10, 0x42, 0x8, 0x21, 0x4, 0x10, 0x83,
    0xf8, 0xc1, 0x1, 0xc0, 0x80, 0x0, 0x40, 0x6,
    0x20, 0x2, 0xf, 0xff, 0x0,

    /* U+5316 "化" */
    0x4, 0x40, 0xc, 0x40, 0x8, 0x40, 0x10, 0x43,
    0x30, 0x46, 0x30, 0x44, 0x70, 0x48, 0xd0, 0x50,
    0x10, 0x60, 0x10, 0xc0, 0x13, 0xc0, 0x16, 0x41,
    0x10, 0x41, 0x10, 0x41, 0x10, 0x41, 0x10, 0x7e,

    /* U+5339 "匹" */
    0xff, 0xff, 0x8, 0x82, 0x11, 0x4, 0x22, 0x8,
    0x44, 0x10, 0x88, 0x21, 0x10, 0x44, 0x21, 0x88,
    0x43, 0x30, 0x86, 0xc1, 0xfd, 0x0, 0x8, 0x0,
    0x1f, 0xff, 0xc0,

    /* U+533A "区" */
    0xff, 0xff, 0x0, 0x2, 0x0, 0x44, 0xc1, 0x88,
    0xc2, 0x10, 0xc8, 0x20, 0xf0, 0x40, 0xc0, 0x83,
    0xc1, 0xc, 0xc2, 0x30, 0xc5, 0xc0, 0xc8, 0x0,
    0x10, 0x0, 0x3f, 0xff, 0x80,

    /* U+533B "医" */
    0xff, 0xff, 0x0, 0x2, 0x30, 0x4, 0x7f, 0xe9,
    0x8, 0x10, 0x10, 0x20, 0x20, 0x5f, 0xfe, 0x81,
    0x81, 0x3, 0x82, 0xc, 0x84, 0x30, 0x8b, 0x80,
    0x90, 0x0, 0x3f, 0xff, 0x80,

    /* U+5347 "升" */
    0x1, 0x90, 0xf, 0x10, 0x78, 0x10, 0x48, 0x10,
    0x8, 0x10, 0x8, 0x10, 0x8, 0x10, 0xff, 0xff,
    0x8, 0x10, 0x8, 0x10, 0x8, 0x10, 0x18, 0x10,
    0x10, 0x10, 0x30, 0x10, 0x60, 0x10, 0xc0, 0x10,

    /* U+534A "半" */
    0x1, 0x80, 0x21, 0x84, 0x11, 0x88, 0x19, 0x88,
    0x9, 0x90, 0x1, 0x80, 0x7f, 0xfe, 0x1, 0x80,
    0x1, 0x80, 0x1, 0x80, 0xff, 0xff, 0x1, 0x80,
    0x1, 0x80, 0x1, 0x80, 0x1, 0x80, 0x1, 0x80,

    /* U+5355 "单" */
    0x18, 0x8, 0xc, 0x10, 0x4, 0x30, 0x3f, 0xfc,
    0x21, 0x84, 0x21, 0x84, 0x3f, 0xfc, 0x21, 0x84,
    0x21, 0x84, 0x3f, 0xfc, 0x1, 0x80, 0x1, 0x80,
    0xff, 0xff, 0x1, 0x80, 0x1, 0x80, 0x1, 0x80,

    /* U+5360 "占" */
    0x4, 0x0, 0x20, 0x1, 0x0, 0xf, 0xf0, 0x40,
    0x2, 0x0, 0x10, 0x0, 0x80, 0xff, 0xf4, 0x0,
    0xa0, 0x5, 0x0, 0x28, 0x1, 0x40, 0xb, 0xff,
    0xd0, 0x2,

    /* U+5361 "卡" */
    0x1, 0x0, 0x1, 0x0, 0x1, 0x0, 0x1, 0xfc,
    0x1, 0x0, 0x1, 0x0, 0x1, 0x0, 0xff, 0xff,
    0x1, 0x0, 0x1, 0x0, 0x1, 0x60, 0x1, 0x18,
    0x1, 0x6, 0x1, 0x0, 0x1, 0x0, 0x1, 0x0,

    /* U+5373 "即" */
    0x7f, 0x3e, 0x82, 0x45, 0x4, 0x8b, 0xf9, 0x14,
    0x12, 0x28, 0x24, 0x50, 0x48, 0xbf, 0x91, 0x40,
    0x22, 0x80, 0x45, 0x18, 0x8a, 0x11, 0x74, 0xf2,
    0x1e, 0x24, 0x0, 0x8, 0x0,

    /* U+538B "压" */
    0x7f, 0xff, 0x40, 0x0, 0x40, 0x0, 0x40, 0x80,
    0x40, 0x80, 0x40, 0x80, 0x5f, 0xfe, 0x40, 0x80,
    0x40, 0x80, 0x40, 0x98, 0x40, 0x8c, 0x40, 0x86,
    0xc0, 0x80, 0x80, 0x80, 0xbf, 0xff, 0x80, 0x0,

    /* U+538C "厌" */
    0x3f, 0xff, 0x20, 0x0, 0x20, 0x48, 0x20, 0x4c,
    0x20, 0x46, 0x20, 0x40, 0x2f, 0xff, 0x20, 0x60,
    0x20, 0x60, 0x20, 0xb0, 0x20, 0x90, 0x21, 0x88,
    0x43, 0xc, 0x46, 0x6, 0xcc, 0x3, 0x0, 0x0,

    /* U+539F "原" */
    0x3f, 0xff, 0x20, 0x40, 0x20, 0xc0, 0x27, 0xfe,
    0x24, 0x2, 0x24, 0x2, 0x27, 0xfe, 0x24, 0x2,
    0x27, 0xfe, 0x20, 0x40, 0x22, 0x4c, 0x44, 0x44,
    0x4c, 0x42, 0x58, 0x41, 0x1, 0xc0,

    /* U+53BB "去" */
    0x1, 0x80, 0x1, 0x80, 0x1, 0x80, 0x7f, 0xfe,
    0x1, 0x80, 0x1, 0x80, 0x1, 0x80, 0x1, 0x80,
    0xff, 0xff, 0x6, 0x0, 0x4, 0x20, 0xc, 0x10,
    0x18, 0x18, 0x10, 0xc, 0x3f, 0xfc, 0x7c, 0x6,

    /* U+53C2 "参" */
    0x3, 0x0, 0x6, 0x30, 0x8, 0x18, 0x3f, 0xfc,
    0x3, 0x6, 0x2, 0x0, 0xff, 0xff, 0xc, 0x30,
    0x18, 0xd8, 0x33, 0xc, 0xec, 0x23, 0x0, 0xc0,
    0xf, 0xc, 0x8, 0x38, 0x0, 0xe0, 0x1f, 0x0,
    0x10, 0x0,

    /* U+53C8 "又" */
    0x7f, 0xfc, 0x30, 0x4, 0x10, 0xc, 0x10, 0x8,
    0x8, 0x18, 0x8, 0x10, 0x4, 0x30, 0x6, 0x60,
    0x3, 0x40, 0x1, 0x80, 0x3, 0xc0, 0x6, 0x60,
    0x1c, 0x38, 0xf0, 0xf, 0x80, 0x1,

    /* U+53C9 "叉" */
    0x7f, 0xfc, 0x20, 0x4, 0x12, 0xc, 0x11, 0x88,
    0x18, 0xd8, 0x8, 0x10, 0x4, 0x30, 0x6, 0x60,
    0x3, 0xc0, 0x1, 0x80, 0x3, 0xc0, 0xe, 0x70,
    0x38, 0x1c, 0xe0, 0x7, 0x80, 0x0,

    /* U+53CA "及" */
    0x7f, 0xe0, 0x8, 0x20, 0x8, 0x20, 0x8, 0x60,
    0xc, 0x7e, 0xc, 0x2, 0xa, 0x6, 0xa, 0x4,
    0x11, 0xc, 0x11, 0x98, 0x30, 0xf0, 0x20, 0x60,
    0x60, 0xf8, 0xc7, 0xe, 0xc, 0x3,

    /* U+53CC "双" */
    0xfe, 0xfe, 0x2, 0xc2, 0x2, 0x42, 0x46, 0x42,
    0x64, 0x46, 0x24, 0x64, 0x14, 0x24, 0x18, 0x2c,
    0x8, 0x38, 0x1c, 0x18, 0x16, 0x38, 0x32, 0x68,
    0x60, 0xc4, 0xc1, 0x87, 0x81, 0x1,

    /* U+53CD "反" */
    0x0, 0x7c, 0x7f, 0x80, 0x80, 0x1, 0x0, 0x2,
    0x0, 0x4, 0x0, 0xf, 0xff, 0x16, 0x4, 0x24,
    0x8, 0x4c, 0x30, 0x88, 0xc1, 0x9, 0x6, 0x1c,
    0x8, 0x38, 0x10, 0xcc, 0x6e, 0x7, 0x10, 0x2,

    /* U+53D1 "发" */
    0x11, 0x10, 0x11, 0x8, 0x31, 0x4, 0x21, 0x0,
    0x7f, 0xff, 0x2, 0x0, 0x2, 0x0, 0x7, 0xfc,
    0x6, 0xc, 0xe, 0x8, 0x19, 0x10, 0x30, 0xb0,
    0x60, 0x60, 0xc1, 0xf0, 0x87, 0x1c, 0xc, 0x7,

    /* U+53D6 "取" */
    0xff, 0x0, 0x44, 0xfe, 0x44, 0x42, 0x44, 0x42,
    0x7c, 0x42, 0x44, 0x64, 0x44, 0x24, 0x7c, 0x24,
    0x44, 0x38, 0x44, 0x18, 0x47, 0x18, 0xfc, 0x38,
    0x4, 0x64, 0x4, 0xc2, 0x4, 0x81,

    /* U+53D7 "受" */
    0x0, 0xfd, 0xff, 0x80, 0x8c, 0x31, 0x8, 0x41,
    0x11, 0x1f, 0xff, 0xe0, 0x0, 0xc0, 0x1, 0xbf,
    0xfa, 0x20, 0x20, 0x20, 0xc0, 0x23, 0x0, 0x38,
    0x0, 0xf8, 0x1f, 0x1f, 0x60, 0x7,

    /* U+53D8 "变" */
    0x3, 0x0, 0x2, 0x3, 0xff, 0xf8, 0x22, 0x3,
    0x45, 0x4, 0x89, 0x19, 0x11, 0x22, 0x23, 0x4,
    0x40, 0xff, 0xf0, 0x40, 0x40, 0x41, 0x80, 0x6c,
    0x0, 0x70, 0x3, 0xb8, 0x78, 0x1f,

    /* U+53E0 "叠" */
    0x1f, 0xf8, 0xc, 0x30, 0x3, 0xe0, 0x3e, 0x18,
    0x7e, 0xfe, 0x66, 0x44, 0x18, 0x38, 0xe6, 0xe6,
    0x7f, 0xff, 0x40, 0x3, 0x5f, 0xfb, 0x10, 0x8,
    0x1f, 0xf8, 0x1f, 0xf8, 0x10, 0x8, 0xff, 0xff,

    /* U+53E3 "口" */
    0xff, 0xfc, 0x0, 0x60, 0x3, 0x0, 0x18, 0x0,
    0xc0, 0x6, 0x0, 0x30, 0x1, 0x80, 0xc, 0x0,
    0x60, 0x3, 0xff, 0xf8, 0x0, 0xc0, 0x4,

    /* U+53E4 "古" */
    0x1, 0x80, 0x1, 0x80, 0x1, 0x80, 0xff, 0xff,
    0x1, 0x80, 0x1, 0x80, 0x1, 0x80, 0x1, 0x80,
    0x3f, 0xfc, 0x20, 0x4, 0x20, 0x4, 0x20, 0x4,
    0x20, 0x4, 0x20, 0x4, 0x3f, 0xfc, 0x20, 0x4,

    /* U+53E5 "句" */
    0x8, 0x0, 0x10, 0x0, 0x40, 0x0, 0xff, 0xf2,
    0x0, 0x2c, 0x0, 0x77, 0xf0, 0xc8, 0x21, 0x10,
    0x42, 0x20, 0x84, 0x41, 0x8, 0x82, 0x11, 0xfc,
    0x22, 0x0, 0xc0, 0x1, 0x0, 0x3e,

    /* U+53E6 "另" */
    0x3f, 0xf8, 0x80, 0x22, 0x0, 0x88, 0x2, 0x20,
    0x8, 0xff, 0xe0, 0x10, 0x0, 0xc0, 0xff, 0xfc,
    0x8, 0x10, 0x60, 0x41, 0x1, 0x18, 0x5, 0xc0,
    0x3c, 0x7, 0x80,

    /* U+53EA "只" */
    0x3f, 0xfc, 0x20, 0x4, 0x20, 0x4, 0x20, 0x4,
    0x20, 0x4, 0x20, 0x4, 0x20, 0x4, 0x3f, 0xfc,
    0x0, 0x0, 0x0, 0x0, 0xc, 0x30, 0x8, 0x18,
    0x30, 0xc, 0x60, 0x6, 0xc0, 0x3,

    /* U+53EB "叫" */
    0x0, 0x4, 0x0, 0x1f, 0x88, 0x62, 0x21, 0x88,
    0x86, 0x22, 0x18, 0x88, 0x62, 0x21, 0x88, 0x86,
    0x22, 0x18, 0x88, 0x7e, 0x3f, 0x81, 0x86, 0x0,
    0x10, 0x0, 0x40, 0x1,

    /* U+53EF "可" */
    0xff, 0xff, 0x0, 0x4, 0x0, 0x4, 0x0, 0x4,
    0x3f, 0x84, 0x20, 0x84, 0x20, 0x84, 0x20, 0x84,
    0x20, 0x84, 0x20, 0x84, 0x3f, 0x84, 0x20, 0x4,
    0x0, 0x4, 0x0, 0x4, 0x0, 0x78,

    /* U+53F0 "台" */
    0x2, 0x0, 0xc, 0x0, 0x30, 0x0, 0xc1, 0x83,
    0x1, 0xc, 0x1, 0x1f, 0xff, 0x0, 0x3, 0x0,
    0x0, 0x7f, 0xf0, 0x80, 0x21, 0x0, 0x42, 0x0,
    0x84, 0x1, 0xf, 0xfe, 0x10, 0x4,

    /* U+53F3 "右" */
    0x1, 0x80, 0x0, 0x80, 0x0, 0x40, 0xf, 0xff,
    0xf0, 0x20, 0x0, 0x30, 0x0, 0x10, 0x0, 0x18,
    0x0, 0xf, 0xff, 0xa, 0x1, 0x8d, 0x0, 0xcc,
    0x80, 0x60, 0x40, 0x30, 0x20, 0x18, 0x1f, 0xfc,
    0x8, 0x6,

    /* U+53F6 "叶" */
    0x0, 0x20, 0x0, 0x20, 0xf8, 0x20, 0x88, 0x20,
    0x88, 0x20, 0x88, 0x20, 0x8f, 0xff, 0x88, 0x20,
    0x88, 0x20, 0x88, 0x20, 0x88, 0x20, 0xf8, 0x20,
    0x80, 0x20, 0x0, 0x20, 0x0, 0x20, 0x0, 0x20,

    /* U+53F7 "号" */
    0x3f, 0xfc, 0x20, 0x4, 0x20, 0x4, 0x3f, 0xfc,
    0x0, 0x0, 0x0, 0x0, 0xff, 0xff, 0x8, 0x0,
    0x18, 0x0, 0x1f, 0xfc, 0x0, 0x8, 0x0, 0x8,
    0x0, 0x8, 0x0, 0x18, 0x1, 0xf0,

    /* U+53FD "叽" */
    0x1, 0xf8, 0xf9, 0x8, 0x89, 0x8, 0x89, 0x8,
    0x89, 0x8, 0x89, 0x8, 0x89, 0x8, 0x89, 0x8,
    0x89, 0x8, 0x89, 0x8, 0xf9, 0x8, 0x82, 0x9,
    0x82, 0x9, 0x4, 0x9, 0xc, 0xf,

    /* U+5403 "吃" */
    0x0, 0x80, 0x0, 0x80, 0xf9, 0x80, 0x89, 0xff,
    0x8b, 0x0, 0x8e, 0x0, 0x89, 0xfe, 0x88, 0x1c,
    0x88, 0x30, 0x88, 0x60, 0x88, 0xc0, 0xf9, 0x80,
    0x81, 0x1, 0x2, 0x1, 0x2, 0x1, 0x1, 0xfe,

    /* U+5404 "各" */
    0x2, 0x0, 0x4, 0x0, 0xf, 0xf8, 0x18, 0x18,
    0x24, 0x30, 0x42, 0x60, 0x1, 0xc0, 0x7, 0xe0,
    0x1c, 0x38, 0xf0, 0x7, 0x1f, 0xf8, 0x10, 0x8,
    0x10, 0x8, 0x10, 0x8, 0x10, 0x8, 0x1f, 0xf8,

    /* U+5408 "合" */
    0x0, 0xc0, 0x0, 0x40, 0x0, 0x50, 0x0, 0x46,
    0x0, 0xc1, 0x81, 0xc0, 0x73, 0xbf, 0xee, 0x0,
    0x0, 0x0, 0x0, 0xf, 0xfe, 0x4, 0x1, 0x2,
    0x0, 0x81, 0x0, 0x40, 0x80, 0x20, 0x7f, 0xf0,
    0x20, 0x8,

    /* U+540A "吊" */
    0x7f, 0xf2, 0x0, 0x90, 0x4, 0x80, 0x27, 0xff,
    0x1, 0x0, 0x8, 0x0, 0x40, 0xff, 0xfc, 0x10,
    0x60, 0x83, 0x4, 0x18, 0x20, 0xc1, 0x1c, 0x8,
    0x0,

    /* U+540C "同" */
    0xff, 0xff, 0x0, 0x6, 0x0, 0xc, 0xff, 0x98,
    0x0, 0x30, 0x0, 0x63, 0xf8, 0xc4, 0x11, 0x88,
    0x23, 0x10, 0x46, 0x20, 0x8c, 0x7f, 0x18, 0x80,
    0x30, 0x0, 0x60, 0x7, 0x80,

    /* U+540D "名" */
    0x3, 0x0, 0x8, 0x0, 0x7f, 0xc6, 0x2, 0x30,
    0x19, 0xb0, 0xc0, 0x66, 0x0, 0x60, 0x7, 0x0,
    0xff, 0xf6, 0x80, 0x42, 0x1, 0x8, 0x4, 0x20,
    0x10, 0xff, 0xc2, 0x1,

    /* U+540E "后" */
    0x0, 0x7e, 0x3f, 0xe0, 0x20, 0x0, 0x20, 0x0,
    0x20, 0x0, 0x3f, 0xff, 0x20, 0x0, 0x20, 0x0,
    0x20, 0x0, 0x27, 0xfe, 0x24, 0x2, 0x24, 0x2,
    0x44, 0x2, 0x44, 0x2, 0xc7, 0xfe, 0x84, 0x2,

    /* U+5411 "向" */
    0x3, 0x0, 0x8, 0x0, 0x60, 0x3f, 0xff, 0x80,
    0x6, 0x0, 0x18, 0x0, 0x63, 0xf9, 0x88, 0x26,
    0x20, 0x98, 0x82, 0x62, 0x9, 0x8f, 0xe6, 0x20,
    0x18, 0x0, 0x60, 0xf,

    /* U+5417 "吗" */
    0x1, 0xfc, 0xf8, 0x4, 0x88, 0x4, 0x89, 0x4,
    0x89, 0x4, 0x89, 0x4, 0x89, 0x4, 0x89, 0xff,
    0x88, 0x1, 0xf8, 0x3, 0x83, 0xfb, 0x80, 0x2,
    0x80, 0x2, 0x0, 0x2, 0x0, 0x1c,

    /* U+5426 "否" */
    0x7f, 0xff, 0x80, 0x30, 0x0, 0x30, 0x0, 0x7b,
    0x0, 0xec, 0xe1, 0xc6, 0x19, 0x83, 0x2, 0x1,
    0x80, 0x0, 0x0, 0xf, 0xff, 0x4, 0x0, 0x82,
    0x0, 0x41, 0x0, 0x20, 0xff, 0xf0, 0x40, 0x8,

    /* U+5427 "吧" */
    0x1, 0xfe, 0xf9, 0xfe, 0x89, 0x22, 0x89, 0x22,
    0x89, 0x22, 0x89, 0x22, 0x89, 0x22, 0x89, 0xfe,
    0x89, 0x2, 0x89, 0x0, 0xf9, 0x0, 0x81, 0x0,
    0x81, 0x3, 0x1, 0x2, 0x1, 0xfe,

    /* U+542C "听" */
    0x0, 0x4, 0x0, 0x7b, 0xe7, 0x4, 0x48, 0x8,
    0x90, 0x11, 0x20, 0x22, 0x7f, 0xc4, 0x84, 0x89,
    0x9, 0x12, 0x12, 0x24, 0x27, 0xc8, 0x48, 0x20,
    0x90, 0x41, 0x0, 0x82, 0x2, 0x4,

    /* U+542F "启" */
    0x0, 0x0, 0x1, 0x0, 0x3, 0x1, 0xff, 0xf2,
    0x0, 0x24, 0x0, 0x4f, 0xff, 0x90, 0x0, 0x20,
    0x0, 0x40, 0x0, 0xbf, 0xf9, 0x40, 0x14, 0x80,
    0x29, 0x0, 0x53, 0xff, 0xc4, 0x1,

    /* U+5435 "吵" */
    0x0, 0x20, 0x0, 0x20, 0xf0, 0x20, 0x91, 0x24,
    0x93, 0x24, 0x93, 0x22, 0x92, 0x22, 0x92, 0x23,
    0x96, 0x20, 0x90, 0x26, 0x90, 0x24, 0xf0, 0xc,
    0x80, 0x18, 0x80, 0x30, 0x0, 0xc0, 0xf, 0x80,
    0x0, 0x0,

    /* U+5438 "吸" */
    0x7, 0xf8, 0xf1, 0x8, 0x91, 0x10, 0x91, 0x10,
    0x91, 0x10, 0x91, 0x3e, 0x91, 0x6, 0x91, 0x84,
    0x92, 0x84, 0x92, 0xc8, 0xf2, 0x48, 0x84, 0x30,
    0x84, 0x30, 0xc, 0x78, 0x19, 0x86, 0x1, 0x0,

    /* U+5439 "吹" */
    0x0, 0x80, 0xf8, 0x80, 0xf8, 0x80, 0x89, 0xff,
    0x89, 0x3, 0x8b, 0x22, 0x8a, 0x22, 0x8e, 0x26,
    0x88, 0x20, 0x88, 0x20, 0x88, 0x70, 0xf8, 0x50,
    0x80, 0xd8, 0x0, 0x88, 0x3, 0x4, 0x6, 0x3,

    /* U+5440 "呀" */
    0x3, 0xff, 0xf8, 0x8, 0x89, 0x8, 0x89, 0x8,
    0x8b, 0x8, 0x8a, 0x8, 0x8b, 0xff, 0x88, 0x18,
    0x88, 0x28, 0x88, 0x68, 0xf8, 0xc8, 0x81, 0x88,
    0x82, 0x8, 0x4, 0x8, 0x0, 0x78,

    /* U+5446 "呆" */
    0x1f, 0xfe, 0x4, 0x0, 0x81, 0x0, 0x20, 0x40,
    0x8, 0x1f, 0xfe, 0x0, 0x30, 0x0, 0xc, 0x0,
    0x3, 0x0, 0x7f, 0xff, 0x80, 0x78, 0x0, 0x2d,
    0x0, 0x33, 0x30, 0x18, 0xc7, 0x38, 0x30, 0x60,
    0xc, 0x0,

    /* U+544A "告" */
    0x10, 0x80, 0x10, 0x80, 0x10, 0x80, 0x3f, 0xfe,
    0x60, 0x80, 0x40, 0x80, 0x0, 0x80, 0xff, 0xff,
    0x0, 0x0, 0x0, 0x0, 0x3f, 0xfc, 0x30, 0x4,
    0x30, 0x4, 0x30, 0x4, 0x3f, 0xfc, 0x30, 0x4,

    /* U+5457 "呗" */
    0x3, 0xfe, 0xf2, 0x2, 0x92, 0x2, 0x92, 0x22,
    0x92, 0x22, 0x92, 0x22, 0x92, 0x22, 0x92, 0x22,
    0x92, 0x22, 0x92, 0x22, 0xf2, 0x42, 0x80, 0x50,
    0x80, 0xc8, 0x1, 0x86, 0xf, 0x3, 0x0, 0x0,

    /* U+545C "呜" */
    0x0, 0x20, 0x0, 0x83, 0xe7, 0xf4, 0x48, 0x28,
    0x90, 0x51, 0x20, 0xa2, 0x46, 0x44, 0x80, 0x89,
    0xff, 0x10, 0x6, 0x20, 0xf, 0xc0, 0x18, 0x3f,
    0xa0, 0x0, 0x40, 0x0, 0x80, 0xe,

    /* U+5462 "呢" */
    0x3, 0xfe, 0xf2, 0x2, 0x92, 0x2, 0x92, 0x2,
    0x93, 0xfe, 0x92, 0x40, 0x92, 0x40, 0x92, 0x46,
    0x92, 0x4c, 0x92, 0x70, 0xf2, 0x40, 0x84, 0x40,
    0x84, 0x41, 0xc, 0x43, 0x18, 0x7e,

    /* U+5468 "周" */
    0x3f, 0xfe, 0x43, 0x4, 0x86, 0x9, 0x7f, 0x92,
    0x18, 0x24, 0x30, 0x4b, 0xfe, 0x90, 0x1, 0x2f,
    0xf2, 0x58, 0x64, 0xb0, 0xcb, 0x61, 0x94, 0xff,
    0x29, 0x80, 0x60, 0x7, 0x80,

    /* U+5471 "呱" */
    0x0, 0x2, 0x0, 0xff, 0xbc, 0x91, 0x12, 0x48,
    0x89, 0x24, 0x44, 0x92, 0x22, 0x49, 0x11, 0x24,
    0x88, 0x92, 0x44, 0x49, 0x23, 0x24, 0x90, 0x9e,
    0xca, 0x48, 0x49, 0x24, 0x24, 0x50, 0x33, 0xe4,
    0x11, 0x1b, 0x0, 0x0, 0x0,

    /* U+5472 "呲" */
    0x1, 0x0, 0xf1, 0x10, 0x91, 0x10, 0x91, 0x10,
    0x95, 0x13, 0x95, 0x16, 0x95, 0xdc, 0x95, 0x18,
    0x95, 0x10, 0x95, 0x10, 0x95, 0x10, 0xf5, 0x10,
    0x85, 0x11, 0x5, 0xd1, 0x7, 0x91, 0xc, 0x1f,

    /* U+547C "呼" */
    0x0, 0x0, 0x0, 0xfe, 0xf7, 0x20, 0x90, 0x22,
    0x92, 0x22, 0x91, 0x24, 0x91, 0x24, 0x91, 0x28,
    0x90, 0x20, 0x97, 0xff, 0xf0, 0x20, 0x80, 0x20,
    0x80, 0x20, 0x0, 0x20, 0x0, 0x20, 0x1, 0xe0,

    /* U+547D "命" */
    0x0, 0x80, 0x0, 0xe0, 0x0, 0xd8, 0x0, 0xc6,
    0x1, 0x80, 0xc3, 0xbf, 0xb8, 0x0, 0x0, 0x7c,
    0xfc, 0x22, 0x42, 0x11, 0x21, 0x8, 0x90, 0x84,
    0x48, 0x42, 0x24, 0x21, 0xf2, 0x70, 0x81, 0x0,
    0x0, 0x80,

    /* U+548C "和" */
    0x0, 0x0, 0x3e, 0x3, 0xa1, 0xf8, 0x42, 0x10,
    0x84, 0x3f, 0xe8, 0x46, 0x10, 0x8e, 0x21, 0x2c,
    0x42, 0x54, 0x85, 0x2d, 0xe, 0x42, 0x18, 0x84,
    0x21, 0xf, 0xc2, 0x10, 0x84, 0x21,

    /* U+5495 "咕" */
    0x0, 0x20, 0x0, 0x20, 0xf8, 0x20, 0x88, 0x20,
    0x8b, 0xff, 0x88, 0x20, 0x88, 0x20, 0x88, 0x20,
    0x88, 0x20, 0x89, 0xfe, 0x89, 0x2, 0xf9, 0x2,
    0x81, 0x2, 0x1, 0x2, 0x1, 0xfe, 0x1, 0x2,

    /* U+5496 "咖" */
    0x2, 0x1, 0xe4, 0x2, 0x48, 0x7c, 0x90, 0x99,
    0x7d, 0x32, 0x4a, 0x64, 0x94, 0xc9, 0x29, 0x92,
    0x53, 0x24, 0xa6, 0x49, 0x4f, 0xa2, 0x98, 0x45,
    0x20, 0x8b, 0xc2, 0x34, 0x8d, 0xc9,

    /* U+54AA "咪" */
    0x0, 0x20, 0xf2, 0x22, 0x92, 0x26, 0x93, 0x24,
    0x91, 0x24, 0x91, 0x28, 0x90, 0x20, 0x97, 0xff,
    0x90, 0x70, 0x90, 0xf0, 0xf1, 0xa8, 0x81, 0x2c,
    0x6, 0x26, 0xc, 0x23, 0x8, 0x21, 0x0, 0x20,

    /* U+54B3 "咳" */
    0x0, 0x0, 0x0, 0xc0, 0x0, 0x87, 0xbf, 0xf9,
    0xc, 0x12, 0x10, 0x24, 0x42, 0x49, 0x8c, 0x97,
    0xf1, 0x20, 0xce, 0x43, 0x14, 0x8c, 0x4f, 0x61,
    0x90, 0xe, 0x20, 0x36, 0x1, 0xc6, 0xe, 0x6,

    /* U+54C4 "哄" */
    0x0, 0x88, 0x0, 0x88, 0xf8, 0x88, 0x88, 0x88,
    0x8b, 0xfe, 0x88, 0x88, 0x88, 0x88, 0x88, 0x88,
    0x88, 0x88, 0x88, 0x88, 0x8f, 0xff, 0xf8, 0x0,
    0x80, 0x98, 0x81, 0xc, 0x3, 0x6, 0x6, 0x2,
    0x4, 0x2,

    /* U+54C7 "哇" */
    0x0, 0x61, 0xe0, 0xc2, 0x4f, 0xf4, 0x83, 0x9,
    0x6, 0x12, 0xc, 0x25, 0xff, 0xc8, 0x0, 0x90,
    0x1, 0x20, 0xc3, 0xdf, 0xf4, 0x3, 0x8, 0x6,
    0x0, 0xc, 0x0, 0x18, 0x7, 0xff,

    /* U+54C8 "哈" */
    0x0, 0x20, 0x0, 0x60, 0xf0, 0x50, 0x90, 0xd8,
    0x91, 0x8c, 0x93, 0x6, 0x96, 0xfb, 0x90, 0x0,
    0x90, 0x0, 0x91, 0xfc, 0x91, 0xfc, 0xf1, 0x4,
    0x81, 0x4, 0x81, 0x4, 0x1, 0xfc, 0x1, 0x4,

    /* U+54CD "响" */
    0x0, 0x20, 0x0, 0xc3, 0xc1, 0x4, 0x9f, 0xf9,
    0x20, 0x32, 0x40, 0x64, 0xbe, 0xc9, 0x45, 0x92,
    0x8b, 0x25, 0x17, 0xca, 0x2c, 0x17, 0xd8, 0x28,
    0x20, 0x40, 0x40, 0x80, 0x81, 0x3,

    /* U+54D2 "哒" */
    0x0, 0x10, 0x8, 0x23, 0xd0, 0x44, 0x90, 0x89,
    0xf, 0xf2, 0x2, 0x27, 0x84, 0x49, 0xc, 0x92,
    0x29, 0x24, 0x5a, 0x49, 0x97, 0x92, 0x28, 0x2c,
    0x30, 0x50, 0x1, 0x40, 0x4, 0x7f,

    /* U+54DF "哟" */
    0x1, 0x11, 0xe2, 0x22, 0x44, 0x44, 0x91, 0xf9,
    0x2a, 0x32, 0x94, 0x65, 0xe0, 0xc8, 0x89, 0x93,
    0x13, 0x24, 0x36, 0x5f, 0x2f, 0xa0, 0x58, 0x0,
    0x30, 0x38, 0x41, 0x81, 0x80, 0x6,

    /* U+54E6 "哦" */
    0x0, 0xd4, 0xf7, 0x96, 0x91, 0x12, 0x91, 0x10,
    0x91, 0x10, 0x9f, 0xff, 0x91, 0x10, 0x91, 0x12,
    0x91, 0x16, 0x91, 0xf4, 0x9f, 0x94, 0xf9, 0x18,
    0x81, 0x18, 0x1, 0x39, 0x1, 0x69, 0x7, 0x46,

    /* U+54E9 "哩" */
    0x7, 0xfe, 0xf4, 0x62, 0x94, 0x62, 0x97, 0xfe,
    0x94, 0x62, 0x94, 0x62, 0x94, 0x62, 0x97, 0xfe,
    0x90, 0x60, 0xf0, 0x60, 0xf7, 0xfe, 0x80, 0x60,
    0x80, 0x60, 0x0, 0x60, 0xf, 0xff,

    /* U+54EA "哪" */
    0x7, 0xdf, 0xf2, 0x51, 0x92, 0x53, 0x92, 0x52,
    0x97, 0xd2, 0x92, 0x54, 0x92, 0x52, 0x92, 0x52,
    0x92, 0x51, 0x97, 0xd1, 0xf2, 0x51, 0x84, 0x51,
    0x84, 0x56, 0xc, 0x50, 0xb, 0x90,

    /* U+54ED "哭" */
    0x7e, 0x7e, 0x42, 0x42, 0x42, 0x42, 0x42, 0x42,
    0x7e, 0x7e, 0x1, 0x90, 0x1, 0x98, 0x1, 0x4,
    0xff, 0xff, 0x1, 0x80, 0x2, 0x40, 0x6, 0x60,
    0xc, 0x30, 0x38, 0x1c, 0xe0, 0x7,

    /* U+54FC "哼" */
    0x0, 0x20, 0x0, 0x20, 0xf3, 0xff, 0x90, 0x0,
    0x91, 0xfe, 0x91, 0x2, 0x91, 0x2, 0x91, 0xfe,
    0x90, 0x0, 0x91, 0xfe, 0xf0, 0xc, 0x80, 0x30,
    0x80, 0x20, 0x0, 0x20, 0x0, 0x20, 0x0, 0xe0,

    /* U+5514 "唔" */
    0x7, 0xfe, 0xf0, 0x40, 0x90, 0x40, 0x93, 0xfc,
    0x90, 0x84, 0x90, 0x84, 0x90, 0x84, 0x97, 0xff,
    0x90, 0x0, 0x90, 0x0, 0xf3, 0xfe, 0x82, 0x6,
    0x82, 0x6, 0x2, 0x6, 0x3, 0xfe,

    /* U+5524 "唤" */
    0x0, 0x40, 0x0, 0x80, 0xf1, 0xfc, 0x93, 0x8,
    0x97, 0xfe, 0x92, 0x22, 0x92, 0x22, 0x92, 0x22,
    0x92, 0x22, 0x92, 0x22, 0x97, 0xff, 0xf0, 0x70,
    0x80, 0xd0, 0x81, 0x88, 0x3, 0x6, 0xc, 0x3,

    /* U+554A "啊" */
    0x7, 0xff, 0xf4, 0x82, 0x95, 0x2, 0x95, 0x2,
    0x95, 0x3a, 0x95, 0x4a, 0x95, 0x4a, 0x95, 0x4a,
    0x94, 0xca, 0x94, 0xca, 0x94, 0xca, 0xf4, 0xba,
    0x85, 0xc2, 0x4, 0x2, 0x4, 0x2, 0x4, 0xe,

    /* U+5561 "啡" */
    0x0, 0x90, 0x1, 0x23, 0xc2, 0x44, 0xbc, 0xf9,
    0x9, 0x12, 0x12, 0x24, 0x24, 0x4b, 0xcf, 0x90,
    0x91, 0x21, 0x22, 0x42, 0x47, 0xbc, 0xf8, 0x9,
    0x0, 0x12, 0x0, 0x24, 0x0, 0x48,

    /* U+5566 "啦" */
    0x2, 0x10, 0x2, 0x18, 0xf2, 0x8, 0x92, 0x0,
    0x97, 0x7f, 0x92, 0x0, 0x92, 0x22, 0x92, 0x22,
    0x92, 0x26, 0x97, 0x24, 0x9e, 0x24, 0xf2, 0x24,
    0x82, 0x24, 0x82, 0x24, 0x2, 0xc, 0x6, 0xff,

    /* U+557E "啾" */
    0x1, 0x88, 0xf7, 0x8, 0x91, 0x8, 0x91, 0x8,
    0x91, 0x29, 0x97, 0xaa, 0x91, 0x2a, 0x93, 0x2a,
    0x93, 0x8a, 0x97, 0x88, 0x95, 0x1c, 0xfd, 0x14,
    0x89, 0x14, 0x1, 0x22, 0x1, 0x22, 0x1, 0x40,

    /* U+5582 "喂" */
    0x3, 0xfe, 0xf2, 0x22, 0x93, 0xfe, 0x92, 0x22,
    0x92, 0x22, 0x93, 0xfe, 0x90, 0x0, 0x90, 0x0,
    0x97, 0xff, 0x91, 0x20, 0xf1, 0x12, 0x81, 0x1c,
    0x1, 0x8, 0x3, 0x6c, 0x3, 0xc3, 0x0, 0x0,

    /* U+5594 "喔" */
    0x3, 0xfe, 0xf2, 0x2, 0x93, 0xfe, 0x92, 0x0,
    0x92, 0x0, 0x93, 0xff, 0x92, 0x48, 0x92, 0x8c,
    0x93, 0xfe, 0xf2, 0x20, 0xf2, 0x20, 0x85, 0xfe,
    0x4, 0x20, 0x8, 0x20, 0x1b, 0xff,

    /* U+559C "喜" */
    0x1, 0x80, 0x7f, 0xff, 0x1, 0x80, 0x3f, 0xfc,
    0x0, 0x0, 0x1f, 0xf8, 0x10, 0x8, 0x10, 0x8,
    0x1f, 0xf8, 0x8, 0x30, 0xff, 0xff, 0x0, 0x0,
    0x3f, 0xfc, 0x30, 0x4, 0x30, 0x4, 0x3f, 0xfc,

    /* U+559D "喝" */
    0x3, 0xfe, 0xf2, 0x2, 0x93, 0xfe, 0x92, 0x2,
    0x92, 0x2, 0x93, 0xfe, 0x91, 0x0, 0x93, 0xff,
    0x96, 0x21, 0x9c, 0x21, 0xf2, 0x61, 0x82, 0x99,
    0x3, 0xfb, 0x0, 0x2, 0x0, 0xe,

    /* U+55EF "嗯" */
    0x3, 0xfd, 0xe4, 0xa, 0x49, 0x14, 0x97, 0xa9,
    0x24, 0x52, 0x4e, 0xa4, 0xa1, 0x49, 0xfe, 0x90,
    0x1, 0x20, 0xcb, 0xdc, 0x94, 0x29, 0x38, 0xd0,
    0xa1, 0x21, 0x40, 0x3e, 0x0,

    /* U+560E "嘎" */
    0x7, 0xff, 0xf0, 0x20, 0x93, 0xfe, 0x92, 0x2,
    0x93, 0xfe, 0x92, 0x2, 0x93, 0xfe, 0x93, 0xfe,
    0x90, 0xcc, 0xf0, 0x44, 0x8f, 0xff, 0x80, 0x66,
    0x0, 0x38, 0x1, 0xf9, 0xe, 0xf,

    /* U+561B "嘛" */
    0x0, 0x40, 0x0, 0x60, 0xf7, 0xff, 0x94, 0x0,
    0x94, 0x84, 0x94, 0x84, 0x97, 0xdf, 0x95, 0x8c,
    0x95, 0xcc, 0x95, 0xce, 0x9a, 0x96, 0xfa, 0x96,
    0x8c, 0xa5, 0x88, 0xc5, 0x8, 0x84, 0x8, 0x84,

    /* U+5634 "嘴" */
    0x0, 0x90, 0x4, 0x92, 0xf4, 0xfc, 0x94, 0x90,
    0x97, 0xff, 0x98, 0x80, 0x91, 0xf8, 0x92, 0x10,
    0x97, 0xfe, 0x96, 0x22, 0x97, 0xfe, 0xf6, 0x22,
    0x86, 0x22, 0x87, 0xfe, 0x4, 0x22, 0xc, 0x2e,

    /* U+563B "嘻" */
    0x0, 0x20, 0x0, 0x20, 0xf7, 0xff, 0x90, 0x20,
    0x93, 0xde, 0x93, 0xfe, 0x93, 0x6, 0x93, 0x6,
    0x93, 0xfe, 0x91, 0xc, 0x97, 0xff, 0xf0, 0x0,
    0x83, 0xfe, 0x83, 0x2, 0x3, 0x2, 0x3, 0xfe,

    /* U+563F "嘿" */
    0xf3, 0xfe, 0x92, 0xaa, 0x92, 0xaa, 0x92, 0xaa,
    0x92, 0x22, 0x93, 0xfe, 0x90, 0x20, 0x90, 0x20,
    0x93, 0xfe, 0xf0, 0x20, 0x87, 0xff, 0x2, 0x14,
    0x2, 0x52, 0x4, 0x4b, 0x4, 0x49,

    /* U+565C "噜" */
    0x0, 0x80, 0x1, 0xf8, 0xf3, 0x10, 0x97, 0xfe,
    0x92, 0x22, 0x93, 0xfe, 0x92, 0x22, 0x93, 0xfe,
    0x90, 0x0, 0x97, 0xff, 0x90, 0x0, 0xf3, 0xfe,
    0x83, 0x2, 0x3, 0xfe, 0x3, 0x2, 0x3, 0xfe,

    /* U+5668 "器" */
    0x7e, 0x7e, 0x42, 0x46, 0x42, 0x46, 0x42, 0x46,
    0x7e, 0x7e, 0x1, 0x30, 0x2, 0x8, 0xff, 0xff,
    0xc, 0x30, 0x30, 0x1c, 0xfe, 0x7f, 0x42, 0x46,
    0x42, 0x46, 0x42, 0x46, 0x7e, 0x7e,

    /* U+566A "噪" */
    0x1, 0xfc, 0xf1, 0x4, 0x91, 0x4, 0x90, 0xf8,
    0x97, 0xdf, 0x94, 0x51, 0x94, 0x51, 0x97, 0xdf,
    0x90, 0x20, 0x90, 0x20, 0xf7, 0xff, 0x80, 0xf0,
    0x81, 0xac, 0x6, 0x26, 0x8, 0x21,

    /* U+56DE "回" */
    0xff, 0xff, 0x0, 0x6, 0x0, 0xc, 0x0, 0x18,
    0xfe, 0x31, 0x4, 0x62, 0x8, 0xc4, 0x11, 0x88,
    0x23, 0x1f, 0xc6, 0x0, 0xc, 0x0, 0x18, 0x0,
    0x3f, 0xff, 0xe0, 0x0, 0x80,

    /* U+56E0 "因" */
    0xff, 0xff, 0x0, 0x6, 0x4, 0xc, 0x8, 0x18,
    0x10, 0x37, 0xff, 0x60, 0x40, 0xc1, 0x81, 0x82,
    0xc3, 0xc, 0xc6, 0x30, 0xcd, 0xc0, 0xd8, 0x0,
    0x3f, 0xff, 0xe0, 0x0, 0x80,

    /* U+56E2 "团" */
    0xff, 0xff, 0x1, 0x6, 0x2, 0xc, 0x4, 0x1b,
    0xff, 0x30, 0x30, 0x60, 0xe0, 0xc3, 0x41, 0x8c,
    0x83, 0x61, 0x6, 0x82, 0xc, 0x1c, 0x18, 0x0,
    0x30, 0x0, 0x7f, 0xff, 0x80,

    /* U+56F4 "围" */
    0xff, 0xff, 0x0, 0x6, 0x4, 0xd, 0xff, 0xd8,
    0x10, 0x33, 0xfe, 0x60, 0x40, 0xc0, 0x81, 0xbf,
    0xfb, 0x2, 0x16, 0x4, 0x6c, 0xb, 0x98, 0x10,
    0x3f, 0xff, 0xe0, 0x0, 0x80,

    /* U+56FA "固" */
    0xff, 0xff, 0x0, 0x6, 0x8, 0xc, 0x10, 0x1b,
    0xff, 0x30, 0x40, 0x60, 0x80, 0xcf, 0xf1, 0x90,
    0x23, 0x20, 0x46, 0x40, 0x8c, 0xff, 0x18, 0x0,
    0x30, 0x0, 0x7f, 0xff, 0x80,

    /* U+56FE "图" */
    0xff, 0xff, 0x0, 0x6, 0x18, 0xc, 0x7f, 0x99,
    0xc2, 0x36, 0xd8, 0x60, 0x60, 0xc7, 0x71, 0xb8,
    0x1b, 0x7, 0x6, 0x1, 0xc, 0xf8, 0x18, 0xe,
    0x30, 0x0, 0x7f, 0xff, 0x80,

    /* U+5706 "圆" */
    0xff, 0xff, 0x0, 0x6, 0x7f, 0x8c, 0x81, 0x19,
    0xfe, 0x30, 0x0, 0x67, 0xfc, 0xc8, 0x19, 0x91,
    0x33, 0x22, 0x66, 0x4e, 0xcc, 0x37, 0x1b, 0x83,
    0xb0, 0x0, 0x7f, 0xff, 0x80,

    /* U+5708 "圈" */
    0xff, 0xff, 0x81, 0x3, 0x89, 0x13, 0x85, 0x23,
    0x9f, 0xfb, 0x82, 0x3, 0xbf, 0xff, 0x8c, 0x23,
    0x97, 0xdb, 0xa4, 0x47, 0x84, 0xc3, 0x84, 0x13,
    0x87, 0xf3, 0x80, 0x3, 0xff, 0xff,

    /* U+571F "土" */
    0x1, 0x80, 0x1, 0x80, 0x1, 0x80, 0x1, 0x80,
    0x1, 0x80, 0x1, 0x80, 0x7f, 0xfe, 0x1, 0x80,
    0x1, 0x80, 0x1, 0x80, 0x1, 0x80, 0x1, 0x80,
    0x1, 0x80, 0x1, 0x80, 0xff, 0xff,

    /* U+5728 "在" */
    0x2, 0x0, 0x2, 0x0, 0x6, 0x0, 0xff, 0xff,
    0xc, 0x0, 0x8, 0x20, 0x10, 0x20, 0x30, 0x20,
    0x73, 0xfe, 0xf0, 0x20, 0x30, 0x20, 0x30, 0x20,
    0x30, 0x20, 0x30, 0x20, 0x30, 0x20, 0x37, 0xff,

    /* U+5730 "地" */
    0x30, 0x10, 0x18, 0x8, 0xc, 0x44, 0x6, 0x22,
    0x6f, 0xd1, 0xf1, 0x8b, 0x88, 0xc7, 0x44, 0x6e,
    0x22, 0x31, 0x11, 0x18, 0x88, 0x8f, 0x45, 0xce,
    0x22, 0xc, 0x10, 0x8, 0x8, 0x4, 0x6, 0x6,
    0x1, 0xfe,

    /* U+573E "圾" */
    0x30, 0x0, 0x19, 0xfe, 0xc, 0x23, 0x6, 0x11,
    0xf, 0xc8, 0x81, 0x84, 0x40, 0xc2, 0x7c, 0x61,
    0x4, 0x30, 0xc2, 0x18, 0xa1, 0xc, 0x49, 0x7,
    0xa7, 0x8f, 0x21, 0x84, 0x10, 0xe0, 0x11, 0x98,
    0x19, 0x86,

    /* U+5740 "址" */
    0x30, 0x10, 0x30, 0x10, 0x30, 0x10, 0x30, 0x10,
    0x31, 0x10, 0xfd, 0x10, 0x31, 0x1f, 0x31, 0x10,
    0x31, 0x10, 0x31, 0x10, 0x3d, 0x10, 0x39, 0x10,
    0xe1, 0x10, 0x81, 0x10, 0x1, 0x10, 0x7, 0xff,

    /* U+5747 "均" */
    0x30, 0x60, 0x30, 0x40, 0x30, 0xc0, 0x30, 0xff,
    0xfd, 0x81, 0x33, 0x1, 0x30, 0x41, 0x30, 0x21,
    0x30, 0x11, 0x30, 0x5, 0x3e, 0x19, 0x38, 0x61,
    0xe1, 0xc1, 0x81, 0x1, 0x0, 0x2, 0x0, 0x1e,

    /* U+574F "坏" */
    0x20, 0x0, 0x27, 0xff, 0x20, 0x10, 0x20, 0x20,
    0xf8, 0x60, 0x20, 0xf8, 0x21, 0xac, 0x23, 0x22,
    0x2e, 0x21, 0x20, 0x20, 0x38, 0x20, 0x70, 0x20,
    0xc0, 0x20, 0x0, 0x20, 0x0, 0x20, 0x0, 0x20,

    /* U+5750 "坐" */
    0x19, 0x88, 0x11, 0x88, 0x11, 0x88, 0x31, 0x90,
    0x39, 0x98, 0x6d, 0xa4, 0x47, 0xe2, 0x81, 0xc1,
    0x1, 0x80, 0x7f, 0xfe, 0x1, 0x80, 0x1, 0x80,
    0x1, 0x80, 0x1, 0x80, 0xff, 0xff,

    /* U+5757 "块" */
    0x20, 0x20, 0x10, 0x10, 0x8, 0x8, 0x4, 0x3f,
    0xcf, 0x82, 0x21, 0x1, 0x10, 0x80, 0x88, 0x40,
    0x44, 0x23, 0xff, 0x10, 0x18, 0xf, 0x14, 0x1c,
    0x9, 0x8, 0x8, 0x80, 0xc, 0x20, 0x18, 0xc,
    0x18, 0x2,

    /* U+5782 "垂" */
    0x0, 0x3c, 0x3f, 0xe0, 0x1, 0x80, 0x1, 0x80,
    0x7f, 0xfe, 0x11, 0x88, 0x11, 0x88, 0x11, 0x88,
    0xff, 0xff, 0x11, 0x88, 0x11, 0x88, 0x7f, 0xfe,
    0x1, 0x80, 0x1, 0x80, 0x1, 0x80, 0x3f, 0xfc,

    /* U+5783 "垃" */
    0x0, 0x0, 0x20, 0x20, 0x20, 0x30, 0x20, 0x0,
    0x23, 0xff, 0xf8, 0x0, 0x21, 0x6, 0x20, 0x86,
    0x20, 0x84, 0x20, 0x84, 0x20, 0x84, 0x20, 0x84,
    0x3c, 0xcc, 0x70, 0xc8, 0xc0, 0x48, 0x0, 0x8,
    0x7, 0xff,

    /* U+578B "型" */
    0x0, 0x2, 0x7f, 0xb2, 0x12, 0x32, 0x12, 0x32,
    0xff, 0xb2, 0x12, 0x32, 0x22, 0x32, 0x22, 0x2,
    0x42, 0x1e, 0x0, 0x80, 0x0, 0x80, 0x3f, 0xfc,
    0x0, 0x80, 0x0, 0x80, 0x0, 0x80, 0xff, 0xff,

    /* U+57DF "域" */
    0x20, 0x10, 0x20, 0x12, 0x20, 0x11, 0x27, 0xff,
    0x20, 0x10, 0xf8, 0x10, 0x23, 0xd1, 0x22, 0x52,
    0x22, 0x5a, 0x22, 0x5e, 0x23, 0xdc, 0x38, 0xc,
    0x70, 0xf8, 0x87, 0x3d, 0x0, 0x65, 0x0, 0x47,

    /* U+57F9 "培" */
    0x0, 0x0, 0x20, 0x20, 0x20, 0x30, 0x23, 0xff,
    0x21, 0x6, 0xf8, 0x84, 0x20, 0x84, 0x20, 0x8c,
    0x27, 0xff, 0x20, 0x0, 0x20, 0x0, 0x21, 0xfe,
    0x39, 0x2, 0x71, 0x2, 0xc1, 0x2, 0x1, 0x2,
    0x1, 0xfe,

    /* U+57FA "基" */
    0x8, 0x18, 0x8, 0x18, 0x7f, 0xfe, 0x8, 0x18,
    0xf, 0xf8, 0x8, 0x18, 0xf, 0xf8, 0x8, 0x18,
    0x8, 0x18, 0xff, 0xff, 0x19, 0x98, 0x31, 0x8c,
    0x6f, 0xf7, 0x81, 0x81, 0x1, 0x80, 0x7f, 0xfe,

    /* U+585E "塞" */
    0x0, 0x0, 0x1, 0x80, 0xff, 0xff, 0x80, 0x3,
    0x84, 0x23, 0x3f, 0xfc, 0x4, 0x20, 0x3f, 0xfc,
    0x4, 0x20, 0x4, 0x20, 0xff, 0xff, 0x8, 0x10,
    0x31, 0x8c, 0xef, 0xf7, 0x81, 0x81, 0x1, 0x80,
    0x7f, 0xfe,

    /* U+586B "填" */
    0x20, 0x30, 0x10, 0x18, 0x8, 0xff, 0xc4, 0x4,
    0xf, 0x9f, 0xe7, 0xc8, 0x10, 0x87, 0xf8, 0x42,
    0x4, 0x21, 0xfe, 0x10, 0x81, 0x8, 0x7f, 0x87,
    0x20, 0x4e, 0x7f, 0xfc, 0x6, 0x60, 0x6, 0x18,
    0xc, 0x6,

    /* U+5883 "境" */
    0x20, 0x20, 0x23, 0xfe, 0x20, 0x88, 0x20, 0x88,
    0x20, 0x88, 0xfb, 0xff, 0x20, 0x0, 0x23, 0xfe,
    0x22, 0x6, 0x23, 0xfe, 0x22, 0x6, 0x2b, 0xfe,
    0x70, 0x90, 0x80, 0x90, 0x1, 0x91, 0x6, 0x1f,

    /* U+58EB "士" */
    0x1, 0x80, 0x1, 0x80, 0x1, 0x80, 0x1, 0x80,
    0x1, 0x80, 0x1, 0x80, 0xff, 0xff, 0x1, 0x80,
    0x1, 0x80, 0x1, 0x80, 0x1, 0x80, 0x1, 0x80,
    0x1, 0x80, 0x1, 0x80, 0x7f, 0xfe,

    /* U+58F0 "声" */
    0x0, 0x80, 0x0, 0x80, 0x7f, 0xff, 0x0, 0x80,
    0x0, 0x80, 0x3f, 0xfe, 0x0, 0x0, 0x0, 0x0,
    0x3f, 0xfe, 0x30, 0x82, 0x30, 0x82, 0x30, 0x82,
    0x3f, 0xfe, 0x20, 0x2, 0x20, 0x0, 0x60, 0x0,
    0xc0, 0x0, 0x0, 0x0,

    /* U+58F3 "壳" */
    0x0, 0xc0, 0x0, 0x60, 0x1f, 0xff, 0xe0, 0x18,
    0x3, 0xff, 0xf0, 0x0, 0x0, 0x0, 0x0, 0xff,
    0xff, 0x40, 0x1, 0xa3, 0xfc, 0xc1, 0x86, 0x0,
    0xc3, 0x0, 0x41, 0x80, 0x20, 0xc4, 0x60, 0x62,
    0xe0, 0x1f,

    /* U+5904 "处" */
    0x8, 0x10, 0x4, 0x8, 0x6, 0x4, 0x3, 0xf2,
    0x1, 0x19, 0x81, 0x8c, 0xc0, 0xc4, 0x50, 0x62,
    0x24, 0x4b, 0x13, 0x5, 0x8, 0x81, 0x84, 0x0,
    0xc2, 0x0, 0xe1, 0x0, 0xc8, 0x0, 0xc3, 0x0,
    0xc0, 0x7f, 0x40, 0x0, 0x0,

    /* U+5907 "备" */
    0x2, 0x0, 0x1, 0x0, 0x1, 0xff, 0x1, 0x83,
    0x3, 0x63, 0x1, 0x1b, 0x0, 0xf, 0x80, 0x3c,
    0x78, 0x70, 0x7, 0xf, 0xfe, 0x4, 0x21, 0x2,
    0x10, 0x81, 0xff, 0xc0, 0x84, 0x20, 0x42, 0x10,
    0x3f, 0xf8,

    /* U+590D "复" */
    0x8, 0x0, 0x10, 0x0, 0x3f, 0xfe, 0x60, 0x0,
    0xdf, 0xfc, 0x10, 0x4, 0x1f, 0xfc, 0x10, 0x4,
    0x1f, 0xfc, 0xc, 0x0, 0x1f, 0xfc, 0x38, 0x18,
    0x66, 0x30, 0x3, 0xc0, 0x1f, 0x78, 0xf0, 0xf,

    /* U+5916 "外" */
    0x10, 0x20, 0x10, 0x20, 0x10, 0x20, 0x3f, 0x20,
    0x21, 0x20, 0x61, 0x30, 0x43, 0x38, 0xe2, 0x2c,
    0x1a, 0x26, 0xe, 0x23, 0x4, 0x20, 0x8, 0x20,
    0x18, 0x20, 0x30, 0x20, 0xe0, 0x20, 0x80, 0x20,

    /* U+591A "多" */
    0x1, 0x0, 0x3, 0x0, 0x7, 0xf8, 0xc, 0x10,
    0x34, 0x30, 0x6, 0xc0, 0x1, 0xa0, 0xe, 0x60,
    0xf8, 0xff, 0x1, 0x2, 0x6, 0x6, 0x19, 0x8c,
    0x0, 0xf8, 0x0, 0xe0, 0x7, 0x80, 0xfc, 0x0,
    0x0, 0x0,

    /* U+591C "夜" */
    0x0, 0x80, 0x0, 0x10, 0x7, 0xff, 0xf8, 0x10,
    0x80, 0xc, 0x60, 0x2, 0x1f, 0xc1, 0x8c, 0x10,
    0xe6, 0xcc, 0x7b, 0x9a, 0x37, 0x91, 0x81, 0x86,
    0x40, 0x60, 0xe0, 0x18, 0x38, 0x6, 0x1b, 0x1,
    0x9c, 0x70, 0x68, 0x6,

    /* U+591F "够" */
    0x20, 0x10, 0x20, 0x3e, 0x7e, 0x62, 0x42, 0xc4,
    0x82, 0x3c, 0xfa, 0x18, 0x4a, 0x60, 0x4a, 0xd8,
    0x4a, 0x1f, 0x4a, 0x21, 0x4a, 0x42, 0x7b, 0xa6,
    0x42, 0x1c, 0x2, 0x18, 0x2, 0x30, 0x1d, 0xe0,
    0x0, 0x0,

    /* U+5927 "大" */
    0x1, 0x80, 0x1, 0x80, 0x1, 0x80, 0x1, 0x80,
    0x1, 0x0, 0xff, 0xff, 0x1, 0x80, 0x3, 0xc0,
    0x2, 0x40, 0x2, 0x40, 0x6, 0x20, 0xc, 0x30,
    0x18, 0x18, 0x30, 0xc, 0x60, 0x6, 0xc0, 0x3,

    /* U+5929 "天" */
    0x7f, 0xfe, 0x0, 0x80, 0x0, 0x40, 0x0, 0x20,
    0x0, 0x10, 0x0, 0x8, 0x3, 0xff, 0xfc, 0x3,
    0x0, 0x3, 0xc0, 0x1, 0x20, 0x1, 0x98, 0x1,
    0x86, 0x1, 0x81, 0x83, 0x80, 0x73, 0x0, 0xc,

    /* U+592A "太" */
    0x1, 0x80, 0x1, 0x80, 0x1, 0x80, 0x1, 0x0,
    0x1, 0x0, 0xff, 0xff, 0x1, 0x80, 0x1, 0xc0,
    0x3, 0x40, 0x2, 0x60, 0x6, 0x20, 0x4, 0x30,
    0xe, 0x10, 0x1b, 0xc, 0x71, 0x86, 0xc0, 0xc3,

    /* U+5931 "失" */
    0x19, 0x80, 0x11, 0x80, 0x31, 0x80, 0x3f, 0xfe,
    0x21, 0x80, 0x41, 0x80, 0xc1, 0x80, 0x1, 0x0,
    0xff, 0xff, 0x1, 0x80, 0x3, 0xc0, 0x6, 0x40,
    0x4, 0x20, 0x18, 0x18, 0x70, 0xe, 0xc0, 0x3,

    /* U+5934 "头" */
    0x0, 0x40, 0x18, 0x40, 0x6, 0x40, 0x2, 0xc0,
    0x60, 0xc0, 0x18, 0xc0, 0x8, 0xc0, 0x0, 0x80,
    0xff, 0xff, 0x0, 0x80, 0x1, 0x0, 0x3, 0x60,
    0x6, 0x38, 0xc, 0xc, 0x38, 0x6, 0xe0, 0x0,

    /* U+5938 "夸" */
    0x3, 0x0, 0x1, 0x0, 0x3f, 0xff, 0xc1, 0x84,
    0x0, 0x81, 0x0, 0x80, 0x41, 0xbf, 0xd9, 0x80,
    0x6, 0x80, 0x1, 0x3f, 0xff, 0x2, 0x0, 0x3,
    0xff, 0x0, 0x0, 0x80, 0x0, 0xc0, 0x0, 0x40,
    0x3, 0xe0,

    /* U+5947 "奇" */
    0x0, 0x80, 0x1, 0x80, 0x7f, 0xfe, 0x1, 0x0,
    0x2, 0xe0, 0x1c, 0x1c, 0x60, 0x4, 0xff, 0xff,
    0x0, 0x8, 0x0, 0x8, 0x3f, 0x88, 0x20, 0x88,
    0x20, 0x88, 0x3f, 0x88, 0x20, 0x8, 0x20, 0x78,

    /* U+594B "奋" */
    0x0, 0x80, 0x0, 0xc0, 0x1f, 0xff, 0xc0, 0x68,
    0x0, 0x22, 0x0, 0x61, 0x80, 0x60, 0x31, 0xff,
    0xfe, 0x10, 0x84, 0x8, 0x42, 0x4, 0x21, 0x3,
    0xff, 0x81, 0x8, 0x40, 0x84, 0x20, 0x7f, 0xf0,
    0x20, 0x8,

    /* U+594F "奏" */
    0x1, 0x80, 0x3f, 0xff, 0x0, 0x40, 0x0, 0x20,
    0x3, 0xff, 0xc0, 0x10, 0x3, 0xff, 0xfc, 0x18,
    0x60, 0x18, 0x18, 0x1b, 0xf6, 0x38, 0x60, 0xc7,
    0xff, 0x80, 0x34, 0x0, 0x33, 0x80, 0x70, 0x30,
    0x60, 0xc,

    /* U+5951 "契" */
    0x10, 0x0, 0x10, 0xff, 0xfe, 0x33, 0x10, 0x33,
    0x7e, 0x23, 0x10, 0x23, 0x10, 0x62, 0xfe, 0xc2,
    0x11, 0x8e, 0x1, 0x80, 0x1, 0x0, 0xff, 0xff,
    0x3, 0xc0, 0x6, 0x60, 0xc, 0x30, 0xf0, 0xf,
    0x80, 0x1,

    /* U+5956 "奖" */
    0x8, 0x20, 0xc8, 0x40, 0x48, 0xff, 0x2b, 0x2,
    0x8, 0x46, 0x38, 0x2c, 0xe8, 0x18, 0x88, 0xe0,
    0xb, 0x80, 0x1, 0x80, 0xff, 0xff, 0x1, 0x80,
    0x2, 0x40, 0x6, 0x60, 0x18, 0x1c, 0xe0, 0x7,

    /* U+5957 "套" */
    0x0, 0x80, 0x0, 0xc0, 0x1f, 0xff, 0xe0, 0xc2,
    0x0, 0xc0, 0xc0, 0xff, 0xf1, 0xf0, 0x6, 0x1f,
    0xf0, 0xc, 0x0, 0x7, 0xfc, 0x3, 0x0, 0xf,
    0xff, 0xf0, 0x60, 0x80, 0x40, 0x60, 0xff, 0xf8,
    0x0, 0x6,

    /* U+5976 "奶" */
    0x20, 0x0, 0x23, 0xfc, 0x20, 0x84, 0x20, 0x8c,
    0xfc, 0x88, 0x64, 0x88, 0x44, 0x8f, 0x4c, 0x81,
    0x4c, 0x81, 0xc8, 0x81, 0x39, 0x1, 0x19, 0x1,
    0x1d, 0x1, 0x23, 0x1, 0x62, 0x2, 0x84, 0x3e,

    /* U+597D "好" */
    0x10, 0x0, 0x18, 0x7f, 0x88, 0x0, 0xc4, 0x0,
    0xcf, 0xe0, 0x41, 0x10, 0x41, 0x98, 0x60, 0x88,
    0x30, 0x45, 0xff, 0xa2, 0xc, 0xa, 0x6, 0x3,
    0x3, 0x1, 0xc1, 0x81, 0xb0, 0xc1, 0x80, 0x61,
    0x0, 0xf0,

    /* U+5982 "如" */
    0x18, 0x0, 0x10, 0x0, 0x10, 0x7f, 0x10, 0x41,
    0xff, 0x41, 0x31, 0x41, 0x23, 0x41, 0x23, 0x41,
    0x22, 0x41, 0x62, 0x41, 0x36, 0x41, 0x1c, 0x41,
    0xc, 0x41, 0xe, 0x41, 0x33, 0x7f, 0xe0, 0x41,

    /* U+59CB "始" */
    0x30, 0x0, 0x20, 0x20, 0x20, 0x20, 0x20, 0x44,
    0xfc, 0xc4, 0x24, 0x82, 0x45, 0xff, 0x44, 0x1,
    0x4c, 0x0, 0x48, 0xfe, 0x68, 0x82, 0x18, 0x82,
    0x18, 0x82, 0x34, 0x82, 0x64, 0x82, 0xc0, 0xfe,

    /* U+59D4 "委" */
    0x0, 0x7c, 0x7f, 0xc0, 0x1, 0x0, 0x1, 0x0,
    0xff, 0xff, 0x7, 0x60, 0xd, 0x30, 0x31, 0xe,
    0xc3, 0x3, 0x6, 0x0, 0xff, 0xff, 0x8, 0x10,
    0x18, 0x20, 0xf, 0x60, 0x3, 0xf0, 0xfe, 0xe,
    0x40, 0x0,

    /* U+5A07 "娇" */
    0x30, 0x2, 0x10, 0xff, 0x8, 0x14, 0x4, 0x6,
    0xf, 0xc2, 0x1, 0x2f, 0xf9, 0x91, 0x10, 0x89,
    0x8c, 0x4d, 0x83, 0x25, 0xa2, 0x9a, 0x11, 0x6,
    0x8, 0x81, 0x84, 0x41, 0x24, 0x23, 0x6, 0x11,
    0x2, 0x8,

    /* U+5AE9 "嫩" */
    0x20, 0x84, 0x10, 0x42, 0x9, 0xfb, 0x1f, 0x11,
    0xf2, 0xbe, 0x92, 0x55, 0x49, 0x2a, 0xe4, 0x95,
    0x6a, 0x4b, 0xe6, 0x28, 0x43, 0x1c, 0x71, 0x86,
    0x3c, 0xc3, 0x2a, 0x61, 0x74, 0x59, 0x12, 0x67,
    0x1, 0x21,

    /* U+5B50 "子" */
    0x3f, 0xfe, 0x0, 0x1c, 0x0, 0x30, 0x0, 0x60,
    0x1, 0x80, 0x1, 0x80, 0x1, 0x80, 0xff, 0xff,
    0x1, 0x80, 0x1, 0x80, 0x1, 0x80, 0x1, 0x80,
    0x1, 0x80, 0x1, 0x80, 0xf, 0x0,

    /* U+5B57 "字" */
    0x1, 0x0, 0x3, 0x3, 0xff, 0xfe, 0x0, 0x1c,
    0x0, 0x23, 0xfe, 0x0, 0xc, 0x0, 0x30, 0x1,
    0x80, 0x2, 0x3, 0xff, 0xf8, 0x8, 0x0, 0x10,
    0x0, 0x20, 0x0, 0x40, 0x7, 0x80,

    /* U+5B58 "存" */
    0x1, 0x0, 0x1, 0x80, 0x1f, 0xff, 0xe0, 0xc0,
    0x0, 0x40, 0x0, 0x60, 0x0, 0x27, 0xfc, 0x30,
    0xc, 0x38, 0x8, 0x3c, 0x8, 0x6, 0xff, 0xe3,
    0x2, 0x1, 0x81, 0x0, 0xc0, 0x80, 0x60, 0x40,
    0x31, 0xe0,

    /* U+5B64 "孤" */
    0x0, 0x7, 0xff, 0xfd, 0x1, 0x48, 0x81, 0x24,
    0x41, 0x92, 0x20, 0x89, 0x10, 0x44, 0x88, 0x22,
    0x44, 0x1d, 0x22, 0x78, 0x91, 0xa4, 0x4a, 0x42,
    0x25, 0x21, 0x24, 0xd0, 0x92, 0x28, 0x49, 0xf2,
    0xe8, 0x85,

    /* U+5B66 "学" */
    0x21, 0x4, 0x11, 0x8c, 0x18, 0x88, 0xff, 0xff,
    0xc0, 0x3, 0xc0, 0x3, 0x1f, 0xf8, 0x0, 0x30,
    0x0, 0xc0, 0x1, 0x80, 0xff, 0xff, 0x1, 0x80,
    0x1, 0x80, 0x1, 0x80, 0x1, 0x80, 0xf, 0x0,

    /* U+5B75 "孵" */
    0x0, 0x0, 0xc, 0x7, 0xd8, 0xec, 0x9, 0x54,
    0x94, 0xa9, 0x52, 0x54, 0xa9, 0xaa, 0x0, 0xd7,
    0x7f, 0x5b, 0x83, 0x25, 0x43, 0x12, 0xa1, 0xb,
    0x50, 0x86, 0xab, 0xf8, 0x9c, 0x20, 0x48, 0x10,
    0x44, 0x8, 0x42, 0x1c, 0x0,

    /* U+5B83 "它" */
    0x1, 0x0, 0x2, 0x0, 0x6, 0x7, 0xff, 0xf8,
    0x0, 0x30, 0x0, 0x60, 0x0, 0x88, 0x8, 0x10,
    0x78, 0x23, 0x80, 0x7c, 0x0, 0x80, 0x1, 0x0,
    0x2, 0x0, 0x44, 0x0, 0x88, 0x2, 0xf, 0xfc,

    /* U+5B87 "宇" */
    0x3, 0x0, 0x2, 0x3, 0xff, 0xfc, 0x0, 0x18,
    0x0, 0x37, 0xff, 0x40, 0x40, 0x0, 0x80, 0x1,
    0x1, 0xff, 0xfc, 0x4, 0x0, 0x8, 0x0, 0x10,
    0x0, 0x20, 0x0, 0x40, 0x7, 0x80,

    /* U+5B88 "守" */
    0x1, 0x0, 0x0, 0x80, 0xff, 0xfe, 0xc0, 0x2,
    0xc0, 0x22, 0x0, 0x20, 0x0, 0x20, 0xff, 0xff,
    0x0, 0x20, 0x30, 0x20, 0x18, 0x20, 0x8, 0x20,
    0x4, 0x20, 0x0, 0x20, 0x0, 0x20, 0x1, 0xe0,

    /* U+5B89 "安" */
    0x1, 0x0, 0x1, 0x80, 0xff, 0xfe, 0xc0, 0x2,
    0xc3, 0x2, 0x2, 0x0, 0x6, 0x0, 0xff, 0xff,
    0xc, 0x10, 0x18, 0x30, 0x18, 0x20, 0xf, 0x40,
    0x1, 0xc0, 0x3, 0x78, 0x1c, 0x1e, 0x70, 0x6,

    /* U+5B8C "完" */
    0x1, 0x0, 0x1, 0x80, 0xff, 0xff, 0xc0, 0x3,
    0xc0, 0x3, 0xdf, 0xfb, 0x0, 0x0, 0x0, 0x0,
    0x0, 0x0, 0xff, 0xff, 0x4, 0x60, 0x4, 0x60,
    0xc, 0x60, 0x8, 0x61, 0x18, 0x61, 0xe0, 0x3f,

    /* U+5B8F "宏" */
    0x1, 0x80, 0x0, 0x80, 0xff, 0xff, 0x80, 0x1,
    0x82, 0x1, 0x2, 0x0, 0xff, 0xff, 0x4, 0x0,
    0xc, 0xc0, 0x8, 0x80, 0x11, 0x80, 0x31, 0x18,
    0x62, 0xc, 0xc6, 0x4, 0x8f, 0xfe, 0x0, 0x2,

    /* U+5B99 "宙" */
    0x3, 0x0, 0x4, 0xf, 0xff, 0xe0, 0x41, 0x81,
    0x6, 0x4, 0x10, 0x10, 0x1f, 0xfe, 0x61, 0x9,
    0x84, 0x27, 0xff, 0x98, 0x42, 0x61, 0x9, 0x84,
    0x27, 0xff, 0x98, 0x2,

    /* U+5B9A "定" */
    0x1, 0x80, 0x0, 0x40, 0x1f, 0xff, 0xc8, 0x0,
    0x24, 0x0, 0x12, 0x0, 0x8, 0x7f, 0xf0, 0x1,
    0x0, 0x0, 0x80, 0xc, 0x40, 0x4, 0x3f, 0x3,
    0x10, 0x1, 0x88, 0x1, 0x24, 0x1, 0x8e, 0x1,
    0x81, 0xfe,

    /* U+5B9D "宝" */
    0x1, 0x0, 0x1, 0x80, 0xff, 0xfe, 0xc0, 0x2,
    0xc0, 0x2, 0xc0, 0x2, 0x3f, 0xfc, 0x1, 0x0,
    0x1, 0x0, 0x1, 0x0, 0x3f, 0xfc, 0x1, 0x0,
    0x1, 0x10, 0x1, 0x8, 0x1, 0x0, 0xff, 0xff,

    /* U+5B9E "实" */
    0x1, 0x0, 0x1, 0x80, 0xff, 0xff, 0xc0, 0x3,
    0xd8, 0x83, 0xc, 0x80, 0x0, 0x80, 0x60, 0x80,
    0x18, 0x80, 0x1, 0x80, 0xff, 0xff, 0x3, 0x0,
    0x2, 0x70, 0xc, 0x1c, 0x78, 0x6, 0x40, 0x0,

    /* U+5BA0 "宠" */
    0x1, 0x80, 0x0, 0x80, 0x7f, 0xff, 0x40, 0x1,
    0x42, 0x71, 0x2, 0x18, 0x2, 0x8, 0x7f, 0xff,
    0x4, 0x40, 0x4, 0x46, 0x4, 0x4c, 0x8, 0x70,
    0x18, 0x60, 0x31, 0xc1, 0x66, 0x41, 0xc0, 0x7f,

    /* U+5BB3 "害" */
    0x1, 0x0, 0x1, 0x80, 0xff, 0xff, 0xc1, 0x83,
    0xff, 0xff, 0x1, 0x80, 0x1, 0x80, 0x3f, 0xfc,
    0x1, 0x80, 0xff, 0xff, 0x1, 0x80, 0x3f, 0xfc,
    0x30, 0x4, 0x30, 0x4, 0x30, 0x4, 0x3f, 0xfc,

    /* U+5BB6 "家" */
    0x1, 0x0, 0x1, 0x0, 0xff, 0xfe, 0x80, 0x2,
    0x80, 0x2, 0xbf, 0xfa, 0x2, 0x0, 0x1e, 0xc,
    0xe1, 0x30, 0x7, 0xe0, 0x18, 0xa0, 0xe3, 0x90,
    0x6, 0x98, 0x38, 0x8c, 0xe1, 0x87, 0x7, 0x0,

    /* U+5BBD "宽" */
    0x0, 0x80, 0x0, 0x60, 0x1f, 0xff, 0xc8, 0x0,
    0x24, 0x21, 0x10, 0xff, 0xf0, 0x8, 0x40, 0x0,
    0x0, 0xf, 0xfc, 0x4, 0x2, 0x2, 0x21, 0x1,
    0x1c, 0x80, 0x9e, 0x40, 0x5b, 0x24, 0x39, 0x82,
    0xf0, 0x7f,

    /* U+5BBF "宿" */
    0x1, 0x0, 0x1, 0x80, 0x7f, 0xff, 0x40, 0x3,
    0x48, 0x3, 0x17, 0xff, 0x10, 0x60, 0x30, 0x60,
    0x73, 0xfe, 0xf2, 0x2, 0x32, 0x2, 0x33, 0xfe,
    0x32, 0x2, 0x32, 0x2, 0x33, 0xfe, 0x32, 0x2,

    /* U+5BC2 "寂" */
    0x1, 0x80, 0x0, 0xc0, 0x3f, 0xff, 0xd9, 0x0,
    0x2c, 0x80, 0x10, 0x7b, 0xf8, 0x20, 0x84, 0x10,
    0x44, 0xff, 0xa2, 0x4, 0xb, 0x1a, 0x85, 0x9,
    0x21, 0x84, 0x99, 0xc4, 0x41, 0xa0, 0x23, 0x8c,
    0x71, 0x2,

    /* U+5BDE "寞" */
    0x0, 0x0, 0x1, 0x80, 0xff, 0xff, 0x80, 0x1,
    0x84, 0x21, 0x3f, 0xfc, 0x4, 0x20, 0x3f, 0xfc,
    0x30, 0x4, 0x3f, 0xfc, 0x30, 0x4, 0x3f, 0xfc,
    0x1, 0x0, 0xff, 0xff, 0x2, 0x40, 0xc, 0x38,
    0xf0, 0x7,

    /* U+5BDF "察" */
    0x0, 0x0, 0x0, 0x60, 0x1f, 0xff, 0xc8, 0x0,
    0x24, 0xc4, 0x10, 0xff, 0xf0, 0xc4, 0x88, 0xdc,
    0x28, 0x36, 0x18, 0x7, 0xfe, 0xe, 0x1, 0xec,
    0x0, 0x21, 0xff, 0xe0, 0x22, 0x0, 0x31, 0x30,
    0x60, 0x86, 0x43, 0xc1, 0x0,

    /* U+5BF8 "寸" */
    0x0, 0x10, 0x0, 0x10, 0x0, 0x10, 0x0, 0x10,
    0xff, 0xff, 0x0, 0x10, 0x0, 0x10, 0x30, 0x10,
    0x18, 0x10, 0x8, 0x10, 0x4, 0x10, 0x4, 0x10,
    0x0, 0x10, 0x0, 0x10, 0x0, 0x30, 0x1, 0xe0,

    /* U+5BF9 "对" */
    0x0, 0xc, 0x0, 0xc, 0xfe, 0xc, 0x4, 0xc,
    0x5, 0xff, 0x4, 0xc, 0x44, 0xc, 0x24, 0x8c,
    0x18, 0x8c, 0x18, 0x4c, 0x1c, 0x4c, 0x14, 0x4c,
    0x32, 0xc, 0x22, 0xc, 0x40, 0xc, 0x80, 0x38,

    /* U+5C01 "封" */
    0x8, 0x4, 0x8, 0x4, 0x7f, 0x4, 0x8, 0x4,
    0x8, 0xff, 0x8, 0x4, 0xff, 0x4, 0x8, 0x44,
    0x8, 0x64, 0x8, 0x24, 0x7f, 0x24, 0x8, 0x4,
    0x8, 0x4, 0xf, 0x4, 0xfc, 0x4, 0x0, 0x3c,

    /* U+5C04 "射" */
    0xc, 0x2, 0x4, 0x1, 0xf, 0xc0, 0x84, 0x20,
    0x43, 0xf7, 0xf9, 0x8, 0x10, 0x84, 0x8, 0x7e,
    0x44, 0x21, 0x22, 0x10, 0x89, 0x1f, 0xc4, 0x80,
    0xe1, 0x40, 0xd0, 0x21, 0x88, 0x11, 0x84, 0x8,
    0xe, 0x3c,

    /* U+5C06 "将" */
    0x8, 0x10, 0x4, 0x1f, 0xd2, 0x30, 0x4d, 0x68,
    0x43, 0x82, 0x40, 0xc1, 0xc0, 0x21, 0xc8, 0x17,
    0x84, 0x8, 0x2, 0xd, 0xff, 0xca, 0x0, 0x89,
    0x10, 0x40, 0x84, 0x20, 0x43, 0x10, 0x20, 0x8,
    0x10, 0x38,

    /* U+5C0F "小" */
    0x0, 0x80, 0x0, 0x40, 0x0, 0x20, 0x0, 0x10,
    0x1, 0x88, 0x80, 0x84, 0x20, 0x42, 0x18, 0x61,
    0x4, 0x20, 0x83, 0x10, 0x40, 0x98, 0x20, 0x58,
    0x10, 0x30, 0x8, 0x10, 0x4, 0x0, 0x2, 0x0,
    0xf, 0x0,

    /* U+5C11 "少" */
    0x0, 0x80, 0x0, 0x40, 0x0, 0x20, 0x1, 0x11,
    0x81, 0x88, 0x60, 0x84, 0x10, 0xc2, 0xc, 0x41,
    0x2, 0x40, 0x80, 0x0, 0x42, 0x0, 0x23, 0x0,
    0x3, 0x0, 0x3, 0x0, 0x7, 0x0, 0x1e, 0x0,
    0xf8, 0x0,

    /* U+5C14 "尔" */
    0x4, 0x0, 0xc, 0x0, 0x8, 0x0, 0x1f, 0xff,
    0x30, 0x83, 0x60, 0x82, 0xc0, 0x86, 0x8, 0x88,
    0x8, 0x88, 0x18, 0x84, 0x30, 0x86, 0x20, 0x82,
    0x60, 0x81, 0x40, 0x80, 0x0, 0x80, 0x7, 0x80,

    /* U+5C16 "尖" */
    0x1, 0x80, 0x1, 0x80, 0x19, 0x98, 0x11, 0x8c,
    0x31, 0x84, 0x61, 0x82, 0xc1, 0x83, 0x1, 0x80,
    0x1, 0x80, 0xff, 0xff, 0x1, 0x80, 0x3, 0xc0,
    0x6, 0x60, 0xc, 0x30, 0x38, 0x1c, 0xe0, 0x7,

    /* U+5C1A "尚" */
    0x82, 0xe, 0x10, 0x90, 0x84, 0x44, 0x40, 0x20,
    0x7f, 0xfe, 0x0, 0x30, 0x1, 0x9f, 0xcc, 0x82,
    0x64, 0x13, 0x20, 0x99, 0xfc, 0xc8, 0x6, 0x0,
    0x30, 0x7,

    /* U+5C1D "尝" */
    0x31, 0x84, 0x11, 0x88, 0x9, 0x98, 0xff, 0xff,
    0xc0, 0x3, 0xc0, 0x3, 0xff, 0xff, 0x0, 0x0,
    0x0, 0x0, 0xff, 0xff, 0x6, 0x0, 0xc, 0x30,
    0x18, 0x18, 0x30, 0xc, 0x7f, 0xfe, 0x40, 0x2,

    /* U+5C31 "就" */
    0x10, 0x10, 0x8, 0x14, 0xff, 0x12, 0x0, 0x12,
    0x0, 0x10, 0x7e, 0xff, 0x42, 0x10, 0x42, 0x18,
    0x7e, 0x28, 0x8, 0x28, 0x6a, 0x28, 0x4a, 0x28,
    0x4b, 0x48, 0x88, 0x49, 0x8, 0x89, 0x39, 0xf,

    /* U+5C3A "尺" */
    0x1f, 0xfe, 0x8, 0x1, 0x4, 0x0, 0x82, 0x0,
    0x41, 0x0, 0x20, 0x80, 0x10, 0x7f, 0xf8, 0x20,
    0x80, 0x10, 0x60, 0x8, 0x10, 0x4, 0xc, 0x4,
    0x2, 0x2, 0x0, 0x83, 0x0, 0x31, 0x0, 0xe,
    0x80, 0x0,

    /* U+5C3D "尽" */
    0x1f, 0xfe, 0x8, 0x1, 0x4, 0x0, 0x82, 0x0,
    0x41, 0xff, 0xe0, 0x80, 0xc0, 0x40, 0x20, 0x64,
    0x18, 0x21, 0xc4, 0x10, 0x13, 0x18, 0x0, 0xd8,
    0x0, 0x30, 0xf0, 0x0, 0xf, 0x0, 0x0, 0xe0,

    /* U+5C3E "尾" */
    0x3f, 0xfe, 0x20, 0x2, 0x20, 0x2, 0x3f, 0xfe,
    0x20, 0x18, 0x23, 0xe0, 0x2c, 0x80, 0x20, 0xbe,
    0x2f, 0xe0, 0x20, 0x81, 0x20, 0xff, 0x7f, 0x80,
    0x40, 0x81, 0x40, 0x81, 0xc0, 0xff,

    /* U+5C40 "局" */
    0x3f, 0xfc, 0x40, 0x8, 0x80, 0x11, 0xff, 0xe2,
    0x0, 0x4, 0x0, 0xf, 0xff, 0x90, 0x1, 0x20,
    0x2, 0x4f, 0xe5, 0x10, 0x4a, 0x20, 0x94, 0x7f,
    0x30, 0x80, 0x61, 0x7, 0x0,

    /* U+5C42 "层" */
    0x3f, 0xfe, 0x20, 0x2, 0x20, 0x2, 0x3f, 0xfe,
    0x20, 0x0, 0x20, 0x0, 0x27, 0xfe, 0x20, 0x0,
    0x20, 0x0, 0x2f, 0xff, 0x21, 0x80, 0x21, 0x8,
    0x42, 0xc, 0x46, 0x6, 0x4f, 0xfe, 0x0, 0x3,

    /* U+5C45 "居" */
    0x3f, 0xfe, 0x20, 0x2, 0x20, 0x2, 0x3f, 0xfe,
    0x20, 0x40, 0x20, 0x40, 0x3f, 0xff, 0x20, 0x40,
    0x20, 0x40, 0x20, 0x40, 0x27, 0xfe, 0x64, 0x2,
    0x44, 0x2, 0x44, 0x2, 0x87, 0xfe,

    /* U+5C48 "屈" */
    0x3f, 0xfe, 0x20, 0x2, 0x20, 0x2, 0x3f, 0xfe,
    0x20, 0x0, 0x24, 0x42, 0x24, 0x42, 0x24, 0x42,
    0x27, 0xfe, 0x20, 0x40, 0x28, 0x41, 0x28, 0x41,
    0x48, 0x41, 0x48, 0x41, 0x4f, 0xff,

    /* U+5C4F "屏" */
    0x3f, 0xfe, 0x20, 0x2, 0x20, 0x2, 0x3f, 0xfe,
    0x22, 0x4, 0x21, 0x8, 0x2f, 0xff, 0x21, 0x8,
    0x21, 0x8, 0x21, 0x8, 0x2f, 0xff, 0x61, 0x8,
    0x42, 0x8, 0x46, 0x8, 0xc8, 0x8,

    /* U+5C55 "展" */
    0x3f, 0xff, 0x10, 0x0, 0x88, 0x0, 0x47, 0xff,
    0xe2, 0x20, 0x81, 0x10, 0x40, 0xbf, 0xfc, 0x44,
    0x10, 0x22, 0x8, 0x1f, 0xff, 0xc9, 0x18, 0x8c,
    0x86, 0xc4, 0x41, 0x82, 0x27, 0x63, 0x3c, 0x1e,

    /* U+5C5E "属" */
    0x3f, 0xfe, 0x20, 0x2, 0x3f, 0xfe, 0x20, 0x0,
    0x27, 0xfc, 0x20, 0x40, 0x27, 0xfe, 0x24, 0x42,
    0x27, 0xfe, 0x20, 0x40, 0x2f, 0xff, 0x48, 0x41,
    0x48, 0x49, 0x4b, 0xfd, 0x8, 0x7,

    /* U+5C65 "履" */
    0x3f, 0xfe, 0x10, 0x1, 0xf, 0xff, 0x84, 0x48,
    0x2, 0x4f, 0xf1, 0x64, 0x0, 0xaf, 0xf8, 0x4d,
    0x4, 0x2c, 0xfe, 0x1e, 0x41, 0xd, 0x1f, 0xc,
    0x8f, 0xc4, 0x5c, 0x42, 0x21, 0xc3, 0x17, 0x1c,

    /* U+5CA9 "岩" */
    0x30, 0xc1, 0x18, 0x60, 0x8c, 0x30, 0x47, 0xff,
    0xe0, 0x0, 0x0, 0x0, 0x0, 0x0, 0x0, 0xff,
    0xff, 0x2, 0x0, 0x2, 0x0, 0x3, 0xff, 0xc2,
    0x80, 0x22, 0x40, 0x12, 0x20, 0x8, 0x10, 0x4,
    0xf, 0xfe,

    /* U+5D29 "崩" */
    0x1, 0x80, 0x83, 0x5, 0x6, 0xb, 0xff, 0xf0,
    0x0, 0xf, 0xcf, 0xd0, 0x90, 0xa1, 0x21, 0x7e,
    0x7e, 0x84, 0x85, 0x9, 0xb, 0xf3, 0xf4, 0x24,
    0x38, 0x48, 0x60, 0xa0, 0xc7, 0xc7,

    /* U+5DE5 "工" */
    0x7f, 0xfe, 0x1, 0x80, 0x1, 0x80, 0x1, 0x80,
    0x1, 0x80, 0x1, 0x80, 0x1, 0x80, 0x1, 0x80,
    0x1, 0x80, 0x1, 0x80, 0x1, 0x80, 0x1, 0x80,
    0xff, 0xff,

    /* U+5DE6 "左" */
    0x2, 0x0, 0x2, 0x0, 0x2, 0x0, 0x7f, 0xff,
    0x6, 0x0, 0x4, 0x0, 0x4, 0x0, 0xc, 0x0,
    0xb, 0xff, 0x8, 0x20, 0x10, 0x20, 0x10, 0x20,
    0x20, 0x20, 0x60, 0x20, 0xc0, 0x20, 0xf, 0xff,

    /* U+5DEE "差" */
    0x8, 0x18, 0xc, 0x30, 0x7f, 0xfe, 0x1, 0x0,
    0x1, 0x0, 0x3f, 0xfc, 0x2, 0x0, 0x2, 0x0,
    0xff, 0xff, 0x4, 0x0, 0xc, 0x0, 0x1f, 0xfe,
    0x10, 0x40, 0x60, 0x40, 0xc0, 0x40, 0x9f, 0xff,

    /* U+5DF1 "己" */
    0xff, 0xf0, 0x0, 0x40, 0x1, 0x0, 0x4, 0x0,
    0x10, 0x0, 0x4f, 0xff, 0x20, 0x4, 0x80, 0x2,
    0x0, 0x8, 0x0, 0x20, 0x1, 0x80, 0x6, 0x0,
    0x37, 0xff, 0x80,

    /* U+5DF2 "已" */
    0xff, 0xf8, 0x0, 0x10, 0x0, 0x22, 0x0, 0x44,
    0x0, 0x88, 0x1, 0x1f, 0xfe, 0x20, 0x4, 0x40,
    0x0, 0x80, 0x1, 0x0, 0xa, 0x0, 0x14, 0x0,
    0x28, 0x0, 0xcf, 0xff, 0x0,

    /* U+5DF4 "巴" */
    0xff, 0xf9, 0x4, 0x12, 0x8, 0x24, 0x10, 0x48,
    0x20, 0x90, 0x41, 0x3f, 0xfe, 0x40, 0x4, 0x80,
    0x1, 0x0, 0x2, 0x0, 0x4, 0x0, 0x38, 0x0,
    0x50, 0x0, 0x9f, 0xfe, 0x0,

    /* U+5DFE "巾" */
    0x2, 0x0, 0x8, 0x0, 0x20, 0x0, 0x80, 0xff,
    0xfe, 0x8, 0x18, 0x20, 0x60, 0x81, 0x82, 0x6,
    0x8, 0x18, 0x20, 0x60, 0x81, 0x82, 0x6, 0x9,
    0xf0, 0x20, 0x0, 0x80,

    /* U+5E03 "布" */
    0x1, 0x0, 0x0, 0x80, 0x0, 0xc0, 0xf, 0xff,
    0xf0, 0x60, 0x0, 0x22, 0x0, 0x21, 0x0, 0x3f,
    0xfe, 0x38, 0x41, 0x34, 0x20, 0x92, 0x10, 0x41,
    0x8, 0x20, 0x84, 0x10, 0x42, 0x8, 0x21, 0x3c,
    0x0, 0x80,

    /* U+5E08 "师" */
    0x10, 0x0, 0x2f, 0xfe, 0x40, 0x84, 0x81, 0x9,
    0x3f, 0xd2, 0x44, 0xa4, 0x89, 0x49, 0x12, 0x92,
    0x25, 0x24, 0x48, 0x48, 0x90, 0x91, 0x22, 0x22,
    0x44, 0x45, 0x90, 0x8, 0x40, 0x10,

    /* U+5E26 "带" */
    0x11, 0x88, 0x11, 0x88, 0xff, 0xff, 0x11, 0x88,
    0x11, 0x88, 0x0, 0x0, 0xff, 0xff, 0xc1, 0x83,
    0xc1, 0x83, 0xff, 0xff, 0x31, 0x84, 0x31, 0x84,
    0x31, 0x84, 0x31, 0x84, 0x31, 0xbc, 0x1, 0x80,

    /* U+5E27 "帧" */
    0x10, 0x10, 0x10, 0x10, 0x10, 0x1f, 0xfc, 0x10,
    0x95, 0xfe, 0x95, 0x2, 0x95, 0x2, 0x95, 0x12,
    0x95, 0x12, 0x95, 0x12, 0x95, 0x12, 0x95, 0x12,
    0x9d, 0x22, 0x10, 0x68, 0x10, 0x86, 0x13, 0x1,

    /* U+5E2E "帮" */
    0x8, 0x3f, 0xff, 0xa1, 0x8, 0x22, 0x8, 0x26,
    0x7f, 0xa4, 0x8, 0x22, 0x8, 0x21, 0xff, 0xa1,
    0x30, 0x2e, 0xe0, 0xa0, 0x3f, 0xfe, 0x20, 0x82,
    0x20, 0x82, 0x20, 0x82, 0x20, 0x9e, 0x0, 0x80,

    /* U+5E38 "常" */
    0x21, 0x8, 0x62, 0x30, 0x44, 0x47, 0xff, 0xf8,
    0x0, 0x33, 0xfe, 0x64, 0x4, 0x88, 0x8, 0x1f,
    0xf0, 0x2, 0x0, 0x4, 0x3, 0xff, 0xe6, 0x10,
    0x4c, 0x20, 0x98, 0x41, 0x30, 0x9e,

    /* U+5E3D "帽" */
    0x20, 0x0, 0x21, 0xff, 0x21, 0x3, 0xfd, 0x7f,
    0xa5, 0x3, 0xa5, 0x7f, 0xa5, 0x3, 0xa4, 0x0,
    0xa5, 0xfe, 0xa5, 0x2, 0xa5, 0xfe, 0xad, 0x2,
    0x21, 0xfe, 0x21, 0x2, 0x21, 0x2, 0x21, 0xfe,

    /* U+5E55 "幕" */
    0xc, 0x30, 0xff, 0xff, 0xc, 0x30, 0x3f, 0xfc,
    0x20, 0x4, 0x3f, 0xfc, 0x20, 0x4, 0x3f, 0xfc,
    0x4, 0x0, 0xff, 0xff, 0x19, 0x98, 0x31, 0x8c,
    0x7f, 0xfe, 0x91, 0x89, 0x11, 0x88, 0x11, 0xb8,

    /* U+5E73 "平" */
    0x7f, 0xfe, 0x1, 0x80, 0x31, 0x8c, 0x11, 0x88,
    0x11, 0x88, 0x19, 0x90, 0x9, 0x90, 0x1, 0x80,
    0xff, 0xff, 0x1, 0x80, 0x1, 0x80, 0x1, 0x80,
    0x1, 0x80, 0x1, 0x80, 0x1, 0x80,

    /* U+5E74 "年" */
    0x8, 0x0, 0x18, 0x0, 0x1f, 0xfe, 0x30, 0xc0,
    0x60, 0xc0, 0x40, 0xc0, 0x1f, 0xfe, 0x10, 0xc0,
    0x10, 0xc0, 0x10, 0xc0, 0x10, 0xc0, 0xff, 0xff,
    0x0, 0xc0, 0x0, 0xc0, 0x0, 0xc0, 0x0, 0xc0,

    /* U+5E76 "并" */
    0x10, 0x8, 0x8, 0x18, 0xc, 0x10, 0x4, 0x30,
    0x7f, 0xfe, 0x8, 0x10, 0x8, 0x10, 0x8, 0x10,
    0x8, 0x10, 0xff, 0xff, 0x8, 0x10, 0x8, 0x10,
    0x18, 0x10, 0x30, 0x10, 0x60, 0x10, 0xc0, 0x10,

    /* U+5E78 "幸" */
    0x1, 0x80, 0x1, 0x80, 0x3f, 0xfc, 0x1, 0x80,
    0x1, 0x80, 0xff, 0xff, 0x18, 0x18, 0x8, 0x10,
    0xc, 0x30, 0x7f, 0xfe, 0x1, 0x80, 0x1, 0x80,
    0xff, 0xfe, 0x1, 0x80, 0x1, 0x80, 0x1, 0x80,

    /* U+5E7C "幼" */
    0x10, 0x20, 0x20, 0x40, 0xc0, 0x81, 0x1, 0x6,
    0x2f, 0xe8, 0xc4, 0x7f, 0x8, 0xfe, 0x11, 0x8,
    0x22, 0x30, 0x44, 0x59, 0x89, 0x12, 0x16, 0x24,
    0x3f, 0xf8, 0x70, 0x20, 0x80, 0x8e,

    /* U+5E7D "幽" */
    0x1, 0x0, 0x2, 0x2, 0x24, 0xcc, 0x89, 0x19,
    0x12, 0x34, 0xa9, 0x6b, 0x7e, 0xfc, 0x89, 0x89,
    0x33, 0x2a, 0x56, 0x95, 0x2d, 0xff, 0xfa, 0x30,
    0x70, 0x20, 0x7f, 0xff, 0x80, 0x1,

    /* U+5E7F "广" */
    0x0, 0x80, 0x0, 0x80, 0x0, 0xc0, 0x3f, 0xff,
    0x20, 0x0, 0x20, 0x0, 0x20, 0x0, 0x20, 0x0,
    0x20, 0x0, 0x20, 0x0, 0x20, 0x0, 0x20, 0x0,
    0x20, 0x0, 0x40, 0x0, 0x40, 0x0, 0xc0, 0x0,
    0x0, 0x0,

    /* U+5E86 "庆" */
    0x0, 0x80, 0x0, 0x20, 0xf, 0xff, 0xe4, 0x0,
    0x2, 0x4, 0x1, 0x2, 0x0, 0x81, 0x0, 0x5f,
    0xfe, 0x20, 0x40, 0x10, 0x70, 0x8, 0x2c, 0x4,
    0x12, 0x2, 0x11, 0x82, 0x18, 0x61, 0x18, 0x1c,
    0xb0, 0x7,

    /* U+5E8A "床" */
    0x0, 0x80, 0x0, 0xc0, 0x7f, 0xff, 0x40, 0x0,
    0x40, 0x40, 0x40, 0x40, 0x40, 0x40, 0x5f, 0xff,
    0x40, 0xe0, 0x41, 0x70, 0x43, 0x50, 0x46, 0x48,
    0x4c, 0x46, 0x98, 0x43, 0x80, 0x41, 0x80, 0x40,

    /* U+5E8F "序" */
    0x0, 0x40, 0x0, 0x20, 0x0, 0x8, 0x7, 0xff,
    0xf2, 0x0, 0x1, 0x3f, 0xf0, 0x80, 0x10, 0x43,
    0x30, 0x20, 0xf0, 0x10, 0x18, 0xb, 0xff, 0xe4,
    0x4, 0x22, 0x2, 0x21, 0x1, 0x1, 0x0, 0x80,
    0x80, 0x40, 0x41, 0xe0, 0x0,

    /* U+5E93 "库" */
    0x0, 0xc0, 0x0, 0x20, 0xf, 0xff, 0xe4, 0x0,
    0x2, 0x8, 0x1, 0x3f, 0xf8, 0x84, 0x0, 0x42,
    0x20, 0x22, 0x10, 0x13, 0xff, 0x88, 0x4, 0x4,
    0x2, 0x2, 0xff, 0xfa, 0x0, 0x81, 0x0, 0x40,
    0x80, 0x20,

    /* U+5E94 "应" */
    0x1, 0x80, 0x0, 0x80, 0x7f, 0xff, 0x40, 0x0,
    0x40, 0x84, 0x48, 0x86, 0x48, 0x84, 0x48, 0x84,
    0x4c, 0xcc, 0x44, 0x48, 0x44, 0x58, 0x46, 0x10,
    0x40, 0x30, 0x80, 0x20, 0xbf, 0xff, 0x80, 0x0,

    /* U+5E95 "底" */
    0x0, 0xc0, 0x0, 0x30, 0xf, 0xff, 0xe4, 0x0,
    0x2, 0x0, 0xe1, 0x3f, 0xc0, 0x90, 0x40, 0x48,
    0x20, 0x24, 0x10, 0x13, 0xff, 0x89, 0x2, 0x4,
    0x81, 0x2, 0x46, 0x82, 0x21, 0x25, 0x1e, 0x52,
    0x88, 0x26,

    /* U+5EA6 "度" */
    0x0, 0xc0, 0x0, 0x40, 0x3f, 0xff, 0x21, 0x8,
    0x21, 0x8, 0x2f, 0xff, 0x21, 0x8, 0x21, 0x8,
    0x21, 0xf8, 0x20, 0x0, 0x2f, 0xfe, 0x23, 0xc,
    0x21, 0x98, 0x40, 0xf0, 0x43, 0xf8, 0x5e, 0xf,

    /* U+5EB7 "康" */
    0x0, 0x80, 0x0, 0x20, 0xf, 0xff, 0xe4, 0x8,
    0x2, 0xff, 0xe1, 0x2, 0x10, 0xff, 0xfe, 0x40,
    0x84, 0x20, 0x42, 0x17, 0xff, 0xa, 0x10, 0x4,
    0xcc, 0xc2, 0x1d, 0x82, 0x32, 0x61, 0x61, 0xe,
    0x87, 0x80,

    /* U+5ED3 "廓" */
    0x0, 0x0, 0x0, 0x80, 0x7f, 0xff, 0x42, 0x0,
    0x42, 0x0, 0x5f, 0xdf, 0x40, 0x11, 0x4f, 0x92,
    0x48, 0x92, 0x4f, 0x94, 0x40, 0x12, 0x5f, 0xd1,
    0x41, 0x11, 0x5f, 0xd1, 0x82, 0x16, 0x82, 0x10,
    0x8e, 0x10,

    /* U+5EFA "建" */
    0x0, 0x20, 0xf8, 0x20, 0x1b, 0xfe, 0x10, 0x22,
    0x27, 0xff, 0x20, 0x22, 0x7b, 0xfe, 0x8, 0x20,
    0x8, 0x20, 0x53, 0xfe, 0x50, 0x20, 0x77, 0xff,
    0x30, 0x20, 0x38, 0x20, 0x4e, 0x0, 0xc3, 0xff,

    /* U+5F00 "开" */
    0x7f, 0xfe, 0xc, 0x10, 0xc, 0x10, 0xc, 0x10,
    0xc, 0x10, 0xc, 0x10, 0xc, 0x10, 0xff, 0xff,
    0x8, 0x10, 0x8, 0x10, 0x8, 0x10, 0x18, 0x10,
    0x30, 0x10, 0x60, 0x10, 0xc0, 0x10,

    /* U+5F02 "异" */
    0x3f, 0xfc, 0x20, 0x4, 0x20, 0x4, 0x3f, 0xfc,
    0x20, 0x2, 0x20, 0x2, 0x3f, 0xfe, 0x0, 0x0,
    0x8, 0x10, 0x8, 0x10, 0xff, 0xff, 0x18, 0x10,
    0x10, 0x10, 0x60, 0x10, 0xc0, 0x10,

    /* U+5F0F "式" */
    0x0, 0x6c, 0x0, 0x66, 0x0, 0x62, 0xff, 0xff,
    0x0, 0x60, 0x0, 0x60, 0x0, 0x20, 0x7f, 0xa0,
    0x8, 0x20, 0x8, 0x20, 0x8, 0x30, 0x8, 0x10,
    0x8, 0x11, 0xf, 0x99, 0xf8, 0x9, 0x80, 0x7,

    /* U+5F15 "引" */
    0x0, 0x7, 0xfc, 0x10, 0x10, 0x40, 0x41, 0x1,
    0x5, 0xfc, 0x14, 0x0, 0x50, 0x1, 0xc0, 0x7,
    0xfc, 0x10, 0x10, 0x40, 0x41, 0x1, 0x4, 0x4,
    0x10, 0x20, 0x47, 0x81,

    /* U+5F20 "张" */
    0x78, 0x82, 0x8, 0x86, 0x8, 0x8c, 0x8, 0x98,
    0x78, 0xb0, 0x40, 0x80, 0x47, 0xff, 0x40, 0x90,
    0x78, 0x90, 0x8, 0x88, 0x8, 0x88, 0x8, 0x8c,
    0x8, 0x96, 0x8, 0xf3, 0x71, 0x81,

    /* U+5F27 "弧" */
    0x0, 0x6, 0xfb, 0xfc, 0xa, 0x24, 0xa, 0x24,
    0xa, 0x24, 0xfa, 0x24, 0x82, 0x24, 0x82, 0x24,
    0x82, 0x24, 0xfa, 0x26, 0xa, 0x22, 0xa, 0x72,
    0xc, 0x4a, 0xc, 0xca, 0xc, 0xf9, 0xf4, 0x85,

    /* U+5F2F "弯" */
    0x1, 0x0, 0x2, 0x3, 0xff, 0xf8, 0x22, 0x1,
    0x45, 0x84, 0x89, 0x99, 0x11, 0xa2, 0x20, 0x3f,
    0xf8, 0x0, 0x10, 0xff, 0xe1, 0x0, 0x3, 0xff,
    0xc0, 0x0, 0x80, 0x3, 0x0, 0x3c,

    /* U+5F31 "弱" */
    0x7e, 0xfe, 0x4, 0x4, 0x8, 0xb, 0xf3, 0xf4,
    0x4, 0x8, 0x8, 0x10, 0x10, 0x3f, 0x3f, 0x2,
    0x2, 0xe4, 0xe4, 0x28, 0x28, 0xf0, 0xfe, 0x2e,
    0x20, 0xc0, 0xc7, 0xf, 0x0,

    /* U+5F3A "强" */
    0xf9, 0xfc, 0x9, 0x4, 0x9, 0x4, 0x9, 0xfc,
    0xf8, 0x20, 0x80, 0x20, 0x81, 0xfc, 0x81, 0x24,
    0xf9, 0x24, 0x9, 0x24, 0x9, 0xfc, 0x8, 0x20,
    0x8, 0x24, 0x8, 0x26, 0x73, 0xfa,

    /* U+5F52 "归" */
    0x8, 0x0, 0x2f, 0xf8, 0xbf, 0xe2, 0x1, 0x88,
    0x6, 0x20, 0x18, 0x80, 0x62, 0x7f, 0x88, 0x6,
    0x20, 0x10, 0x80, 0x46, 0x1, 0x10, 0x4, 0xc0,
    0x12, 0x3f, 0xf0, 0x1,

    /* U+5F53 "当" */
    0x2, 0xe, 0x10, 0xd0, 0x84, 0x44, 0x62, 0x22,
    0x1, 0x3, 0xff, 0xe0, 0x1, 0x0, 0x8, 0x0,
    0x5f, 0xfe, 0x0, 0x10, 0x0, 0x80, 0x4, 0x0,
    0x3f, 0xff,

    /* U+5F55 "录" */
    0x7f, 0xfc, 0x0, 0xc, 0x0, 0xc, 0x3f, 0xfc,
    0x0, 0xc, 0x0, 0xc, 0xff, 0xff, 0x1, 0x80,
    0x31, 0x8c, 0x19, 0xd8, 0x3, 0xe0, 0xf, 0xb0,
    0x71, 0x8c, 0x41, 0x87, 0x7, 0x0,

    /* U+5F62 "形" */
    0x0, 0x3, 0x7f, 0xe3, 0xc, 0x43, 0x6, 0x23,
    0x3, 0x12, 0x1, 0x88, 0x8, 0xc4, 0xd, 0xff,
    0x8c, 0x31, 0x18, 0x18, 0x98, 0x8, 0x40, 0x64,
    0x20, 0x62, 0x10, 0x63, 0x8, 0x61, 0x4, 0xe1,
    0x2, 0xc0,

    /* U+5F69 "彩" */
    0x1, 0xc1, 0x3f, 0x81, 0x0, 0x3, 0xc, 0x9b,
    0x2, 0x49, 0x0, 0x8c, 0xc, 0x10, 0xc, 0x8,
    0xc, 0x7f, 0xd8, 0x7, 0x8, 0x3, 0x40, 0x22,
    0x90, 0x23, 0x48, 0x33, 0x20, 0x61, 0x10, 0x60,
    0x8, 0x60,

    /* U+5F71 "影" */
    0x7f, 0x82, 0x20, 0x43, 0x1f, 0xe3, 0x8, 0x16,
    0x7, 0xf8, 0x0, 0x40, 0x8, 0x30, 0x9, 0xff,
    0x8c, 0x0, 0x8, 0x3f, 0xd8, 0x10, 0x20, 0x4f,
    0xf0, 0x20, 0xd0, 0x22, 0x6c, 0x63, 0x32, 0x60,
    0x38, 0x40,

    /* U+5F81 "征" */
    0x18, 0x0, 0x9, 0xff, 0xc8, 0x4, 0x8, 0x2,
    0x0, 0x81, 0x0, 0xc0, 0x80, 0x44, 0x40, 0x62,
    0x20, 0x71, 0x1f, 0x28, 0x88, 0x4, 0x44, 0x2,
    0x22, 0x1, 0x11, 0x0, 0x88, 0x80, 0x44, 0x40,
    0x2f, 0xff,

    /* U+5F85 "待" */
    0xc, 0x10, 0xc, 0x8, 0xc, 0x7f, 0xcc, 0x2,
    0x0, 0xc1, 0x0, 0x40, 0x80, 0x4f, 0xfe, 0x60,
    0xc, 0x50, 0x6, 0x9, 0xff, 0xc4, 0x1, 0x82,
    0x10, 0xc1, 0x4, 0x60, 0x83, 0x30, 0x40, 0x18,
    0x20, 0x38,

    /* U+5F88 "很" */
    0x8, 0x0, 0xc, 0xff, 0xc, 0x40, 0x8c, 0x20,
    0x40, 0xdf, 0xe0, 0x48, 0x10, 0x44, 0x8, 0x62,
    0x4, 0x71, 0xfe, 0x68, 0x90, 0x4, 0x4c, 0xc2,
    0x23, 0x81, 0x11, 0x80, 0x88, 0x60, 0x47, 0x9c,
    0x23, 0x2,

    /* U+5F97 "得" */
    0x0, 0x0, 0x4, 0xff, 0x86, 0x60, 0x46, 0x30,
    0x24, 0x1f, 0xf0, 0x2c, 0x8, 0x27, 0xfc, 0x20,
    0x0, 0x30, 0x0, 0x39, 0xff, 0xc4, 0x1, 0x2,
    0x7f, 0xf1, 0x8, 0x40, 0x86, 0x20, 0x41, 0x10,
    0x20, 0x8, 0x10, 0x1c, 0x0,

    /* U+5FAA "循" */
    0x10, 0xc, 0x27, 0xf8, 0x44, 0x10, 0xc4, 0x10,
    0x17, 0xff, 0x24, 0x10, 0x64, 0x10, 0x64, 0xfe,
    0xa4, 0x82, 0xa4, 0x82, 0x24, 0xfe, 0x24, 0x82,
    0x24, 0xfe, 0x24, 0x82, 0x28, 0x82, 0x28, 0xfe,

    /* U+5FAE "微" */
    0x1, 0x8, 0x21, 0x8, 0x69, 0x48, 0xc9, 0x50,
    0x99, 0x5f, 0x2f, 0xd3, 0x60, 0x32, 0x6f, 0xf2,
    0xa0, 0xa, 0x27, 0x8e, 0x24, 0x8c, 0x24, 0x8c,
    0x24, 0xec, 0x2c, 0x9e, 0x28, 0x33, 0x28, 0x61,

    /* U+5FC3 "心" */
    0x6, 0x0, 0x6, 0x0, 0x6, 0x0, 0x6, 0x0,
    0x80, 0x9, 0x1, 0x12, 0x3, 0x24, 0x2, 0x48,
    0x5, 0x90, 0xe, 0x20, 0x4c, 0x40, 0x98, 0x81,
    0x1, 0x2, 0x3, 0xf8, 0x0,

    /* U+5FC5 "必" */
    0x4, 0x0, 0x3, 0x4, 0x1, 0x8c, 0x0, 0xc8,
    0x4, 0x18, 0x24, 0x30, 0x24, 0x2c, 0x24, 0x44,
    0x64, 0xc6, 0x45, 0x82, 0xc7, 0x3, 0x84, 0x1,
    0x1c, 0x8, 0x34, 0x8, 0xc4, 0x8, 0x7, 0xf0,

    /* U+5FC6 "忆" */
    0x10, 0x0, 0x10, 0x0, 0x13, 0xff, 0x18, 0x6,
    0x54, 0xc, 0x54, 0x18, 0x54, 0x10, 0xd0, 0x20,
    0x10, 0x60, 0x10, 0xc0, 0x10, 0x80, 0x11, 0x1,
    0x13, 0x1, 0x12, 0x1, 0x12, 0x1, 0x11, 0xfe,

    /* U+5FD7 "志" */
    0x1, 0x80, 0x1, 0x80, 0x1, 0x80, 0xff, 0xff,
    0x1, 0x80, 0x1, 0x80, 0x1, 0x80, 0x7f, 0xfe,
    0x0, 0x0, 0x3, 0x0, 0x8, 0xc4, 0x68, 0x64,
    0x48, 0x6, 0x48, 0xa, 0xc8, 0xb, 0xf, 0xf0,

    /* U+5FD8 "忘" */
    0x1, 0x0, 0x1, 0x80, 0xff, 0xfe, 0x30, 0x0,
    0x30, 0x0, 0x30, 0x0, 0x30, 0x0, 0x3f, 0xfe,
    0x0, 0x0, 0x1, 0x0, 0x1, 0x80, 0x68, 0xc4,
    0x48, 0x2, 0xc8, 0xa, 0x88, 0xa, 0xf, 0xf0,

    /* U+5FEB "快" */
    0x10, 0x30, 0x8, 0x18, 0x4, 0xc, 0xb, 0xbf,
    0xc5, 0x43, 0x22, 0xb1, 0x91, 0x40, 0xc8, 0xa0,
    0x44, 0x13, 0xff, 0x88, 0x18, 0x4, 0xe, 0x2,
    0xd, 0x1, 0x4, 0xc0, 0x84, 0x30, 0x4c, 0xc,
    0x24, 0x3,

    /* U+5FFD "忽" */
    0xc, 0x0, 0x8, 0x0, 0x1f, 0xfe, 0x33, 0x32,
    0x62, 0x22, 0x44, 0x62, 0xc, 0x42, 0x18, 0x86,
    0x21, 0x4, 0x2, 0x3c, 0x1, 0x0, 0x28, 0x86,
    0x48, 0x42, 0x48, 0xb, 0xc8, 0x9, 0xf, 0xf8,

    /* U+6000 "怀" */
    0x10, 0x0, 0x9, 0xff, 0xc4, 0x4, 0xa, 0x82,
    0x5, 0x43, 0x2, 0xb3, 0xc1, 0x41, 0xd1, 0x21,
    0x64, 0x11, 0xb1, 0xb, 0x98, 0xc4, 0xc, 0x2,
    0x6, 0x1, 0x3, 0x0, 0x81, 0x80, 0x40, 0xc0,
    0x20, 0x60,

    /* U+6001 "态" */
    0x1, 0x80, 0x1, 0x80, 0x1, 0x0, 0xff, 0xff,
    0x3, 0xc0, 0x2, 0x40, 0x6, 0x60, 0xe, 0x30,
    0x39, 0x8c, 0xe0, 0x87, 0x1, 0x0, 0x28, 0x84,
    0x48, 0xc6, 0x48, 0xa, 0xc8, 0xb, 0xf, 0xf0,

    /* U+600E "怎" */
    0x8, 0x0, 0x8, 0x0, 0x1f, 0xff, 0x31, 0x0,
    0x21, 0x0, 0x41, 0xfe, 0x41, 0x0, 0x1, 0xfe,
    0x1, 0x0, 0x1, 0x0, 0x1, 0x0, 0x28, 0x84,
    0x68, 0x62, 0x48, 0xb, 0x48, 0x9, 0xf, 0xf8,

    /* U+6015 "怕" */
    0x10, 0x10, 0x10, 0x30, 0x10, 0x20, 0x59, 0xff,
    0x55, 0x1, 0x55, 0x1, 0x55, 0x1, 0x51, 0x1,
    0x11, 0x1, 0x11, 0xff, 0x11, 0x1, 0x11, 0x1,
    0x11, 0x1, 0x11, 0x1, 0x11, 0xff, 0x11, 0x1,

    /* U+6025 "急" */
    0xc, 0x0, 0xf, 0xf0, 0x10, 0x20, 0x30, 0x60,
    0x7f, 0xfc, 0x40, 0x4, 0x0, 0x4, 0x1f, 0xfc,
    0x0, 0x4, 0x3f, 0xfc, 0x1, 0x0, 0x1, 0x84,
    0x28, 0xc2, 0x68, 0x4b, 0x48, 0x9, 0xf, 0xf8,

    /* U+6027 "性" */
    0x10, 0x10, 0x8, 0x48, 0x4, 0x24, 0x2, 0x92,
    0x5, 0x5f, 0xf2, 0xb8, 0x81, 0x44, 0x40, 0xa4,
    0x20, 0x10, 0x10, 0x8, 0xff, 0x84, 0x4, 0x2,
    0x2, 0x1, 0x1, 0x0, 0x80, 0x80, 0x40, 0x40,
    0x27, 0xff,

    /* U+603B "总" */
    0x0, 0x0, 0x6, 0xc, 0x1, 0x84, 0x0, 0x46,
    0x1, 0xff, 0xc0, 0x80, 0x20, 0x40, 0x10, 0x20,
    0x8, 0x1f, 0xfc, 0x0, 0x80, 0x0, 0x20, 0x5,
    0x88, 0xc2, 0xc2, 0x22, 0x60, 0x49, 0x30, 0x24,
    0xf, 0xf0,

    /* U+6062 "恢" */
    0x10, 0x40, 0x8, 0x20, 0x4, 0x10, 0x3, 0x7f,
    0xf5, 0x4c, 0x2, 0xa4, 0x61, 0x52, 0xb3, 0x21,
    0x5a, 0x11, 0xa9, 0x8, 0x94, 0x84, 0xd2, 0x2,
    0x41, 0x81, 0x61, 0x40, 0x81, 0x90, 0x41, 0x84,
    0x21, 0x1,

    /* U+606F "息" */
    0x0, 0x80, 0x0, 0xc0, 0x7, 0xff, 0x2, 0x0,
    0x81, 0xff, 0xc0, 0x80, 0x20, 0x40, 0x10, 0x3f,
    0xf8, 0x10, 0x4, 0xf, 0xfe, 0x0, 0x60, 0x1,
    0x18, 0xc2, 0x84, 0x22, 0x40, 0x49, 0x20, 0x24,
    0x1f, 0xf0,

    /* U+6076 "恶" */
    0x7f, 0xfe, 0x2, 0x40, 0x22, 0x44, 0x22, 0x44,
    0x12, 0x48, 0x12, 0x58, 0x2, 0x40, 0xff, 0xff,
    0x0, 0x0, 0x1, 0x4, 0x28, 0x84, 0x48, 0xc2,
    0x48, 0xa, 0xc8, 0xb, 0xf, 0xf0,

    /* U+60B2 "悲" */
    0x4, 0x40, 0x4, 0x40, 0xfc, 0x7e, 0x4, 0x40,
    0x4, 0x40, 0x7c, 0x7e, 0x4, 0x40, 0xfc, 0x7e,
    0x4, 0x40, 0x4, 0x40, 0x1, 0x0, 0x29, 0x88,
    0x48, 0xc4, 0x48, 0x16, 0xc8, 0x12, 0xf, 0xf0,

    /* U+60C5 "情" */
    0x20, 0x30, 0x11, 0xff, 0x88, 0xc, 0x15, 0x7f,
    0xea, 0x83, 0x5, 0x41, 0x82, 0x9f, 0xff, 0x40,
    0x0, 0x23, 0xff, 0x11, 0x81, 0x88, 0xff, 0xc4,
    0x60, 0x62, 0x30, 0x31, 0x1f, 0xf8, 0x8c, 0xc,
    0x46, 0x1c,

    /* U+60E9 "惩" */
    0x10, 0x0, 0x27, 0xff, 0xc0, 0x20, 0x92, 0x20,
    0x32, 0x20, 0x62, 0x3e, 0xe2, 0x20, 0xa2, 0x20,
    0x22, 0x20, 0x2f, 0xff, 0x23, 0x0, 0x1, 0x80,
    0x58, 0x84, 0x58, 0x2, 0x98, 0x1b, 0x8f, 0xf0,

    /* U+60EF "惯" */
    0x10, 0x0, 0x8, 0x7f, 0x84, 0x24, 0x4b, 0xff,
    0xf5, 0x59, 0x22, 0xaf, 0xf1, 0x40, 0x1, 0x23,
    0xfe, 0x11, 0x3, 0x8, 0x89, 0x84, 0x44, 0xc2,
    0x22, 0x61, 0x13, 0x30, 0x83, 0x60, 0x47, 0x1c,
    0x26, 0x3,

    /* U+60F3 "想" */
    0x10, 0x0, 0x10, 0xfe, 0x10, 0x82, 0xfe, 0x82,
    0x30, 0xfe, 0x3c, 0x82, 0x56, 0xfe, 0xd2, 0x82,
    0x90, 0x82, 0x10, 0xfe, 0x3, 0x0, 0x41, 0x4,
    0x48, 0x86, 0x48, 0x12, 0x88, 0x13, 0xf, 0xf0,

    /* U+60F9 "惹" */
    0x8, 0x10, 0x7f, 0xff, 0x82, 0x4, 0x0, 0x40,
    0xf, 0xff, 0xf0, 0x60, 0x0, 0x60, 0x0, 0x7f,
    0xf8, 0x68, 0x4, 0x64, 0x2, 0x3, 0xff, 0x0,
    0x20, 0x2, 0x8c, 0x42, 0x40, 0x13, 0x20, 0x65,
    0xf, 0xe2,

    /* U+6108 "愈" */
    0x0, 0x80, 0x1, 0xe0, 0x3, 0x8c, 0x7, 0xfd,
    0xcc, 0x0, 0x19, 0xf9, 0x10, 0x84, 0x88, 0x7e,
    0x44, 0x21, 0x22, 0x1f, 0x91, 0x8, 0xc3, 0x80,
    0x30, 0x2, 0x4c, 0x61, 0x22, 0x99, 0x10, 0x64,
    0x8f, 0xe2,

    /* U+610F "意" */
    0x1, 0x0, 0x2, 0x1, 0xff, 0xf0, 0x41, 0x0,
    0x82, 0x1f, 0xff, 0xc0, 0x0, 0x1f, 0xfc, 0x20,
    0x8, 0x7f, 0xf0, 0x80, 0x21, 0xff, 0xc0, 0x30,
    0x5, 0x31, 0x12, 0x29, 0x64, 0x13, 0x8f, 0xe0,

    /* U+611F "感" */
    0x0, 0x48, 0x0, 0x44, 0x7f, 0xff, 0x40, 0x20,
    0x5f, 0xa4, 0x40, 0x24, 0x5f, 0xa8, 0x50, 0x98,
    0x50, 0x91, 0x9f, 0xe9, 0x80, 0x46, 0x9, 0x4,
    0x48, 0x84, 0x48, 0x4e, 0x88, 0x12, 0xf, 0xf0,

    /* U+613F "愿" */
    0x7f, 0xfe, 0x40, 0x80, 0x4f, 0xfc, 0x48, 0x4,
    0x4f, 0xfc, 0x48, 0x4, 0x4f, 0xfc, 0x44, 0x90,
    0x48, 0x8c, 0x53, 0x82, 0x40, 0x0, 0x54, 0xc4,
    0x94, 0x4a, 0xb4, 0xb, 0x83, 0xf8,

    /* U+6162 "慢" */
    0x23, 0xfe, 0x11, 0x1, 0x8, 0xff, 0x95, 0x40,
    0x4a, 0xbf, 0xe5, 0x40, 0x2, 0x9f, 0xfd, 0x49,
    0x22, 0x27, 0xff, 0x10, 0x0, 0x9, 0xff, 0x84,
    0x60, 0xc2, 0x18, 0x81, 0x3, 0x80, 0x87, 0xf0,
    0x5c, 0xe,

    /* U+6170 "慰" */
    0x7f, 0x4, 0x41, 0x4, 0x41, 0x4, 0x7f, 0x7f,
    0x5f, 0x4, 0x40, 0x64, 0x7f, 0xa4, 0x44, 0x14,
    0xd5, 0x4, 0xa4, 0x84, 0x8c, 0x1c, 0x9, 0x0,
    0x28, 0x84, 0x48, 0x9a, 0xc8, 0x1a, 0xf, 0xf0,

    /* U+61BE "憾" */
    0x20, 0x1a, 0x10, 0x4, 0x89, 0xff, 0xd6, 0x81,
    0xb, 0x5e, 0x95, 0x60, 0x52, 0x97, 0xb9, 0x4a,
    0x4c, 0x25, 0x24, 0x94, 0xf5, 0x4a, 0x14, 0xe4,
    0x2c, 0x42, 0x53, 0x21, 0x48, 0x28, 0xa4, 0x14,
    0x43, 0xf8,

    /* U+61C2 "懂" */
    0x10, 0x44, 0x9, 0xff, 0xc4, 0x11, 0x2, 0x80,
    0x5, 0x5f, 0xf2, 0xa0, 0x81, 0x47, 0xff, 0x23,
    0xfe, 0x11, 0x11, 0x8, 0xff, 0x84, 0x44, 0x42,
    0x3f, 0xe1, 0x1, 0x0, 0x8f, 0xf8, 0x40, 0x40,
    0x27, 0xff,

    /* U+620F "戏" */
    0x0, 0x24, 0x0, 0x13, 0x1f, 0xc8, 0xc0, 0x44,
    0x4, 0x22, 0xf9, 0x17, 0xc0, 0xd8, 0x80, 0x28,
    0x64, 0xc, 0x12, 0x6, 0xa, 0x7, 0x87, 0x2,
    0x43, 0x3, 0x31, 0x8b, 0x3, 0x44, 0x3, 0x1c,
    0x0, 0x6,

    /* U+6210 "成" */
    0x0, 0x2c, 0x0, 0x13, 0x0, 0x8, 0x47, 0xff,
    0xf2, 0x2, 0x1, 0x1, 0x0, 0x80, 0x8c, 0x7e,
    0x44, 0x21, 0x12, 0x10, 0x8a, 0x8, 0x47, 0x4,
    0x23, 0x2, 0x11, 0x8a, 0x71, 0xc5, 0x3, 0x33,
    0x83, 0xe,

    /* U+6211 "我" */
    0x7, 0x48, 0xfc, 0x4c, 0x8, 0x46, 0x8, 0x42,
    0x8, 0x60, 0xff, 0xff, 0x8, 0x20, 0x8, 0x22,
    0x8, 0x24, 0x1f, 0x2c, 0xf8, 0x38, 0x8, 0x30,
    0x8, 0x71, 0x8, 0xd9, 0xb, 0x89, 0x78, 0x7,

    /* U+6216 "或" */
    0x0, 0x48, 0x0, 0x46, 0x0, 0x42, 0xff, 0xff,
    0x0, 0x60, 0x0, 0x60, 0x7e, 0x62, 0x42, 0x26,
    0x42, 0x24, 0x42, 0x2c, 0x7e, 0x38, 0x0, 0x30,
    0x3, 0x31, 0x7e, 0x59, 0xc1, 0x89, 0x3, 0x7,

    /* U+6218 "战" */
    0x10, 0x20, 0x10, 0x2c, 0x10, 0x24, 0x10, 0x22,
    0x1f, 0x20, 0x10, 0x3e, 0x10, 0xe0, 0x10, 0x22,
    0xfe, 0x36, 0x82, 0x14, 0x82, 0x1c, 0x82, 0x18,
    0x82, 0x10, 0x82, 0x39, 0xfe, 0xca, 0x82, 0x86,

    /* U+6234 "戴" */
    0x4, 0x20, 0x7f, 0xac, 0x4, 0x22, 0x4, 0x20,
    0xff, 0xff, 0x0, 0x30, 0x7f, 0x92, 0x7f, 0x92,
    0x44, 0x96, 0x7f, 0x94, 0x12, 0x14, 0x7f, 0x98,
    0xff, 0xd9, 0x12, 0x19, 0x23, 0x25, 0xc1, 0x47,

    /* U+6237 "户" */
    0x1, 0x0, 0x6, 0x0, 0x8, 0xf, 0xff, 0x20,
    0x4, 0x80, 0x12, 0x0, 0x48, 0x1, 0x3f, 0xfc,
    0x80, 0x12, 0x0, 0x8, 0x0, 0x40, 0x1, 0x0,
    0x4, 0x0, 0x20, 0x0, 0x80, 0x0,

    /* U+6240 "所" */
    0x0, 0x2, 0x3e, 0x3e, 0x60, 0x60, 0x40, 0x40,
    0x7e, 0x40, 0x7e, 0x40, 0x42, 0x7f, 0x42, 0x44,
    0x42, 0x44, 0x7e, 0x44, 0x40, 0x44, 0x40, 0x44,
    0x40, 0x84, 0x40, 0x84, 0x81, 0x84, 0x81, 0x4,

    /* U+6241 "扁" */
    0x1, 0x80, 0x1, 0x0, 0xff, 0xf9, 0x0, 0x12,
    0x0, 0x27, 0xff, 0xc8, 0x0, 0x10, 0x0, 0x3f,
    0xfe, 0x72, 0x24, 0xe4, 0x49, 0xff, 0xf5, 0x91,
    0x2b, 0x22, 0x76, 0x44, 0xcc, 0x8b,

    /* U+624B "手" */
    0x0, 0x7c, 0x7f, 0x80, 0x1, 0x80, 0x1, 0x80,
    0x1, 0x80, 0x7f, 0xfe, 0x1, 0x80, 0x1, 0x80,
    0x1, 0x80, 0xff, 0xff, 0x1, 0x80, 0x1, 0x80,
    0x1, 0x80, 0x1, 0x80, 0x1, 0x80, 0xf, 0x0,

    /* U+624D "才" */
    0x0, 0x10, 0x0, 0x8, 0x0, 0x4, 0x0, 0x2,
    0x7, 0xff, 0xf8, 0x3, 0x80, 0x3, 0x40, 0x3,
    0x20, 0x1, 0x10, 0x1, 0x8, 0x3, 0x4, 0x3,
    0x2, 0x3, 0x1, 0x3, 0x0, 0x80, 0x0, 0x40,
    0x3, 0xc0,

    /* U+6251 "扑" */
    0x10, 0x20, 0x10, 0x20, 0x10, 0x20, 0x10, 0x20,
    0xfe, 0x20, 0x10, 0x20, 0x10, 0x38, 0x10, 0x2c,
    0x1e, 0x22, 0xf0, 0x21, 0x90, 0x20, 0x10, 0x20,
    0x10, 0x20, 0x10, 0x20, 0x10, 0x20, 0x70, 0x20,

    /* U+6253 "打" */
    0x10, 0x0, 0x10, 0x0, 0x11, 0xff, 0x10, 0x8,
    0xfe, 0x8, 0x10, 0x8, 0x10, 0x8, 0x10, 0x8,
    0x1e, 0x8, 0xf8, 0x8, 0x90, 0x8, 0x10, 0x8,
    0x10, 0x8, 0x10, 0x8, 0x10, 0x8, 0x70, 0x78,

    /* U+6263 "扣" */
    0x10, 0x0, 0x23, 0xfc, 0x44, 0xf, 0xe8, 0x11,
    0x10, 0x22, 0x20, 0x44, 0x40, 0x88, 0x81, 0x1d,
    0x3, 0xe2, 0x6, 0x44, 0x8, 0x88, 0x11, 0x10,
    0x22, 0x3f, 0xc4, 0x40, 0xb8, 0x81,

    /* U+6267 "执" */
    0x20, 0x40, 0x20, 0x40, 0x20, 0x40, 0x20, 0x40,
    0xfb, 0xfc, 0x20, 0x44, 0x20, 0x44, 0x20, 0x44,
    0x3d, 0xc4, 0xf0, 0xc4, 0xa0, 0xb4, 0x20, 0x94,
    0x21, 0x4, 0x23, 0x5, 0x26, 0x5, 0xe8, 0x3,

    /* U+6269 "扩" */
    0x20, 0x0, 0x40, 0x40, 0x80, 0x81, 0x1f, 0xff,
    0xa0, 0x4, 0x40, 0x8, 0x80, 0x11, 0x0, 0x3a,
    0x1, 0xe4, 0x2, 0x88, 0x1, 0x10, 0x2, 0x40,
    0x4, 0x80, 0x9, 0x0, 0x74, 0x0,

    /* U+626B "扫" */
    0x10, 0x0, 0x20, 0x0, 0x4f, 0xf8, 0x80, 0x1f,
    0xc0, 0x22, 0x0, 0x44, 0x0, 0x88, 0xff, 0x7c,
    0x3, 0xe0, 0x4, 0x40, 0x8, 0x80, 0x11, 0x0,
    0x22, 0x0, 0x44, 0xff, 0xb0, 0x1,

    /* U+6270 "扰" */
    0x10, 0x48, 0x8, 0x23, 0x4, 0x10, 0xdf, 0x88,
    0x1, 0x3f, 0xf8, 0x82, 0x0, 0x41, 0x0, 0x20,
    0xe0, 0x1c, 0xb0, 0x7c, 0x58, 0x24, 0x2c, 0x2,
    0x16, 0x1, 0x13, 0x8, 0x89, 0x84, 0x48, 0xc2,
    0xe8, 0x3f,

    /* U+627E "找" */
    0x10, 0x40, 0x8, 0x24, 0x4, 0x11, 0x2, 0x8,
    0x8f, 0xc4, 0x10, 0x9f, 0xf0, 0x41, 0x0, 0x20,
    0xc4, 0x1c, 0x24, 0x78, 0x16, 0x24, 0xa, 0x2,
    0x6, 0x1, 0x7, 0x10, 0x86, 0xc8, 0x4e, 0x34,
    0xe0, 0xe,

    /* U+628A "把" */
    0x20, 0x0, 0x23, 0xfe, 0x22, 0x22, 0x22, 0x22,
    0xfa, 0x22, 0x22, 0x22, 0x22, 0x22, 0x22, 0x22,
    0x3b, 0xfe, 0xf2, 0x2, 0xa2, 0x0, 0x22, 0x0,
    0x22, 0x1, 0x22, 0x1, 0x22, 0x1, 0x61, 0xfe,

    /* U+62AB "披" */
    0x20, 0x20, 0x20, 0x20, 0x20, 0x20, 0x23, 0xff,
    0xfa, 0x22, 0x22, 0x22, 0x22, 0x20, 0x23, 0xfe,
    0x3b, 0x84, 0xe2, 0x84, 0x22, 0xc8, 0x26, 0x58,
    0x24, 0x30, 0x24, 0x70, 0x2c, 0xcc, 0xeb, 0x3,

    /* U+62B1 "抱" */
    0x21, 0x0, 0x21, 0x0, 0x21, 0xfe, 0xfa, 0x2,
    0x26, 0x2, 0x27, 0xf2, 0x22, 0x12, 0x22, 0x12,
    0x3a, 0x12, 0xf3, 0xf2, 0xa2, 0x2, 0x22, 0x1c,
    0x22, 0x0, 0x22, 0x1, 0x22, 0x3, 0xe3, 0xfe,

    /* U+62BD "抽" */
    0x10, 0x10, 0x10, 0x10, 0x10, 0x10, 0x10, 0x10,
    0xfd, 0xff, 0x11, 0x11, 0x11, 0x11, 0x11, 0x11,
    0x1d, 0x11, 0xf1, 0xff, 0x91, 0x11, 0x11, 0x11,
    0x11, 0x11, 0x11, 0x11, 0x11, 0xff, 0x71, 0x1,

    /* U+62C5 "担" */
    0x10, 0x0, 0x11, 0xfe, 0x11, 0x2, 0x11, 0x2,
    0xfd, 0x2, 0x11, 0x2, 0x11, 0xfe, 0x11, 0x2,
    0x1d, 0x2, 0xf1, 0x2, 0x91, 0x2, 0x11, 0xfe,
    0x10, 0x0, 0x10, 0x0, 0x10, 0x0, 0x77, 0xff,

    /* U+62C6 "拆" */
    0x30, 0xe, 0x30, 0xfc, 0x31, 0xc0, 0x31, 0x80,
    0xfd, 0x80, 0x31, 0x80, 0x31, 0xff, 0x31, 0x88,
    0x3d, 0x88, 0xf9, 0x68, 0xb1, 0x18, 0x31, 0xe,
    0x31, 0xb, 0x33, 0x8, 0x32, 0x8, 0x62, 0x8,

    /* U+62C9 "拉" */
    0x20, 0x20, 0x10, 0x10, 0x8, 0x8, 0x4, 0x0,
    0xf, 0xbf, 0xf1, 0x0, 0x0, 0x86, 0x18, 0x41,
    0x8, 0x28, 0x84, 0x3c, 0x42, 0x38, 0x21, 0x4,
    0x19, 0x82, 0xc, 0x81, 0x2, 0x40, 0x80, 0x21,
    0xcf, 0xff,

    /* U+62D6 "拖" */
    0x20, 0x80, 0x21, 0x0, 0x21, 0xff, 0xfb, 0x0,
    0xfa, 0x10, 0x25, 0x10, 0x21, 0x16, 0x21, 0x3a,
    0x39, 0xd2, 0xe7, 0x12, 0x21, 0x12, 0x21, 0x16,
    0x21, 0x10, 0x21, 0x1, 0x21, 0x1, 0xe1, 0xff,

    /* U+62DF "拟" */
    0x20, 0x2, 0x10, 0x81, 0x8, 0x50, 0x84, 0x2c,
    0x4f, 0x92, 0x21, 0x9, 0x90, 0x84, 0x48, 0x42,
    0x8, 0x39, 0x4, 0x78, 0x83, 0x28, 0x49, 0x84,
    0x2d, 0xc2, 0x18, 0x91, 0x18, 0xc8, 0x80, 0xc7,
    0xc0, 0x40,

    /* U+62E9 "择" */
    0x10, 0x0, 0x8, 0xff, 0x84, 0x20, 0x82, 0x8,
    0x8f, 0xc2, 0x80, 0x81, 0xc0, 0x47, 0x1c, 0x2c,
    0x21, 0x3c, 0x10, 0x78, 0xff, 0x4, 0x4, 0x2,
    0x2, 0x1, 0x3f, 0xf8, 0x80, 0x80, 0x40, 0x40,
    0xc0, 0x20,

    /* U+62F7 "拷" */
    0x20, 0x40, 0x20, 0x42, 0x23, 0xfe, 0xf8, 0x4c,
    0x20, 0x48, 0x27, 0xff, 0x20, 0x60, 0x20, 0xc0,
    0x39, 0xfe, 0xe3, 0x80, 0x2c, 0x80, 0x21, 0xfe,
    0x20, 0x6, 0x20, 0x4, 0x20, 0x4, 0xe0, 0x7c,

    /* U+62FF "拿" */
    0x0, 0x0, 0x0, 0x60, 0x0, 0xcc, 0x1, 0xc3,
    0x87, 0x7f, 0xba, 0x0, 0x4, 0x7f, 0xf8, 0x30,
    0xc, 0x1f, 0xfe, 0x0, 0x0, 0xf, 0xff, 0x80,
    0x18, 0x3, 0xff, 0xf0, 0x6, 0x1, 0xff, 0xfe,
    0x1, 0x80, 0x3, 0x80, 0x0,

    /* U+6301 "持" */
    0x20, 0x20, 0x20, 0x20, 0x20, 0x20, 0x23, 0xfe,
    0xf8, 0x20, 0x20, 0x20, 0x27, 0xff, 0x20, 0x8,
    0x38, 0x8, 0xe7, 0xff, 0x20, 0x8, 0x21, 0x8,
    0x20, 0x88, 0x20, 0xc8, 0x20, 0x8, 0xe0, 0x38,

    /* U+6307 "指" */
    0x11, 0x80, 0x8, 0xc1, 0x4, 0x67, 0x82, 0x3c,
    0xf, 0xd8, 0x8, 0x8c, 0xc, 0x43, 0xfc, 0x20,
    0x0, 0x1c, 0x0, 0x3c, 0xff, 0xb4, 0x60, 0x42,
    0x30, 0x21, 0x1f, 0xf0, 0x8c, 0x8, 0x46, 0x4,
    0xe3, 0xfe,

    /* U+6309 "按" */
    0x0, 0x0, 0x10, 0x30, 0x10, 0x10, 0x13, 0xff,
    0x13, 0xff, 0xff, 0x1, 0x13, 0x21, 0x10, 0x40,
    0x13, 0xff, 0x14, 0xc4, 0x78, 0x84, 0xd1, 0x8c,
    0x10, 0xc8, 0x10, 0x38, 0x10, 0x3c, 0x10, 0xc6,
    0x73, 0x1,

    /* U+6311 "挑" */
    0x20, 0x90, 0x20, 0x90, 0x20, 0x92, 0x26, 0x92,
    0xfa, 0x96, 0x23, 0x94, 0x20, 0x90, 0x20, 0x90,
    0x38, 0x98, 0xe1, 0x94, 0xa6, 0x92, 0x24, 0x91,
    0x21, 0x10, 0x23, 0x11, 0x26, 0x11, 0xe4, 0x1f,

    /* U+633A "挺" */
    0x20, 0x0, 0x27, 0x8f, 0x20, 0xbc, 0x21, 0xc,
    0xf9, 0xc, 0x22, 0xc, 0x27, 0xff, 0x20, 0xcc,
    0x38, 0x8c, 0xf4, 0x8c, 0xa2, 0x8c, 0x22, 0x8c,
    0x23, 0x3f, 0x21, 0x0, 0x22, 0xc0, 0xec, 0x3f,

    /* U+635F "损" */
    0x30, 0x0, 0x18, 0x7f, 0xc, 0x20, 0x86, 0x10,
    0x4f, 0xcf, 0xe1, 0x80, 0x0, 0xc7, 0xfc, 0x62,
    0x2, 0x3d, 0x11, 0x78, 0x88, 0x8c, 0x44, 0x46,
    0x22, 0x23, 0x12, 0x11, 0x83, 0x60, 0xc6, 0xd,
    0xc4, 0x3,

    /* U+6362 "换" */
    0x20, 0xc0, 0x10, 0xc0, 0x8, 0x7f, 0x84, 0x61,
    0xf, 0xff, 0xe1, 0x11, 0x10, 0x88, 0x88, 0x44,
    0x44, 0x3a, 0x22, 0x79, 0x11, 0x29, 0xff, 0xc4,
    0xc, 0x2, 0xd, 0x1, 0xc, 0x40, 0x8c, 0x18,
    0xd8, 0x2,

    /* U+636E "据" */
    0x10, 0x0, 0x11, 0xff, 0x11, 0x1, 0xfd, 0x1,
    0x11, 0xff, 0x11, 0x8, 0x11, 0x8, 0x11, 0xff,
    0x1d, 0x8, 0xf1, 0x8, 0x92, 0x8, 0x12, 0xff,
    0x12, 0x81, 0x12, 0x81, 0x14, 0x81, 0x64, 0xff,

    /* U+6389 "掉" */
    0x20, 0x20, 0x20, 0x20, 0x20, 0x3f, 0x20, 0x20,
    0xfb, 0xfe, 0x22, 0x2, 0x22, 0x2, 0x23, 0xfe,
    0x3a, 0x2, 0x72, 0x2, 0xe3, 0xfe, 0x20, 0x20,
    0x27, 0xff, 0x20, 0x20, 0x20, 0x20, 0xe0, 0x20,

    /* U+6392 "排" */
    0x20, 0x48, 0x20, 0x48, 0x20, 0x48, 0x23, 0xcf,
    0xf8, 0x48, 0x20, 0x48, 0x20, 0x48, 0x23, 0xcf,
    0x28, 0x48, 0x78, 0x48, 0xe0, 0x48, 0x23, 0xcf,
    0x20, 0x48, 0x20, 0x48, 0x20, 0x48, 0xe0, 0x48,

    /* U+63A5 "接" */
    0x20, 0x20, 0x20, 0x20, 0x23, 0xff, 0x20, 0x0,
    0xf8, 0x8c, 0x20, 0xc8, 0x27, 0xff, 0x20, 0x40,
    0x38, 0x40, 0xe7, 0xff, 0x20, 0x84, 0x21, 0xc,
    0x21, 0xd8, 0x20, 0x38, 0x20, 0xee, 0xe7, 0x3,

    /* U+63A7 "控" */
    0x20, 0x20, 0x20, 0x20, 0x27, 0xff, 0x27, 0xff,
    0xfc, 0x1, 0x20, 0xc8, 0x21, 0x84, 0x22, 0x3,
    0x28, 0x0, 0x73, 0xfe, 0xa0, 0x20, 0x20, 0x20,
    0x20, 0x20, 0x20, 0x20, 0x20, 0x20, 0xe7, 0xff,

    /* U+63A8 "推" */
    0x10, 0x58, 0x10, 0xc8, 0x10, 0x88, 0x11, 0x88,
    0xfd, 0xff, 0x13, 0x88, 0x17, 0x88, 0x15, 0xfe,
    0x1d, 0x88, 0xf1, 0x88, 0x11, 0xfe, 0x11, 0x88,
    0x11, 0x88, 0x11, 0x88, 0x11, 0xff, 0x71, 0x80,

    /* U+63CF "描" */
    0x20, 0x84, 0x20, 0x84, 0x20, 0x84, 0x27, 0xff,
    0xf8, 0x84, 0x20, 0x84, 0x20, 0x0, 0x23, 0xff,
    0x3a, 0x21, 0x72, 0x21, 0xe2, 0x21, 0x23, 0xff,
    0x22, 0x21, 0x22, 0x21, 0x23, 0xff, 0xe2, 0x1,

    /* U+63D0 "提" */
    0x23, 0xfe, 0x11, 0x1, 0x8, 0x80, 0x84, 0x7f,
    0xcf, 0xa0, 0x21, 0x1f, 0xf0, 0x80, 0x0, 0x40,
    0x0, 0x2f, 0xff, 0x38, 0x10, 0x28, 0x88, 0x4,
    0x47, 0xc2, 0x22, 0x1, 0x19, 0x0, 0x93, 0x81,
    0xd0, 0xfe,

    /* U+63D2 "插" */
    0x20, 0x1c, 0x23, 0xf0, 0x20, 0x20, 0xf8, 0x20,
    0x23, 0xff, 0x20, 0x20, 0x20, 0xa0, 0x23, 0xae,
    0x3a, 0x22, 0xf2, 0x22, 0xa2, 0x22, 0x23, 0xae,
    0x22, 0x22, 0x22, 0x22, 0x23, 0xfe, 0x62, 0x2,

    /* U+6478 "摸" */
    0x20, 0x88, 0x20, 0x88, 0x27, 0xff, 0x20, 0x88,
    0xf8, 0x0, 0x23, 0xfe, 0x23, 0xfe, 0x22, 0x6,
    0x3a, 0x6, 0x73, 0xfe, 0xa0, 0x20, 0x27, 0xff,
    0x20, 0x50, 0x20, 0xd8, 0x23, 0x8c, 0xe6, 0x3,

    /* U+6492 "撒" */
    0x22, 0x48, 0x11, 0x24, 0x9, 0xfa, 0x1f, 0x49,
    0xf2, 0x25, 0x91, 0x3f, 0xc8, 0x80, 0x64, 0x47,
    0xd4, 0x3a, 0x2a, 0x79, 0x15, 0x28, 0xf9, 0x84,
    0x44, 0x82, 0x3e, 0x61, 0x11, 0x70, 0x88, 0xe5,
    0xc5, 0xa3,

    /* U+64AD "播" */
    0x20, 0x1e, 0x27, 0xf0, 0x22, 0x26, 0x21, 0x24,
    0xf9, 0xac, 0x27, 0xff, 0x20, 0xf8, 0x29, 0xac,
    0x76, 0x23, 0xe3, 0xfe, 0x22, 0x22, 0x22, 0x22,
    0x23, 0xfe, 0x22, 0x22, 0x22, 0x22, 0xe3, 0xfe,

    /* U+64AE "撮" */
    0x21, 0xfe, 0x10, 0x81, 0x8, 0x40, 0x84, 0x3f,
    0xcf, 0x90, 0x21, 0xf, 0xf0, 0x80, 0x0, 0x4f,
    0xfe, 0x3a, 0x40, 0x79, 0xff, 0xa8, 0x94, 0x44,
    0x79, 0x42, 0x24, 0xa1, 0x1f, 0x20, 0x99, 0x29,
    0xc0, 0xe2,

    /* U+64CD "操" */
    0x20, 0x0, 0x10, 0x7e, 0x8, 0x21, 0x4, 0x10,
    0x8f, 0x87, 0x81, 0x1e, 0xf8, 0x89, 0x44, 0x54,
    0xa2, 0x3b, 0xdf, 0x70, 0x10, 0x28, 0x8, 0x4,
    0xff, 0xe2, 0x7, 0x1, 0xd, 0x60, 0x9c, 0x8c,
    0xc8, 0x40,

    /* U+64E6 "擦" */
    0x0, 0x0, 0x20, 0x20, 0x20, 0x20, 0x23, 0xff,
    0x22, 0x1, 0xf9, 0xff, 0x22, 0x52, 0x24, 0xcc,
    0x22, 0x8c, 0x39, 0xfe, 0xe2, 0x3, 0xa4, 0x1,
    0x23, 0xfe, 0x21, 0x24, 0x21, 0x26, 0x22, 0x23,
    0x60, 0xe0,

    /* U+6536 "收" */
    0x4, 0x40, 0x4, 0x40, 0x44, 0x40, 0x44, 0xc0,
    0x44, 0xff, 0x44, 0x86, 0x45, 0xc4, 0x45, 0x44,
    0x45, 0x44, 0x44, 0x28, 0x4c, 0x28, 0x7c, 0x10,
    0x44, 0x38, 0x4, 0x6c, 0x4, 0xc6, 0x5, 0x1,

    /* U+6539 "改" */
    0x0, 0x40, 0xfc, 0x40, 0x4, 0xc0, 0x4, 0xfe,
    0x4, 0x84, 0x5, 0x84, 0xff, 0xcc, 0x82, 0x48,
    0x80, 0x48, 0x80, 0x78, 0x80, 0x30, 0x84, 0x30,
    0xbc, 0x78, 0xe0, 0xcc, 0x83, 0x86, 0x2, 0x2,

    /* U+653B "攻" */
    0x0, 0x40, 0x0, 0x40, 0xfe, 0x80, 0x10, 0xff,
    0x11, 0x86, 0x11, 0x84, 0x13, 0xc4, 0x12, 0x44,
    0x10, 0x48, 0x10, 0x68, 0x1e, 0x30, 0xf0, 0x30,
    0x80, 0x78, 0x0, 0xcc, 0x3, 0x86, 0x6, 0x1,

    /* U+653E "放" */
    0x10, 0x20, 0x8, 0x20, 0x0, 0x20, 0xff, 0x7f,
    0x20, 0x42, 0x20, 0x42, 0x20, 0xe6, 0x3e, 0xa4,
    0x23, 0xa4, 0x22, 0x3c, 0x22, 0x18, 0x22, 0x18,
    0x62, 0x18, 0x42, 0x2c, 0xc2, 0xc6, 0x9d, 0x83,

    /* U+6545 "故" */
    0x18, 0x20, 0x18, 0x20, 0x18, 0x40, 0xff, 0x7f,
    0x18, 0x42, 0x18, 0xc6, 0x18, 0xc4, 0x19, 0x24,
    0x7e, 0x24, 0x42, 0x2c, 0x42, 0x18, 0x42, 0x18,
    0x42, 0x38, 0x7e, 0x6c, 0x40, 0xc6, 0x41, 0x83,

    /* U+6548 "效" */
    0x10, 0x20, 0x18, 0x20, 0xff, 0x20, 0x0, 0x3f,
    0x24, 0x42, 0x42, 0x46, 0x43, 0xc4, 0x84, 0xa4,
    0x24, 0xa4, 0x18, 0x28, 0x8, 0x18, 0x1c, 0x18,
    0x36, 0x38, 0x62, 0x6c, 0xc0, 0xc6, 0x81, 0x83,

    /* U+6559 "教" */
    0x10, 0x10, 0x10, 0xb0, 0x7f, 0xa0, 0x11, 0x3f,
    0x12, 0x3f, 0xff, 0xe2, 0xc, 0x62, 0x3f, 0xf6,
    0x72, 0x14, 0xcc, 0x14, 0x8, 0x1c, 0xff, 0x88,
    0x8, 0x1c, 0x8, 0x36, 0x8, 0xe3, 0x38, 0x81,

    /* U+655B "敛" */
    0x8, 0x10, 0x1c, 0x30, 0x16, 0x20, 0x23, 0x3f,
    0x41, 0x62, 0xbe, 0x66, 0x0, 0xe4, 0x8, 0x34,
    0x49, 0x14, 0x4b, 0x1c, 0x2a, 0x18, 0x2a, 0x18,
    0x5, 0x1c, 0x1e, 0x24, 0xf0, 0x42, 0x0, 0x81,

    /* U+6563 "散" */
    0x22, 0x10, 0x22, 0x30, 0xff, 0xa0, 0x22, 0x3f,
    0x22, 0x22, 0xff, 0xe2, 0x0, 0x62, 0x0, 0x56,
    0x7f, 0x94, 0x61, 0x14, 0x7f, 0x1c, 0x61, 0x8,
    0x7f, 0x1c, 0x61, 0x34, 0x61, 0x63, 0x67, 0xc1,

    /* U+6570 "数" */
    0x9, 0x10, 0x24, 0x88, 0xa, 0x8c, 0x1f, 0xf4,
    0xf, 0xfb, 0xf0, 0xf1, 0x11, 0xa5, 0x89, 0x90,
    0xac, 0x18, 0x14, 0x7f, 0x8a, 0x8, 0x43, 0x4,
    0x41, 0x1, 0xc1, 0x40, 0x71, 0xb0, 0xc9, 0x8d,
    0x81, 0x2,

    /* U+6574 "整" */
    0x8, 0x30, 0xff, 0x20, 0x8, 0x3f, 0x7f, 0x62,
    0x49, 0xe4, 0x7f, 0x1c, 0x1c, 0x18, 0x2a, 0x3c,
    0xc8, 0xe7, 0x0, 0x1, 0x7f, 0xfe, 0x1, 0x80,
    0x11, 0xfc, 0x11, 0x80, 0x11, 0x80, 0xff, 0xff,

    /* U+6587 "文" */
    0x1, 0x0, 0x1, 0x80, 0x0, 0x80, 0xff, 0xff,
    0x10, 0x8, 0x18, 0x18, 0x8, 0x10, 0xc, 0x30,
    0x4, 0x60, 0x2, 0x40, 0x1, 0x80, 0x1, 0x80,
    0x6, 0x60, 0x1c, 0x38, 0x70, 0xe, 0xc0, 0x3,

    /* U+6591 "斑" */
    0x3, 0x0, 0xf9, 0x3f, 0x21, 0x8, 0x27, 0xc8,
    0x20, 0x88, 0x24, 0x88, 0x24, 0x88, 0xfa, 0x88,
    0x23, 0xbe, 0x21, 0x8, 0x21, 0x8, 0x21, 0x8,
    0x2a, 0x88, 0x7a, 0x88, 0x84, 0x8, 0xc, 0x7f,
    0x0, 0x0,

    /* U+6597 "斗" */
    0x0, 0x20, 0x30, 0x40, 0x38, 0x80, 0x19, 0x0,
    0x2, 0xc, 0x4, 0xe, 0x8, 0x6, 0x10, 0x0,
    0x20, 0x0, 0x4c, 0xf, 0xf7, 0xf1, 0x0, 0x2,
    0x0, 0x4, 0x0, 0x8, 0x0, 0x10,

    /* U+659C "斜" */
    0x6, 0x2, 0x6, 0x11, 0x2, 0xcc, 0x82, 0x31,
    0x46, 0x8, 0xa3, 0xf8, 0x10, 0x11, 0x88, 0x8,
    0x24, 0x7f, 0x8a, 0x2, 0x1, 0xd, 0x43, 0xe4,
    0xaf, 0x42, 0x48, 0x22, 0x24, 0x10, 0x10, 0x8,
    0x38, 0x4,

    /* U+65AD "断" */
    0x8, 0x0, 0x88, 0xe, 0xa9, 0x78, 0xaa, 0x40,
    0xaa, 0x40, 0x88, 0x40, 0xff, 0x40, 0x88, 0x7f,
    0x9c, 0x44, 0x9a, 0x44, 0xab, 0x44, 0xe8, 0x44,
    0x88, 0x44, 0x80, 0xc4, 0xfe, 0x84, 0x0, 0x84,
    0x1, 0x84,

    /* U+65B0 "新" */
    0x10, 0x2, 0x8, 0x3e, 0xff, 0x60, 0x62, 0x40,
    0x26, 0x40, 0x24, 0x40, 0xff, 0x7f, 0x8, 0x44,
    0x8, 0x44, 0xff, 0x44, 0x8, 0x44, 0x4a, 0x44,
    0x4a, 0xc4, 0x89, 0x84, 0x8, 0x84, 0x39, 0x84,

    /* U+65B9 "方" */
    0x1, 0x0, 0x0, 0x80, 0x0, 0x80, 0xff, 0xff,
    0x4, 0x0, 0x4, 0x0, 0x4, 0x0, 0x7, 0xfc,
    0x4, 0x4, 0xc, 0x4, 0x8, 0xc, 0x8, 0xc,
    0x10, 0x8, 0x30, 0x8, 0x60, 0x8, 0xc0, 0xf0,

    /* U+65E0 "无" */
    0x7f, 0xfe, 0x1, 0x0, 0x1, 0x0, 0x1, 0x0,
    0x1, 0x0, 0x1, 0x0, 0xff, 0xff, 0x3, 0x80,
    0x2, 0x80, 0x2, 0x80, 0x4, 0x80, 0xc, 0x81,
    0x18, 0x81, 0x30, 0x81, 0xe0, 0x7f,

    /* U+65E5 "日" */
    0xff, 0xf0, 0x6, 0x0, 0xc0, 0x18, 0x3, 0x0,
    0x60, 0xf, 0xff, 0x80, 0x30, 0x6, 0x0, 0xc0,
    0x18, 0x3, 0xff, 0xe0, 0x8,

    /* U+65E7 "旧" */
    0x80, 0x2, 0x3f, 0xf8, 0x80, 0x62, 0x1, 0x88,
    0x6, 0x20, 0x18, 0x80, 0x63, 0xff, 0x88, 0x6,
    0x20, 0x18, 0x80, 0x62, 0x1, 0x88, 0x6, 0x20,
    0x18, 0xff, 0xe2, 0x1,

    /* U+65F6 "时" */
    0x0, 0x9, 0xf0, 0x12, 0x20, 0x24, 0x40, 0x48,
    0xbf, 0xf1, 0x1, 0x22, 0x2, 0x7c, 0x84, 0x88,
    0x89, 0x11, 0x92, 0x21, 0x24, 0x40, 0x4f, 0x80,
    0x90, 0x1, 0x0, 0x2, 0x0, 0x7c,

    /* U+660E "明" */
    0xfc, 0xff, 0x9, 0x6, 0x12, 0xc, 0x24, 0x18,
    0x4f, 0xff, 0x90, 0x61, 0x20, 0xc2, 0x41, 0x84,
    0x83, 0x9, 0xff, 0xf6, 0xc, 0x8, 0x10, 0x30,
    0x20, 0x40, 0x41, 0x7, 0x80,

    /* U+661F "星" */
    0x3f, 0xfc, 0x20, 0x4, 0x3f, 0xfc, 0x20, 0x4,
    0x20, 0x4, 0x3f, 0xfc, 0x10, 0x0, 0x31, 0x80,
    0x3f, 0xfe, 0x41, 0x80, 0xc1, 0x80, 0x3f, 0xfc,
    0x1, 0x80, 0x1, 0x80, 0xff, 0xff,

    /* U+6620 "映" */
    0x0, 0x20, 0xf8, 0x20, 0xf8, 0x20, 0x89, 0xfe,
    0x89, 0x22, 0x89, 0x22, 0x89, 0x22, 0xf9, 0x22,
    0x89, 0x22, 0x8b, 0xff, 0x88, 0x30, 0x88, 0x50,
    0xf8, 0x58, 0x80, 0x88, 0x1, 0x84, 0x6, 0x3,

    /* U+6628 "昨" */
    0x0, 0x80, 0xf8, 0x80, 0xf9, 0x0, 0x89, 0xff,
    0x8b, 0x40, 0x8a, 0x40, 0x8e, 0x40, 0xf8, 0x7e,
    0x88, 0x40, 0x88, 0x40, 0x88, 0x40, 0x88, 0x7e,
    0xf8, 0x40, 0x80, 0x40, 0x0, 0x40, 0x0, 0x40,

    /* U+662F "是" */
    0x3f, 0xfc, 0x20, 0x4, 0x3f, 0xfc, 0x20, 0x4,
    0x20, 0x4, 0x3f, 0xfc, 0x0, 0x0, 0xff, 0xff,
    0x1, 0x80, 0x11, 0x80, 0x11, 0xfe, 0x31, 0x80,
    0x29, 0x80, 0x47, 0x80, 0xc1, 0xff,

    /* U+663E "显" */
    0x3f, 0xfe, 0x18, 0x3, 0xc, 0x1, 0x87, 0xff,
    0xc3, 0x0, 0x61, 0x80, 0x30, 0xff, 0xf8, 0x4,
    0x40, 0x22, 0x22, 0x19, 0x13, 0x4, 0x89, 0x3,
    0x45, 0x0, 0x22, 0x7, 0xff, 0xfc,

    /* U+6655 "晕" */
    0x7f, 0xf8, 0xc0, 0x11, 0xff, 0xe3, 0x0, 0x47,
    0xff, 0x80, 0x0, 0x3f, 0xff, 0xc3, 0x3, 0xff,
    0xfe, 0x10, 0x0, 0x42, 0x1, 0xff, 0xc0, 0x8,
    0x1f, 0xff, 0xc0, 0x20, 0x0, 0x40,

    /* U+665A "晚" */
    0x0, 0x80, 0x0, 0x80, 0xf9, 0xf8, 0x89, 0x18,
    0x8a, 0x10, 0x8f, 0xfe, 0x8e, 0x22, 0xfa, 0x22,
    0x8a, 0x22, 0x8a, 0x22, 0x8b, 0xfe, 0x88, 0x50,
    0x88, 0x50, 0xf8, 0xd0, 0x81, 0x91, 0x3, 0x11,
    0x1c, 0x1e,

    /* U+666E "普" */
    0x8, 0x10, 0xc, 0x30, 0x7f, 0xfe, 0x22, 0x44,
    0x32, 0x4c, 0x12, 0x48, 0x12, 0x48, 0xff, 0xff,
    0x0, 0x0, 0x3f, 0xfc, 0x30, 0xc, 0x30, 0xc,
    0x3f, 0xfc, 0x30, 0xc, 0x30, 0xc, 0x3f, 0xfc,

    /* U+666F "景" */
    0x3f, 0xfc, 0x20, 0x4, 0x20, 0x4, 0x3f, 0xfc,
    0x20, 0x4, 0x3f, 0xfc, 0x1, 0x0, 0xff, 0xff,
    0x0, 0x0, 0x3f, 0xfc, 0x30, 0xc, 0x3f, 0xfc,
    0x1, 0x80, 0x19, 0x98, 0xe1, 0x86, 0x7, 0x0,

    /* U+6670 "晰" */
    0x1, 0x2, 0xf1, 0x1c, 0x91, 0x20, 0x91, 0x20,
    0x97, 0xe0, 0x91, 0x20, 0xf1, 0xbf, 0x93, 0xa4,
    0x93, 0x64, 0x93, 0x64, 0x95, 0x24, 0x95, 0x24,
    0xf1, 0x24, 0x81, 0x24, 0x1, 0x64, 0x1, 0x44,

    /* U+6682 "暂" */
    0x10, 0x6, 0xff, 0x78, 0x20, 0x40, 0x48, 0x40,
    0xff, 0x7f, 0x8, 0x44, 0x9, 0x44, 0xfe, 0xc4,
    0x8, 0x84, 0x8, 0x4, 0x3f, 0xfc, 0x20, 0x4,
    0x3f, 0xfc, 0x20, 0x4, 0x20, 0x4, 0x3f, 0xfc,

    /* U+6696 "暖" */
    0x0, 0xfe, 0xf0, 0x0, 0x92, 0x26, 0x91, 0x24,
    0x91, 0x2c, 0x93, 0xff, 0xf0, 0x80, 0x97, 0xff,
    0x91, 0x80, 0x91, 0x80, 0x91, 0xfe, 0x93, 0x84,
    0xf3, 0x48, 0x86, 0x30, 0xc, 0x7c, 0x19, 0x87,

    /* U+66F4 "更" */
    0xff, 0xff, 0x0, 0xc0, 0x0, 0x60, 0x7, 0xff,
    0xc2, 0x18, 0x21, 0xc, 0x10, 0xff, 0xf8, 0x43,
    0x4, 0x3f, 0xfe, 0x8, 0x80, 0x4, 0x40, 0x1,
    0x60, 0x0, 0x60, 0x1, 0xde, 0x3, 0x81, 0xfc,

    /* U+66FF "替" */
    0x10, 0x10, 0x10, 0x10, 0xfe, 0xfe, 0x10, 0x10,
    0xfe, 0xff, 0x18, 0x38, 0x2c, 0x2c, 0x66, 0xc6,
    0xc0, 0x83, 0xbf, 0xfc, 0x20, 0xc, 0x20, 0xc,
    0x3f, 0xfc, 0x20, 0xc, 0x20, 0xc, 0x3f, 0xfc,

    /* U+6700 "最" */
    0x3f, 0xfc, 0x20, 0x4, 0x20, 0x4, 0x3f, 0xfc,
    0x20, 0x4, 0x3f, 0xfc, 0x0, 0x0, 0xff, 0xff,
    0x22, 0x0, 0x3e, 0xfe, 0x22, 0x42, 0x3e, 0x24,
    0x22, 0x3c, 0x3f, 0x18, 0xf2, 0x6e, 0x2, 0xc3,

    /* U+6708 "月" */
    0x1f, 0xfc, 0x40, 0x11, 0x0, 0x44, 0x1, 0x1f,
    0xfc, 0x40, 0x11, 0x0, 0x44, 0x1, 0x10, 0x4,
    0x7f, 0xf3, 0x0, 0x48, 0x1, 0x60, 0x5, 0x0,
    0x18, 0x7, 0x80,

    /* U+6709 "有" */
    0x2, 0x0, 0x6, 0x0, 0xff, 0xff, 0xc, 0x0,
    0xc, 0x0, 0x18, 0x0, 0x1f, 0xfc, 0x38, 0x4,
    0x68, 0x4, 0xcf, 0xfc, 0x88, 0x4, 0x8, 0x4,
    0xf, 0xfc, 0x8, 0x4, 0x8, 0x4, 0x8, 0x3c,

    /* U+670D "服" */
    0x7c, 0xfe, 0x44, 0x82, 0x44, 0x82, 0x44, 0x82,
    0x7c, 0x88, 0x44, 0x80, 0x44, 0xfe, 0x44, 0xa2,
    0x7c, 0xa2, 0x44, 0xb4, 0x44, 0x94, 0x44, 0x88,
    0xc4, 0x9c, 0x84, 0xb6, 0x9c, 0xc3,

    /* U+671B "望" */
    0x0, 0x0, 0x18, 0x7e, 0xff, 0x42, 0x20, 0x7e,
    0x20, 0x42, 0x20, 0x7e, 0x3e, 0xc2, 0x70, 0x82,
    0x1, 0x8e, 0x0, 0x0, 0x7f, 0xfe, 0x1, 0x80,
    0x3f, 0xfc, 0x1, 0x80, 0x1, 0x80, 0xff, 0xff,

    /* U+671F "期" */
    0x23, 0x0, 0x23, 0x3f, 0xff, 0xa1, 0x23, 0x21,
    0x23, 0x21, 0x3f, 0x3f, 0x23, 0x21, 0x23, 0x21,
    0x3f, 0x21, 0x23, 0x3f, 0x23, 0x21, 0xff, 0xa1,
    0x0, 0x61, 0x22, 0x41, 0x63, 0x41, 0xc0, 0xc7,

    /* U+6728 "木" */
    0x0, 0xc0, 0x0, 0x30, 0x0, 0xc, 0x0, 0x3,
    0x0, 0x7f, 0xff, 0x80, 0x70, 0x0, 0x1e, 0x0,
    0xf, 0xc0, 0x6, 0xd8, 0x1, 0x32, 0x0, 0x8c,
    0x40, 0xc3, 0xc, 0x60, 0xc1, 0x90, 0x30, 0x20,
    0xc, 0x0, 0x3, 0x0,

    /* U+672A "未" */
    0x0, 0xc0, 0x0, 0x60, 0x0, 0x30, 0x7, 0xff,
    0xe0, 0xc, 0x0, 0x6, 0x0, 0x3, 0x0, 0xff,
    0xff, 0x1, 0xe0, 0x1, 0xf8, 0x1, 0xb6, 0x1,
    0x99, 0x81, 0x8c, 0x63, 0x86, 0x1d, 0x3, 0x2,
    0x1, 0x80,

    /* U+672C "本" */
    0x1, 0x80, 0x0, 0xc0, 0x0, 0x60, 0x0, 0x30,
    0xf, 0xff, 0xf0, 0x3e, 0x0, 0x16, 0x80, 0x1b,
    0x40, 0x9, 0x90, 0x8, 0xcc, 0xc, 0x63, 0xc,
    0x30, 0xcd, 0xff, 0xb0, 0xc, 0x0, 0x6, 0x0,
    0x3, 0x0,

    /* U+6735 "朵" */
    0xf, 0xf0, 0x4, 0x8, 0x2, 0x4, 0x1, 0x2,
    0x3, 0x81, 0x7, 0x8c, 0xf9, 0x6, 0x0, 0x3,
    0x0, 0xff, 0xff, 0x1, 0xe0, 0x1, 0x68, 0x3,
    0x33, 0x7, 0x18, 0x66, 0xc, 0x8, 0x6, 0x0,

    /* U+673A "机" */
    0x10, 0x0, 0x8, 0x7e, 0x4, 0x21, 0x2, 0x10,
    0x8f, 0xe8, 0x40, 0x84, 0x20, 0xc2, 0x10, 0x71,
    0x8, 0x34, 0x84, 0x2b, 0x42, 0x14, 0x21, 0x12,
    0x10, 0x89, 0x10, 0x48, 0x88, 0x24, 0x4c, 0x12,
    0x2c, 0xf,

    /* U+6740 "杀" */
    0x20, 0xc, 0x18, 0x30, 0x7, 0x60, 0x1, 0xc0,
    0xe, 0x70, 0x38, 0x1c, 0xe1, 0x8c, 0x1, 0x80,
    0x1, 0x80, 0xff, 0xff, 0x1, 0x80, 0x19, 0x98,
    0x31, 0x8c, 0x61, 0x86, 0xc1, 0x81, 0x7, 0x0,

    /* U+6743 "权" */
    0x10, 0x0, 0x8, 0x0, 0x4, 0x7f, 0xc2, 0x10,
    0x2f, 0xe8, 0x10, 0x84, 0x10, 0xe3, 0x8, 0x68,
    0x84, 0x72, 0x44, 0x29, 0x16, 0x34, 0xe, 0x12,
    0x3, 0x9, 0x3, 0x80, 0x83, 0x20, 0x46, 0xc,
    0x26, 0x2,

    /* U+674F "杏" */
    0x1, 0x80, 0x1, 0x80, 0x1, 0x80, 0xff, 0xff,
    0x3, 0xc0, 0x5, 0xa0, 0x9, 0x90, 0x31, 0x8c,
    0xe1, 0x87, 0x81, 0x81, 0x1f, 0xf8, 0x10, 0x8,
    0x10, 0x8, 0x10, 0x8, 0x10, 0x8, 0x1f, 0xf8,

    /* U+675F "束" */
    0x0, 0x80, 0x0, 0x40, 0x1f, 0xff, 0xc0, 0x10,
    0x0, 0x8, 0x1, 0xff, 0xf0, 0x82, 0x8, 0x41,
    0x4, 0x20, 0x82, 0x1f, 0xff, 0x0, 0x70, 0x0,
    0x54, 0x0, 0xc9, 0x81, 0xc4, 0x63, 0x82, 0xe,
    0x1, 0x0,

    /* U+6761 "条" */
    0x3, 0x0, 0x3, 0x0, 0x3, 0xff, 0x3, 0x83,
    0x7, 0x63, 0x2, 0xe, 0x0, 0x1d, 0xc0, 0xf8,
    0x3f, 0xe0, 0x81, 0x0, 0x40, 0xf, 0xff, 0x80,
    0x10, 0x0, 0xc9, 0x80, 0xc4, 0x61, 0x82, 0x8,
    0x7, 0x0,

    /* U+6765 "来" */
    0x1, 0x80, 0x1, 0x80, 0x7f, 0xfe, 0x1, 0x80,
    0x11, 0x8c, 0x19, 0x88, 0x9, 0x98, 0x9, 0x90,
    0xff, 0xff, 0x3, 0xc0, 0x7, 0xe0, 0xd, 0xb0,
    0x19, 0x98, 0x61, 0x86, 0xc1, 0x83, 0x1, 0x80,

    /* U+676F "杯" */
    0x10, 0x0, 0x8, 0x0, 0x4, 0x7f, 0xe2, 0x1,
    0xf, 0xe1, 0x0, 0x81, 0x80, 0xe0, 0xd0, 0x68,
    0xa4, 0x31, 0x91, 0x29, 0x88, 0x74, 0x4, 0x12,
    0x2, 0x1, 0x1, 0x0, 0x80, 0x80, 0x40, 0x40,
    0x20, 0x20,

    /* U+677E "松" */
    0x10, 0x0, 0x10, 0xc8, 0x10, 0x8c, 0x10, 0x84,
    0xfd, 0x84, 0x31, 0x2, 0x33, 0x23, 0x3a, 0x20,
    0x5c, 0x60, 0x54, 0x40, 0xd0, 0xc8, 0x90, 0x84,
    0x91, 0x84, 0x11, 0xe, 0x13, 0xfa, 0x10, 0x0,

    /* U+677F "板" */
    0x10, 0x6, 0x11, 0xfc, 0x11, 0x0, 0xfd, 0x0,
    0x31, 0x0, 0x31, 0xfe, 0x39, 0x42, 0x5d, 0x42,
    0x55, 0x44, 0x51, 0x24, 0x93, 0x2c, 0x92, 0x18,
    0x12, 0x18, 0x12, 0x6c, 0x14, 0xc6, 0x15, 0x83,

    /* U+6781 "极" */
    0x8, 0x0, 0x4, 0xff, 0x2, 0x11, 0xf, 0xc8,
    0x81, 0x84, 0x40, 0xc2, 0x40, 0x71, 0x3c, 0x7c,
    0x82, 0x2a, 0x61, 0x34, 0x51, 0x12, 0x24, 0x89,
    0x13, 0x80, 0x98, 0xc0, 0x48, 0xf0, 0x2c, 0xcc,
    0x14, 0x83,

    /* U+6784 "构" */
    0x10, 0xc0, 0x10, 0x80, 0x10, 0x80, 0xfd, 0xff,
    0x31, 0x1, 0x32, 0x41, 0x3a, 0x41, 0x5c, 0xd1,
    0x54, 0x91, 0x50, 0x99, 0x91, 0x79, 0x91, 0x89,
    0x10, 0x1, 0x10, 0x1, 0x10, 0x2, 0x10, 0x1e,

    /* U+6797 "林" */
    0x10, 0x10, 0x10, 0x10, 0x10, 0x10, 0x10, 0x10,
    0xfe, 0xfe, 0x18, 0x10, 0x1c, 0x38, 0x34, 0x38,
    0x32, 0x54, 0x52, 0x54, 0xd0, 0x96, 0x91, 0x92,
    0x11, 0x11, 0x10, 0x10, 0x10, 0x10, 0x10, 0x10,

    /* U+679A "枚" */
    0x10, 0x60, 0x10, 0x60, 0x10, 0x40, 0x10, 0x40,
    0xfe, 0xff, 0x10, 0x86, 0x31, 0x44, 0x39, 0x44,
    0x34, 0x44, 0x56, 0x28, 0x52, 0x28, 0x90, 0x10,
    0x90, 0x38, 0x10, 0x6c, 0x11, 0xc6, 0x11, 0x1,

    /* U+679C "果" */
    0x3f, 0xfc, 0x21, 0x84, 0x21, 0x84, 0x3f, 0xfc,
    0x21, 0x84, 0x21, 0x84, 0x3f, 0xfc, 0x1, 0x80,
    0x1, 0x80, 0xff, 0xff, 0x3, 0xc0, 0xd, 0xb0,
    0x39, 0x9c, 0xe1, 0x87, 0x1, 0x80,

    /* U+67D3 "染" */
    0x60, 0xc0, 0x38, 0x80, 0x7, 0xf8, 0xe0, 0x88,
    0x0, 0x88, 0x11, 0x9, 0x23, 0x9, 0x66, 0xf,
    0x49, 0x80, 0x1, 0x80, 0xff, 0xff, 0x3, 0xc0,
    0xd, 0xb0, 0x19, 0x98, 0x61, 0x87, 0x81, 0x81,

    /* U+67D4 "柔" */
    0x3f, 0xfc, 0x0, 0x30, 0x7, 0xc0, 0xff, 0xff,
    0x6, 0x86, 0xc, 0x8c, 0x30, 0x88, 0xc7, 0x80,
    0x1, 0x80, 0xff, 0xff, 0x3, 0xc0, 0xd, 0xb0,
    0x19, 0x98, 0xe1, 0x87, 0x81, 0x81,

    /* U+67E0 "柠" */
    0x10, 0x30, 0x10, 0x10, 0x11, 0xff, 0xfd, 0x1,
    0x11, 0x1, 0x31, 0x1, 0x38, 0x0, 0x3d, 0xff,
    0x54, 0x10, 0x50, 0x10, 0xd0, 0x10, 0x90, 0x10,
    0x10, 0x10, 0x10, 0x10, 0x10, 0x10, 0x10, 0x70,

    /* U+67E5 "查" */
    0x1, 0x80, 0x1, 0x80, 0xff, 0xff, 0x3, 0xc0,
    0x5, 0xa0, 0x19, 0x98, 0x31, 0x8c, 0xe0, 0x7,
    0x9f, 0xf9, 0x10, 0x8, 0x1f, 0xf8, 0x10, 0x8,
    0x10, 0x8, 0x1f, 0xf8, 0x0, 0x0, 0xff, 0xff,

    /* U+6807 "标" */
    0x10, 0x0, 0x11, 0xfe, 0x10, 0x0, 0x10, 0x0,
    0xfc, 0x0, 0x30, 0x0, 0x33, 0xff, 0x38, 0x20,
    0x54, 0x20, 0x51, 0xa4, 0x91, 0x26, 0x91, 0x22,
    0x12, 0x22, 0x12, 0x21, 0x10, 0x20, 0x10, 0xe0,

    /* U+6808 "栈" */
    0x10, 0x40, 0x10, 0x58, 0x10, 0x40, 0xfc, 0x7e,
    0x31, 0xc0, 0x30, 0x40, 0x38, 0x62, 0x5c, 0x7e,
    0x55, 0xe0, 0xd0, 0x22, 0x90, 0x24, 0x90, 0x38,
    0x10, 0x31, 0x10, 0x79, 0x11, 0x89, 0x12, 0x6,

    /* U+6811 "树" */
    0x20, 0x6, 0x20, 0x6, 0x27, 0xc6, 0x20, 0x46,
    0xf8, 0xbf, 0x24, 0x86, 0x32, 0x86, 0x73, 0x96,
    0x69, 0x96, 0x69, 0x8e, 0xa1, 0x8e, 0xa1, 0x46,
    0x22, 0x46, 0x22, 0x6, 0x24, 0x6, 0x20, 0x1c,

    /* U+6837 "样" */
    0x21, 0x4, 0x43, 0x8, 0x82, 0x27, 0xdf, 0xf2,
    0x2, 0x6, 0x4, 0xc, 0x8, 0x34, 0xfe, 0x68,
    0x21, 0xc0, 0x42, 0x80, 0x85, 0x3f, 0xf2, 0x2,
    0x4, 0x4, 0x8, 0x8, 0x10, 0x10,

    /* U+6838 "核" */
    0x10, 0x30, 0x8, 0x8, 0x4, 0xff, 0xdf, 0x84,
    0x3, 0x4, 0x1, 0x86, 0x20, 0xe3, 0xf0, 0xbb,
    0xf0, 0x54, 0x33, 0x68, 0x31, 0x24, 0x71, 0x12,
    0x21, 0x81, 0x3, 0xc0, 0x83, 0x30, 0x47, 0xc,
    0x26, 0x2,

    /* U+6839 "根" */
    0x10, 0x0, 0x8, 0xff, 0x4, 0x40, 0x9f, 0xa0,
    0x41, 0x1f, 0xe1, 0x88, 0x10, 0xe4, 0x8, 0x72,
    0x4, 0x5d, 0xfe, 0x2a, 0x90, 0x34, 0x4c, 0xd2,
    0x23, 0x89, 0x11, 0x80, 0x88, 0x60, 0x47, 0x9c,
    0x27, 0x2,

    /* U+683C "格" */
    0x10, 0x40, 0x8, 0x60, 0x4, 0x3f, 0x82, 0x30,
    0xcf, 0xf8, 0x41, 0xb2, 0x40, 0xc0, 0xc0, 0x70,
    0x70, 0x5c, 0xcc, 0x29, 0xc1, 0xd5, 0xff, 0x92,
    0x20, 0x49, 0x10, 0x20, 0x88, 0x10, 0x44, 0x8,
    0x23, 0xfc,

    /* U+6843 "桃" */
    0x20, 0x48, 0x20, 0x48, 0x22, 0x48, 0xfa, 0x4a,
    0x21, 0x4a, 0x31, 0xcc, 0x38, 0x48, 0x68, 0x48,
    0x60, 0xcc, 0x61, 0xca, 0xa7, 0x4b, 0xa4, 0x89,
    0x20, 0x88, 0x21, 0x89, 0x23, 0x9, 0x26, 0xf,

    /* U+6846 "框" */
    0x10, 0x0, 0x13, 0xff, 0x12, 0x0, 0x12, 0x0,
    0xfe, 0xff, 0x12, 0x10, 0x3a, 0x10, 0x36, 0xfe,
    0x56, 0x10, 0x52, 0x10, 0x52, 0x10, 0x92, 0x10,
    0x92, 0xff, 0x12, 0x0, 0x13, 0xff, 0x10, 0x0,

    /* U+6848 "案" */
    0x1, 0x0, 0xff, 0xff, 0xc2, 0x3, 0xc2, 0x3,
    0xff, 0xff, 0x8, 0x10, 0x10, 0x20, 0xf, 0xc0,
    0x7, 0xfc, 0xfd, 0x8e, 0x1, 0x80, 0xff, 0xff,
    0x3, 0xc0, 0xd, 0xb0, 0x71, 0x8e, 0xc1, 0x81,

    /* U+6863 "档" */
    0x30, 0x20, 0x64, 0x44, 0xcc, 0x89, 0x89, 0x2f,
    0xd2, 0x46, 0x25, 0xc, 0x8, 0x1d, 0xff, 0x7c,
    0x2, 0xe0, 0x7, 0xcf, 0xfd, 0x80, 0x1b, 0x0,
    0x26, 0x0, 0x4d, 0xff, 0x98, 0x1,

    /* U+68A6 "梦" */
    0x10, 0x10, 0x10, 0x10, 0xfe, 0xff, 0x38, 0x38,
    0x34, 0x74, 0x56, 0xd6, 0x91, 0x93, 0x10, 0x10,
    0x3, 0x0, 0x7, 0xfc, 0x18, 0x8, 0x60, 0x18,
    0x6, 0x30, 0x1, 0xc0, 0x3, 0x80, 0x3e, 0x0,
    0x60, 0x0,

    /* U+68C0 "检" */
    0x20, 0x60, 0x20, 0x60, 0x20, 0x90, 0xf8, 0x98,
    0x21, 0xc, 0x26, 0x6, 0x7d, 0xfb, 0x70, 0x0,
    0x68, 0x42, 0xe2, 0x44, 0xa2, 0x24, 0xa1, 0x28,
    0x21, 0x8, 0x20, 0x10, 0x27, 0xfe, 0x20, 0x0,

    /* U+68D2 "棒" */
    0x20, 0x30, 0x11, 0xff, 0x88, 0x8, 0x4, 0x4,
    0xf, 0xbf, 0xe1, 0x2, 0x0, 0xdf, 0xfc, 0xf1,
    0x18, 0x69, 0x24, 0x35, 0x91, 0x29, 0xbe, 0x54,
    0x4, 0x2, 0x3f, 0xe1, 0x1, 0x0, 0x80, 0x80,
    0x40, 0x40,

    /* U+68EE "森" */
    0x1, 0x0, 0x1, 0x0, 0x7f, 0xfe, 0x3, 0x40,
    0xd, 0x20, 0x19, 0x18, 0xf1, 0xf, 0x51, 0x10,
    0x10, 0x10, 0xfe, 0xff, 0x30, 0x38, 0x3c, 0x7c,
    0x56, 0x54, 0xd0, 0x92, 0x91, 0x11, 0x10, 0x10,

    /* U+692D "椭" */
    0x20, 0xc, 0x23, 0x88, 0x22, 0x88, 0x22, 0xff,
    0xfb, 0x10, 0x23, 0x30, 0x23, 0x3f, 0x72, 0xf1,
    0x6a, 0x9f, 0x62, 0x91, 0xa2, 0x91, 0xa3, 0x9f,
    0x22, 0x11, 0x22, 0x11, 0x22, 0x11, 0x22, 0x13,

    /* U+6982 "概" */
    0x20, 0x0, 0x11, 0xef, 0xc8, 0x91, 0x4, 0x4a,
    0x8f, 0xbd, 0x41, 0x12, 0xa0, 0xc9, 0x50, 0xf7,
    0xff, 0x6a, 0x4, 0x31, 0x46, 0x28, 0xb3, 0x14,
    0x49, 0x82, 0x3d, 0x41, 0x31, 0xa4, 0x90, 0x92,
    0x40, 0x8f,

    /* U+6A21 "模" */
    0x20, 0x88, 0x27, 0xff, 0x20, 0x88, 0xf8, 0x0,
    0x23, 0xfe, 0x32, 0x6, 0x33, 0xfe, 0x6a, 0x6,
    0x6a, 0x6, 0xeb, 0xfe, 0xa0, 0x60, 0xa7, 0xff,
    0x20, 0x50, 0x20, 0x98, 0x23, 0xc, 0x26, 0x3,

    /* U+6A2A "横" */
    0x10, 0x84, 0x8, 0x42, 0x4, 0xff, 0xc2, 0x10,
    0x8f, 0xc8, 0x41, 0x9f, 0xfc, 0xc0, 0x40, 0x77,
    0xfe, 0x5e, 0x11, 0x2b, 0xff, 0xb4, 0x84, 0x52,
    0x42, 0x21, 0x3f, 0xf0, 0x80, 0x20, 0x47, 0x1c,
    0x24, 0x3,

    /* U+6A31 "樱" */
    0x27, 0xdf, 0x12, 0x28, 0x89, 0x55, 0x5f, 0xaa,
    0xa3, 0x55, 0x51, 0xaa, 0xa8, 0xac, 0x20, 0xd5,
    0x94, 0x64, 0x31, 0x30, 0x60, 0x29, 0xff, 0xf4,
    0x30, 0x82, 0x10, 0xc1, 0x7, 0xc0, 0x83, 0xb8,
    0x4e, 0x6,

    /* U+6A59 "橙" */
    0x10, 0x8, 0x8, 0xf5, 0x4, 0xb, 0xf, 0xb8,
    0xe1, 0xf, 0xe0, 0xcf, 0xf8, 0xec, 0x6, 0x69,
    0xfc, 0x34, 0x82, 0x28, 0x41, 0x14, 0x3f, 0x8a,
    0x8, 0x81, 0x4, 0x40, 0x82, 0x20, 0x41, 0x20,
    0x27, 0xff,

    /* U+6B21 "次" */
    0x0, 0x80, 0x20, 0x40, 0xc, 0x60, 0x3, 0x3f,
    0xe0, 0x30, 0x30, 0x11, 0x10, 0x18, 0x88, 0x0,
    0x4c, 0x8, 0x20, 0xc, 0x18, 0x4, 0x14, 0x6,
    0xb, 0x6, 0x8, 0x86, 0xc, 0x20, 0x1c, 0x1c,
    0x18, 0x2,

    /* U+6B22 "欢" */
    0x0, 0x60, 0x0, 0x20, 0x3f, 0x90, 0x0, 0x4f,
    0xe0, 0x2c, 0x12, 0x14, 0x89, 0x92, 0x48, 0x68,
    0x20, 0x14, 0x10, 0x4, 0x8, 0x3, 0xe, 0x2,
    0x85, 0x3, 0x66, 0xc3, 0x2, 0x23, 0x2, 0x8,
    0x6, 0x7, 0x0, 0x0, 0x0,

    /* U+6B3A "欺" */
    0x22, 0x10, 0x11, 0x18, 0x3f, 0xec, 0x1f, 0xf7,
    0xf2, 0x26, 0x19, 0xf2, 0x48, 0x8b, 0x24, 0x44,
    0x12, 0x3e, 0x8, 0x11, 0x4, 0x8, 0x83, 0x1f,
    0xf2, 0x80, 0x1, 0x41, 0x31, 0x11, 0x8d, 0x8d,
    0x81, 0x83,

    /* U+6B49 "歉" */
    0x41, 0x90, 0x21, 0x10, 0x12, 0x10, 0xff, 0xdf,
    0x14, 0x21, 0xff, 0xaa, 0x14, 0x8a, 0xff, 0xc8,
    0x14, 0x88, 0x14, 0x88, 0xff, 0x8c, 0x36, 0x14,
    0x55, 0x14, 0xd4, 0xb2, 0x94, 0x63, 0x14, 0x41,

    /* U+6B4C "歌" */
    0x0, 0x10, 0x7f, 0xd8, 0x0, 0x88, 0xf, 0x47,
    0xe4, 0xa6, 0x12, 0x52, 0x49, 0xeb, 0x24, 0x4,
    0x14, 0xff, 0x88, 0x1, 0x4, 0x1e, 0x87, 0x9,
    0x42, 0x84, 0xa1, 0x63, 0xd1, 0x11, 0x9, 0x4,
    0xd, 0x3,

    /* U+6B63 "正" */
    0x7f, 0xfe, 0x0, 0x80, 0x0, 0x80, 0x0, 0x80,
    0x30, 0x80, 0x30, 0x80, 0x30, 0xfe, 0x30, 0x80,
    0x30, 0x80, 0x30, 0x80, 0x30, 0x80, 0x30, 0x80,
    0x30, 0x80, 0xff, 0xff,

    /* U+6B64 "此" */
    0x4, 0x20, 0x2, 0x10, 0x1, 0x8, 0x0, 0x84,
    0x2, 0x42, 0x11, 0x21, 0x18, 0x9e, 0xb8, 0x48,
    0x60, 0x24, 0x20, 0x12, 0x10, 0x9, 0x8, 0x4,
    0x84, 0x2, 0x42, 0x9, 0x21, 0x4, 0xbe, 0x82,
    0xf8, 0x7e,

    /* U+6B65 "步" */
    0x1, 0x80, 0x1, 0x80, 0x11, 0xfc, 0x11, 0x80,
    0x11, 0x80, 0x11, 0x80, 0xff, 0xff, 0x1, 0x80,
    0x9, 0x84, 0x19, 0x8c, 0x31, 0x98, 0x61, 0xb0,
    0x41, 0xe0, 0x1, 0xc0, 0x7, 0x0, 0xfc, 0x0,
    0x80, 0x0,

    /* U+6B7B "死" */
    0xff, 0xff, 0x18, 0x60, 0x10, 0x60, 0x10, 0x60,
    0x3f, 0x66, 0x21, 0x6c, 0x41, 0x78, 0xe2, 0x60,
    0x92, 0x60, 0xe, 0x60, 0x4, 0x60, 0x8, 0x61,
    0x18, 0x61, 0x70, 0x61, 0xc0, 0x3f,

    /* U+6B8A "殊" */
    0x0, 0x10, 0x7f, 0x48, 0x8, 0x24, 0x4, 0x1f,
    0xe3, 0xd1, 0x2, 0x28, 0x81, 0x18, 0x40, 0x88,
    0x20, 0xa7, 0xff, 0x5c, 0x1c, 0x2, 0x1f, 0x3,
    0x1a, 0x81, 0x19, 0x21, 0x18, 0x8d, 0x80, 0x41,
    0x0, 0x20,

    /* U+6BB5 "段" */
    0x2, 0x0, 0xf, 0x9e, 0xc, 0x9, 0x4, 0x4,
    0x82, 0x2, 0x41, 0xfb, 0x20, 0x83, 0x1c, 0x41,
    0x0, 0x3f, 0x7e, 0x10, 0x21, 0x8, 0x9, 0x5,
    0xe4, 0x8f, 0x81, 0x81, 0x0, 0xc0, 0x81, 0xd8,
    0x43, 0x86,

    /* U+6BCF "每" */
    0x8, 0x0, 0x18, 0x0, 0x1f, 0xfe, 0x20, 0x0,
    0x60, 0x0, 0xdf, 0xf8, 0x13, 0x8, 0x11, 0x88,
    0x10, 0x48, 0xff, 0xff, 0x32, 0x8, 0x21, 0x88,
    0x20, 0xc8, 0x3f, 0xfe, 0x0, 0x8, 0x0, 0x78,

    /* U+6BD2 "毒" */
    0x1, 0x80, 0x7f, 0xfe, 0x1, 0x80, 0x1, 0x80,
    0x3f, 0xfc, 0x1, 0x80, 0xff, 0xff, 0x0, 0x0,
    0x1f, 0xf8, 0x11, 0x8, 0x10, 0x88, 0xff, 0xff,
    0x11, 0x8, 0x3f, 0xfe, 0x0, 0x8, 0x0, 0x70,

    /* U+6BD4 "比" */
    0x40, 0x80, 0x81, 0x1, 0x2, 0x2, 0x4, 0x4,
    0x8, 0x68, 0x11, 0x9f, 0xac, 0x20, 0x70, 0x40,
    0x80, 0x81, 0x1, 0x2, 0x2, 0x4, 0x14, 0x8,
    0x28, 0xd0, 0x5f, 0x20, 0xf0, 0x7e,

    /* U+6BDB "毛" */
    0x0, 0x18, 0x0, 0xf0, 0x3f, 0x80, 0xf2, 0x0,
    0x2, 0x0, 0x2, 0x7c, 0x3f, 0xc0, 0x62, 0x0,
    0x2, 0x0, 0x2, 0x3e, 0x3f, 0xe0, 0xf2, 0x0,
    0x2, 0x2, 0x2, 0x3, 0x2, 0x3, 0x1, 0xfe,

    /* U+6BEB "毫" */
    0x0, 0x0, 0x1, 0x80, 0xff, 0xff, 0x0, 0x0,
    0x3f, 0xfc, 0x30, 0xc, 0x3f, 0xfc, 0x0, 0x0,
    0xff, 0xff, 0x80, 0x1, 0xbf, 0xf1, 0x1, 0x0,
    0x1, 0xfc, 0x3f, 0x0, 0xff, 0xfe, 0x1, 0x1,
    0x1, 0xff,

    /* U+6C14 "气" */
    0x10, 0x0, 0x10, 0x0, 0x10, 0x0, 0x3f, 0xfe,
    0x20, 0x0, 0x5f, 0xfc, 0xc0, 0x0, 0x80, 0x0,
    0x3f, 0xf8, 0x0, 0x18, 0x0, 0x18, 0x0, 0x18,
    0x0, 0x8, 0x0, 0x8, 0x0, 0x9, 0x0, 0xd,
    0x0, 0x7,

    /* U+6C34 "水" */
    0x0, 0x80, 0x0, 0x40, 0x0, 0x20, 0x0, 0x10,
    0x0, 0x8, 0x23, 0xf4, 0x20, 0x1b, 0x20, 0x9,
    0xe0, 0x4, 0xa0, 0x6, 0x48, 0x6, 0x26, 0x2,
    0x11, 0x83, 0x8, 0x63, 0x4, 0x1c, 0x2, 0x0,
    0x7, 0x0,

    /* U+6C38 "永" */
    0x4, 0x0, 0x3, 0xc0, 0x0, 0x38, 0x0, 0x0,
    0x1, 0xf8, 0x0, 0x4, 0x18, 0x3, 0x18, 0xfd,
    0x98, 0x4, 0xf8, 0x6, 0x50, 0x2, 0x2c, 0x3,
    0x13, 0x3, 0x8, 0xc3, 0x4, 0x39, 0x2, 0x4,
    0xf, 0x0,

    /* U+6C57 "汗" */
    0x40, 0x0, 0x33, 0xfe, 0x18, 0x20, 0x0, 0x20,
    0x0, 0x20, 0xc0, 0x20, 0x60, 0x20, 0x7, 0xff,
    0x0, 0x20, 0x0, 0x20, 0x18, 0x20, 0x10, 0x20,
    0x20, 0x20, 0x60, 0x20, 0x40, 0x20, 0x40, 0x20,

    /* U+6C60 "池" */
    0x40, 0x20, 0x30, 0x20, 0x12, 0x20, 0x2, 0x26,
    0x2, 0x3e, 0xc2, 0xe2, 0x67, 0xa2, 0xe, 0x22,
    0x2, 0x22, 0x12, 0x22, 0x12, 0x2e, 0x32, 0x20,
    0x22, 0x1, 0x62, 0x1, 0x42, 0x3, 0x1, 0xfe,

    /* U+6C89 "沉" */
    0x20, 0x0, 0x1d, 0xff, 0x82, 0x80, 0x40, 0x40,
    0x20, 0x0, 0x7, 0x7, 0xe0, 0x42, 0x10, 0x1,
    0x8, 0x0, 0x84, 0x4, 0x42, 0x2, 0x21, 0x3,
    0x10, 0x81, 0x10, 0x49, 0x88, 0x25, 0x8c, 0x14,
    0x8c, 0xe,

    /* U+6C99 "沙" */
    0x60, 0x20, 0x38, 0x20, 0x8, 0x20, 0x1, 0x24,
    0x1, 0x22, 0x43, 0x23, 0x62, 0x21, 0x12, 0x21,
    0x6, 0x22, 0x0, 0x22, 0x8, 0x24, 0x10, 0xc,
    0x10, 0x18, 0x20, 0x30, 0x60, 0xe0, 0x47, 0x80,
    0x4, 0x0,

    /* U+6CA1 "没" */
    0x61, 0xf8, 0x11, 0x8, 0x1, 0x8, 0x1, 0x8,
    0xc2, 0xf, 0x7e, 0x0, 0x20, 0x0, 0x7, 0xfe,
    0x2, 0x4, 0x11, 0xc, 0x31, 0x98, 0x20, 0xf0,
    0x60, 0x60, 0x43, 0x98, 0xce, 0x7,

    /* U+6CB3 "河" */
    0x40, 0x0, 0x1b, 0xff, 0xc2, 0x0, 0xc0, 0x0,
    0x60, 0x0, 0x34, 0x1f, 0x99, 0x88, 0x4c, 0x24,
    0x26, 0x2, 0x13, 0x1, 0x9, 0x86, 0xfc, 0xc2,
    0x40, 0x63, 0x20, 0x31, 0x0, 0x19, 0x0, 0xc,
    0x80, 0x7c,

    /* U+6CB9 "油" */
    0x60, 0x20, 0x30, 0x20, 0x18, 0x20, 0x0, 0x20,
    0x3, 0xff, 0x2, 0x21, 0x62, 0x21, 0x12, 0x21,
    0x2, 0x21, 0x3, 0xff, 0x2, 0x21, 0x12, 0x21,
    0x32, 0x21, 0x22, 0x21, 0x63, 0xff, 0x42, 0x1,

    /* U+6CBB "治" */
    0x20, 0x40, 0x38, 0xc0, 0x8, 0x88, 0x1, 0x8c,
    0x3, 0x4, 0xc2, 0x2, 0x77, 0xff, 0x10, 0x1,
    0x0, 0x0, 0x3, 0xfe, 0x1a, 0x2, 0x12, 0x2,
    0x32, 0x2, 0x22, 0x2, 0x42, 0x2, 0x43, 0xfe,

    /* U+6CD5 "法" */
    0x0, 0x20, 0x70, 0x20, 0x10, 0x20, 0x3, 0xfe,
    0x0, 0x20, 0x80, 0x20, 0x60, 0x20, 0x20, 0x20,
    0x7, 0xff, 0x0, 0x40, 0x18, 0xc0, 0x10, 0x88,
    0x31, 0x84, 0x21, 0x6, 0x43, 0xfe, 0xc3, 0x83,
    0x0, 0x0,

    /* U+6CE1 "泡" */
    0x61, 0x0, 0x31, 0x0, 0x3, 0xfe, 0x2, 0x2,
    0x86, 0x2, 0xef, 0xf2, 0x22, 0x12, 0x2, 0x12,
    0x2, 0x12, 0x13, 0xf2, 0x12, 0x2, 0x32, 0xc,
    0x22, 0x0, 0x62, 0x1, 0x42, 0x1, 0x43, 0xfe,

    /* U+6CE2 "波" */
    0x20, 0x20, 0x30, 0x20, 0x18, 0x20, 0x3, 0xff,
    0x2, 0x23, 0x42, 0x22, 0x32, 0x20, 0x13, 0xfe,
    0x2, 0x84, 0x2, 0x84, 0x1a, 0x4c, 0x12, 0x58,
    0x36, 0x30, 0x24, 0x78, 0x64, 0xcc, 0x4b, 0x83,

    /* U+6CE8 "注" */
    0x0, 0x0, 0x38, 0x10, 0x6, 0xc, 0x0, 0x2,
    0x0, 0x3f, 0xf8, 0x1, 0x81, 0x0, 0xc0, 0x60,
    0x60, 0x10, 0x30, 0x0, 0x18, 0x0, 0xff, 0xc1,
    0x6, 0x1, 0x83, 0x0, 0x81, 0x80, 0xc0, 0xc0,
    0x40, 0x60, 0x47, 0xff, 0x80,

    /* U+6CEA "泪" */
    0x40, 0x0, 0x67, 0xfc, 0x28, 0x8, 0x10, 0x10,
    0x20, 0x38, 0x7f, 0xdc, 0x80, 0x89, 0x1, 0x2,
    0x2, 0x4, 0x4, 0x6f, 0xf8, 0x90, 0x13, 0x20,
    0x24, 0x40, 0x50, 0xff, 0xa1, 0x1,

    /* U+6CFC "泼" */
    0x42, 0x20, 0x32, 0x64, 0x12, 0x42, 0x4, 0x40,
    0x7, 0xff, 0xc0, 0xc0, 0x60, 0x80, 0x20, 0xfe,
    0x1, 0x6, 0x1, 0x84, 0x32, 0xcc, 0x26, 0x78,
    0x6c, 0x30, 0x48, 0x78, 0xc1, 0xce, 0x3, 0x3,

    /* U+6D01 "洁" */
    0x0, 0x20, 0x60, 0x20, 0x10, 0x20, 0x7, 0xff,
    0x0, 0x20, 0x0, 0x20, 0x60, 0x20, 0x33, 0xfe,
    0x0, 0x0, 0x0, 0x0, 0x13, 0xfe, 0x12, 0x2,
    0x32, 0x2, 0x22, 0x2, 0x62, 0x2, 0x43, 0xfe,

    /* U+6D0B "洋" */
    0x41, 0x82, 0x18, 0x42, 0x6, 0x33, 0x0, 0x7f,
    0xf0, 0x3, 0x6, 0x1, 0x80, 0xc0, 0xc0, 0x27,
    0xfe, 0x0, 0x30, 0x8, 0x18, 0x4, 0xc, 0x6,
    0xff, 0xf2, 0x3, 0x3, 0x1, 0x81, 0x0, 0xc0,
    0x80, 0x60,

    /* U+6D3B "活" */
    0x60, 0xe, 0x3b, 0xf8, 0x8, 0x20, 0x0, 0x20,
    0x0, 0x20, 0xc7, 0xff, 0x70, 0x20, 0x10, 0x20,
    0x0, 0x20, 0x0, 0x20, 0x3, 0xfe, 0x12, 0x2,
    0x32, 0x2, 0x22, 0x2, 0x62, 0x2, 0x43, 0xfe,

    /* U+6D41 "流" */
    0x60, 0x20, 0x30, 0x20, 0x17, 0xff, 0x0, 0xc0,
    0x1, 0x8c, 0xc1, 0x6, 0x77, 0xfe, 0x14, 0x3,
    0x0, 0x0, 0x3, 0x24, 0xb, 0x24, 0x13, 0x24,
    0x32, 0x24, 0x22, 0x25, 0x66, 0x25, 0x44, 0x27,

    /* U+6D4B "测" */
    0x67, 0xe1, 0x8a, 0x12, 0xc1, 0x9, 0x60, 0xa4,
    0xb0, 0x52, 0x5b, 0x29, 0x2c, 0x14, 0x96, 0xa,
    0x4b, 0x5, 0x25, 0x8a, 0x92, 0xc9, 0x49, 0x64,
    0x20, 0x36, 0x2c, 0x1a, 0x33, 0xd, 0x30, 0x9c,

    /* U+6D51 "浑" */
    0x0, 0x0, 0x1b, 0xff, 0x87, 0x0, 0x40, 0x88,
    0x20, 0x4, 0x0, 0x1f, 0xf9, 0x82, 0x0, 0x63,
    0x20, 0x1, 0x10, 0x1, 0xff, 0x84, 0x4, 0x2,
    0x2, 0x3, 0x7f, 0xf9, 0x0, 0x81, 0x80, 0x40,
    0x80, 0x20,

    /* U+6D6E "浮" */
    0x60, 0x1e, 0x33, 0xf0, 0x8, 0x42, 0x3, 0x26,
    0x1, 0x24, 0xc1, 0x0, 0x33, 0xfe, 0x0, 0xc,
    0x0, 0x10, 0x0, 0x20, 0x17, 0xff, 0x10, 0x20,
    0x20, 0x20, 0x60, 0x20, 0x40, 0x20, 0x40, 0xe0,

    /* U+6D77 "海" */
    0x41, 0x0, 0x33, 0x0, 0x13, 0xff, 0x6, 0x0,
    0x4, 0x0, 0xb, 0xfc, 0xc2, 0x44, 0x62, 0x24,
    0x2, 0x4, 0xf, 0xff, 0x32, 0xc4, 0x26, 0x64,
    0x24, 0x24, 0x47, 0xff, 0x40, 0x4, 0x0, 0x3c,

    /* U+6D88 "消" */
    0x40, 0x20, 0x32, 0x22, 0x13, 0x26, 0x1, 0x24,
    0x0, 0x20, 0xc3, 0xfe, 0x62, 0x2, 0x2, 0x2,
    0x3, 0xfe, 0x12, 0x2, 0x12, 0x2, 0x33, 0xfe,
    0x22, 0x2, 0x62, 0x2, 0x42, 0x2, 0x42, 0x1e,

    /* U+6DE1 "淡" */
    0x40, 0x20, 0x31, 0x22, 0x1b, 0x26, 0x2, 0x24,
    0x2, 0x70, 0xc0, 0x58, 0x60, 0x86, 0x7, 0x23,
    0x0, 0x20, 0x11, 0x22, 0x12, 0x26, 0x12, 0x24,
    0x24, 0x50, 0x60, 0xd8, 0x41, 0x8c, 0x4f, 0x7,

    /* U+6DF1 "深" */
    0x40, 0x0, 0x3b, 0xff, 0x85, 0x0, 0x40, 0x91,
    0x20, 0x8, 0xc4, 0x8, 0x21, 0x88, 0x8, 0x68,
    0x40, 0x0, 0x20, 0x3, 0xff, 0x84, 0x1c, 0x6,
    0x15, 0x2, 0x12, 0xc3, 0x11, 0x31, 0x30, 0x84,
    0x0, 0x40,

    /* U+6E05 "清" */
    0x0, 0x60, 0x77, 0xfe, 0x0, 0x60, 0x7, 0xfe,
    0x0, 0x60, 0x80, 0x60, 0x6f, 0xff, 0x20, 0x0,
    0x7, 0xfc, 0x6, 0x4, 0x17, 0xfc, 0x26, 0x4,
    0x26, 0x4, 0x47, 0xfc, 0x46, 0x4, 0x6, 0x1c,

    /* U+6E10 "渐" */
    0x42, 0x3, 0x72, 0x1e, 0x1f, 0xd0, 0x6, 0x10,
    0x4, 0x10, 0x85, 0x10, 0xe5, 0x1f, 0x29, 0x12,
    0xf, 0xd2, 0x1, 0x12, 0x21, 0x12, 0x23, 0xd2,
    0x6f, 0x32, 0x41, 0x22, 0xc1, 0x22, 0x81, 0x42,

    /* U+6E29 "温" */
    0x0, 0x0, 0x19, 0xff, 0x6, 0x80, 0x80, 0x40,
    0x40, 0x3f, 0xe0, 0x10, 0x11, 0x88, 0x8, 0x67,
    0xfc, 0x0, 0x0, 0x1, 0xff, 0x86, 0x92, 0x42,
    0x49, 0x23, 0x24, 0x91, 0x12, 0x49, 0x89, 0x24,
    0x9f, 0xff,

    /* U+6E32 "渲" */
    0x20, 0x20, 0x18, 0x18, 0x3, 0xff, 0xe0, 0xc0,
    0x30, 0x60, 0x1a, 0xf, 0xf0, 0xc0, 0x0, 0x23,
    0xfc, 0x1, 0x2, 0x0, 0x81, 0x2, 0x7f, 0x83,
    0x20, 0x41, 0x1f, 0xe1, 0x80, 0x0, 0x80, 0x0,
    0x8f, 0xff,

    /* U+6E38 "游" */
    0x46, 0x18, 0x39, 0x8c, 0x4, 0x47, 0xe1, 0xfb,
    0xf0, 0x62, 0x6, 0x33, 0x1, 0x98, 0x7c, 0xf,
    0x4, 0x6, 0x84, 0x2, 0x42, 0xd, 0x2f, 0xe4,
    0x90, 0x82, 0x48, 0x43, 0x44, 0x21, 0x22, 0x10,
    0xa7, 0x38,

    /* U+6E83 "溃" */
    0x0, 0x10, 0x18, 0xff, 0x86, 0x44, 0xc0, 0x22,
    0x60, 0x1f, 0xf0, 0x0, 0x81, 0x9f, 0xfe, 0x20,
    0x0, 0x1, 0xff, 0x0, 0x81, 0x80, 0x44, 0xc3,
    0x22, 0x61, 0x13, 0x31, 0x89, 0x18, 0x81, 0xb0,
    0xc7, 0x6, 0x2, 0x0, 0x0,

    /* U+6EA2 "溢" */
    0x3, 0x6, 0x30, 0x82, 0x4, 0x63, 0x0, 0x0,
    0x0, 0x7f, 0xfa, 0x0, 0x1, 0x86, 0x30, 0x26,
    0x6, 0x4, 0x1, 0x1, 0xff, 0x4, 0x94, 0x84,
    0x4a, 0x42, 0x25, 0x21, 0x12, 0x91, 0x9, 0x48,
    0x9f, 0xff,

    /* U+6EDA "滚" */
    0x0, 0x40, 0x60, 0x60, 0x17, 0xff, 0x1, 0x8,
    0x1, 0xc, 0x6, 0x46, 0x6c, 0x91, 0x31, 0x18,
    0x3, 0xfc, 0x2, 0x64, 0x10, 0xa0, 0x13, 0x16,
    0x37, 0x1c, 0x29, 0x8, 0x61, 0x26, 0x43, 0xc3,
    0x0, 0x0,

    /* U+6EE1 "满" */
    0x1, 0x18, 0x41, 0x18, 0x3f, 0xff, 0x1, 0x18,
    0x0, 0x0, 0xf, 0xff, 0x80, 0x90, 0x60, 0x90,
    0x7, 0xfe, 0x4, 0x92, 0x4, 0x92, 0x25, 0x9a,
    0x25, 0x6a, 0x67, 0x26, 0x44, 0x42, 0xc4, 0x2,
    0x4, 0xe,

    /* U+6EF4 "滴" */
    0x0, 0x20, 0x60, 0x20, 0x37, 0xff, 0x1, 0x8,
    0x1, 0x88, 0x0, 0x88, 0x47, 0xfe, 0x64, 0x22,
    0x34, 0x22, 0x5, 0xfa, 0x4, 0x22, 0x14, 0xfa,
    0x14, 0x8a, 0x24, 0x8a, 0x24, 0xfa, 0x44, 0x82,
    0x44, 0xe,

    /* U+6F02 "漂" */
    0x67, 0xff, 0x88, 0x24, 0x0, 0xff, 0xc0, 0x49,
    0x2c, 0x24, 0x91, 0x9f, 0xf8, 0x0, 0x0, 0x7,
    0xfe, 0x10, 0x0, 0x8, 0x0, 0xd, 0xff, 0xe4,
    0x6, 0x6, 0x33, 0x22, 0x31, 0x8d, 0x3, 0x80,

    /* U+6F9C "澜" */
    0x0, 0x0, 0xc9, 0xfc, 0xc9, 0x8, 0x2, 0x10,
    0xbf, 0xb1, 0x8, 0x52, 0xfe, 0x85, 0xad, 0xb,
    0x6a, 0x55, 0xd4, 0xaf, 0xe9, 0x47, 0x14, 0x95,
    0x29, 0x49, 0x72, 0x10, 0x84, 0x7,

    /* U+706B "火" */
    0x1, 0x0, 0x1, 0x0, 0x1, 0x0, 0x1, 0x0,
    0x21, 0x6, 0x21, 0x4, 0x61, 0xc, 0x43, 0x8,
    0xc3, 0x10, 0x2, 0x80, 0x6, 0x80, 0x4, 0xc0,
    0xc, 0x60, 0x18, 0x30, 0x30, 0x18, 0xc0, 0x6,

    /* U+7070 "灰" */
    0x8, 0x0, 0x10, 0x3, 0xff, 0xf8, 0x40, 0x1,
    0x84, 0x2, 0x8, 0x4, 0x91, 0x9, 0x26, 0x36,
    0x48, 0x49, 0x81, 0x82, 0x82, 0x5, 0xc, 0x11,
    0x10, 0x61, 0x1, 0x81, 0x84, 0x1,

    /* U+70AD "炭" */
    0x1, 0x80, 0x41, 0x82, 0x41, 0x82, 0x7f, 0xfe,
    0x8, 0x0, 0x8, 0x0, 0xff, 0xff, 0x8, 0x0,
    0x18, 0x40, 0x12, 0x46, 0x32, 0x44, 0x24, 0xec,
    0x44, 0xa0, 0x81, 0x90, 0x3, 0x1c, 0x1c, 0x7,
    0x0, 0x0,

    /* U+70B9 "点" */
    0x1, 0x80, 0x1, 0x80, 0x1, 0x80, 0x1, 0xfe,
    0x1, 0x80, 0x1, 0x80, 0x3f, 0xfc, 0x20, 0x4,
    0x20, 0x4, 0x20, 0x4, 0x20, 0x4, 0x3f, 0xfc,
    0x0, 0x0, 0x20, 0x4, 0x22, 0x66, 0x42, 0x22,
    0xc2, 0x31,

    /* U+70C8 "烈" */
    0x0, 0x1, 0x3f, 0xe0, 0x83, 0x4, 0x41, 0x2,
    0x21, 0xfd, 0x11, 0x84, 0x89, 0xa2, 0x44, 0x9a,
    0x22, 0x3, 0x11, 0x3, 0x0, 0x87, 0x0, 0x4e,
    0x1, 0xe0, 0x0, 0x1, 0x91, 0x18, 0x8c, 0x84,
    0x86, 0x21, 0x0, 0x0, 0x0,

    /* U+70E6 "烦" */
    0x10, 0x0, 0x11, 0xff, 0x10, 0x10, 0x12, 0x10,
    0x56, 0xfe, 0x54, 0x82, 0x54, 0x92, 0x90, 0x92,
    0x10, 0x92, 0x10, 0x92, 0x10, 0x92, 0x38, 0x92,
    0x24, 0x38, 0x66, 0x2c, 0x40, 0xc6, 0x83, 0x81,

    /* U+70ED "热" */
    0x10, 0x40, 0x10, 0x40, 0x10, 0x40, 0xfd, 0xfc,
    0x10, 0x44, 0x10, 0x44, 0x1d, 0x44, 0xf1, 0xc4,
    0x90, 0xe4, 0x10, 0xb5, 0x11, 0x5, 0x72, 0x3,
    0x0, 0x0, 0x64, 0x44, 0x46, 0x62, 0x86, 0x23,
    0x0, 0x0,

    /* U+7126 "焦" */
    0x0, 0x0, 0x4, 0x20, 0x2, 0x10, 0x3, 0xff,
    0xe3, 0x4, 0x3, 0x82, 0x3, 0x7f, 0xf8, 0x20,
    0x80, 0x10, 0x40, 0xf, 0xff, 0x4, 0x10, 0x2,
    0x8, 0x1, 0xff, 0xf0, 0x80, 0x0, 0xc9, 0x98,
    0x44, 0x44, 0x62, 0x21, 0x21, 0x10, 0x80,

    /* U+7130 "焰" */
    0x10, 0x20, 0x10, 0x40, 0x10, 0x7e, 0x12, 0xc2,
    0x54, 0x86, 0x55, 0x84, 0x57, 0x8, 0xd0, 0x70,
    0x91, 0x8f, 0x11, 0x1, 0x11, 0x1, 0x39, 0xef,
    0x2d, 0x1, 0x65, 0x1, 0x41, 0xff, 0x81, 0x1,

    /* U+7136 "然" */
    0x8, 0x0, 0x8, 0x14, 0x1f, 0x12, 0x31, 0x12,
    0x29, 0xff, 0x46, 0x10, 0xa2, 0x10, 0x1c, 0x28,
    0xc, 0x28, 0x18, 0x44, 0x70, 0x86, 0x41, 0x3,
    0x0, 0x4, 0x22, 0x44, 0x62, 0x22, 0x42, 0x23,
    0x0, 0x0,

    /* U+7167 "照" */
    0x7d, 0xfe, 0x44, 0x22, 0x44, 0x22, 0x44, 0x42,
    0x7d, 0x8e, 0x7d, 0x0, 0x44, 0xfe, 0x44, 0x82,
    0x44, 0x82, 0x7c, 0x82, 0x40, 0xfe, 0x0, 0x0,
    0x24, 0x26, 0x62, 0x22, 0x42, 0x33, 0x0, 0x0,

    /* U+719F "熟" */
    0x10, 0x20, 0xff, 0x20, 0x0, 0x20, 0x7e, 0xfc,
    0x42, 0x24, 0x7e, 0x24, 0x0, 0xe4, 0xfe, 0x64,
    0x18, 0x74, 0xff, 0x55, 0x18, 0x85, 0x71, 0x3,
    0x0, 0x0, 0x64, 0x44, 0x44, 0x46, 0x84, 0x62,

    /* U+7206 "爆" */
    0x11, 0xff, 0x8, 0x80, 0x84, 0x7f, 0xca, 0xa0,
    0x25, 0x5f, 0xf2, 0xa2, 0x21, 0x67, 0xff, 0x20,
    0x88, 0x10, 0x44, 0x19, 0xff, 0xcc, 0x24, 0x85,
    0x7a, 0x72, 0xc5, 0x43, 0x26, 0xf1, 0xc, 0x4e,
    0x0, 0xe0,

    /* U+7231 "爱" */
    0x0, 0x0, 0x3f, 0xfa, 0x18, 0x8c, 0x8, 0x88,
    0x7f, 0xff, 0x40, 0x1, 0x42, 0x1, 0x2, 0x0,
    0x3f, 0xfe, 0x4, 0x0, 0x7, 0xfc, 0xa, 0x8,
    0x9, 0x90, 0x10, 0xe0, 0x63, 0xbc, 0x4e, 0x7,

    /* U+7247 "片" */
    0x0, 0x20, 0x10, 0x20, 0x10, 0x20, 0x10, 0x20,
    0x10, 0x20, 0x1f, 0xff, 0x10, 0x0, 0x10, 0x0,
    0x10, 0x0, 0x1f, 0xf8, 0x10, 0x8, 0x30, 0x8,
    0x20, 0x8, 0x20, 0x8, 0x40, 0x8, 0x40, 0x8,

    /* U+7248 "版" */
    0x8, 0x3, 0x24, 0x7f, 0x12, 0x20, 0x9, 0x10,
    0x4, 0x88, 0x3, 0xf7, 0xf9, 0x2, 0x84, 0x81,
    0x44, 0x40, 0xa2, 0x3e, 0x59, 0x13, 0x25, 0x9,
    0x92, 0x84, 0xc8, 0x86, 0x68, 0xe2, 0x34, 0xd9,
    0x1e, 0x82,

    /* U+724C "牌" */
    0x8, 0x30, 0x48, 0x20, 0x49, 0xff, 0x49, 0x13,
    0x49, 0x13, 0x7f, 0xff, 0x41, 0x13, 0x41, 0x23,
    0x41, 0xff, 0x7c, 0x68, 0x44, 0xc8, 0x45, 0x8,
    0x47, 0xff, 0x44, 0x8, 0x84, 0x8, 0x84, 0x8,

    /* U+7259 "牙" */
    0x7f, 0xfe, 0x0, 0x30, 0x10, 0x30, 0x30, 0x30,
    0x20, 0x30, 0x20, 0x30, 0x7f, 0xff, 0x0, 0xf0,
    0x1, 0xb0, 0x3, 0x30, 0x6, 0x30, 0x18, 0x30,
    0x70, 0x30, 0xc0, 0x30, 0x0, 0xe0,

    /* U+7269 "物" */
    0x10, 0x40, 0x50, 0xc0, 0x50, 0x80, 0xd0, 0xff,
    0xfd, 0x25, 0x93, 0x25, 0x92, 0x6d, 0x90, 0x49,
    0x14, 0xc9, 0x78, 0x99, 0xd1, 0x11, 0x13, 0x31,
    0x10, 0x21, 0x10, 0x43, 0x10, 0x82, 0x11, 0x1e,

    /* U+7279 "特" */
    0x10, 0x10, 0x10, 0x10, 0x51, 0xfe, 0x50, 0x10,
    0x7c, 0x10, 0x90, 0x10, 0x93, 0xff, 0x90, 0x4,
    0x10, 0x4, 0x1f, 0xff, 0xf0, 0x4, 0x10, 0x84,
    0x10, 0xc4, 0x10, 0x44, 0x10, 0x4, 0x10, 0x3c,

    /* U+72B6 "状" */
    0x8, 0x20, 0x4, 0x12, 0x12, 0x8, 0x89, 0x4,
    0x62, 0x82, 0x0, 0x5f, 0xf8, 0x20, 0x80, 0x10,
    0x60, 0x18, 0x70, 0x1c, 0x28, 0x1a, 0x16, 0x19,
    0x19, 0x0, 0x88, 0xc0, 0x48, 0x30, 0x2c, 0xc,
    0x14, 0x2,

    /* U+72EC "独" */
    0x0, 0x10, 0x22, 0x8, 0xa, 0x4, 0x6, 0x2,
    0x3, 0x1f, 0xf2, 0xc8, 0x88, 0x24, 0x44, 0x12,
    0x22, 0x19, 0x11, 0x1c, 0xff, 0x9a, 0x4, 0x9,
    0x2, 0x40, 0x81, 0x10, 0x40, 0x88, 0x6f, 0xfe,
    0xe4, 0x1,

    /* U+732B "猫" */
    0x0, 0x84, 0x24, 0x42, 0xe, 0x21, 0x6, 0xff,
    0xf7, 0x8, 0x46, 0xc4, 0x20, 0x20, 0x0, 0x37,
    0xfe, 0x1a, 0x21, 0x15, 0x10, 0x9a, 0x88, 0x59,
    0x7f, 0xe0, 0xa2, 0x10, 0x51, 0x8, 0x6f, 0xfc,
    0xe4, 0x2,

    /* U+7387 "率" */
    0x1, 0x0, 0x1, 0x80, 0xff, 0xff, 0x3, 0x0,
    0x66, 0x64, 0x17, 0xd8, 0x1, 0x80, 0x1b, 0x78,
    0x77, 0xe4, 0xc7, 0x13, 0x1, 0x80, 0xff, 0xff,
    0x1, 0x80, 0x1, 0x80, 0x1, 0x80, 0x1, 0x80,

    /* U+738B "王" */
    0x7f, 0xfe, 0x1, 0x80, 0x1, 0x80, 0x1, 0x80,
    0x1, 0x80, 0x1, 0x80, 0x1, 0x80, 0x3f, 0xfc,
    0x1, 0x80, 0x1, 0x80, 0x1, 0x80, 0x1, 0x80,
    0x1, 0x80, 0xff, 0xff,

    /* U+73A9 "玩" */
    0xfd, 0xff, 0x18, 0x0, 0xc, 0x0, 0x6, 0x0,
    0x3, 0x0, 0x1, 0x80, 0x3, 0xff, 0xfe, 0x60,
    0x90, 0x30, 0x48, 0x18, 0x24, 0xc, 0x12, 0x7,
    0x91, 0xe, 0x18, 0x88, 0x18, 0x44, 0x38, 0x3e,

    /* U+73AF "环" */
    0xfb, 0xff, 0x20, 0x30, 0x20, 0x20, 0x20, 0x20,
    0x20, 0x78, 0xf8, 0xe8, 0x20, 0xa4, 0x21, 0x22,
    0x23, 0x23, 0x20, 0x20, 0x38, 0x20, 0x70, 0x20,
    0x80, 0x20, 0x0, 0x20, 0x0, 0x20,

    /* U+73B0 "现" */
    0xfd, 0xfe, 0x31, 0x2, 0x31, 0x22, 0x31, 0x22,
    0x31, 0x22, 0xfd, 0x22, 0x31, 0x22, 0x31, 0x22,
    0x31, 0x22, 0x30, 0x70, 0x30, 0x50, 0x3c, 0x51,
    0xe0, 0x91, 0x1, 0x11, 0x6, 0x1f, 0x0, 0x0,

    /* U+73CD "珍" */
    0x0, 0x30, 0x7e, 0x18, 0xc, 0x12, 0x6, 0x18,
    0x83, 0x18, 0x31, 0xb1, 0x8b, 0xf1, 0x80, 0x63,
    0x8, 0x30, 0x8, 0x18, 0x18, 0xc, 0x18, 0xc7,
    0xb0, 0xc7, 0x80, 0xc6, 0x1, 0xc0, 0x3, 0x80,
    0x3, 0x0,

    /* U+73E0 "珠" */
    0x0, 0x10, 0x7e, 0x48, 0xc, 0x24, 0x6, 0x3f,
    0xc3, 0x11, 0x1, 0x88, 0x83, 0xf8, 0x41, 0xf8,
    0x20, 0x33, 0xff, 0x18, 0x1c, 0xc, 0x1e, 0x6,
    0x1a, 0x83, 0xd9, 0x67, 0x18, 0x98, 0x18, 0x44,
    0x0, 0x20,

    /* U+7403 "球" */
    0x0, 0x14, 0x7e, 0x9, 0xc, 0x4, 0x6, 0x7f,
    0xf3, 0x1, 0x1, 0x88, 0x8b, 0xf6, 0x4c, 0x61,
    0x34, 0x30, 0x1c, 0x18, 0x1c, 0xc, 0x15, 0x6,
    0x92, 0xc3, 0xd1, 0x26, 0x10, 0x8c, 0x0, 0x42,
    0x1, 0xe0,

    /* U+7406 "理" */
    0xfd, 0xff, 0x18, 0x88, 0x8c, 0x44, 0x46, 0x3f,
    0xe3, 0x11, 0x17, 0xe8, 0x8b, 0xf4, 0x44, 0x63,
    0xfe, 0x30, 0x10, 0x18, 0x8, 0xc, 0x7f, 0xc7,
    0x82, 0xf, 0x1, 0x4, 0x0, 0x80, 0x1f, 0xfe,

    /* U+74F6 "瓶" */
    0x2, 0x0, 0x26, 0xff, 0x24, 0x40, 0x4, 0x40,
    0xff, 0x40, 0x24, 0x7c, 0x24, 0x44, 0x24, 0x44,
    0x24, 0x64, 0xff, 0x54, 0x24, 0x54, 0x24, 0x54,
    0x24, 0x44, 0x44, 0x45, 0x44, 0xbd, 0x84, 0xc7,

    /* U+751F "生" */
    0x1, 0x80, 0x11, 0x80, 0x11, 0x80, 0x31, 0x80,
    0x3f, 0xfe, 0x61, 0x80, 0x41, 0x80, 0x81, 0x80,
    0x1, 0x80, 0x3f, 0xfe, 0x1, 0x80, 0x1, 0x80,
    0x1, 0x80, 0x1, 0x80, 0x1, 0x80, 0xff, 0xff,

    /* U+7528 "用" */
    0x3f, 0xfe, 0x41, 0x4, 0x82, 0x9, 0x4, 0x13,
    0xff, 0xe4, 0x10, 0x48, 0x20, 0x90, 0x41, 0x20,
    0x82, 0x7f, 0xfc, 0x82, 0x9, 0x4, 0x14, 0x8,
    0x28, 0x10, 0x60, 0x27, 0x80,

    /* U+7531 "由" */
    0x2, 0x0, 0x8, 0x0, 0x20, 0x0, 0x80, 0xff,
    0xfe, 0x8, 0x18, 0x20, 0x60, 0x81, 0x82, 0x7,
    0xff, 0xf8, 0x20, 0x60, 0x81, 0x82, 0x6, 0x8,
    0x1f, 0xff, 0xe0, 0x1,

    /* U+7535 "电" */
    0x2, 0x0, 0x4, 0x0, 0x8, 0x7, 0xff, 0xc8,
    0x20, 0x90, 0x41, 0x3f, 0xfe, 0x41, 0x4, 0x82,
    0x9, 0x4, 0x13, 0xff, 0xe4, 0x10, 0x8, 0x20,
    0x60, 0x40, 0xc0, 0x81, 0x0, 0xfe,

    /* U+753B "画" */
    0xff, 0xfc, 0x0, 0x0, 0x0, 0x7, 0xf8, 0x91,
    0x26, 0x44, 0x99, 0x12, 0x67, 0xf9, 0x91, 0x26,
    0x44, 0x99, 0xfe, 0x60, 0x1, 0x80, 0x7, 0xff,
    0xf0, 0x0, 0x40,

    /* U+754C "界" */
    0x3f, 0xfe, 0x10, 0x43, 0x8, 0x21, 0x84, 0x10,
    0xc3, 0xff, 0xe1, 0x4, 0x30, 0x82, 0x18, 0x7f,
    0xfc, 0x6, 0x30, 0xe, 0xc, 0x1d, 0x5, 0xd8,
    0x82, 0x20, 0x41, 0x0, 0x40, 0x80, 0x60, 0x40,
    0x40, 0x20,

    /* U+7559 "留" */
    0x4, 0x0, 0xf1, 0xfd, 0x0, 0x8a, 0x41, 0x14,
    0x46, 0x28, 0xc8, 0x5f, 0xb0, 0xa0, 0xcf, 0x0,
    0x0, 0x7f, 0xf8, 0x84, 0x11, 0x8, 0x23, 0xff,
    0xc4, 0x20, 0x88, 0x41, 0x1f, 0xfe,

    /* U+7565 "略" */
    0x0, 0x60, 0xfc, 0x40, 0xa4, 0xfe, 0xa5, 0x86,
    0xa7, 0xc4, 0xa6, 0x68, 0xfc, 0x30, 0xa4, 0x78,
    0xa4, 0xcc, 0xa7, 0x3, 0xa7, 0xfe, 0xa5, 0x2,
    0xfd, 0x2, 0x81, 0x2, 0x1, 0x2, 0x1, 0xfe,

    /* U+7597 "疗" */
    0x0, 0x40, 0x0, 0x40, 0x1f, 0xff, 0x90, 0x0,
    0x50, 0x0, 0x77, 0xff, 0x10, 0x6, 0x10, 0x18,
    0x30, 0x30, 0x70, 0x20, 0x90, 0x20, 0x30, 0x20,
    0x20, 0x20, 0x20, 0x20, 0x40, 0x20, 0x41, 0xe0,

    /* U+75C5 "病" */
    0x0, 0x40, 0x0, 0x30, 0x7, 0xff, 0xe2, 0x0,
    0x5, 0x0, 0x2, 0xbf, 0xfd, 0xc0, 0x80, 0x20,
    0x40, 0x17, 0xff, 0x1a, 0x10, 0xbd, 0xc, 0x52,
    0x8b, 0x22, 0x58, 0xd1, 0x28, 0x29, 0x10, 0x4,
    0x88, 0xe,

    /* U+75D5 "痕" */
    0x0, 0x40, 0x0, 0x30, 0x7, 0xff, 0xc2, 0x0,
    0x5, 0x3f, 0xe2, 0x90, 0x11, 0xc8, 0x8, 0x27,
    0xfc, 0x12, 0x2, 0x9, 0x1, 0x1c, 0xff, 0x92,
    0x44, 0x22, 0x23, 0x61, 0x10, 0xe0, 0x88, 0xb0,
    0x87, 0x8c, 0x42, 0x1, 0x0,

    /* U+75DB "痛" */
    0x0, 0xc0, 0x0, 0x20, 0x7, 0xff, 0xe2, 0x0,
    0x5, 0x3f, 0xe2, 0x80, 0x60, 0x43, 0xc0, 0x27,
    0xfe, 0x12, 0x21, 0x19, 0x10, 0xb4, 0xff, 0xc2,
    0x44, 0x22, 0x3f, 0xf1, 0x11, 0x9, 0x88, 0x84,
    0x84, 0x4e,

    /* U+7626 "瘦" */
    0x0, 0x40, 0x0, 0x30, 0x7, 0xff, 0xe2, 0x0,
    0x9, 0x2, 0x2, 0xb9, 0xf1, 0xd0, 0x88, 0x2e,
    0x7c, 0x14, 0x22, 0x1b, 0xff, 0x1c, 0x8, 0x1a,
    0x4, 0x9, 0x7f, 0xe1, 0x10, 0x20, 0x86, 0x20,
    0x41, 0xe0, 0x43, 0xde, 0x26, 0x1, 0x80,

    /* U+767D "白" */
    0x6, 0x0, 0x30, 0x1, 0x1, 0xff, 0xf8, 0x0,
    0xc0, 0x6, 0x0, 0x30, 0x1, 0xff, 0xfc, 0x0,
    0x60, 0x3, 0x0, 0x18, 0x0, 0xc0, 0x7, 0xff,
    0xf0, 0x1,

    /* U+7684 "的" */
    0x10, 0x40, 0x60, 0x80, 0x83, 0x7, 0xe7, 0xf8,
    0x48, 0x30, 0xa0, 0x61, 0xc0, 0xc2, 0x61, 0xfc,
    0x63, 0x8, 0x46, 0x10, 0x4c, 0x20, 0x18, 0x40,
    0x3f, 0x80, 0xe0, 0x1, 0x40, 0x1e,

    /* U+7686 "皆" */
    0x40, 0x80, 0x81, 0x19, 0xfa, 0xe2, 0x6, 0x4,
    0x8, 0x2b, 0xd0, 0x7c, 0x3f, 0x81, 0x0, 0x6,
    0x0, 0xff, 0xf1, 0x0, 0x22, 0x0, 0x47, 0xff,
    0x88, 0x1, 0x10, 0x2, 0x3f, 0xfc,

    /* U+76AE "皮" */
    0x0, 0x80, 0x0, 0x80, 0x3f, 0xfe, 0x20, 0x82,
    0x20, 0x86, 0x20, 0x84, 0x20, 0x80, 0x3f, 0xfc,
    0x24, 0xc, 0x26, 0x8, 0x22, 0x18, 0x21, 0x30,
    0x40, 0xe0, 0x41, 0xe0, 0x47, 0x38, 0x9c, 0xf,

    /* U+76D6 "盖" */
    0x8, 0x10, 0x4, 0x30, 0x7f, 0xfe, 0x1, 0x80,
    0x1, 0x80, 0x3f, 0xfc, 0x1, 0x80, 0x1, 0x80,
    0xff, 0xff, 0x0, 0x0, 0x3f, 0xfc, 0x22, 0x44,
    0x22, 0x44, 0x22, 0x44, 0x22, 0x44, 0xff, 0xff,

    /* U+76EE "目" */
    0xff, 0xf8, 0x1, 0x80, 0x18, 0x1, 0xff, 0xf8,
    0x1, 0x80, 0x18, 0x1, 0x80, 0x1f, 0xff, 0x80,
    0x18, 0x1, 0x80, 0x1f, 0xff, 0x80, 0x10,

    /* U+76F4 "直" */
    0x1, 0x80, 0x1, 0x0, 0x7f, 0xfe, 0x1, 0x0,
    0x1f, 0xfc, 0x10, 0xc, 0x10, 0xc, 0x1f, 0xfc,
    0x10, 0xc, 0x1f, 0xfc, 0x10, 0xc, 0x10, 0xc,
    0x1f, 0xfc, 0x10, 0xc, 0x10, 0xc, 0xff, 0xff,

    /* U+76F8 "相" */
    0x10, 0x0, 0x10, 0xff, 0x10, 0x81, 0x10, 0x81,
    0xfe, 0x81, 0x10, 0xff, 0x30, 0x81, 0x38, 0x81,
    0x34, 0x81, 0x56, 0x81, 0x52, 0xff, 0x90, 0x81,
    0x90, 0x81, 0x10, 0x81, 0x10, 0xff, 0x10, 0x81,

    /* U+7709 "眉" */
    0x3f, 0xfe, 0x41, 0x4, 0x82, 0x9, 0xff, 0xf2,
    0x0, 0x4, 0x0, 0x9, 0xff, 0x92, 0x1, 0x27,
    0xfe, 0x48, 0x4, 0x90, 0xa, 0x3f, 0xf4, 0x40,
    0x28, 0x80, 0x61, 0xff, 0x80,

    /* U+770B "看" */
    0x0, 0x4, 0x7f, 0xf8, 0x3, 0x0, 0x7f, 0xfe,
    0x6, 0x0, 0x4, 0x0, 0xff, 0xff, 0x8, 0x0,
    0x1f, 0xfc, 0x38, 0x4, 0x6f, 0xfc, 0x88, 0x4,
    0xf, 0xfc, 0x8, 0x4, 0x8, 0x4, 0xf, 0xfc,

    /* U+771F "真" */
    0x1, 0x0, 0x1, 0x80, 0xff, 0xff, 0x1, 0x0,
    0x1f, 0xf8, 0x10, 0x8, 0x1f, 0xf8, 0x10, 0x8,
    0x1f, 0xf8, 0x10, 0x8, 0x1f, 0xf8, 0x10, 0x8,
    0xff, 0xff, 0x0, 0x20, 0x1c, 0x1c, 0xf0, 0x7,

    /* U+7720 "眠" */
    0xfb, 0xfe, 0x8a, 0x2, 0x8a, 0x2, 0x8a, 0x2,
    0xfb, 0xfe, 0x8a, 0x20, 0x8a, 0x20, 0x8a, 0x20,
    0xfb, 0xfe, 0x8a, 0x20, 0x8a, 0x10, 0xfa, 0x10,
    0x82, 0x11, 0x83, 0xca, 0x7, 0xe,

    /* U+772F "眯" */
    0x0, 0x20, 0xfb, 0x22, 0x89, 0x26, 0x89, 0x24,
    0x89, 0xa4, 0xf8, 0xa8, 0x88, 0x20, 0x8b, 0xfe,
    0xf8, 0x70, 0x88, 0xa8, 0x88, 0xa8, 0x89, 0x24,
    0xfb, 0x26, 0x86, 0x23, 0x84, 0x21, 0x0, 0x20,

    /* U+773C "眼" */
    0xf9, 0xfe, 0x89, 0x2, 0x89, 0x2, 0x89, 0xfe,
    0xf9, 0x2, 0x89, 0x2, 0x89, 0x2, 0x89, 0xfe,
    0xf9, 0x20, 0x89, 0x33, 0x89, 0x1c, 0xf9, 0x18,
    0x81, 0xc, 0x81, 0xe6, 0x3, 0x83,

    /* U+7740 "着" */
    0x4, 0x0, 0x2, 0x4, 0x0, 0x86, 0x7, 0xff,
    0xe0, 0x18, 0x0, 0xff, 0xf0, 0x4, 0x0, 0x6,
    0x0, 0x7f, 0xff, 0x82, 0x0, 0x3, 0xff, 0x83,
    0x80, 0x43, 0x7f, 0xe3, 0x20, 0x11, 0x1f, 0xf8,
    0x8, 0x4, 0x7, 0xfe, 0x0,

    /* U+775B "睛" */
    0x0, 0x20, 0xf3, 0xff, 0x90, 0x20, 0x93, 0xfe,
    0xf0, 0x20, 0xf0, 0x20, 0x97, 0xff, 0x90, 0x0,
    0x93, 0xfe, 0xf3, 0x6, 0x93, 0xfe, 0x93, 0x6,
    0xf3, 0xfe, 0x83, 0x6, 0x83, 0x6, 0x3, 0x1c,

    /* U+7761 "睡" */
    0x0, 0xc, 0xf3, 0xf8, 0x90, 0x20, 0x90, 0x20,
    0x97, 0xff, 0xf7, 0xff, 0x91, 0x24, 0x91, 0x24,
    0x97, 0xff, 0xf1, 0x24, 0x91, 0x24, 0x97, 0xff,
    0xf0, 0x20, 0x80, 0x20, 0x80, 0x20, 0x3, 0xfe,

    /* U+77E5 "知" */
    0x20, 0x0, 0xc0, 0xfd, 0xf9, 0xa, 0x42, 0x1c,
    0x84, 0x31, 0x8, 0x42, 0x10, 0xff, 0xa1, 0x18,
    0x42, 0x30, 0x84, 0x71, 0x8, 0xa2, 0x13, 0x24,
    0x24, 0x2f, 0xd0, 0x10, 0xe0, 0x21,

    /* U+77ED "短" */
    0x20, 0x0, 0x30, 0xff, 0xd0, 0x0, 0xf, 0xc0,
    0x5, 0xf, 0xf4, 0x84, 0x8, 0x42, 0x5, 0xfd,
    0x2, 0x10, 0xff, 0x8, 0x0, 0x6, 0x10, 0x87,
    0x88, 0x42, 0x46, 0x23, 0x31, 0x21, 0x0, 0x11,
    0x3, 0xff,

    /* U+77F3 "石" */
    0x7f, 0xff, 0x81, 0x80, 0x0, 0x80, 0x0, 0xc0,
    0x0, 0x40, 0x0, 0x60, 0x0, 0x3f, 0xfc, 0x38,
    0x2, 0x3c, 0x1, 0x36, 0x0, 0x93, 0x0, 0x41,
    0x80, 0x20, 0xc0, 0x10, 0x7f, 0xf8, 0x30, 0x4,

    /* U+7801 "码" */
    0xfd, 0xfc, 0x20, 0x4, 0x20, 0x84, 0x20, 0x84,
    0x60, 0x84, 0x41, 0x84, 0x79, 0x8c, 0xc9, 0xff,
    0xc8, 0x1, 0x48, 0x3, 0x4b, 0xfb, 0x48, 0x2,
    0x78, 0x2, 0x40, 0x2, 0x0, 0x1c,

    /* U+7840 "础" */
    0x0, 0x11, 0xfa, 0x24, 0x84, 0x49, 0x8, 0x92,
    0x11, 0x28, 0x22, 0x5f, 0x7f, 0xa2, 0x8, 0xc4,
    0x11, 0x8a, 0x25, 0x14, 0x4a, 0x28, 0x94, 0x51,
    0x2f, 0xa2, 0x50, 0x7f, 0xa0, 0x1,

    /* U+786C "硬" */
    0xff, 0xff, 0x10, 0x8, 0x8, 0x4, 0x4, 0x3f,
    0xe4, 0x11, 0x13, 0xef, 0xf9, 0x14, 0x45, 0x8a,
    0x22, 0xc5, 0xff, 0x22, 0x8, 0x11, 0x64, 0x8,
    0x94, 0x7, 0xc6, 0x2, 0x7, 0x81, 0xe, 0x3c,
    0x4, 0x2,

    /* U+786E "确" */
    0x0, 0x0, 0xfc, 0x40, 0xfc, 0xfe, 0x20, 0x8c,
    0x21, 0x8, 0x21, 0x8, 0x63, 0xff, 0x41, 0x11,
    0x79, 0x11, 0xc9, 0xff, 0xc9, 0x11, 0x49, 0x11,
    0x49, 0xff, 0x49, 0x11, 0x7a, 0x11, 0x42, 0x11,
    0x44, 0x17,

    /* U+788D "碍" */
    0xfd, 0xfe, 0xfd, 0x2, 0x21, 0x2, 0x21, 0xfe,
    0x21, 0x2, 0x41, 0xfe, 0x7c, 0x0, 0xfc, 0x0,
    0xcf, 0xff, 0xcc, 0x4, 0x4f, 0xff, 0x4c, 0x4,
    0x4c, 0x84, 0x7c, 0x44, 0x40, 0x4, 0x40, 0x3c,

    /* U+78B0 "碰" */
    0x0, 0x0, 0x0, 0x42, 0x3f, 0x21, 0x4, 0x9,
    0x2, 0x3f, 0xf1, 0x2, 0x41, 0x81, 0x20, 0xf4,
    0x92, 0x4a, 0x49, 0x64, 0xa5, 0xb2, 0x52, 0x99,
    0x29, 0x44, 0x94, 0xa2, 0x42, 0x41, 0xe1, 0x20,
    0x80, 0x90, 0x43, 0xff, 0x80,

    /* U+793A "示" */
    0x3f, 0xfc, 0x0, 0x0, 0x0, 0x0, 0x0, 0x0,
    0x0, 0x0, 0xff, 0xff, 0x1, 0x80, 0x1, 0x80,
    0x11, 0x88, 0x31, 0x8c, 0x21, 0x84, 0x61, 0x82,
    0xc1, 0x83, 0x81, 0x80, 0xf, 0x0,

    /* U+798F "福" */
    0x10, 0x0, 0x2, 0x3f, 0xf0, 0x80, 0x1, 0xfd,
    0xfe, 0x2, 0x40, 0x81, 0x90, 0x20, 0xc7, 0xf8,
    0x60, 0x0, 0x3c, 0x0, 0x1e, 0xbf, 0xf6, 0x98,
    0x84, 0x23, 0xff, 0x8, 0x88, 0x42, 0x22, 0x10,
    0x88, 0x84, 0x23, 0xff,

    /* U+79BB "离" */
    0x1, 0x0, 0x1, 0x80, 0xff, 0xff, 0x26, 0x64,
    0x21, 0x84, 0x26, 0x64, 0x20, 0x4, 0x3f, 0xfc,
    0x1, 0x80, 0x1, 0x0, 0x7f, 0xfe, 0x42, 0x2,
    0x44, 0x22, 0x4f, 0xf2, 0x40, 0x2, 0x40, 0xe,

    /* U+79C1 "私" */
    0x2, 0x10, 0x1f, 0x8, 0x1a, 0x4, 0x1, 0x6,
    0x0, 0x83, 0x3, 0xf9, 0x0, 0x20, 0x80, 0x38,
    0xc8, 0x1a, 0x44, 0x14, 0xa3, 0x1a, 0x30, 0x89,
    0x10, 0x40, 0x88, 0x30, 0x4f, 0xf8, 0x26, 0x6,
    0x10, 0x0,

    /* U+79CD "种" */
    0x4, 0x10, 0x78, 0x10, 0x90, 0x10, 0x10, 0x10,
    0x11, 0xff, 0xfd, 0x11, 0x31, 0x11, 0x39, 0x11,
    0x5d, 0x11, 0x55, 0xff, 0xd1, 0x11, 0x91, 0x11,
    0x10, 0x10, 0x10, 0x10, 0x10, 0x10, 0x10, 0x10,

    /* U+79D2 "秒" */
    0x4, 0x10, 0x3e, 0x8, 0x24, 0x4, 0x2, 0x12,
    0x41, 0x9, 0x27, 0xf4, 0x88, 0x42, 0x44, 0x73,
    0x23, 0x35, 0x10, 0x3b, 0x9, 0x14, 0x4, 0x92,
    0x0, 0x89, 0x0, 0x80, 0x81, 0x80, 0x43, 0x80,
    0x26, 0x0,

    /* U+79F0 "称" */
    0x1c, 0xc0, 0xf0, 0x80, 0x10, 0xff, 0x11, 0x93,
    0x11, 0x12, 0xff, 0x12, 0x32, 0x10, 0x30, 0x96,
    0x58, 0x92, 0x55, 0x92, 0x51, 0x13, 0x91, 0x11,
    0x92, 0x11, 0x10, 0x10, 0x10, 0x10, 0x10, 0x70,

    /* U+79FB "移" */
    0x0, 0x30, 0x3c, 0x60, 0xd0, 0xfe, 0x11, 0x84,
    0x12, 0xcc, 0xfc, 0x30, 0x30, 0xf8, 0x3b, 0x90,
    0x38, 0x3f, 0x54, 0x43, 0x51, 0x82, 0x90, 0x64,
    0x90, 0x18, 0x10, 0x30, 0x10, 0xe0, 0x13, 0x0,

    /* U+7A0B "程" */
    0x0, 0x0, 0x1f, 0x7f, 0xb6, 0x20, 0x43, 0x10,
    0x21, 0x88, 0x17, 0xf7, 0xf8, 0x60, 0x0, 0x70,
    0x0, 0x3d, 0xff, 0xbf, 0x8, 0x16, 0x4, 0x13,
    0x1f, 0xe9, 0x81, 0x0, 0xc0, 0x80, 0x60, 0x40,
    0x37, 0xff,

    /* U+7A0D "稍" */
    0x9, 0x11, 0x78, 0x88, 0x84, 0x24, 0xc2, 0x12,
    0x41, 0x1, 0x7, 0xef, 0xf8, 0xc4, 0x4, 0x72,
    0x2, 0x79, 0xff, 0x2a, 0x80, 0xb4, 0x40, 0x52,
    0x3f, 0xe9, 0x10, 0x10, 0x88, 0x8, 0x44, 0x4,
    0x22, 0x1e,

    /* U+7A33 "稳" */
    0xc, 0xc0, 0xf0, 0xfc, 0x11, 0x8, 0x12, 0x8,
    0x11, 0xfe, 0xfc, 0x2, 0xfc, 0x2, 0x31, 0xfe,
    0x38, 0x2, 0x57, 0xfe, 0x50, 0x20, 0x90, 0x32,
    0x92, 0x92, 0x12, 0x85, 0x14, 0x85, 0x10, 0xfc,

    /* U+7A7A "空" */
    0x1, 0x0, 0x2, 0x3, 0xff, 0xfc, 0x0, 0x18,
    0x44, 0x31, 0x8e, 0xc, 0x6, 0x70, 0x3, 0x0,
    0x0, 0x7f, 0xf0, 0x4, 0x0, 0x8, 0x0, 0x10,
    0x0, 0x20, 0x0, 0x40, 0x7f, 0xff,

    /* U+7A81 "突" */
    0x1, 0x0, 0x1, 0x80, 0xff, 0xff, 0xc0, 0x3,
    0xc4, 0x63, 0x18, 0x18, 0x71, 0x86, 0x1, 0xb0,
    0x1, 0x18, 0xff, 0xff, 0x3, 0x80, 0x2, 0x40,
    0x6, 0x60, 0xc, 0x30, 0x70, 0x1e, 0xc0, 0x3,

    /* U+7A97 "窗" */
    0x1, 0x0, 0x2, 0x3, 0xff, 0xfc, 0x0, 0x18,
    0xc3, 0x26, 0x61, 0xb0, 0x80, 0xbf, 0xfe, 0x60,
    0x4, 0xc8, 0x9, 0x9f, 0xd3, 0x41, 0x26, 0x34,
    0x4c, 0x38, 0x99, 0x8d, 0x34, 0x2, 0x7f, 0xfc,

    /* U+7ACB "立" */
    0x0, 0x0, 0x1, 0x0, 0x1, 0x80, 0x0, 0x0,
    0x7f, 0xfe, 0x0, 0x0, 0x18, 0x18, 0x8, 0x18,
    0x8, 0x10, 0x8, 0x10, 0xc, 0x30, 0xc, 0x30,
    0x4, 0x20, 0x4, 0x20, 0x4, 0x60, 0x0, 0x40,
    0xff, 0xff,

    /* U+7AD6 "竖" */
    0xc, 0x0, 0x4d, 0xfe, 0x4c, 0x84, 0x4c, 0xcc,
    0x4c, 0x48, 0x4c, 0x30, 0x4c, 0x78, 0x4f, 0x8e,
    0xd, 0x1, 0x1, 0x80, 0x7f, 0xfe, 0x18, 0x18,
    0x8, 0x10, 0xc, 0x10, 0x0, 0x30, 0xff, 0xff,

    /* U+7AD9 "站" */
    0x0, 0x20, 0x10, 0x20, 0x10, 0x20, 0x0, 0x20,
    0xfe, 0x3f, 0x4, 0x20, 0x44, 0x20, 0x44, 0x20,
    0x4c, 0x20, 0x49, 0xfe, 0x69, 0x2, 0x29, 0x2,
    0x3f, 0x2, 0xe1, 0x2, 0x1, 0xfe, 0x1, 0x2,

    /* U+7AEF "端" */
    0x20, 0x30, 0x18, 0x98, 0x84, 0x4c, 0x5f, 0xa6,
    0x20, 0x1f, 0xf2, 0x40, 0x1, 0x2f, 0xfe, 0x90,
    0x60, 0x48, 0x20, 0x25, 0xff, 0x94, 0x92, 0x4a,
    0x49, 0x23, 0xe4, 0x97, 0x12, 0x48, 0x9, 0x24,
    0x4, 0x96,

    /* U+7B11 "笑" */
    0x30, 0x40, 0x20, 0x40, 0x7f, 0xff, 0x48, 0x98,
    0x89, 0x8, 0x0, 0x7c, 0x7f, 0xe0, 0x1, 0x80,
    0x1, 0x80, 0x1, 0x0, 0xff, 0xff, 0x3, 0x80,
    0x2, 0x40, 0x4, 0x20, 0x18, 0x18, 0xf0, 0xe,
    0x0, 0x1,

    /* U+7B26 "符" */
    0x10, 0x60, 0x30, 0x40, 0x3f, 0xff, 0x68, 0x90,
    0xc9, 0x8, 0x8, 0x8, 0x10, 0x8, 0x37, 0xff,
    0x30, 0x8, 0x72, 0x8, 0x51, 0x8, 0x11, 0x88,
    0x10, 0x88, 0x10, 0x8, 0x10, 0x8, 0x10, 0x78,

    /* U+7B28 "笨" */
    0x20, 0x60, 0x20, 0x40, 0x7f, 0xff, 0x48, 0x90,
    0x89, 0x8, 0x1, 0x80, 0x1, 0x80, 0xff, 0xff,
    0x3, 0xc0, 0x5, 0xa0, 0x9, 0x90, 0x19, 0x88,
    0x21, 0x86, 0xdf, 0xf3, 0x81, 0x80, 0x1, 0x80,

    /* U+7B2C "第" */
    0x10, 0x20, 0x10, 0x20, 0x3f, 0xbf, 0x24, 0x48,
    0x64, 0xc4, 0x44, 0x0, 0x3f, 0xfe, 0x0, 0x82,
    0x0, 0x82, 0x1f, 0xfe, 0x30, 0x80, 0x20, 0x80,
    0x3f, 0xff, 0x3, 0x82, 0x6, 0x82, 0x8, 0x82,
    0x30, 0x9e,

    /* U+7B49 "等" */
    0x20, 0x40, 0x20, 0x40, 0x7f, 0xff, 0x58, 0x90,
    0xc9, 0x98, 0x1, 0x80, 0x3f, 0xfc, 0x1, 0x80,
    0x1, 0x80, 0xff, 0xff, 0x0, 0x10, 0x0, 0x10,
    0x7f, 0xff, 0x18, 0x10, 0xc, 0x10, 0x2, 0x10,
    0x0, 0xf0,

    /* U+7B7E "签" */
    0x20, 0x40, 0x20, 0x40, 0x7f, 0xff, 0x49, 0x98,
    0x89, 0x88, 0x83, 0xc0, 0x6, 0x60, 0x18, 0x1c,
    0xef, 0xf7, 0x80, 0x0, 0x21, 0xc, 0x11, 0x88,
    0x18, 0x98, 0x8, 0x90, 0x0, 0x30, 0xff, 0xff,

    /* U+7B80 "简" */
    0x0, 0x40, 0x30, 0x40, 0x3f, 0x7f, 0x4c, 0x88,
    0x84, 0x8, 0x37, 0xfe, 0x18, 0x2, 0x40, 0x2,
    0x47, 0xe2, 0x44, 0x22, 0x44, 0x22, 0x47, 0xe2,
    0x44, 0x22, 0x47, 0xe2, 0x40, 0x2, 0x40, 0x1e,

    /* U+7B97 "算" */
    0x20, 0x40, 0x7f, 0xff, 0x48, 0x98, 0x89, 0x8,
    0x3f, 0xfc, 0x20, 0x4, 0x3f, 0xfc, 0x20, 0x4,
    0x3f, 0xfc, 0x20, 0x4, 0x3f, 0xfc, 0x4, 0x10,
    0xff, 0xff, 0x8, 0x10, 0x30, 0x10, 0x60, 0x10,

    /* U+7BA1 "管" */
    0x0, 0x0, 0x40, 0x81, 0xfd, 0xfa, 0x46, 0xcc,
    0x88, 0x80, 0x30, 0x1f, 0xff, 0xa0, 0x1, 0x5f,
    0xfa, 0x20, 0x10, 0x40, 0x20, 0xff, 0xc1, 0x0,
    0x3, 0xff, 0x84, 0x1, 0x8, 0x2, 0x1f, 0xfc,

    /* U+7C3F "簿" */
    0x0, 0x0, 0x20, 0x40, 0x7e, 0xff, 0x58, 0xb0,
    0x89, 0x14, 0x80, 0x66, 0x4f, 0xff, 0x30, 0x60,
    0x7, 0xfe, 0x87, 0xfe, 0xe4, 0x62, 0x27, 0xfe,
    0x10, 0x8, 0x2f, 0xff, 0x23, 0x8, 0x41, 0x88,
    0x0, 0x38,

    /* U+7C73 "米" */
    0x1, 0x80, 0x61, 0x86, 0x21, 0x84, 0x31, 0x8c,
    0x11, 0x88, 0x11, 0x98, 0x1, 0x80, 0xff, 0xff,
    0x3, 0xc0, 0x7, 0xe0, 0xd, 0xb0, 0x19, 0x98,
    0x31, 0x8c, 0x61, 0x87, 0xc1, 0x81, 0x1, 0x80,

    /* U+7C7B "类" */
    0x1, 0x0, 0x31, 0x18, 0x19, 0x30, 0xff, 0xfe,
    0xff, 0xfe, 0x5, 0xe0, 0x19, 0x38, 0x71, 0xc,
    0xc0, 0x2, 0x1, 0x0, 0x1, 0x0, 0xff, 0xfe,
    0x2, 0x80, 0x6, 0xc0, 0x1c, 0x70, 0xf0, 0x1e,
    0x80, 0x2,

    /* U+7C89 "粉" */
    0x10, 0x4, 0x4b, 0x12, 0x25, 0x19, 0xa, 0x88,
    0xc5, 0x8c, 0x20, 0x8c, 0x1b, 0xfc, 0x6, 0x61,
    0xfc, 0x30, 0x22, 0x2c, 0x11, 0x15, 0x8, 0x9a,
    0x88, 0x49, 0x4, 0x24, 0x84, 0x10, 0x46, 0x18,
    0x26, 0x38,

    /* U+7C92 "粒" */
    0x10, 0x20, 0x94, 0x20, 0x94, 0x30, 0x57, 0xff,
    0x58, 0x0, 0x10, 0x4, 0xfc, 0x84, 0x30, 0x84,
    0x30, 0x84, 0x58, 0x84, 0x5c, 0xcc, 0x54, 0x48,
    0x90, 0x48, 0x90, 0x48, 0x10, 0x8, 0x13, 0xff,

    /* U+7CBE "精" */
    0x10, 0x10, 0x4a, 0xff, 0x95, 0x4, 0xa, 0x9f,
    0xe5, 0x81, 0x0, 0x80, 0x83, 0xf7, 0xfe, 0x60,
    0x0, 0x38, 0xff, 0x1c, 0x40, 0x95, 0x3f, 0xda,
    0x10, 0x29, 0xf, 0xf4, 0x84, 0x8, 0x42, 0x4,
    0x21, 0xe,

    /* U+7CCA "糊" */
    0x20, 0x80, 0x20, 0x9f, 0xa8, 0x91, 0xa8, 0x91,
    0x6f, 0xf1, 0x20, 0x9f, 0xf8, 0x91, 0x20, 0x91,
    0x33, 0xd1, 0x6a, 0x5f, 0x6a, 0x51, 0xa2, 0x51,
    0xa2, 0x51, 0x23, 0xd1, 0x22, 0x21, 0x20, 0x27,

    /* U+7CD6 "糖" */
    0x10, 0x20, 0x4a, 0x8, 0x25, 0x7f, 0xcb, 0x42,
    0x5, 0xaf, 0xf0, 0x90, 0x8b, 0xf8, 0x45, 0xfd,
    0xff, 0x32, 0x11, 0x1d, 0x7f, 0x97, 0x84, 0xa,
    0x5f, 0xe9, 0x28, 0x14, 0x94, 0x8, 0x52, 0x4,
    0x29, 0xfe,

    /* U+7CFB "系" */
    0x0, 0xf8, 0xfe, 0x0, 0x18, 0x0, 0x41, 0x81,
    0x4, 0xf, 0xf0, 0x0, 0xcc, 0x6, 0xc, 0x30,
    0x9, 0xff, 0xe8, 0x4, 0x18, 0xc9, 0x83, 0x11,
    0x8c, 0x21, 0xb0, 0x41, 0x83, 0x80,

    /* U+7D20 "素" */
    0x1, 0x80, 0x7f, 0xfe, 0x1, 0x80, 0x3f, 0xfc,
    0x1, 0x80, 0x1, 0x80, 0xff, 0xff, 0x6, 0x10,
    0x3f, 0xe0, 0x3, 0x98, 0xc, 0xc, 0x7f, 0xfe,
    0x78, 0x82, 0x18, 0x98, 0x70, 0x86, 0xc7, 0x82,

    /* U+7D22 "索" */
    0x1, 0x0, 0x2, 0x3, 0xff, 0xf8, 0x8, 0xf,
    0xff, 0xf0, 0x60, 0x61, 0x8, 0x8c, 0x20, 0x3f,
    0x80, 0xc, 0x20, 0x60, 0x63, 0xff, 0xe7, 0x90,
    0x63, 0x26, 0x18, 0x43, 0x43, 0x81,

    /* U+7D27 "紧" */
    0x9, 0xfe, 0x49, 0xfe, 0x48, 0x44, 0x48, 0x48,
    0x48, 0x30, 0x48, 0xf8, 0xb, 0x87, 0x6, 0x0,
    0x8, 0x60, 0x3f, 0x80, 0x4, 0xc, 0x7f, 0xfe,
    0x78, 0x82, 0x18, 0x98, 0x70, 0x86, 0x47, 0x82,

    /* U+7D2B "紫" */
    0x8, 0x40, 0x48, 0x42, 0x4f, 0x5c, 0x48, 0x60,
    0x48, 0x41, 0xfe, 0x7f, 0x81, 0x0, 0x6, 0x30,
    0x3f, 0xc0, 0x31, 0x18, 0xe, 0xc, 0x3f, 0xfe,
    0x7c, 0x83, 0x18, 0x98, 0x60, 0x86, 0x87, 0x81,

    /* U+7D2F "累" */
    0x3f, 0xfe, 0x20, 0x82, 0x3f, 0xfe, 0x20, 0x82,
    0x20, 0x82, 0x3f, 0xfe, 0x4, 0x30, 0x3f, 0xe8,
    0x3, 0x88, 0xc, 0x4, 0x7f, 0xfe, 0x30, 0x82,
    0x8, 0x98, 0x30, 0x86, 0x43, 0x81,

    /* U+7EA2 "红" */
    0x8, 0x0, 0x4, 0x0, 0x4, 0x7f, 0xe6, 0x3,
    0x2, 0x21, 0x83, 0x20, 0xc3, 0xf0, 0x60, 0x30,
    0x30, 0x10, 0x18, 0x10, 0xc, 0x3f, 0x86, 0x0,
    0x3, 0x0, 0x1, 0x80, 0xf0, 0xc3, 0xc7, 0xfe,

    /* U+7EA6 "约" */
    0x8, 0x20, 0x18, 0x60, 0x10, 0x40, 0x30, 0x7f,
    0x26, 0x81, 0x4c, 0x81, 0x78, 0x41, 0x18, 0x61,
    0x30, 0x31, 0x2e, 0x19, 0x78, 0x9, 0x0, 0x1,
    0x0, 0x1, 0x1e, 0x1, 0x60, 0x2, 0x0, 0x1e,

    /* U+7EA7 "级" */
    0x8, 0x0, 0xc, 0xfe, 0x4, 0x11, 0x6, 0x8,
    0x82, 0x64, 0xc2, 0x22, 0x41, 0xe1, 0x3c, 0x30,
    0x82, 0x10, 0x63, 0x17, 0x51, 0x1c, 0x25, 0x80,
    0x13, 0x80, 0x68, 0x81, 0xc8, 0xe1, 0x84, 0xcc,
    0x5, 0x83,

    /* U+7EAF "纯" */
    0x18, 0x10, 0x8, 0x8, 0x4, 0x7f, 0xe4, 0x2,
    0x6, 0x41, 0x2, 0x6c, 0x89, 0xe6, 0x44, 0x23,
    0x22, 0x31, 0x91, 0x3f, 0xc8, 0x98, 0x7f, 0xc0,
    0x2, 0x20, 0x61, 0x3, 0xe0, 0x85, 0x80, 0x62,
    0x0, 0x1f,

    /* U+7EB9 "纹" */
    0x0, 0x0, 0x10, 0x20, 0x30, 0x30, 0x20, 0x10,
    0x63, 0xff, 0x4c, 0x84, 0xf8, 0x84, 0x90, 0x84,
    0x30, 0x8c, 0x20, 0x48, 0x7c, 0x58, 0xe0, 0x30,
    0x0, 0x30, 0xc, 0x78, 0xf0, 0xcc, 0x83, 0x7,
    0x4, 0x1,

    /* U+7EBF "线" */
    0x18, 0x28, 0x10, 0x26, 0x10, 0x20, 0x20, 0x3e,
    0x25, 0xe0, 0x4c, 0x20, 0xf8, 0x23, 0x10, 0x7e,
    0x31, 0xe0, 0x6c, 0x13, 0xf8, 0x12, 0x0, 0x1c,
    0x0, 0x18, 0x3c, 0x79, 0xe1, 0xcd, 0x1, 0x7,

    /* U+7EC4 "组" */
    0x8, 0x0, 0x10, 0xfc, 0x30, 0x84, 0x20, 0x84,
    0x44, 0x84, 0xfc, 0xfc, 0xd8, 0x84, 0x10, 0x84,
    0x30, 0x84, 0x6c, 0x84, 0xf8, 0xfc, 0x80, 0x84,
    0x0, 0x84, 0x3c, 0x84, 0xe0, 0x84, 0x3, 0xff,

    /* U+7EC6 "细" */
    0x8, 0x0, 0x11, 0xff, 0x31, 0x11, 0x21, 0x11,
    0x47, 0x11, 0xdd, 0x11, 0xe9, 0x11, 0x11, 0xff,
    0x21, 0x11, 0x5f, 0x11, 0xf9, 0x11, 0x1, 0x11,
    0x1, 0x11, 0x1f, 0x11, 0xf9, 0xff, 0x1, 0x1,

    /* U+7EC8 "终" */
    0x10, 0x60, 0x8, 0x20, 0x8, 0x3f, 0x84, 0x30,
    0xc4, 0x74, 0xc6, 0x53, 0x43, 0xe0, 0xc0, 0x20,
    0xf0, 0x20, 0xc6, 0x21, 0x81, 0xbf, 0xc, 0x10,
    0x1, 0x80, 0x0, 0x0, 0x6e, 0x3, 0xc0, 0xe0,
    0x0, 0x1c, 0x0, 0x0, 0x0,

    /* U+7ECF "经" */
    0x18, 0x0, 0x8, 0xff, 0x84, 0x1, 0x84, 0x1,
    0x86, 0x41, 0x82, 0x61, 0xc3, 0xe3, 0x1c, 0x27,
    0x3, 0x30, 0x0, 0x36, 0xff, 0xbe, 0x4, 0x10,
    0x2, 0x0, 0x1, 0x0, 0xe0, 0x83, 0xc0, 0x40,
    0x7, 0xff,

    /* U+7ED3 "结" */
    0x0, 0x18, 0xc, 0xc, 0x4, 0x7f, 0xe6, 0x3,
    0x2, 0x61, 0x83, 0x20, 0xc3, 0xe0, 0x60, 0x93,
    0xff, 0x10, 0x0, 0x10, 0x0, 0x1f, 0xbf, 0xcc,
    0x10, 0x20, 0x8, 0x10, 0x34, 0xb, 0xfa, 0x5,
    0x81, 0xfe,

    /* U+7ED8 "绘" */
    0x10, 0x20, 0x20, 0x60, 0x20, 0x50, 0x60, 0x88,
    0x49, 0x8c, 0x9b, 0x6, 0xf3, 0xf8, 0x20, 0x0,
    0x60, 0x0, 0x5b, 0xfe, 0xe0, 0x40, 0x0, 0x88,
    0x8, 0x88, 0x71, 0x4, 0xc3, 0xfe, 0x3, 0x2,

    /* U+7ED9 "给" */
    0x10, 0x20, 0x30, 0x20, 0x20, 0x50, 0x60, 0x58,
    0x4c, 0x8c, 0xc9, 0x6, 0xfa, 0xfb, 0x30, 0x0,
    0x20, 0x0, 0x4d, 0xfc, 0xf1, 0x4, 0x1, 0x4,
    0x5, 0x4, 0x7d, 0x4, 0x81, 0xfc, 0x1, 0x4,

    /* U+7EDC "络" */
    0x0, 0x60, 0x18, 0x40, 0x10, 0xfe, 0x30, 0x82,
    0x25, 0xc4, 0x47, 0x2c, 0xf8, 0x38, 0x18, 0x38,
    0x10, 0xc6, 0x21, 0x1, 0x7c, 0xfe, 0x40, 0x82,
    0x0, 0x82, 0x3c, 0x82, 0xe0, 0xfe, 0x0, 0x82,

    /* U+7EDD "绝" */
    0x10, 0x40, 0x10, 0x40, 0x30, 0xfc, 0x21, 0x88,
    0x45, 0x8, 0x4b, 0xfe, 0xf9, 0x12, 0x11, 0x12,
    0x21, 0x12, 0x61, 0x12, 0xfd, 0xfe, 0xc1, 0x0,
    0x1, 0x0, 0x1d, 0x1, 0xe1, 0x1, 0x1, 0xfe,

    /* U+7EDF "统" */
    0x0, 0x10, 0xc, 0x8, 0x4, 0x6, 0x6, 0x3f,
    0xf2, 0x43, 0x3, 0x23, 0x33, 0xe3, 0xc, 0x33,
    0xfe, 0x11, 0x0, 0x92, 0x26, 0x1f, 0x13, 0x0,
    0x9, 0x80, 0xc, 0xc0, 0xe4, 0x65, 0x86, 0x32,
    0xe, 0xf,

    /* U+7EE7 "继" */
    0x11, 0x8, 0x8, 0xa4, 0x8c, 0x52, 0x44, 0x25,
    0x46, 0x52, 0xa2, 0x68, 0x43, 0xe5, 0xfe, 0x22,
    0x30, 0x31, 0x1c, 0x12, 0x95, 0x3e, 0x52, 0x40,
    0x29, 0x0, 0x10, 0x83, 0xe8, 0x3, 0x7, 0xfe,

    /* U+7EEA "绪" */
    0x10, 0x20, 0x10, 0x23, 0x31, 0xfa, 0x20, 0x24,
    0x64, 0x2c, 0x4c, 0x28, 0xfb, 0xff, 0x90, 0x20,
    0x30, 0xc0, 0x21, 0xfe, 0x7f, 0x82, 0xe0, 0x82,
    0x0, 0xfe, 0x4, 0x82, 0xf8, 0x82, 0x80, 0xfe,

    /* U+7EED "续" */
    0x10, 0x30, 0x10, 0x30, 0x31, 0xfe, 0x20, 0x30,
    0x6f, 0xff, 0x48, 0x3, 0xf8, 0x2, 0xd0, 0xd2,
    0x20, 0x50, 0x21, 0x90, 0x7c, 0x10, 0xc3, 0xff,
    0x0, 0x20, 0x1c, 0x68, 0xe0, 0xc6, 0x1, 0x83,
    0x2, 0x1,

    /* U+7EF3 "绳" */
    0x0, 0x0, 0x18, 0xfe, 0x10, 0x82, 0x20, 0x82,
    0x24, 0xfe, 0x4c, 0x10, 0xf9, 0xff, 0x19, 0x11,
    0x31, 0x11, 0x21, 0xff, 0x7d, 0x11, 0x41, 0x11,
    0x1, 0xff, 0x1d, 0x11, 0xe0, 0x11, 0x0, 0x1f,

    /* U+7EF4 "维" */
    0x18, 0x58, 0x8, 0x24, 0x4, 0x32, 0x4, 0x1f,
    0xe2, 0x58, 0x82, 0x2c, 0x43, 0xee, 0x20, 0x21,
    0xfe, 0x10, 0x88, 0x12, 0x44, 0x3e, 0x3f, 0xc0,
    0x11, 0x0, 0x8, 0x81, 0xf4, 0x41, 0x83, 0xfe,
    0x1, 0x0,

    /* U+7EFF "绿" */
    0x0, 0x0, 0x8, 0x7f, 0x84, 0x0, 0x44, 0x1f,
    0xe2, 0x40, 0x12, 0x40, 0xb, 0xe7, 0xfe, 0x20,
    0x10, 0x20, 0x89, 0xb6, 0x25, 0x9e, 0x7, 0x0,
    0x7, 0x80, 0x4c, 0xa1, 0xec, 0x4d, 0x0, 0x22,
    0x0, 0x60,

    /* U+7F00 "缀" */
    0x10, 0x0, 0x27, 0xdf, 0x20, 0x42, 0x62, 0x92,
    0x4b, 0x9c, 0xc9, 0x86, 0xf3, 0x4b, 0x36, 0x30,
    0x20, 0x0, 0x47, 0xff, 0xf8, 0x53, 0x80, 0x92,
    0x3, 0x8e, 0x39, 0x8c, 0xc2, 0x5c, 0xc, 0x33,
    0x8, 0x1,

    /* U+7F13 "缓" */
    0x8, 0x3, 0xc, 0xfe, 0x4, 0x4, 0x46, 0x12,
    0x42, 0x69, 0x22, 0x2f, 0xff, 0xf1, 0x0, 0x37,
    0xff, 0x10, 0x40, 0x10, 0x60, 0x1f, 0x3f, 0xcc,
    0x18, 0x40, 0x1e, 0x60, 0x69, 0xa3, 0xcc, 0x60,
    0xc, 0xee, 0x4, 0x81, 0x80,

    /* U+7F16 "编" */
    0x18, 0x10, 0x10, 0x18, 0x11, 0xff, 0x21, 0x1,
    0x25, 0x1, 0x49, 0xff, 0xf9, 0x0, 0x11, 0x0,
    0x31, 0xff, 0x21, 0x95, 0x79, 0x95, 0x1, 0xff,
    0xf, 0x95, 0x72, 0x95, 0x42, 0x95, 0x2, 0x97,

    /* U+7F18 "缘" */
    0x8, 0xc0, 0x8, 0x7f, 0x4, 0x20, 0x86, 0x1f,
    0xc2, 0x40, 0x42, 0x40, 0x23, 0xef, 0xfe, 0x20,
    0x40, 0x11, 0xe1, 0x93, 0xb, 0x1e, 0x1e, 0x80,
    0x73, 0x40, 0xc3, 0xb3, 0x86, 0x48, 0xc, 0x22,
    0x0, 0xe0,

    /* U+7F29 "缩" */
    0x10, 0x20, 0x10, 0x30, 0x13, 0xff, 0x22, 0x1,
    0x22, 0x81, 0x49, 0xff, 0xf9, 0x8, 0x91, 0x18,
    0x23, 0x7f, 0x27, 0x41, 0xf9, 0x41, 0x1, 0x7f,
    0x5, 0x41, 0x3d, 0x41, 0xe1, 0x41, 0x81, 0x7f,

    /* U+7F51 "网" */
    0xff, 0xff, 0x0, 0x6, 0x8, 0x4d, 0x30, 0x9a,
    0x49, 0x32, 0x9e, 0x63, 0x18, 0xc6, 0x11, 0x8c,
    0x73, 0x34, 0xa6, 0x4b, 0x2d, 0xc, 0x1a, 0x10,
    0x30, 0x0, 0x60, 0x7, 0x80,

    /* U+7F5A "罚" */
    0x7f, 0xfe, 0x88, 0xc5, 0x11, 0x8b, 0xff, 0xf2,
    0x0, 0x6, 0x0, 0x43, 0x10, 0x80, 0x21, 0xf0,
    0x43, 0xe0, 0x84, 0x41, 0x8, 0x82, 0x11, 0x20,
    0x23, 0xc0, 0x44, 0x7, 0x80,

    /* U+7F6E "置" */
    0x7f, 0xfe, 0x44, 0x22, 0x7f, 0xfe, 0x1, 0x0,
    0xff, 0xff, 0x1, 0x0, 0x3f, 0xf8, 0x30, 0x8,
    0x3f, 0xf8, 0x30, 0x8, 0x3f, 0xf8, 0x30, 0x8,
    0x3f, 0xf8, 0x30, 0x8, 0xff, 0xff,

    /* U+7F8E "美" */
    0x0, 0x10, 0x8, 0x10, 0xc, 0x30, 0x7f, 0xfe,
    0x1, 0x80, 0x3f, 0xfc, 0x1, 0x80, 0x1, 0x80,
    0xff, 0xff, 0x1, 0x0, 0xff, 0xff, 0x3, 0x80,
    0x2, 0x40, 0xc, 0x30, 0x78, 0x1e, 0xc0, 0x3,

    /* U+7FC5 "翅" */
    0x10, 0x0, 0x8, 0x0, 0x4, 0x7b, 0xc2, 0x4,
    0x2f, 0xe2, 0x10, 0x85, 0x28, 0x42, 0x95, 0xfc,
    0x42, 0x46, 0x63, 0x22, 0x72, 0x91, 0x6a, 0x45,
    0xa4, 0x22, 0x82, 0x10, 0xc1, 0x8, 0xe3, 0x9c,
    0xcc, 0x0, 0xc1, 0xff, 0x80,

    /* U+7FFB "翻" */
    0x2, 0x0, 0xfc, 0xf7, 0x4a, 0x11, 0x2a, 0x11,
    0xff, 0x55, 0x1c, 0x55, 0x2a, 0x53, 0x49, 0x11,
    0x88, 0x11, 0x7f, 0x33, 0x49, 0x55, 0x49, 0xdd,
    0x7f, 0x11, 0x49, 0x11, 0x7f, 0x11, 0x41, 0x77,

    /* U+7FFC "翼" */
    0xfe, 0xfe, 0x62, 0x42, 0x36, 0x26, 0x3a, 0x7a,
    0xc2, 0x82, 0x3f, 0xfc, 0x21, 0x84, 0x3f, 0xfc,
    0x21, 0x84, 0x3f, 0xfc, 0xc, 0x20, 0x7f, 0xfe,
    0xc, 0x20, 0xff, 0xff, 0xc, 0x30, 0x70, 0xe,
    0x80, 0x0,

    /* U+8001 "老" */
    0x2, 0x0, 0x2, 0x6, 0x3f, 0xfc, 0x2, 0x18,
    0x2, 0x30, 0x2, 0x60, 0xff, 0xff, 0x1, 0x80,
    0x6, 0x0, 0x1c, 0x18, 0x74, 0x70, 0xc7, 0x80,
    0x4, 0x0, 0x4, 0x2, 0x4, 0x2, 0x7, 0xfe,

    /* U+8005 "者" */
    0x2, 0x0, 0x2, 0x6, 0x3f, 0xfc, 0x2, 0x18,
    0x2, 0x30, 0x2, 0x60, 0xff, 0xff, 0x3, 0x0,
    0x6, 0x0, 0x1f, 0xfc, 0xe8, 0x4, 0x88, 0x4,
    0xf, 0xfc, 0x8, 0x4, 0x8, 0x4, 0xf, 0xfc,

    /* U+800C "而" */
    0xff, 0xff, 0x1, 0x0, 0x1, 0x0, 0x1, 0x0,
    0x7f, 0xfe, 0x44, 0x62, 0x44, 0x62, 0x44, 0x62,
    0x44, 0x62, 0x44, 0x62, 0x44, 0x62, 0x44, 0x62,
    0x44, 0x62, 0x44, 0x62, 0x44, 0x7e,

    /* U+800D "耍" */
    0xff, 0xff, 0x1, 0x0, 0x7f, 0xfe, 0x66, 0x46,
    0x66, 0x46, 0x66, 0x46, 0x66, 0x46, 0x60, 0xc,
    0x2, 0x0, 0xff, 0xff, 0xc, 0x10, 0x18, 0x20,
    0xf, 0xc0, 0x3, 0xf8, 0xfc, 0xf,

    /* U+8017 "耗" */
    0x10, 0x4, 0x10, 0x1c, 0xfe, 0x60, 0x11, 0xa0,
    0x10, 0x20, 0x7c, 0x2e, 0x11, 0xf8, 0x10, 0x20,
    0xfe, 0x20, 0x38, 0x2f, 0x3d, 0xf8, 0x56, 0x20,
    0xd0, 0x20, 0x90, 0x21, 0x10, 0x21, 0x10, 0x3f,

    /* U+8033 "耳" */
    0xff, 0xff, 0x10, 0x8, 0x10, 0x8, 0x10, 0x8,
    0x1f, 0xf8, 0x10, 0x8, 0x10, 0x8, 0x10, 0x8,
    0x1f, 0xf8, 0x10, 0x8, 0x10, 0x8, 0x10, 0xf,
    0xff, 0xf8, 0x0, 0x8, 0x0, 0x8,

    /* U+8036 "耶" */
    0xff, 0xbf, 0x42, 0x22, 0x42, 0x22, 0x42, 0x24,
    0x7e, 0x24, 0x42, 0x28, 0x42, 0x24, 0x7e, 0x22,
    0x42, 0x23, 0x42, 0x21, 0x42, 0x21, 0x5f, 0x21,
    0xf2, 0x2e, 0x2, 0x20, 0x2, 0x20,

    /* U+804A "聊" */
    0x0, 0x20, 0xfc, 0x60, 0x49, 0x8f, 0x49, 0x29,
    0x79, 0x29, 0x49, 0x29, 0x49, 0x29, 0x49, 0x29,
    0x79, 0x29, 0x49, 0x29, 0x49, 0x29, 0x49, 0xe9,
    0x7c, 0x4f, 0x88, 0x48, 0x8, 0x88, 0xb, 0x8,

    /* U+804C "职" */
    0xfe, 0x0, 0xfe, 0xfe, 0x44, 0x82, 0x44, 0x82,
    0x7c, 0x82, 0x44, 0x82, 0x44, 0x82, 0x44, 0x82,
    0x7c, 0xfe, 0x44, 0x0, 0x44, 0x0, 0x46, 0x44,
    0xfc, 0xc6, 0x4, 0x82, 0x5, 0x83, 0x5, 0x0,

    /* U+8054 "联" */
    0x0, 0x0, 0x7f, 0x23, 0x11, 0x9, 0x8, 0x9f,
    0xe7, 0xc1, 0x2, 0x20, 0x81, 0x10, 0x40, 0x88,
    0x20, 0x7d, 0xff, 0x22, 0x8, 0x11, 0xc, 0x8,
    0xe5, 0xf, 0xc6, 0xc0, 0x22, 0x20, 0x12, 0xc,
    0xa, 0x2,

    /* U+809A "肚" */
    0x7c, 0x10, 0x44, 0x10, 0x44, 0x10, 0x44, 0x10,
    0x7c, 0x10, 0x45, 0xff, 0x44, 0x10, 0x44, 0x10,
    0x7c, 0x10, 0x44, 0x10, 0x44, 0x10, 0x44, 0x10,
    0x44, 0x10, 0x84, 0x10, 0x9f, 0xff,

    /* U+80A2 "肢" */
    0x0, 0x10, 0x3e, 0x8, 0x11, 0x4, 0x8, 0xbf,
    0xe4, 0x41, 0x3, 0xe0, 0x81, 0x10, 0x40, 0x8b,
    0xfe, 0x44, 0x82, 0x3e, 0x61, 0x11, 0x11, 0x8,
    0x85, 0x84, 0x41, 0x86, 0x21, 0xc2, 0x13, 0x19,
    0x3e, 0x6,

    /* U+80CC "背" */
    0x4, 0x40, 0x4, 0x42, 0xfc, 0x5e, 0x4, 0x60,
    0x4, 0x41, 0xfc, 0x7f, 0x0, 0x0, 0x1f, 0xfc,
    0x10, 0x4, 0x10, 0x4, 0x1f, 0xfc, 0x10, 0x4,
    0x1f, 0xfc, 0x10, 0x4, 0x10, 0x4, 0x10, 0x3c,

    /* U+80D6 "胖" */
    0x0, 0x10, 0x3e, 0x88, 0x91, 0x64, 0x88, 0x92,
    0x44, 0x4d, 0x43, 0xe0, 0x81, 0x17, 0xfc, 0x88,
    0x20, 0x44, 0x10, 0x3e, 0x8, 0x11, 0xff, 0xe8,
    0x82, 0x4, 0x41, 0x4, 0x20, 0x82, 0x10, 0x41,
    0x38, 0x20,

    /* U+80DC "胜" */
    0x0, 0x10, 0x3e, 0x48, 0x11, 0x24, 0x8, 0xb2,
    0x4, 0x5f, 0xf3, 0xe8, 0x81, 0x14, 0x40, 0x8c,
    0x20, 0x44, 0x10, 0x3e, 0xff, 0x91, 0x4, 0x8,
    0x82, 0x4, 0x41, 0x4, 0x20, 0x82, 0x10, 0x41,
    0x3f, 0xff,

    /* U+80FD "能" */
    0x10, 0x40, 0x34, 0x40, 0x24, 0x46, 0x42, 0x78,
    0xff, 0x40, 0x0, 0x41, 0x0, 0x41, 0x7e, 0x7f,
    0x42, 0x40, 0x7e, 0x42, 0x42, 0x4e, 0x42, 0x78,
    0x7e, 0x40, 0x42, 0x41, 0x42, 0x41, 0x4e, 0x7f,

    /* U+8106 "脆" */
    0x0, 0x40, 0x7c, 0x40, 0x44, 0x7c, 0x44, 0x8c,
    0x44, 0x88, 0x45, 0x88, 0x7f, 0xff, 0x47, 0x80,
    0x45, 0xbe, 0x45, 0xa2, 0x7d, 0xa2, 0x45, 0xa2,
    0x45, 0x2e, 0x45, 0x20, 0x45, 0x21, 0x85, 0x21,
    0x9e, 0x3f,

    /* U+811A "脚" */
    0x0, 0xc0, 0x78, 0xcf, 0x48, 0xc9, 0x4b, 0xf9,
    0x48, 0xc9, 0x78, 0xc9, 0x48, 0xc9, 0x4b, 0xf9,
    0x48, 0x89, 0x78, 0xa9, 0x49, 0xa9, 0x49, 0x29,
    0x49, 0x7b, 0x4b, 0x98, 0x88, 0x8, 0x98, 0x8,

    /* U+8138 "脸" */
    0x0, 0x10, 0x3e, 0x18, 0x11, 0xe, 0x8, 0x89,
    0x84, 0x48, 0x63, 0xe8, 0x19, 0xfb, 0xf6, 0x88,
    0x0, 0x45, 0x21, 0x3e, 0x89, 0x11, 0x24, 0x88,
    0x92, 0x84, 0x40, 0x46, 0x20, 0x42, 0x1f, 0xfd,
    0x38, 0x0,

    /* U+813E "脾" */
    0x0, 0x10, 0x3e, 0x8, 0x11, 0x7f, 0xc8, 0xa2,
    0x24, 0x51, 0x13, 0xef, 0xf9, 0x14, 0x44, 0x8a,
    0x22, 0x45, 0xff, 0x3e, 0x34, 0x11, 0x72, 0x8,
    0x91, 0x4, 0x5f, 0xfe, 0x20, 0x42, 0x10, 0x21,
    0x38, 0x10,

    /* U+8180 "膀" */
    0x0, 0x30, 0x7c, 0x10, 0x45, 0xff, 0x44, 0x84,
    0x44, 0x44, 0x7d, 0xff, 0x45, 0x1, 0x45, 0x31,
    0x44, 0x10, 0x45, 0xff, 0x7c, 0x40, 0x44, 0x7e,
    0x44, 0x42, 0xc4, 0x82, 0x85, 0x86, 0x9f, 0x1c,

    /* U+81EA "自" */
    0x0, 0x0, 0x40, 0x4, 0xf, 0xff, 0x80, 0x18,
    0x1, 0x80, 0x1f, 0xff, 0x80, 0x18, 0x1, 0x80,
    0x1f, 0xff, 0x80, 0x18, 0x1, 0x80, 0x1f, 0xff,
    0x80, 0x10,

    /* U+81F3 "至" */
    0xff, 0xfe, 0x6, 0x0, 0xc, 0x20, 0x18, 0x10,
    0x30, 0x8, 0x7f, 0xfc, 0x0, 0x2, 0x1, 0x80,
    0x1, 0x80, 0x3f, 0xfe, 0x1, 0x80, 0x1, 0x80,
    0x1, 0x80, 0x1, 0x80, 0xff, 0xff,

    /* U+81F4 "致" */
    0x0, 0x20, 0xff, 0x20, 0x30, 0x60, 0x24, 0x7f,
    0x42, 0x42, 0xfe, 0xc6, 0x80, 0xc4, 0x19, 0xa4,
    0x18, 0x24, 0xff, 0x38, 0x18, 0x18, 0x18, 0x18,
    0x1b, 0x38, 0x7f, 0x64, 0xc0, 0xc3, 0x1, 0x1,

    /* U+820C "舌" */
    0x0, 0x0, 0x0, 0x7c, 0x7f, 0x80, 0x1, 0x80,
    0x1, 0x80, 0xff, 0xff, 0x1, 0x80, 0x1, 0x80,
    0x1, 0x80, 0x3f, 0xfc, 0x20, 0x4, 0x20, 0x4,
    0x20, 0x4, 0x20, 0x4, 0x20, 0x4, 0x3f, 0xfc,

    /* U+8212 "舒" */
    0x8, 0x0, 0xe, 0x3f, 0x8d, 0x80, 0x8c, 0x26,
    0x83, 0xe1, 0x80, 0x40, 0x20, 0x23, 0xfe, 0xfe,
    0x12, 0x8, 0x9, 0x4, 0x5, 0x1f, 0xc2, 0xc,
    0x61, 0x6, 0x30, 0x83, 0x18, 0x41, 0xfc, 0x20,
    0xc0, 0x70,

    /* U+8231 "舱" */
    0x8, 0x8, 0x4, 0xc, 0xf, 0x85, 0x4, 0x46,
    0x82, 0xa6, 0x21, 0x56, 0x8, 0xaa, 0xfe, 0x44,
    0x44, 0xfe, 0x22, 0x11, 0x11, 0xa, 0x88, 0x85,
    0x45, 0xc2, 0x22, 0x3, 0x11, 0x9, 0x8, 0x85,
    0x9c, 0x7e,

    /* U+826F "良" */
    0x2, 0x0, 0x8, 0x7, 0xff, 0x10, 0x4, 0x40,
    0x11, 0xff, 0xc4, 0x1, 0x10, 0x4, 0x7f, 0xf1,
    0x10, 0x24, 0x21, 0x90, 0xd8, 0x41, 0xc1, 0x3,
    0x87, 0xc3, 0xb8, 0x3,

    /* U+8272 "色" */
    0x0, 0x0, 0xc, 0x0, 0xf, 0xe0, 0x10, 0x40,
    0x20, 0x80, 0xff, 0xfc, 0xa1, 0x4, 0x21, 0x4,
    0x21, 0x4, 0x3f, 0xfc, 0x20, 0x4, 0x20, 0x0,
    0x20, 0x1, 0x20, 0x3, 0x20, 0x2, 0x1f, 0xfe,

    /* U+8282 "节" */
    0xc, 0x30, 0xc, 0x30, 0xff, 0xff, 0xc, 0x30,
    0xc, 0x30, 0x0, 0x0, 0x7f, 0xfc, 0x2, 0x4,
    0x2, 0x4, 0x2, 0x4, 0x2, 0x4, 0x2, 0x4,
    0x2, 0x4, 0x2, 0x3c, 0x2, 0x0, 0x2, 0x0,

    /* U+82B1 "花" */
    0xc, 0x30, 0xc, 0x30, 0xff, 0xff, 0xc, 0x30,
    0xc, 0x30, 0xc, 0xc0, 0x8, 0xc2, 0x10, 0xc6,
    0x30, 0xdc, 0x70, 0xf0, 0xd1, 0xc0, 0x13, 0xc0,
    0x10, 0xc1, 0x10, 0xc1, 0x10, 0xc1, 0x10, 0x7f,

    /* U+82E5 "若" */
    0x8, 0x10, 0xff, 0xff, 0x8, 0x10, 0x8, 0x10,
    0x3, 0x0, 0x2, 0x0, 0xff, 0xff, 0x4, 0x0,
    0xc, 0x0, 0x8, 0x0, 0x1f, 0xfc, 0x78, 0x4,
    0xc8, 0x4, 0x8, 0x4, 0xf, 0xfc, 0x8, 0x4,

    /* U+82E6 "苦" */
    0x8, 0x10, 0x8, 0x10, 0xff, 0xff, 0x8, 0x10,
    0x9, 0x90, 0x1, 0x80, 0xff, 0xff, 0x1, 0x80,
    0x1, 0x80, 0x1, 0x80, 0x3f, 0xfc, 0x20, 0x4,
    0x20, 0x4, 0x20, 0x4, 0x3f, 0xfc, 0x20, 0x4,

    /* U+8303 "范" */
    0x8, 0x10, 0x8, 0x10, 0xff, 0xff, 0x8, 0x10,
    0x0, 0x0, 0x33, 0xfe, 0x1b, 0x6, 0x3, 0x6,
    0xc3, 0x6, 0x33, 0x6, 0x3, 0x1c, 0xb, 0x0,
    0x13, 0x1, 0x33, 0x1, 0x63, 0x1, 0x41, 0xfe,

    /* U+8349 "草" */
    0x8, 0x30, 0xff, 0xff, 0x8, 0x30, 0x0, 0x0,
    0x3f, 0xfc, 0x20, 0x4, 0x20, 0x4, 0x3f, 0xfc,
    0x20, 0x4, 0x3f, 0xfc, 0x1, 0x80, 0x1, 0x80,
    0xff, 0xff, 0x1, 0x80, 0x1, 0x80, 0x1, 0x80,

    /* U+8363 "荣" */
    0xc, 0x30, 0xff, 0xff, 0xc, 0x30, 0xc, 0x30,
    0x0, 0x0, 0x7f, 0xff, 0x41, 0x83, 0x41, 0x83,
    0x1, 0x80, 0xff, 0xff, 0x3, 0xc0, 0x7, 0xe0,
    0x9, 0x90, 0x31, 0x8c, 0xc1, 0x83, 0x1, 0x80,

    /* U+836F "药" */
    0x8, 0x30, 0x8, 0x30, 0xff, 0xff, 0x8, 0x30,
    0x10, 0x40, 0x10, 0x40, 0x20, 0xc0, 0x64, 0xfe,
    0x45, 0x82, 0xf9, 0x2, 0x10, 0x42, 0x20, 0x22,
    0xfe, 0x32, 0x80, 0x2, 0x2, 0x2, 0xfc, 0x2,
    0x0, 0x1c,

    /* U+8377 "荷" */
    0x4, 0x18, 0x2, 0xc, 0x1f, 0xff, 0xe0, 0x83,
    0x0, 0x41, 0x80, 0x60, 0x0, 0x2f, 0xfe, 0x30,
    0x4, 0x30, 0x2, 0x39, 0xf9, 0x34, 0xc4, 0x82,
    0x62, 0x41, 0x31, 0x20, 0x9f, 0x90, 0x4c, 0x8,
    0x20, 0x4, 0x10, 0x1e, 0x0,

    /* U+8393 "莓" */
    0x8, 0x10, 0xff, 0xff, 0x8, 0x10, 0x10, 0x0,
    0x3f, 0xff, 0x60, 0x0, 0xdf, 0xfc, 0x91, 0x4,
    0x11, 0x84, 0x10, 0x44, 0xff, 0xff, 0x13, 0x4,
    0x30, 0xc4, 0x3f, 0xff, 0x0, 0x8, 0x0, 0x78,

    /* U+83B7 "获" */
    0xc, 0x30, 0xff, 0xff, 0xc, 0x30, 0xc, 0x30,
    0x48, 0x28, 0x28, 0x24, 0x30, 0x26, 0x70, 0x20,
    0x9b, 0xff, 0x18, 0x20, 0x38, 0x70, 0x68, 0x50,
    0x88, 0xc8, 0x8, 0x8c, 0x1b, 0x6, 0x76, 0x3,

    /* U+83DC "菜" */
    0xc, 0x30, 0xff, 0xff, 0xc, 0x30, 0x0, 0x3c,
    0x7f, 0xf0, 0x1, 0x6, 0x21, 0x4, 0x21, 0xc,
    0x11, 0x8, 0x1, 0x80, 0xff, 0xff, 0x3, 0xc0,
    0xd, 0xb0, 0x39, 0x98, 0xe1, 0x87, 0x81, 0x81,

    /* U+8404 "萄" */
    0x8, 0x10, 0xff, 0xff, 0x8, 0x10, 0x30, 0x0,
    0x3f, 0xfe, 0x60, 0x2, 0x58, 0x2, 0x9f, 0xf2,
    0x32, 0x2, 0x2, 0x2, 0x7f, 0xfa, 0x2, 0x2,
    0x22, 0x32, 0x22, 0x32, 0x3f, 0xf6, 0x0, 0x1c,

    /* U+8425 "营" */
    0x8, 0x10, 0x8, 0x10, 0xff, 0xff, 0x8, 0x10,
    0x7f, 0xff, 0x40, 0x3, 0x40, 0x3, 0x1f, 0xf8,
    0x10, 0x8, 0x1f, 0xf8, 0x0, 0x0, 0x3f, 0xfc,
    0x20, 0x4, 0x20, 0x4, 0x20, 0x4, 0x3f, 0xfc,

    /* U+843D "落" */
    0x8, 0x30, 0x7f, 0xff, 0x82, 0xc, 0x1, 0x1e,
    0x6, 0x18, 0x1, 0x8f, 0xf0, 0xc, 0x11, 0xd,
    0x90, 0xe0, 0x70, 0x10, 0x6e, 0x3, 0xc1, 0xc2,
    0x7f, 0xc3, 0x20, 0x63, 0x10, 0x31, 0x8, 0x19,
    0x7, 0xfc,

    /* U+8461 "葡" */
    0x4, 0x8, 0x3f, 0xff, 0xc1, 0x2, 0x1, 0x0,
    0x1, 0xff, 0xf0, 0x89, 0x8, 0x84, 0x44, 0xff,
    0xf2, 0x41, 0x1, 0xf, 0xf8, 0x84, 0x44, 0x43,
    0xfe, 0x21, 0x11, 0x10, 0xff, 0x88, 0x44, 0x44,
    0x22, 0x7c,

    /* U+84DD "蓝" */
    0x8, 0x30, 0xff, 0xff, 0x8, 0x30, 0x0, 0x0,
    0x4, 0x40, 0x44, 0x40, 0x44, 0xfe, 0x44, 0x90,
    0x45, 0x88, 0x44, 0xc, 0x0, 0x0, 0x3f, 0xfc,
    0x22, 0x44, 0x22, 0x44, 0x22, 0x44, 0xff, 0xff,

    /* U+8584 "薄" */
    0x8, 0x30, 0xff, 0xff, 0x8, 0x30, 0x40, 0x26,
    0x37, 0xff, 0x10, 0x20, 0x7, 0xfe, 0xc4, 0x22,
    0x27, 0xfe, 0x7, 0xfe, 0x4, 0x22, 0x30, 0x8,
    0x2f, 0xff, 0x63, 0x8, 0x40, 0x88, 0x0, 0x38,

    /* U+85CF "藏" */
    0xc, 0x20, 0xff, 0xff, 0xc, 0x24, 0x0, 0x12,
    0x9f, 0xff, 0x90, 0x10, 0x97, 0xf2, 0xf5, 0x12,
    0x97, 0xf4, 0x14, 0x34, 0xf4, 0x34, 0x97, 0xe8,
    0x95, 0x18, 0x97, 0xf9, 0xa4, 0x25, 0xa0, 0x47,

    /* U+8651 "虑" */
    0x0, 0x80, 0x0, 0x7f, 0x80, 0x20, 0x0, 0x10,
    0x3, 0xff, 0xf9, 0x4, 0x8, 0x82, 0x74, 0x5f,
    0xc0, 0x20, 0x81, 0x90, 0x7f, 0x88, 0x0, 0x4,
    0xc, 0x42, 0xd1, 0x32, 0x48, 0xd, 0x64, 0x12,
    0x83, 0xf8,

    /* U+865A "虚" */
    0x1, 0x0, 0x1, 0xfe, 0x1, 0x0, 0x1, 0x0,
    0x7f, 0xff, 0x41, 0x2, 0x5f, 0xfa, 0x41, 0x1,
    0x41, 0xfe, 0x40, 0x0, 0x42, 0x24, 0x52, 0x24,
    0x4a, 0x2c, 0xca, 0x28, 0x82, 0x20, 0xbf, 0xff,

    /* U+866B "虫" */
    0x1, 0x0, 0x1, 0x0, 0x1, 0x0, 0x7f, 0xfc,
    0x41, 0x4, 0x41, 0x4, 0x41, 0x4, 0x41, 0x4,
    0x41, 0x4, 0x7f, 0xfc, 0x1, 0x0, 0x1, 0x18,
    0x1, 0x8, 0x1, 0x4, 0xff, 0xfe, 0x0, 0x2,

    /* U+867D "虽" */
    0x1f, 0xfc, 0x10, 0x4, 0x10, 0x4, 0x1f, 0xfc,
    0x0, 0x80, 0x0, 0x80, 0x3f, 0xfe, 0x20, 0x82,
    0x20, 0x82, 0x20, 0x82, 0x3f, 0xfe, 0x20, 0x88,
    0x0, 0x8c, 0x0, 0x86, 0xff, 0xff, 0x0, 0x1,

    /* U+86CB "蛋" */
    0x7f, 0xfe, 0x8, 0x82, 0x18, 0xfc, 0x18, 0x80,
    0x26, 0x80, 0x63, 0xff, 0xc0, 0x80, 0x0, 0x80,
    0x3f, 0xfc, 0x20, 0x84, 0x20, 0x84, 0x3f, 0xfc,
    0x0, 0x88, 0xff, 0xfe, 0x0, 0x3,

    /* U+86DB "蛛" */
    0x10, 0x8, 0x8, 0x34, 0x4, 0x12, 0xf, 0xcf,
    0xe5, 0x24, 0x82, 0x94, 0x41, 0x4a, 0x20, 0xa4,
    0x10, 0x52, 0xff, 0xbf, 0xe, 0x14, 0x7, 0x2,
    0x45, 0x41, 0x64, 0xb3, 0xf6, 0x49, 0x6, 0x22,
    0x0, 0x10,

    /* U+8774 "蝴" */
    0x10, 0x40, 0x10, 0x4f, 0x10, 0x49, 0x7c, 0x49,
    0x55, 0xf9, 0x54, 0x4f, 0x54, 0x49, 0x54, 0x49,
    0x7d, 0xe9, 0x51, 0x2f, 0x51, 0x29, 0x15, 0x29,
    0x15, 0x29, 0x1d, 0xf1, 0xf3, 0x11, 0x0, 0x23,

    /* U+8776 "蝶" */
    0x10, 0x92, 0x8, 0x49, 0x4, 0xff, 0xef, 0x92,
    0x45, 0x49, 0x22, 0xa4, 0xf1, 0x52, 0x0, 0xa9,
    0x0, 0x54, 0xff, 0xbe, 0x8, 0x14, 0x7f, 0xe2,
    0x87, 0x1, 0xc7, 0x43, 0xf6, 0x99, 0xe, 0x46,
    0x0, 0x20,

    /* U+884C "行" */
    0x8, 0x0, 0x11, 0xfe, 0x20, 0x0, 0x40, 0x0,
    0xc, 0x0, 0x18, 0x0, 0x13, 0xff, 0x30, 0x8,
    0x70, 0x8, 0xd0, 0x8, 0x10, 0x8, 0x10, 0x8,
    0x10, 0x8, 0x10, 0x8, 0x10, 0x8, 0x10, 0x78,

    /* U+8865 "补" */
    0x20, 0x20, 0x10, 0x20, 0x10, 0x20, 0xfe, 0x20,
    0x4, 0x20, 0xc, 0x30, 0x9, 0x38, 0x13, 0x26,
    0x3e, 0x23, 0x56, 0x21, 0xd3, 0x20, 0x10, 0x20,
    0x10, 0x20, 0x10, 0x20, 0x10, 0x20, 0x10, 0x20,

    /* U+8868 "表" */
    0x0, 0xc0, 0x0, 0x30, 0x3, 0xff, 0xf0, 0x3,
    0x0, 0x1f, 0xff, 0x0, 0x30, 0x0, 0xc, 0x1,
    0xff, 0xfe, 0x1, 0x40, 0x1, 0x88, 0x41, 0xc3,
    0x61, 0xd0, 0x70, 0x44, 0x8, 0x1, 0x19, 0x80,
    0xfc, 0x38, 0x38, 0x2,

    /* U+8870 "衰" */
    0x0, 0x80, 0x0, 0x30, 0x7, 0xff, 0xf8, 0x0,
    0x0, 0xf, 0xfc, 0x2, 0x1, 0x7, 0xff, 0xf8,
    0x20, 0x10, 0x8, 0x4, 0x3, 0xff, 0x0, 0x16,
    0x10, 0x18, 0x8c, 0x1c, 0x3c, 0x3d, 0x6, 0x0,
    0x4e, 0x60, 0x3e, 0xe, 0x0, 0x0, 0x0,

    /* U+88AB "被" */
    0x20, 0x10, 0x8, 0x8, 0x4, 0x7f, 0xdf, 0xbf,
    0xe0, 0xd1, 0x10, 0x48, 0x98, 0x64, 0x40, 0x2b,
    0xfe, 0x39, 0xc2, 0x3e, 0xa1, 0x35, 0x59, 0x2,
    0x25, 0x81, 0x21, 0x80, 0x91, 0xe0, 0x4b, 0x98,
    0x23, 0x2,

    /* U+88C2 "裂" */
    0x0, 0x2, 0x7f, 0x92, 0x10, 0x12, 0x2f, 0x12,
    0xf3, 0x12, 0xe, 0x12, 0x1c, 0x2, 0x71, 0xe,
    0x40, 0x80, 0xff, 0xff, 0x2, 0x80, 0xc, 0x4e,
    0x78, 0x38, 0x88, 0x30, 0xb, 0xcc, 0x1e, 0x3,

    /* U+88C5 "装" */
    0x8, 0x20, 0x8, 0x20, 0x48, 0x20, 0x2b, 0xff,
    0x8, 0x20, 0x18, 0x20, 0x38, 0x20, 0xe8, 0x20,
    0x8b, 0xfe, 0x1, 0x80, 0xff, 0xff, 0x2, 0x80,
    0xc, 0x4c, 0x78, 0x38, 0x88, 0x18, 0xf, 0x8e,
    0x18, 0x1,

    /* U+897F "西" */
    0xff, 0xff, 0x6, 0x60, 0x6, 0x60, 0x6, 0x60,
    0x7f, 0xfe, 0x44, 0x62, 0x44, 0x62, 0x44, 0x62,
    0x4c, 0x62, 0x58, 0x3e, 0x40, 0x2, 0x40, 0x2,
    0x40, 0x2, 0x7f, 0xfe, 0x40, 0x2,

    /* U+8981 "要" */
    0xff, 0xff, 0x4, 0x60, 0x7f, 0xfe, 0x44, 0x62,
    0x44, 0x62, 0x44, 0x62, 0x7f, 0xfe, 0x2, 0x0,
    0x6, 0x0, 0xff, 0xff, 0x8, 0x10, 0x18, 0x30,
    0x1f, 0x60, 0x1, 0xf0, 0xfe, 0x1e, 0x40, 0x2,

    /* U+8986 "覆" */
    0x7f, 0xff, 0x81, 0x18, 0xf, 0xff, 0xc4, 0x46,
    0x23, 0xff, 0xf0, 0x44, 0x0, 0x47, 0xfe, 0x46,
    0x0, 0x4f, 0xff, 0x8, 0xff, 0x8c, 0x40, 0xda,
    0x1f, 0x81, 0xf, 0xf0, 0xbe, 0x20, 0x40, 0xe0,
    0x27, 0x87,

    /* U+89C1 "见" */
    0x3f, 0xf8, 0x40, 0x10, 0x80, 0x21, 0x18, 0x42,
    0x30, 0x84, 0x61, 0x8, 0xc2, 0x11, 0x84, 0x27,
    0x8, 0x4f, 0x10, 0x1e, 0x0, 0x7c, 0x11, 0xd8,
    0x27, 0x30, 0x78, 0x7f, 0x0,

    /* U+89C2 "观" */
    0x0, 0xff, 0x3f, 0x7f, 0x80, 0xa0, 0x40, 0xd3,
    0x24, 0x49, 0x93, 0x24, 0xc8, 0x92, 0x64, 0x39,
    0x32, 0x18, 0x99, 0x4, 0x4c, 0x87, 0x7, 0x2,
    0x87, 0x83, 0x62, 0xcb, 0x3, 0x67, 0x3, 0x32,
    0x6, 0x1f,

    /* U+89C4 "规" */
    0x10, 0x0, 0x10, 0xfe, 0x10, 0x82, 0xfe, 0x92,
    0x10, 0x92, 0x10, 0x92, 0x10, 0x92, 0xfe, 0x92,
    0x10, 0x92, 0x10, 0x92, 0x18, 0xba, 0x1c, 0x28,
    0x26, 0x69, 0x20, 0x49, 0x41, 0x89, 0x83, 0xf,

    /* U+89C6 "视" */
    0x20, 0x0, 0x21, 0xfe, 0x11, 0x2, 0xfd, 0x22,
    0x9, 0x22, 0x19, 0x22, 0x11, 0x22, 0x31, 0x22,
    0x79, 0x22, 0xed, 0x22, 0xa5, 0x72, 0x20, 0x50,
    0x20, 0xd1, 0x20, 0x91, 0x23, 0x11, 0x26, 0x1f,

    /* U+89C9 "觉" */
    0x63, 0xc, 0x42, 0x30, 0x44, 0xc7, 0xff, 0xf8,
    0x0, 0x30, 0x0, 0x4f, 0xfc, 0x10, 0x8, 0x21,
    0x10, 0x42, 0x20, 0x84, 0x41, 0xc, 0x80, 0x28,
    0x0, 0xd0, 0x46, 0x20, 0xf0, 0x7f,

    /* U+89D2 "角" */
    0x8, 0x0, 0x7f, 0x81, 0x6, 0x8, 0x30, 0x7f,
    0xff, 0x84, 0x1a, 0x10, 0x48, 0x41, 0x3f, 0xfc,
    0x84, 0x12, 0x10, 0x4f, 0xff, 0x61, 0x5, 0x4,
    0x14, 0x10, 0x60, 0x4f,

    /* U+89E3 "解" */
    0x0, 0x0, 0x20, 0xff, 0x3c, 0x33, 0x24, 0x22,
    0x44, 0x22, 0xfe, 0x42, 0xca, 0x8e, 0x4a, 0x48,
    0x7e, 0x48, 0x4a, 0x7f, 0x4a, 0x88, 0x4a, 0x88,
    0x7e, 0x8, 0x4a, 0xff, 0x4a, 0x8, 0x8a, 0x8,
    0x86, 0x8,

    /* U+89E6 "触" */
    0x10, 0x10, 0x3c, 0x10, 0x24, 0x10, 0x44, 0xfe,
    0xfe, 0x92, 0xca, 0x92, 0x4a, 0x92, 0x4a, 0x92,
    0x7e, 0x92, 0x4a, 0xfe, 0x4a, 0x10, 0x7e, 0x14,
    0x4a, 0x16, 0x4a, 0x12, 0x8b, 0xfe, 0x8e, 0x81,

    /* U+8A00 "言" */
    0x1, 0x0, 0x1, 0x80, 0x0, 0x80, 0xff, 0xff,
    0x0, 0x0, 0x1f, 0xf8, 0x0, 0x0, 0x0, 0x0,
    0x1f, 0xf8, 0x0, 0x0, 0x0, 0x0, 0x3f, 0xfc,
    0x30, 0xc, 0x30, 0xc, 0x30, 0xc, 0x3f, 0xfc,

    /* U+8BA1 "计" */
    0x20, 0x10, 0x18, 0x8, 0x6, 0x4, 0x1, 0x2,
    0x0, 0x1, 0x0, 0x0, 0x83, 0xcf, 0xfe, 0x20,
    0x20, 0x10, 0x10, 0x8, 0x8, 0x4, 0x4, 0x2,
    0x2, 0x1, 0x61, 0x0, 0xe0, 0x80, 0xc0, 0x40,
    0x0, 0x20,

    /* U+8BA4 "认" */
    0x0, 0x20, 0x20, 0x20, 0x10, 0x20, 0x8, 0x20,
    0x0, 0x20, 0x0, 0x20, 0xf0, 0x20, 0x10, 0x20,
    0x10, 0x20, 0x10, 0x70, 0x10, 0x50, 0x10, 0x50,
    0x16, 0xc8, 0x1c, 0x8c, 0x11, 0x84, 0x23, 0x3,
    0x2, 0x0,

    /* U+8BA8 "讨" */
    0x0, 0xc, 0x60, 0xc, 0x30, 0xc, 0x18, 0xc,
    0x3, 0xff, 0x3, 0xff, 0xf0, 0xc, 0x10, 0x8c,
    0x10, 0x8c, 0x10, 0xcc, 0x10, 0x4c, 0x10, 0x6c,
    0x14, 0xc, 0x1c, 0xc, 0x18, 0xc, 0x20, 0x78,

    /* U+8BA9 "让" */
    0x0, 0x60, 0x20, 0x60, 0x10, 0x60, 0x8, 0x60,
    0x0, 0x60, 0x0, 0x60, 0xf0, 0x7e, 0x10, 0x60,
    0x10, 0x60, 0x10, 0x60, 0x10, 0x60, 0x10, 0x60,
    0x14, 0x60, 0x1c, 0x60, 0x10, 0x60, 0x27, 0xff,

    /* U+8BB0 "记" */
    0x20, 0x0, 0x31, 0xfe, 0x18, 0x2, 0x0, 0x2,
    0x0, 0x2, 0xf0, 0x2, 0xf0, 0x2, 0x11, 0xfe,
    0x11, 0x2, 0x11, 0x0, 0x11, 0x0, 0x11, 0x0,
    0x15, 0x1, 0x1d, 0x1, 0x19, 0x1, 0x21, 0xff,

    /* U+8BB8 "许" */
    0x1, 0x80, 0x21, 0x0, 0x11, 0x0, 0x1, 0xfe,
    0x2, 0x20, 0x2, 0x20, 0xf4, 0x20, 0x10, 0x20,
    0x10, 0x20, 0x17, 0xff, 0x10, 0x20, 0x10, 0x20,
    0x14, 0x20, 0x18, 0x20, 0x30, 0x20, 0x0, 0x20,

    /* U+8BBA "论" */
    0x0, 0x10, 0x30, 0x18, 0xc, 0x1e, 0x3, 0x9,
    0x0, 0x8, 0x40, 0xc, 0x13, 0xdc, 0x6, 0x21,
    0x0, 0x10, 0x86, 0x8, 0x4c, 0x4, 0x38, 0x2,
    0x10, 0x1, 0x48, 0x0, 0xe4, 0x8, 0x62, 0x4,
    0x61, 0xfc,

    /* U+8BBE "设" */
    0x30, 0xfc, 0x8, 0x42, 0x2, 0x21, 0x0, 0x10,
    0x80, 0x10, 0x47, 0x98, 0x3c, 0x40, 0x0, 0x27,
    0xfe, 0x11, 0x2, 0x8, 0x43, 0x4, 0x33, 0x2,
    0x8f, 0x1, 0xc3, 0x0, 0x87, 0xe0, 0x8e, 0x1e,

    /* U+8BBF "访" */
    0x20, 0x20, 0x30, 0x20, 0x18, 0x10, 0x3, 0xff,
    0x0, 0xc0, 0xf0, 0xc0, 0xf0, 0xc0, 0x10, 0xfe,
    0x10, 0x86, 0x10, 0x86, 0x10, 0x86, 0x10, 0x86,
    0x1d, 0x84, 0x19, 0x4, 0x33, 0x4, 0x6, 0x3c,

    /* U+8BC1 "证" */
    0x20, 0x0, 0x18, 0xff, 0x86, 0x4, 0x0, 0x2,
    0x0, 0x1, 0x7, 0x8c, 0x80, 0x46, 0x40, 0x23,
    0x3e, 0x11, 0x90, 0x8, 0xc8, 0x4, 0x64, 0x2,
    0x32, 0x1, 0x59, 0x0, 0xec, 0x80, 0x66, 0x40,
    0x47, 0xff,

    /* U+8BCD "词" */
    0x63, 0xff, 0x30, 0x1, 0x18, 0x1, 0x3, 0xf9,
    0x0, 0x1, 0xf0, 0x1, 0x11, 0xf1, 0x11, 0x11,
    0x11, 0x11, 0x11, 0x11, 0x11, 0x11, 0x11, 0xf1,
    0x1d, 0x1, 0x30, 0x1, 0x0, 0xf,

    /* U+8BD1 "译" */
    0x0, 0x0, 0x11, 0xff, 0x8c, 0x20, 0xc2, 0x8,
    0xc0, 0x6, 0xc0, 0x1, 0xc3, 0xc3, 0xb8, 0x26,
    0x23, 0x10, 0x10, 0x8, 0xff, 0x84, 0x4, 0x2,
    0x2, 0x1, 0x7f, 0xf8, 0xc0, 0x80, 0xc0, 0x40,
    0x0, 0x20,

    /* U+8BD5 "试" */
    0x0, 0xa, 0x18, 0x5, 0x86, 0x2, 0x41, 0x1,
    0x0, 0x3f, 0xf8, 0x0, 0x43, 0xc0, 0x20, 0x20,
    0x10, 0x11, 0xe8, 0x8, 0x26, 0x4, 0x13, 0x2,
    0x8, 0x81, 0x4, 0x40, 0xf3, 0xa4, 0x6e, 0x1a,
    0x0, 0x6,

    /* U+8BDD "话" */
    0x20, 0x1f, 0x19, 0xf8, 0x6, 0x4, 0x0, 0x2,
    0x0, 0x1, 0x7, 0x9f, 0xfc, 0x40, 0x40, 0x20,
    0x20, 0x10, 0x10, 0x8, 0xff, 0x84, 0x40, 0x42,
    0xa0, 0x21, 0xd0, 0x10, 0xc8, 0x8, 0x87, 0xfc,

    /* U+8BE5 "该" */
    0x0, 0x0, 0x60, 0x30, 0x30, 0x10, 0x1b, 0xff,
    0x0, 0x60, 0x0, 0x40, 0xf0, 0xc4, 0xf1, 0x8c,
    0x13, 0xf8, 0x10, 0x12, 0x10, 0x22, 0x10, 0xc6,
    0x13, 0x8c, 0x10, 0x18, 0x1e, 0x6c, 0x19, 0xc6,
    0x37, 0x3, 0x0, 0x0,

    /* U+8BE6 "详" */
    0x0, 0x0, 0x20, 0x86, 0x30, 0xc4, 0x18, 0x4c,
    0x3, 0xff, 0x0, 0x30, 0xf0, 0x30, 0xf0, 0x30,
    0x11, 0xfe, 0x10, 0x30, 0x10, 0x30, 0x10, 0x30,
    0x13, 0xff, 0x14, 0x30, 0x18, 0x30, 0x30, 0x30,
    0x0, 0x30,

    /* U+8BED "语" */
    0x61, 0xff, 0x18, 0x10, 0x6, 0x8, 0x0, 0x3f,
    0xc0, 0x6, 0x27, 0x82, 0x10, 0x41, 0x8, 0x27,
    0xff, 0x10, 0x0, 0x8, 0xff, 0x84, 0x60, 0x42,
    0x70, 0x21, 0xf8, 0x10, 0xcc, 0x8, 0x47, 0xfc,

    /* U+8BF4 "说" */
    0x0, 0x0, 0x10, 0xc3, 0x4, 0x21, 0x3, 0x19,
    0x80, 0x3f, 0xe0, 0x10, 0x13, 0xc8, 0x8, 0x24,
    0x4, 0x13, 0xfe, 0x8, 0x64, 0x4, 0x32, 0x2,
    0x19, 0x1, 0xc8, 0x80, 0xcc, 0x44, 0xcc, 0x22,
    0xc, 0x1f,

    /* U+8BF7 "请" */
    0x0, 0x10, 0x30, 0x8, 0xc, 0x7f, 0xc3, 0x2,
    0x0, 0x1f, 0xf0, 0x0, 0x80, 0x0, 0x41, 0xe7,
    0xff, 0x10, 0x0, 0x8, 0xff, 0x84, 0x40, 0xc2,
    0x3f, 0xe1, 0x10, 0x30, 0x88, 0x18, 0x77, 0xfc,
    0x32, 0x6, 0x1, 0xe, 0x0,

    /* U+8BFB "读" */
    0x0, 0x10, 0x10, 0x8, 0x4, 0x7f, 0xc3, 0x2,
    0x0, 0x1, 0x0, 0x1f, 0xff, 0xc0, 0x4, 0x21,
    0xb2, 0x11, 0x38, 0x8, 0x4c, 0x4, 0x6, 0x2,
    0x7f, 0xf1, 0x3, 0x0, 0xe1, 0x60, 0x63, 0x8,
    0x63, 0x3, 0x2, 0x0, 0x80,

    /* U+8C03 "调" */
    0x23, 0xff, 0x12, 0x1, 0x2, 0x11, 0x2, 0x7d,
    0x2, 0x11, 0xf2, 0x11, 0x12, 0xfd, 0x12, 0x1,
    0x12, 0x7d, 0x12, 0x45, 0x12, 0x45, 0x12, 0x45,
    0x1c, 0x7d, 0x34, 0x1, 0xc, 0x7,

    /* U+8C05 "谅" */
    0x0, 0x10, 0x18, 0xc, 0x6, 0x7f, 0xe0, 0x0,
    0x0, 0x0, 0x0, 0x7, 0xfb, 0xc2, 0x4, 0x21,
    0x2, 0x10, 0x81, 0x8, 0x7f, 0x84, 0x6, 0x2,
    0x1b, 0x41, 0x69, 0x90, 0xe8, 0xcc, 0xcc, 0x62,
    0x0, 0xe0,

    /* U+8C08 "谈" */
    0x0, 0x20, 0x20, 0x20, 0x31, 0x26, 0x1b, 0x24,
    0x2, 0x68, 0x0, 0x58, 0xf0, 0xcc, 0x13, 0x83,
    0x12, 0x20, 0x11, 0x22, 0x11, 0x26, 0x12, 0x24,
    0x12, 0x58, 0x18, 0x50, 0x18, 0x88, 0x37, 0x7,
    0x4, 0x1,

    /* U+8C22 "谢" */
    0x41, 0x2, 0x41, 0x2, 0x27, 0xc2, 0x4, 0x42,
    0x7, 0xdf, 0xe4, 0x42, 0xe4, 0x42, 0x27, 0xd2,
    0x24, 0x5a, 0x2f, 0xca, 0x20, 0xca, 0x21, 0x42,
    0x2b, 0x42, 0x36, 0x42, 0x6c, 0x42, 0x1, 0xce,

    /* U+8C46 "豆" */
    0xff, 0xff, 0x0, 0x0, 0x0, 0x0, 0x3f, 0xfc,
    0x20, 0xc, 0x20, 0xc, 0x20, 0xc, 0x20, 0xc,
    0x3f, 0xfc, 0x8, 0x0, 0x8, 0x10, 0x8, 0x30,
    0xc, 0x20, 0x0, 0x60, 0xff, 0xff,

    /* U+8C61 "象" */
    0x4, 0x0, 0xf, 0xe0, 0x10, 0x40, 0x30, 0xc0,
    0x7f, 0xfc, 0x20, 0x84, 0x21, 0x4, 0x3f, 0xfc,
    0xe, 0x4, 0x71, 0x18, 0x6, 0xf0, 0x18, 0xd0,
    0x63, 0x48, 0xc, 0x44, 0x70, 0x43, 0x3, 0x80,

    /* U+8D1D "贝" */
    0x3f, 0xf8, 0x40, 0x10, 0x84, 0x21, 0x8, 0x42,
    0x10, 0x84, 0x21, 0x8, 0x42, 0x10, 0x84, 0x21,
    0x8, 0x46, 0x10, 0x8, 0x0, 0x24, 0x0, 0xc6,
    0x6, 0x3, 0x38, 0x1, 0x80,

    /* U+8D1F "负" */
    0x0, 0x0, 0x6, 0x0, 0xf, 0xf0, 0x18, 0x20,
    0x30, 0x60, 0x7f, 0xfc, 0x10, 0x4, 0x10, 0x84,
    0x10, 0x84, 0x10, 0x84, 0x10, 0x84, 0x11, 0x4,
    0x11, 0x44, 0x2, 0x30, 0xc, 0xc, 0x70, 0x3,

    /* U+8D23 "责" */
    0x1, 0x80, 0x7f, 0xfe, 0x1, 0x80, 0x3f, 0xfc,
    0x1, 0x80, 0x1, 0x80, 0xff, 0xff, 0x0, 0x0,
    0x3f, 0xfc, 0x30, 0xc, 0x31, 0x8c, 0x31, 0x8c,
    0x31, 0xc, 0x3, 0x60, 0xe, 0x3c, 0xf8, 0x7,
    0x0, 0x0,

    /* U+8D25 "败" */
    0x0, 0x20, 0x7e, 0x20, 0x42, 0x20, 0x4a, 0x3f,
    0x4a, 0x42, 0x4a, 0x42, 0x4a, 0xc4, 0x4a, 0xc4,
    0x4a, 0x24, 0x4a, 0x24, 0x4a, 0x38, 0x4a, 0x18,
    0x14, 0x18, 0x16, 0x1c, 0x22, 0x26, 0xc1, 0xc3,
    0x0, 0x0,

    /* U+8D35 "贵" */
    0x1, 0x80, 0x3f, 0xfc, 0x21, 0x84, 0x21, 0x84,
    0x3f, 0xfc, 0x1, 0x80, 0xff, 0xff, 0x0, 0x0,
    0x3f, 0xf8, 0x30, 0x8, 0x31, 0x88, 0x31, 0x88,
    0x31, 0x8, 0x3, 0x40, 0xe, 0x38, 0x78, 0x6,
    0x40, 0x0,

    /* U+8D4C "赌" */
    0x0, 0x10, 0x3f, 0x8, 0x50, 0xbf, 0x4a, 0x42,
    0x65, 0x21, 0x22, 0x90, 0xa1, 0x4f, 0xfe, 0xa4,
    0x20, 0x52, 0x7f, 0x29, 0xe0, 0x94, 0x90, 0x4a,
    0x4f, 0xe2, 0x84, 0x11, 0x22, 0x9, 0x9, 0xfd,
    0x0, 0x82,

    /* U+8D56 "赖" */
    0x8, 0x20, 0x8, 0x3c, 0xff, 0x44, 0x8, 0x44,
    0x8, 0x88, 0x7f, 0xfe, 0x4b, 0x42, 0x4b, 0x52,
    0x4b, 0x52, 0x7f, 0x52, 0x18, 0x52, 0x2e, 0x52,
    0x6a, 0x72, 0xc8, 0x28, 0x88, 0x66, 0x9, 0x81,

    /* U+8D62 "赢" */
    0x1, 0x80, 0xff, 0xff, 0x20, 0x0, 0x3f, 0xfe,
    0x0, 0x0, 0x3f, 0xfc, 0x3f, 0xfc, 0x0, 0x0,
    0x7b, 0xdc, 0x4d, 0x54, 0x7d, 0x54, 0x4d, 0x6c,
    0x4d, 0x6c, 0x7d, 0x64, 0x4a, 0xa5, 0xbc, 0x43,

    /* U+8D70 "走" */
    0x0, 0xc0, 0x0, 0x60, 0x7, 0xff, 0xc0, 0x18,
    0x0, 0xc, 0x0, 0x6, 0x1, 0xff, 0xfe, 0x1,
    0x80, 0x8, 0xc0, 0x4, 0x60, 0x6, 0x3f, 0xc3,
    0x18, 0x1, 0xcc, 0x1, 0xb6, 0x0, 0x8f, 0x0,
    0x80, 0xff,

    /* U+8D77 "起" */
    0x8, 0x0, 0x8, 0x7e, 0xff, 0x2, 0x8, 0x2,
    0x8, 0x2, 0x8, 0x2, 0xff, 0x7e, 0x8, 0x40,
    0x48, 0x40, 0x4f, 0x40, 0x48, 0x41, 0x48, 0x41,
    0x68, 0x41, 0xe8, 0x7e, 0xd8, 0x0, 0x8f, 0xff,
    0x80, 0x0,

    /* U+8D85 "超" */
    0x10, 0x0, 0x10, 0xfe, 0xfe, 0x22, 0x10, 0x22,
    0x10, 0x62, 0x10, 0xc2, 0xff, 0x8e, 0x10, 0x0,
    0x50, 0xfe, 0x5e, 0x82, 0x50, 0x82, 0x50, 0x82,
    0x50, 0xfe, 0xb0, 0x0, 0x98, 0x0, 0x87, 0xff,
    0x0, 0x0,

    /* U+8D8A "越" */
    0x8, 0xe, 0x8, 0xa, 0x7f, 0x8, 0x8, 0xff,
    0x8, 0xc8, 0x8, 0xc8, 0xff, 0xc9, 0x8, 0xca,
    0x48, 0xca, 0x4f, 0xf4, 0x48, 0xed, 0x68, 0x8d,
    0x68, 0x17, 0x78, 0x23, 0x9c, 0x0, 0x87, 0xff,

    /* U+8DB3 "足" */
    0x3f, 0xfc, 0x20, 0x4, 0x20, 0x4, 0x20, 0x4,
    0x20, 0x4, 0x3f, 0xfc, 0x1, 0x0, 0x1, 0x0,
    0x11, 0x0, 0x11, 0xfc, 0x31, 0x0, 0x39, 0x0,
    0x69, 0x0, 0x47, 0x0, 0x81, 0xfe,

    /* U+8DD1 "跑" */
    0x0, 0x40, 0x7c, 0x40, 0x44, 0xfe, 0x45, 0x82,
    0x45, 0x2, 0x7d, 0xfa, 0x10, 0x8a, 0x10, 0x8a,
    0x50, 0x8a, 0x5c, 0x8a, 0x50, 0xfa, 0x50, 0x8e,
    0x50, 0x80, 0x5e, 0x81, 0xf0, 0x81, 0x0, 0xff,

    /* U+8DDD "距" */
    0x7e, 0xff, 0x42, 0x80, 0x42, 0x80, 0x42, 0x80,
    0x7e, 0xfe, 0x8, 0x82, 0x8, 0x82, 0x48, 0x82,
    0x4e, 0x82, 0x48, 0xfe, 0x48, 0x80, 0x48, 0x80,
    0x4e, 0x80, 0x7c, 0x80, 0xc0, 0xff,

    /* U+8DDF "跟" */
    0x7e, 0xfe, 0x42, 0x82, 0x42, 0x82, 0x42, 0xfe,
    0x7e, 0x82, 0x8, 0x82, 0x8, 0x82, 0x48, 0xfe,
    0x4e, 0x90, 0x48, 0x93, 0x48, 0x8e, 0x48, 0x88,
    0x4e, 0x84, 0xf8, 0xb6, 0x81, 0xe3, 0x0, 0x0,

    /* U+8DE8 "跨" */
    0x7c, 0x10, 0x7c, 0x30, 0x45, 0xff, 0x44, 0x68,
    0x44, 0xc4, 0x7d, 0x86, 0x13, 0x7b, 0x10, 0x1,
    0x50, 0x0, 0x5d, 0xff, 0x50, 0x40, 0x50, 0xfe,
    0x56, 0x2, 0x7c, 0x6, 0xc0, 0x4, 0x0, 0x3c,

    /* U+8DEF "路" */
    0x0, 0x60, 0x7e, 0x40, 0x42, 0x7e, 0x42, 0xc4,
    0x43, 0xc4, 0x7f, 0x28, 0x8, 0x38, 0x8, 0x38,
    0x48, 0x6c, 0x4f, 0x83, 0x49, 0xff, 0x48, 0x82,
    0x48, 0x82, 0x4e, 0x82, 0x78, 0x82, 0xc0, 0xfe,

    /* U+8DF3 "跳" */
    0x0, 0x48, 0x3e, 0x24, 0x11, 0x12, 0x48, 0xa9,
    0x24, 0x54, 0xb3, 0xe6, 0x70, 0x41, 0x20, 0x20,
    0x90, 0x50, 0x4c, 0x2e, 0x67, 0x14, 0x72, 0xca,
    0x49, 0x15, 0x8, 0x82, 0xe4, 0x47, 0x84, 0x22,
    0x4, 0x1f,

    /* U+8DF6 "跶" */
    0x0, 0x8, 0x3e, 0x4, 0x11, 0x42, 0x8, 0x91,
    0x4, 0x43, 0xf3, 0xe0, 0x40, 0x4e, 0x20, 0x21,
    0x18, 0x50, 0x94, 0x2e, 0x49, 0x14, 0x24, 0x8a,
    0x14, 0x65, 0xa, 0x12, 0xe4, 0x3, 0xc5, 0x0,
    0x4, 0x7e,

    /* U+8E66 "蹦" */
    0x0, 0x10, 0x7d, 0x11, 0x45, 0x11, 0x45, 0xff,
    0x44, 0x0, 0x7d, 0xef, 0x11, 0x29, 0x11, 0x29,
    0x51, 0xef, 0x5d, 0x29, 0x51, 0x29, 0x51, 0xef,
    0x53, 0x29, 0x5e, 0x29, 0xe2, 0x31, 0x2, 0x73,

    /* U+8EAB "身" */
    0x1, 0x80, 0x1, 0x0, 0x1f, 0xf8, 0x10, 0x8,
    0x1f, 0xf8, 0x10, 0x8, 0x10, 0x9, 0x1f, 0xfa,
    0x10, 0xe, 0x10, 0xc, 0x7f, 0xf8, 0x0, 0x68,
    0x0, 0xc8, 0x3, 0x8, 0x1c, 0x8, 0xe0, 0xf8,

    /* U+8F68 "轨" */
    0x10, 0x20, 0x10, 0x20, 0xfe, 0x20, 0x20, 0x20,
    0x20, 0xfc, 0x68, 0x24, 0x48, 0x24, 0x48, 0x24,
    0xfe, 0x24, 0x8, 0x24, 0x8, 0x44, 0xe, 0x44,
    0xf8, 0x44, 0x8, 0x85, 0x9, 0x85, 0x9, 0x7,

    /* U+8F6E "轮" */
    0x30, 0x20, 0x20, 0x30, 0xfc, 0x50, 0x20, 0xc8,
    0x20, 0x8c, 0x51, 0x86, 0x53, 0x3, 0x52, 0x80,
    0xfc, 0x8c, 0x10, 0x98, 0x10, 0xe0, 0x1c, 0x80,
    0xf8, 0x80, 0x10, 0x82, 0x10, 0x82, 0x10, 0xfe,

    /* U+8F6F "软" */
    0x8, 0x20, 0x18, 0x20, 0xff, 0x60, 0x10, 0x7f,
    0x30, 0x41, 0x28, 0x43, 0x28, 0x92, 0x48, 0x92,
    0x7f, 0x10, 0x8, 0x10, 0x8, 0x18, 0xf, 0x28,
    0xf8, 0x28, 0x8, 0x44, 0x8, 0xc2, 0x9, 0x83,

    /* U+8F83 "较" */
    0x0, 0x0, 0x30, 0x10, 0x20, 0x10, 0xfd, 0xff,
    0x20, 0x40, 0x50, 0x46, 0x50, 0x82, 0x51, 0x81,
    0xfd, 0x45, 0x10, 0x44, 0x10, 0x28, 0x1c, 0x38,
    0xf0, 0x10, 0x10, 0x6c, 0x10, 0xc6, 0x11, 0x83,

    /* U+8F91 "辑" */
    0x30, 0xfe, 0x20, 0x82, 0xfc, 0x82, 0x20, 0xfe,
    0x40, 0x0, 0x51, 0xff, 0x50, 0x82, 0xfc, 0x82,
    0xfc, 0xfe, 0x10, 0x82, 0x10, 0x82, 0x1e, 0xfe,
    0xf8, 0x82, 0x10, 0x9f, 0x13, 0xe2, 0x10, 0x2,

    /* U+8F93 "输" */
    0x0, 0x10, 0x10, 0x8, 0x8, 0xa, 0x1f, 0x88,
    0x82, 0x18, 0x32, 0x1f, 0xf5, 0x40, 0x0, 0xa0,
    0x2, 0xd1, 0xf5, 0x7e, 0x8a, 0x84, 0x7d, 0x42,
    0x22, 0xa7, 0xdf, 0x54, 0x88, 0xa8, 0x44, 0x44,
    0x22, 0x22, 0x11, 0x77, 0x0,

    /* U+8FA8 "辨" */
    0x20, 0x44, 0x18, 0x22, 0x3f, 0x17, 0xc9, 0x28,
    0x24, 0x95, 0x12, 0x4a, 0x51, 0x25, 0x29, 0xfa,
    0xff, 0x32, 0x44, 0x18, 0x22, 0x3f, 0x11, 0x1f,
    0x93, 0xe2, 0x8, 0x41, 0xc, 0x21, 0x8c, 0x11,
    0x84, 0x8,

    /* U+8FB9 "边" */
    0x20, 0x20, 0x18, 0x10, 0x6, 0x8, 0x0, 0x7f,
    0xe0, 0x2, 0x10, 0x1, 0x9, 0xc1, 0x84, 0x20,
    0x82, 0x10, 0x41, 0x8, 0x60, 0x84, 0x20, 0x42,
    0x20, 0x61, 0x21, 0xe1, 0xc0, 0x1, 0x90, 0x1,
    0x87, 0xff,

    /* U+8FBE "达" */
    0x0, 0x20, 0x30, 0x10, 0x8, 0x8, 0x2, 0x4,
    0x1, 0x7f, 0xf0, 0x1, 0x0, 0x1, 0x81, 0xe0,
    0xe0, 0x10, 0x58, 0x8, 0x66, 0x4, 0x21, 0x82,
    0x60, 0x41, 0x60, 0x11, 0xc0, 0x1, 0x10, 0x1,
    0x87, 0xfe,

    /* U+8FC7 "过" */
    0x0, 0x4, 0x30, 0x2, 0xc, 0x1, 0x2, 0xff,
    0xf0, 0x0, 0x40, 0x0, 0x20, 0x4, 0x11, 0xe3,
    0x8, 0x10, 0xc4, 0x8, 0x22, 0x4, 0x1, 0x2,
    0x0, 0x81, 0x3, 0xc1, 0xc0, 0x1, 0x98, 0x1,
    0x87, 0xff,

    /* U+8FD0 "运" */
    0x63, 0xff, 0x18, 0x0, 0x0, 0x0, 0x0, 0x0,
    0x0, 0x7f, 0xff, 0x82, 0x0, 0x43, 0x20, 0x21,
    0x8, 0x11, 0x86, 0x8, 0x81, 0x4, 0xff, 0xc2,
    0x0, 0x23, 0x80, 0x3, 0x30, 0x1, 0x7, 0xfe,

    /* U+8FD1 "近" */
    0x0, 0x7, 0x30, 0xfe, 0xc, 0x40, 0x3, 0x20,
    0x0, 0x10, 0x0, 0x8, 0x0, 0x7, 0xfd, 0xe2,
    0x10, 0x11, 0x8, 0x8, 0x84, 0x4, 0xc2, 0x2,
    0x41, 0x1, 0x20, 0x81, 0xb0, 0x41, 0xb0, 0x1,
    0x87, 0xfe,

    /* U+8FD4 "返" */
    0x0, 0x7, 0x10, 0xfe, 0xc, 0x40, 0x3, 0x20,
    0x0, 0x10, 0x0, 0xf, 0xf8, 0x4, 0x8, 0xe2,
    0x84, 0x11, 0x64, 0x9, 0x8e, 0x4, 0x87, 0x2,
    0x46, 0xc1, 0x6c, 0x31, 0x84, 0x1, 0xb0, 0x0,
    0x87, 0xff,

    /* U+8FD8 "还" */
    0x20, 0x0, 0x1b, 0xff, 0x84, 0xc, 0x0, 0x4,
    0x0, 0x6, 0x0, 0x7, 0x41, 0xc2, 0xb0, 0x22,
    0x4c, 0x16, 0x23, 0xa, 0x10, 0x84, 0x8, 0x2,
    0x4, 0x1, 0x2, 0x1, 0xc1, 0x1, 0x10, 0x1,
    0x87, 0xff,

    /* U+8FD9 "这" */
    0x0, 0x60, 0x20, 0x10, 0x8, 0xc, 0x2, 0xff,
    0xf0, 0x0, 0x40, 0x10, 0x20, 0xc, 0x30, 0xe1,
    0x90, 0x10, 0x70, 0x8, 0x18, 0x4, 0x1b, 0x2,
    0x38, 0xc1, 0x70, 0x30, 0x80, 0x1, 0xf0, 0x0,
    0x87, 0xff,

    /* U+8FDB "进" */
    0x40, 0x88, 0x20, 0x88, 0x10, 0x88, 0x7, 0xff,
    0x0, 0x88, 0x0, 0x88, 0xf0, 0x88, 0x17, 0xff,
    0x10, 0x88, 0x11, 0x88, 0x11, 0x8, 0x13, 0x8,
    0x12, 0x8, 0x38, 0x0, 0x46, 0x0, 0xc3, 0xff,

    /* U+8FDC "远" */
    0x63, 0xfe, 0x30, 0x0, 0x10, 0x0, 0x0, 0x0,
    0x7, 0xff, 0xf0, 0x90, 0x10, 0x90, 0x10, 0x90,
    0x10, 0x90, 0x11, 0x11, 0x13, 0x19, 0x16, 0xf,
    0x38, 0x0, 0x64, 0x0, 0x43, 0xff,

    /* U+8FDE "连" */
    0x0, 0x60, 0x10, 0x20, 0x4, 0xff, 0xc3, 0x18,
    0x0, 0x9, 0x0, 0xc, 0x81, 0xc7, 0xfc, 0x20,
    0x20, 0x10, 0x10, 0x8, 0x8, 0x4, 0xff, 0xe2,
    0x2, 0x1, 0x1, 0x1, 0xc0, 0x81, 0xb0, 0x0,
    0x87, 0xff,

    /* U+8FF9 "迹" */
    0x0, 0x20, 0x0, 0x18, 0xc, 0x4, 0x3, 0x7f,
    0xf0, 0x6, 0xc0, 0xb, 0x61, 0xc5, 0x34, 0x26,
    0x9a, 0x12, 0x4d, 0x8b, 0x26, 0x44, 0x13, 0x2,
    0x11, 0x81, 0x18, 0xc0, 0x98, 0xc1, 0xb0, 0x0,
    0x87, 0xff,

    /* U+8FFD "追" */
    0x0, 0x30, 0x30, 0x10, 0xc, 0x7f, 0x82, 0x20,
    0x40, 0x10, 0x20, 0xf, 0xf3, 0xc4, 0x0, 0x22,
    0x0, 0x11, 0xff, 0x8, 0x80, 0x84, 0x40, 0x42,
    0x20, 0x21, 0x1f, 0xf1, 0xc0, 0x1, 0xb0, 0x0,
    0x87, 0xff,

    /* U+9000 "退" */
    0x61, 0xfe, 0x18, 0x81, 0x4, 0x40, 0x82, 0x3f,
    0xc0, 0x10, 0x27, 0x8f, 0xf0, 0x44, 0x4, 0x22,
    0x64, 0x11, 0x1c, 0x8, 0x82, 0x4, 0x78, 0x82,
    0x60, 0x23, 0x80, 0x2, 0x30, 0x3, 0x7, 0xfe,

    /* U+9001 "送" */
    0x60, 0x82, 0x18, 0x63, 0x6, 0x11, 0x0, 0x3f,
    0xe0, 0x1, 0x0, 0x0, 0x81, 0xc0, 0x40, 0x27,
    0xff, 0x10, 0x30, 0x8, 0x14, 0x4, 0x19, 0x2,
    0x18, 0xc1, 0x18, 0x31, 0xc8, 0x9, 0xb0, 0x1,
    0x87, 0xff,

    /* U+9002 "适" */
    0x40, 0x1f, 0x11, 0xf8, 0xc, 0xc, 0x2, 0x6,
    0x0, 0x7f, 0xf8, 0x1, 0x83, 0xc0, 0xc1, 0xe0,
    0x60, 0x11, 0xff, 0x8, 0x81, 0x84, 0x40, 0xc2,
    0x20, 0x61, 0x1f, 0xf1, 0xc0, 0x1, 0x90, 0x0,
    0x87, 0xff,

    /* U+9009 "选" */
    0x81, 0x20, 0x41, 0x20, 0x23, 0xfe, 0x22, 0x20,
    0x6, 0x20, 0x0, 0x20, 0x7, 0xff, 0xe0, 0x90,
    0x20, 0x90, 0x20, 0x90, 0x21, 0x91, 0x23, 0x11,
    0x2e, 0x1f, 0x30, 0x0, 0xfc, 0x0, 0x87, 0xff,

    /* U+900F "透" */
    0x0, 0xd, 0x8f, 0xe1, 0x81, 0x1, 0x7f, 0xf0,
    0xe, 0x0, 0x2a, 0x1, 0x93, 0x76, 0x1, 0x27,
    0xf0, 0x43, 0x3c, 0x84, 0x9, 0x8, 0x12, 0x60,
    0x65, 0x83, 0x9e, 0x0, 0x43, 0xff,

    /* U+9010 "逐" */
    0x67, 0xff, 0x18, 0x30, 0x4, 0x30, 0x0, 0x64,
    0x40, 0x47, 0xc3, 0x86, 0xc0, 0x4c, 0x70, 0x24,
    0x7c, 0x10, 0x4a, 0x8, 0xc4, 0x85, 0xc6, 0x2,
    0x82, 0x1, 0x8f, 0x3, 0x60, 0x1, 0xf, 0xfc,

    /* U+901A "通" */
    0x43, 0xff, 0x18, 0x42, 0x6, 0x1e, 0x0, 0x7f,
    0xe0, 0x22, 0x17, 0x91, 0xb, 0xcf, 0xfc, 0x24,
    0x42, 0x12, 0x21, 0x9, 0xff, 0x84, 0x88, 0x42,
    0x44, 0x21, 0x22, 0x73, 0x60, 0x3, 0xf, 0xfe,

    /* U+901F "速" */
    0x0, 0x20, 0x40, 0x20, 0x27, 0xff, 0x10, 0x20,
    0x3, 0xfe, 0x2, 0x22, 0xf2, 0x22, 0x12, 0x22,
    0x13, 0xfe, 0x10, 0x70, 0x10, 0xe8, 0x11, 0xa4,
    0x17, 0x22, 0x30, 0x20, 0x6c, 0x0, 0xc3, 0xff,

    /* U+903B "逻" */
    0x43, 0xff, 0x11, 0x24, 0x84, 0x92, 0x42, 0x49,
    0x20, 0x3f, 0xf0, 0x2, 0x3, 0xc3, 0x0, 0x21,
    0xfc, 0x11, 0x82, 0xb, 0x62, 0x4, 0x1a, 0x2,
    0x2, 0x1, 0x6, 0x1, 0x9c, 0x1, 0x30, 0x1,
    0x87, 0xfe,

    /* U+9047 "遇" */
    0x1, 0xfe, 0x30, 0x91, 0xc, 0x48, 0x83, 0x3f,
    0xc0, 0x12, 0x20, 0xf, 0xf1, 0xc0, 0x80, 0xe0,
    0x40, 0x13, 0xff, 0x9, 0x10, 0x84, 0x89, 0x42,
    0x5f, 0xa1, 0x20, 0x11, 0xd0, 0x39, 0x90, 0x0,
    0x87, 0xfe,

    /* U+904D "遍" */
    0x0, 0x20, 0x10, 0x18, 0x4, 0xff, 0xc3, 0x40,
    0x20, 0x3f, 0xf0, 0x10, 0x1, 0xc8, 0x0, 0x27,
    0xfe, 0x13, 0x25, 0x9, 0x92, 0x85, 0x7f, 0xc2,
    0xa4, 0xa1, 0x52, 0x51, 0xc9, 0x29, 0xb0, 0x0,
    0x87, 0xff,

    /* U+9053 "道" */
    0x41, 0x4, 0x30, 0x46, 0xd, 0xff, 0xe2, 0x4,
    0x0, 0x6, 0x0, 0x1f, 0xf3, 0xc8, 0x8, 0x27,
    0xfc, 0x12, 0x2, 0x9, 0x1, 0x4, 0xff, 0x82,
    0x40, 0x41, 0x3f, 0xe1, 0xc0, 0x1, 0xb0, 0x1,
    0x87, 0xff,

    /* U+9057 "遗" */
    0x0, 0x30, 0x11, 0xff, 0x84, 0x8c, 0x42, 0x7f,
    0xe0, 0x3, 0x0, 0x3f, 0xfd, 0xc0, 0x0, 0x23,
    0xfc, 0x11, 0x2, 0x8, 0x99, 0x4, 0x4c, 0x82,
    0x24, 0x41, 0xc, 0xe1, 0x98, 0xd, 0xb0, 0x1,
    0x87, 0xff,

    /* U+9075 "遵" */
    0x1, 0x84, 0x20, 0x42, 0x19, 0xff, 0xe6, 0x9,
    0x1, 0x3f, 0xf0, 0x12, 0x48, 0xe, 0x1d, 0xe7,
    0xfe, 0x12, 0x1, 0x8, 0xff, 0x5, 0xff, 0xe2,
    0x20, 0x81, 0x8, 0x40, 0x82, 0x20, 0xf0, 0x70,
    0xcf, 0xff,

    /* U+907F "避" */
    0x0, 0x8, 0xc7, 0x88, 0x64, 0xbf, 0x24, 0x82,
    0x4, 0x96, 0x7, 0x94, 0x4, 0x3f, 0xe4, 0x8,
    0x27, 0x88, 0x2c, 0xbf, 0x2c, 0x88, 0x3c, 0x88,
    0x24, 0x88, 0x23, 0x88, 0xd8, 0x0, 0x87, 0xff,

    /* U+90A3 "那" */
    0xff, 0x3f, 0x11, 0x23, 0x11, 0x22, 0x11, 0x22,
    0xff, 0x24, 0x11, 0x2c, 0x11, 0x24, 0x11, 0x22,
    0xff, 0x21, 0x21, 0x21, 0x21, 0x21, 0x21, 0x21,
    0x61, 0x2e, 0x41, 0x20, 0x8e, 0x20,

    /* U+90BB "邻" */
    0x4, 0x0, 0x4, 0x1f, 0xb, 0x11, 0x19, 0x92,
    0x30, 0xd2, 0x64, 0x52, 0x42, 0x14, 0x0, 0x12,
    0x3f, 0x92, 0x1, 0x91, 0x1, 0x11, 0x3, 0x11,
    0x12, 0x11, 0xc, 0x16, 0x4, 0x10, 0x2, 0x10,

    /* U+90E8 "部" */
    0x8, 0x0, 0x8, 0x3f, 0xff, 0xa1, 0x21, 0x22,
    0x22, 0x22, 0x32, 0x24, 0x12, 0x24, 0xff, 0xa6,
    0x0, 0x22, 0x0, 0x21, 0x7f, 0x21, 0x41, 0x21,
    0x41, 0x23, 0x41, 0x2c, 0x7f, 0x20, 0x41, 0x20,

    /* U+90FD "都" */
    0x8, 0x80, 0x8, 0xbf, 0x7f, 0x23, 0xb, 0x22,
    0xa, 0x22, 0xff, 0xa4, 0x8, 0x2c, 0x10, 0x26,
    0x7f, 0x22, 0xe1, 0x21, 0xa1, 0x21, 0x3f, 0x21,
    0x21, 0x23, 0x21, 0x2e, 0x3f, 0x20, 0x21, 0x20,

    /* U+914D "配" */
    0xff, 0x7f, 0x12, 0x0, 0x89, 0x0, 0x5f, 0xe0,
    0x2a, 0x90, 0x15, 0x4b, 0xfa, 0xa5, 0x5, 0x52,
    0x82, 0xa7, 0x40, 0x40, 0xa0, 0x3f, 0xd0, 0x10,
    0x28, 0x18, 0x14, 0xf, 0xfa, 0xa, 0x5, 0xfc,

    /* U+9171 "酱" */
    0x44, 0x60, 0x44, 0xff, 0x25, 0x83, 0x7, 0x42,
    0x1c, 0x2c, 0x64, 0x38, 0x87, 0xe0, 0x0, 0x0,
    0xff, 0xff, 0x2, 0x40, 0x7f, 0xfe, 0x46, 0x42,
    0x5c, 0x7e, 0x40, 0x2, 0x7f, 0xfe, 0x7f, 0xfe,

    /* U+9192 "醒" */
    0xff, 0x7f, 0x14, 0x20, 0x8a, 0x1f, 0xdf, 0xe8,
    0x2a, 0x94, 0x15, 0x4b, 0xfa, 0xa4, 0xa1, 0x52,
    0x90, 0xe7, 0x7f, 0x40, 0xc4, 0x3f, 0xe2, 0x10,
    0x2f, 0xe8, 0x10, 0x87, 0xf8, 0x42, 0x7, 0xfe,

    /* U+91C7 "采" */
    0x0, 0x3e, 0x7f, 0xe0, 0x1, 0x4, 0x21, 0x4,
    0x31, 0x8c, 0x10, 0x88, 0x1, 0x90, 0x1, 0x80,
    0xff, 0xff, 0x3, 0xc0, 0x7, 0xe0, 0xd, 0xb0,
    0x19, 0x98, 0x61, 0x86, 0xc1, 0x83, 0x1, 0x80,

    /* U+91CA "释" */
    0x6, 0x0, 0xf8, 0xff, 0x12, 0x42, 0x52, 0x64,
    0x54, 0x38, 0x10, 0x38, 0xfe, 0xc7, 0x19, 0x11,
    0x3c, 0x10, 0x36, 0xfe, 0x52, 0x10, 0xd0, 0x10,
    0x91, 0xff, 0x10, 0x10, 0x10, 0x10, 0x10, 0x10,

    /* U+91CC "里" */
    0x3f, 0xfc, 0x21, 0x84, 0x21, 0x84, 0x3f, 0xfc,
    0x21, 0x84, 0x21, 0x84, 0x21, 0x84, 0x3f, 0xfc,
    0x1, 0x80, 0x1, 0x80, 0x7f, 0xfe, 0x1, 0x80,
    0x1, 0x80, 0x1, 0x80, 0xff, 0xff,

    /* U+91CD "重" */
    0x0, 0xc, 0x3f, 0xf0, 0x1, 0x80, 0xff, 0xff,
    0x1, 0x80, 0x3f, 0xfc, 0x21, 0x84, 0x21, 0x84,
    0x3f, 0xfc, 0x21, 0x84, 0x3f, 0xfc, 0x1, 0x80,
    0x7f, 0xfe, 0x1, 0x80, 0x1, 0x80, 0xff, 0xff,

    /* U+91CF "量" */
    0x3f, 0xfc, 0x20, 0x4, 0x3f, 0xfc, 0x20, 0x4,
    0x3f, 0xfc, 0x0, 0x0, 0xff, 0xff, 0x3f, 0xfc,
    0x21, 0x84, 0x3f, 0xfc, 0x21, 0x84, 0x3f, 0xfc,
    0x1, 0x80, 0x7f, 0xfe, 0x1, 0x80, 0xff, 0xff,

    /* U+91D1 "金" */
    0x0, 0x0, 0x0, 0x30, 0x0, 0x1e, 0x0, 0xc,
    0xc0, 0xe, 0x1c, 0xe, 0x1, 0x8e, 0xff, 0xdc,
    0x3, 0x0, 0x0, 0xc0, 0x0, 0x30, 0x3, 0xff,
    0xf0, 0x3, 0x0, 0x8, 0xc4, 0x3, 0x33, 0x0,
    0x4c, 0x80, 0x3, 0x0, 0x7f, 0xff, 0x80,

    /* U+9488 "针" */
    0x10, 0x8, 0x18, 0x4, 0xf, 0x82, 0x8, 0x1,
    0x4, 0x0, 0x81, 0xf0, 0x40, 0x27, 0xfe, 0x10,
    0x10, 0x8, 0x8, 0x3f, 0x4, 0x2, 0x2, 0x1,
    0x1, 0x0, 0x80, 0x80, 0x70, 0x40, 0x70, 0x20,
    0x20, 0x10,

    /* U+949F "钟" */
    0x20, 0x10, 0xc0, 0x21, 0xf0, 0x46, 0x0, 0x88,
    0x1f, 0xef, 0xa2, 0x44, 0x44, 0x88, 0x89, 0xfd,
    0x13, 0xfb, 0xfc, 0x44, 0x48, 0x88, 0x91, 0x1,
    0x3, 0x82, 0xe, 0x4, 0x10, 0x8,

    /* U+94A2 "钢" */
    0x20, 0x0, 0x61, 0xff, 0x7d, 0x1, 0xc1, 0x5,
    0x81, 0x4d, 0x7d, 0x69, 0x11, 0x29, 0x11, 0x39,
    0x11, 0x11, 0xfd, 0x39, 0x11, 0x29, 0x11, 0x65,
    0x11, 0x45, 0x15, 0xc1, 0x39, 0x1, 0x21, 0x7,

    /* U+94AE "钮" */
    0x20, 0x0, 0x61, 0xfe, 0x7c, 0x22, 0xc0, 0x22,
    0x80, 0x22, 0x7c, 0x62, 0x10, 0x62, 0x11, 0xfe,
    0x10, 0x42, 0xfc, 0x42, 0x10, 0x46, 0x10, 0x44,
    0x10, 0x44, 0x14, 0xc4, 0x38, 0xc4, 0x37, 0xff,

    /* U+94F6 "银" */
    0x20, 0x0, 0x61, 0xfe, 0x7d, 0x2, 0xc1, 0x2,
    0x81, 0xfe, 0x7d, 0x2, 0x31, 0x2, 0x31, 0xfe,
    0x31, 0xfe, 0xfd, 0x20, 0x31, 0x32, 0x31, 0x1c,
    0x31, 0x18, 0x35, 0xc, 0x39, 0x66, 0x33, 0xc3,

    /* U+94FA "铺" */
    0x20, 0x14, 0xc0, 0x25, 0xff, 0xfc, 0x0, 0x88,
    0x1, 0xf, 0x3f, 0xc4, 0x44, 0x88, 0x89, 0x11,
    0xff, 0xfa, 0x24, 0x44, 0x48, 0x8f, 0xf1, 0x11,
    0x23, 0xa2, 0x4c, 0x44, 0x90, 0x8b,

    /* U+9501 "锁" */
    0x10, 0x10, 0x10, 0x48, 0x8f, 0x94, 0xc8, 0xa,
    0xc4, 0x1, 0x1, 0xf7, 0xf8, 0x42, 0x4, 0x21,
    0x22, 0x10, 0x91, 0x3f, 0x48, 0x84, 0x24, 0x42,
    0x12, 0x21, 0xb, 0x10, 0x91, 0x40, 0x73, 0x18,
    0x67, 0x3,

    /* U+9519 "错" */
    0x20, 0x44, 0x60, 0x44, 0x7d, 0xff, 0x80, 0x44,
    0x80, 0x44, 0x7c, 0x44, 0x13, 0xff, 0x10, 0x0,
    0x10, 0x0, 0xfc, 0xfe, 0x10, 0x82, 0x10, 0x82,
    0x10, 0xfe, 0x14, 0x82, 0x3c, 0x82, 0x20, 0xfe,

    /* U+952E "键" */
    0x20, 0x8, 0x47, 0xfe, 0x79, 0x8a, 0xc1, 0xa,
    0x81, 0x7f, 0x7a, 0xa, 0x27, 0xfe, 0x20, 0x88,
    0x20, 0xff, 0xfb, 0x8, 0x23, 0x8, 0x23, 0x7f,
    0x23, 0x8, 0x3a, 0x88, 0x36, 0x60, 0x4c, 0x3f,

    /* U+952F "锯" */
    0x20, 0x0, 0x21, 0xff, 0x7d, 0x1, 0xc1, 0x1,
    0x81, 0xff, 0x7d, 0x10, 0x11, 0x10, 0x11, 0xff,
    0x11, 0x10, 0xfd, 0x10, 0x11, 0x10, 0x11, 0xff,
    0x11, 0x81, 0x16, 0x81, 0x3a, 0x81, 0x22, 0xff,

    /* U+955C "镜" */
    0x20, 0x10, 0x10, 0xff, 0x9f, 0x11, 0x8, 0x8,
    0x88, 0x4, 0x44, 0x1f, 0xf9, 0xe0, 0x0, 0x63,
    0xfe, 0x31, 0x3, 0x7e, 0xff, 0x8c, 0x40, 0xc6,
    0x3f, 0xe3, 0x4, 0x81, 0xe2, 0x40, 0xe3, 0x22,
    0x4e, 0x1e,

    /* U+957F "长" */
    0x8, 0x0, 0x8, 0xc, 0x8, 0x10, 0x8, 0x60,
    0x9, 0xc0, 0x9, 0x0, 0x8, 0x0, 0xff, 0xff,
    0x8, 0x80, 0x8, 0xc0, 0x8, 0x40, 0x8, 0x20,
    0x8, 0x10, 0x8, 0x8c, 0x1f, 0x87, 0x18, 0x1,

    /* U+95EA "闪" */
    0x40, 0x0, 0xcf, 0xfc, 0xc0, 0x8, 0x80, 0x18,
    0x18, 0x30, 0x20, 0x60, 0x40, 0xc1, 0xc1, 0x82,
    0xc3, 0xc, 0xc6, 0x30, 0x8c, 0xc0, 0x99, 0x1,
    0x30, 0x0, 0x60, 0x0, 0xc0, 0xf,

    /* U+95ED "闭" */
    0x0, 0x1, 0x3f, 0xf6, 0x0, 0x40, 0x21, 0x80,
    0x86, 0x2, 0x1b, 0xff, 0x60, 0x61, 0x83, 0x86,
    0x1a, 0x18, 0xc8, 0x66, 0x21, 0xb0, 0x86, 0x2,
    0x18, 0x38, 0x60, 0x7,

    /* U+95EE "问" */
    0x80, 0x1, 0x3f, 0xf2, 0x0, 0x48, 0x1, 0x80,
    0x6, 0x3f, 0x18, 0x84, 0x62, 0x11, 0x88, 0x46,
    0x21, 0x18, 0x84, 0x63, 0xf1, 0x88, 0x6, 0x0,
    0x18, 0x0, 0x60, 0xf,

    /* U+95F2 "闲" */
    0x40, 0x0, 0xdf, 0xfc, 0x80, 0x8, 0x80, 0x18,
    0x10, 0x30, 0x20, 0x67, 0xfe, 0xc1, 0xc1, 0x83,
    0xc3, 0xa, 0xc6, 0x34, 0xcc, 0xc8, 0xd9, 0x10,
    0x30, 0x20, 0x60, 0x40, 0xc0, 0xf,

    /* U+95F4 "间" */
    0x0, 0x1, 0x3f, 0xf2, 0x0, 0x40, 0x1, 0x80,
    0x6, 0x3f, 0x18, 0x84, 0x62, 0x11, 0x88, 0x46,
    0x3f, 0x18, 0x84, 0x62, 0x11, 0x8f, 0xc6, 0x0,
    0x18, 0x0, 0x60, 0x7,

    /* U+95F9 "闹" */
    0x40, 0x0, 0xcf, 0xfc, 0xc0, 0x8, 0x18, 0x18,
    0x10, 0x37, 0xfe, 0x60, 0x40, 0xc0, 0x81, 0x9f,
    0xe3, 0x32, 0x46, 0x64, 0x8c, 0xc9, 0x19, 0x92,
    0x33, 0x2c, 0x60, 0x40, 0xc0, 0xf,

    /* U+9608 "阈" */
    0x40, 0x0, 0xcf, 0xfc, 0x40, 0xc, 0x5, 0x18,
    0x8, 0x37, 0xff, 0x60, 0x20, 0xcf, 0x49, 0x92,
    0x93, 0x25, 0x46, 0x7b, 0x8c, 0x2, 0x18, 0x6c,
    0xb7, 0x9d, 0x60, 0xcc, 0xc0, 0xf,

    /* U+961F "队" */
    0x0, 0x41, 0xf0, 0x82, 0x21, 0x4, 0x82, 0x9,
    0x4, 0x16, 0x8, 0x24, 0x10, 0x4c, 0x20, 0x88,
    0xc1, 0x11, 0x42, 0x22, 0x85, 0x8d, 0x88, 0x11,
    0x10, 0x61, 0x21, 0x83, 0x46, 0x3,

    /* U+9632 "防" */
    0x0, 0x41, 0xf0, 0xc2, 0x20, 0x84, 0xbf, 0xf9,
    0x8, 0x16, 0x10, 0x24, 0x20, 0x48, 0x7e, 0x88,
    0x85, 0x11, 0xa, 0x24, 0x15, 0x88, 0x28, 0x30,
    0x50, 0x40, 0xa3, 0x3, 0x44, 0x3c,

    /* U+9634 "阴" */
    0xf9, 0xff, 0x12, 0x6, 0x44, 0xc, 0x88, 0x19,
    0x1f, 0xf2, 0x20, 0x62, 0x40, 0xc4, 0x81, 0x89,
    0xff, 0x12, 0x6, 0x64, 0xc, 0x10, 0x18, 0x20,
    0x30, 0xc0, 0x63, 0x3, 0x80,

    /* U+9635 "阵" */
    0x0, 0x40, 0xf8, 0xc0, 0x9f, 0xfe, 0x90, 0x80,
    0x90, 0x80, 0xa1, 0x20, 0xb1, 0x20, 0x93, 0x20,
    0x8b, 0xfe, 0x88, 0x20, 0x88, 0x20, 0xb8, 0x20,
    0x87, 0xff, 0x80, 0x20, 0x80, 0x20, 0x80, 0x20,

    /* U+9636 "阶" */
    0x0, 0x20, 0xf8, 0x60, 0x88, 0x50, 0x90, 0xd8,
    0x91, 0x8c, 0x93, 0x6, 0x96, 0x3, 0x98, 0x88,
    0x88, 0x88, 0x88, 0x88, 0x88, 0x88, 0xb0, 0x88,
    0x81, 0x88, 0x81, 0x8, 0x83, 0x8, 0x86, 0x8,

    /* U+963B "阻" */
    0xf9, 0xfc, 0x89, 0x4, 0x91, 0x4, 0x91, 0x4,
    0x91, 0xfc, 0x91, 0x4, 0x89, 0x4, 0x89, 0x4,
    0x89, 0x4, 0x89, 0xfc, 0xb9, 0x4, 0x81, 0x4,
    0x81, 0x4, 0x81, 0x4, 0x8f, 0xff,

    /* U+9644 "附" */
    0x0, 0x84, 0xf8, 0x84, 0x89, 0x84, 0x91, 0x4,
    0xb3, 0x7f, 0xa3, 0x4, 0xb5, 0x4, 0x99, 0x24,
    0x89, 0x24, 0x89, 0x34, 0x89, 0x14, 0xf1, 0x4,
    0x81, 0x4, 0x81, 0x4, 0x81, 0x4, 0x81, 0x1c,

    /* U+9645 "际" */
    0xf8, 0x0, 0x89, 0xfe, 0x98, 0x0, 0x90, 0x0,
    0x90, 0x0, 0xb0, 0x0, 0xb3, 0xff, 0x90, 0x20,
    0x88, 0x20, 0x89, 0xa4, 0x89, 0x26, 0xb3, 0x22,
    0x82, 0x22, 0x86, 0x21, 0x80, 0x20, 0x80, 0xe0,

    /* U+9646 "陆" */
    0x0, 0x20, 0xf8, 0x20, 0x98, 0x20, 0x93, 0xfe,
    0xb0, 0x20, 0xa0, 0x20, 0xb0, 0x20, 0x97, 0xff,
    0x88, 0x20, 0x88, 0x20, 0x8a, 0x22, 0xf2, 0x22,
    0x82, 0x22, 0x82, 0x22, 0x83, 0xfe, 0x80, 0x2,

    /* U+9650 "限" */
    0xfb, 0xfd, 0x14, 0xa, 0x48, 0x14, 0x9f, 0xea,
    0x20, 0x52, 0x40, 0xa6, 0x81, 0x45, 0xfe, 0x8a,
    0x41, 0x14, 0x4e, 0xc8, 0xe4, 0x10, 0x88, 0x21,
    0x90, 0x79, 0xe0, 0xc0, 0x80,

    /* U+9664 "除" */
    0x0, 0x20, 0xf8, 0x20, 0x88, 0xd8, 0x91, 0x8c,
    0x93, 0x3, 0xb5, 0xfc, 0x90, 0x20, 0x88, 0x20,
    0x88, 0x20, 0x8f, 0xff, 0x88, 0x20, 0xb1, 0x2c,
    0x83, 0x26, 0x82, 0x23, 0x84, 0x21, 0x80, 0xe0,

    /* U+9669 "险" */
    0x0, 0x20, 0xf8, 0x60, 0x88, 0x70, 0x90, 0x98,
    0x91, 0xc, 0xb2, 0x6, 0xb5, 0xfb, 0x90, 0x0,
    0x88, 0x42, 0x8a, 0x24, 0x89, 0x24, 0xb1, 0x28,
    0x81, 0x8, 0x80, 0x10, 0x87, 0xfe, 0x80, 0x0,

    /* U+966A "陪" */
    0x0, 0x61, 0xf0, 0x42, 0x6f, 0xfc, 0x88, 0x2b,
    0x10, 0x94, 0x31, 0x2c, 0x22, 0x4b, 0xff, 0x88,
    0x1, 0x10, 0x2, 0x2f, 0xf5, 0x90, 0x28, 0x20,
    0x50, 0x40, 0xa0, 0xff, 0x41, 0x2,

    /* U+968F "随" */
    0x0, 0x30, 0xf0, 0x20, 0x95, 0xff, 0x96, 0x40,
    0xa2, 0x40, 0xa0, 0xfe, 0xa1, 0xc2, 0xae, 0x7e,
    0x92, 0x42, 0x92, 0x42, 0x92, 0x7e, 0xb2, 0x42,
    0x82, 0x42, 0x86, 0x4e, 0x89, 0x80, 0x88, 0x7f,

    /* U+9690 "隐" */
    0xf8, 0x81, 0x13, 0xf2, 0x48, 0x44, 0xa1, 0x89,
    0x7f, 0xd4, 0x0, 0xa4, 0x1, 0x4d, 0xfe, 0x88,
    0x5, 0x10, 0xa, 0x2f, 0xe5, 0x86, 0x8, 0x52,
    0x50, 0xa0, 0xe2, 0x42, 0xc0, 0xfc,

    /* U+9694 "隔" */
    0xfb, 0xff, 0x88, 0x0, 0x91, 0xfe, 0x91, 0x2,
    0x91, 0x2, 0x91, 0xfe, 0x90, 0x0, 0x8b, 0xff,
    0x8a, 0x85, 0x8a, 0x49, 0xb2, 0xfd, 0x82, 0x21,
    0x82, 0x21, 0x82, 0x21, 0x82, 0x27,

    /* U+96BE "难" */
    0x0, 0x58, 0x0, 0x48, 0xfc, 0xc8, 0x4, 0xff,
    0x84, 0x88, 0x45, 0x88, 0x2f, 0x88, 0x2a, 0xff,
    0x18, 0x88, 0x18, 0x88, 0x1c, 0xff, 0x34, 0x88,
    0x66, 0x88, 0x40, 0x88, 0x80, 0xff, 0x0, 0x80,

    /* U+96F6 "零" */
    0x3f, 0xff, 0x0, 0x40, 0x1f, 0xff, 0xe8, 0x10,
    0x35, 0xeb, 0xf8, 0xf5, 0xf0, 0x6, 0x0, 0xe,
    0xc0, 0x1c, 0x9e, 0x30, 0x60, 0xc7, 0xff, 0x80,
    0x1, 0x80, 0x63, 0x0, 0xe, 0x0, 0x0, 0xc0,

    /* U+96F7 "雷" */
    0x7f, 0xfe, 0x1, 0x0, 0xff, 0xff, 0x81, 0x3,
    0xbd, 0x7f, 0x81, 0x3, 0x3d, 0x7c, 0x1, 0x0,
    0x3f, 0xfc, 0x21, 0x4, 0x21, 0x4, 0x3f, 0xfc,
    0x21, 0x4, 0x21, 0x4, 0x3f, 0xfc,

    /* U+9700 "需" */
    0x7f, 0xfe, 0x1, 0x0, 0xff, 0xff, 0x81, 0x1,
    0xbd, 0x7d, 0x81, 0x1, 0x3d, 0x7c, 0x0, 0x0,
    0xff, 0xff, 0x1, 0x0, 0x7f, 0xfe, 0x66, 0x22,
    0x66, 0x22, 0x66, 0x22, 0x66, 0x2e,

    /* U+971C "霜" */
    0x3f, 0xfe, 0x0, 0x80, 0x7f, 0xff, 0x40, 0x81,
    0x4e, 0xbd, 0x1e, 0xbe, 0xc, 0x80, 0xc, 0x7f,
    0x7f, 0x41, 0xc, 0x7f, 0x1e, 0x41, 0x1f, 0x7f,
    0x2d, 0x41, 0x4c, 0x41, 0xc, 0x7f,

    /* U+9759 "静" */
    0x18, 0x20, 0x18, 0x20, 0xff, 0x7c, 0x18, 0x4c,
    0x7e, 0x88, 0x18, 0xfe, 0xff, 0x12, 0x0, 0x12,
    0x7e, 0xff, 0x42, 0x12, 0x7e, 0x12, 0x42, 0xfe,
    0x7e, 0x12, 0x42, 0x10, 0x42, 0x10, 0x4e, 0x70,

    /* U+975E "非" */
    0x4, 0x40, 0x8, 0x80, 0x11, 0x7, 0xe3, 0xf0,
    0x44, 0x0, 0x88, 0x1, 0x10, 0x7e, 0x3f, 0x4,
    0x40, 0x8, 0x80, 0x11, 0x7, 0xe3, 0xf0, 0x44,
    0x0, 0x88, 0x1, 0x10, 0x2, 0x20,

    /* U+9760 "靠" */
    0x11, 0x80, 0x3f, 0xfc, 0x61, 0x80, 0xff, 0xff,
    0x0, 0x0, 0x3f, 0xfc, 0x20, 0x4, 0x3f, 0xfc,
    0x2, 0x60, 0x2, 0x60, 0xfe, 0x7f, 0x2, 0x60,
    0x7e, 0x7e, 0x2, 0x60, 0xfe, 0x7f, 0x2, 0x60,

    /* U+9762 "面" */
    0xff, 0xff, 0x1, 0x0, 0x1, 0x0, 0x1, 0x0,
    0x7f, 0xfe, 0x44, 0x22, 0x44, 0x22, 0x47, 0xe2,
    0x44, 0x22, 0x44, 0x22, 0x47, 0xe2, 0x44, 0x22,
    0x44, 0x22, 0x7f, 0xfe, 0x40, 0x2,

    /* U+97F3 "音" */
    0x1, 0x0, 0x1, 0x80, 0x7f, 0xfe, 0x8, 0x18,
    0x8, 0x10, 0xc, 0x30, 0xff, 0xff, 0x0, 0x0,
    0x0, 0x0, 0x1f, 0xfc, 0x10, 0xc, 0x10, 0xc,
    0x1f, 0xfc, 0x10, 0xc, 0x10, 0xc, 0x1f, 0xfc,

    /* U+9875 "页" */
    0xff, 0xfe, 0x6, 0x0, 0x8, 0x1, 0xff, 0xc2,
    0x0, 0x84, 0x21, 0x8, 0x42, 0x10, 0x84, 0x21,
    0x8, 0x42, 0x10, 0x8c, 0x20, 0x17, 0x0, 0xc3,
    0x7, 0x1, 0xb0, 0x1, 0x80,

    /* U+9876 "顶" */
    0x1, 0xff, 0xff, 0xff, 0xc4, 0x4, 0x2, 0x4,
    0x1, 0xf, 0xf0, 0x84, 0x8, 0x42, 0x44, 0x21,
    0x22, 0x10, 0x91, 0x8, 0x48, 0x84, 0x24, 0x42,
    0x12, 0x21, 0x1, 0x0, 0x81, 0x60, 0x41, 0x99,
    0xe3, 0x86, 0x1, 0x0, 0x0,

    /* U+9879 "项" */
    0x3, 0xff, 0xfc, 0x10, 0x30, 0x30, 0x31, 0xfe,
    0x31, 0x2, 0x31, 0x12, 0x31, 0x12, 0x31, 0x12,
    0x31, 0x12, 0x35, 0x12, 0x79, 0x12, 0xc0, 0x20,
    0x0, 0x6c, 0x0, 0xc6, 0x7, 0x3, 0x0, 0x0,

    /* U+987A "顺" */
    0x42, 0xff, 0x4a, 0x10, 0x4a, 0x10, 0x4a, 0xfe,
    0x4a, 0xc2, 0x4a, 0xd2, 0x4a, 0xd2, 0x4a, 0xd2,
    0x4a, 0xd2, 0x4a, 0xd2, 0x4a, 0xd2, 0x4a, 0x18,
    0x4a, 0x3c, 0x82, 0x66, 0x82, 0xc3, 0x0, 0x0,

    /* U+987B "须" */
    0x1b, 0xff, 0x18, 0x10, 0x18, 0x8, 0x8, 0x3f,
    0xc0, 0xd0, 0x20, 0xc9, 0x90, 0xc4, 0xc8, 0xc2,
    0x64, 0x1, 0x32, 0x2, 0x99, 0x3, 0x4c, 0x83,
    0x4, 0x3, 0x6, 0xc3, 0x6, 0x32, 0xe, 0x6,
    0x0, 0x0,

    /* U+987E "顾" */
    0x7f, 0x7f, 0xa0, 0x4, 0x10, 0x2, 0xb, 0xef,
    0xe5, 0x14, 0x12, 0x8a, 0x49, 0x45, 0x24, 0xa2,
    0x92, 0x51, 0x49, 0x2b, 0xa4, 0x94, 0x12, 0x4a,
    0x1, 0x5, 0x31, 0x44, 0xe1, 0x9a, 0x43, 0x6,
    0x0, 0x0,

    /* U+9884 "预" */
    0xfd, 0xff, 0x4, 0x10, 0x8, 0x10, 0x70, 0xfe,
    0x30, 0x82, 0x8, 0x92, 0xfe, 0x92, 0x12, 0x92,
    0x14, 0x92, 0x14, 0x92, 0x10, 0x92, 0x10, 0x20,
    0x10, 0x6c, 0x10, 0xc6, 0xf3, 0x1,

    /* U+988A "颊" */
    0x10, 0x0, 0x8, 0x7f, 0xc4, 0x2, 0x1f, 0xe3,
    0x5, 0x7, 0xf2, 0x92, 0x9, 0x49, 0x24, 0xa0,
    0x92, 0xff, 0x49, 0x8, 0x24, 0x86, 0x12, 0x43,
    0x89, 0x23, 0x41, 0x1, 0x10, 0xb1, 0x8, 0x8d,
    0x83, 0x83,

    /* U+9891 "频" */
    0x8, 0x0, 0x4, 0x7f, 0xd3, 0xc2, 0x9, 0x1,
    0x4, 0x87, 0xf2, 0x42, 0xb, 0xfd, 0x24, 0x10,
    0x92, 0x28, 0x49, 0x25, 0xa4, 0x92, 0x92, 0x51,
    0x49, 0x20, 0x45, 0x10, 0x40, 0xe0, 0x40, 0x89,
    0xc3, 0x83,

    /* U+9897 "颗" */
    0x7f, 0xff, 0x49, 0x8, 0x49, 0x8, 0x7f, 0x7e,
    0x49, 0x42, 0x7f, 0x4a, 0x8, 0x4a, 0x8, 0x4a,
    0xff, 0x4a, 0x18, 0x4a, 0x3c, 0x4a, 0x6a, 0x10,
    0xc8, 0x14, 0x88, 0x62, 0x8, 0x81,

    /* U+9898 "题" */
    0x7e, 0xff, 0x42, 0x8, 0x7e, 0x10, 0x42, 0x6e,
    0x7e, 0x4a, 0x0, 0x4a, 0x0, 0x4a, 0xff, 0x4a,
    0x8, 0x4a, 0x48, 0x52, 0x4f, 0x14, 0x48, 0x26,
    0x68, 0xc3, 0x58, 0x0, 0x87, 0xff,

    /* U+98CE "风" */
    0x3f, 0xfc, 0x10, 0x2, 0x8, 0x9, 0x5, 0x84,
    0x82, 0x46, 0x41, 0x12, 0x20, 0x87, 0x10, 0x43,
    0x8, 0x21, 0xc4, 0x11, 0xa2, 0x8, 0x89, 0xc,
    0x86, 0x85, 0x81, 0x6a, 0x0, 0x16, 0x0, 0xe,

    /* U+98DE "飞" */
    0xff, 0xc0, 0x0, 0x88, 0x1, 0x30, 0x2, 0xc0,
    0x7, 0x0, 0xc, 0x0, 0x1c, 0x0, 0x26, 0x0,
    0x46, 0x0, 0xc0, 0x0, 0x80, 0x1, 0x10, 0x2,
    0x20, 0x2, 0x40, 0x3, 0x80,

    /* U+98DF "食" */
    0x0, 0x80, 0x1, 0x80, 0x2, 0x40, 0xd, 0x30,
    0x19, 0x8c, 0xff, 0xff, 0x10, 0x8, 0x1f, 0xf8,
    0x10, 0x8, 0x10, 0x8, 0x1f, 0xf8, 0x11, 0xc,
    0x10, 0xd8, 0x10, 0x70, 0x17, 0x18, 0x1c, 0x6,

    /* U+9910 "餐" */
    0x8, 0x0, 0x7, 0xdf, 0x6, 0x0, 0x83, 0xe4,
    0x82, 0x31, 0x82, 0xb0, 0xe0, 0x33, 0x98, 0x33,
    0xc4, 0x66, 0x30, 0xe, 0x66, 0x1f, 0xff, 0xc1,
    0x1, 0x0, 0xff, 0x80, 0x7f, 0xc0, 0x21, 0x10,
    0x10, 0x30, 0x1f, 0x86, 0x0,

    /* U+9965 "饥" */
    0x20, 0x0, 0x10, 0x7e, 0x8, 0x3f, 0x7, 0xd0,
    0x86, 0x68, 0x42, 0x24, 0x21, 0x52, 0x10, 0x21,
    0x8, 0x10, 0x84, 0x8, 0x42, 0x4, 0x21, 0x2,
    0x10, 0x81, 0x50, 0x48, 0xe8, 0x24, 0x6c, 0x12,
    0x44, 0xf,

    /* U+996D "饭" */
    0x10, 0x0, 0x18, 0xf, 0xc8, 0x3c, 0x7, 0xd0,
    0x2, 0x28, 0x2, 0x27, 0xfb, 0x42, 0x84, 0x21,
    0x46, 0x10, 0xa2, 0x8, 0x49, 0x4, 0x25, 0x2,
    0x11, 0x81, 0x70, 0xc0, 0xc9, 0xb0, 0xcd, 0x8c,
    0x45, 0x83,

    /* U+9970 "饰" */
    0x10, 0x40, 0x30, 0x40, 0x20, 0x40, 0x3e, 0xff,
    0x22, 0x90, 0x67, 0x90, 0x44, 0x10, 0x50, 0xff,
    0x10, 0x91, 0x10, 0x91, 0x10, 0x91, 0x10, 0x91,
    0x12, 0x91, 0x16, 0x97, 0x18, 0x10, 0x10, 0x10,

    /* U+9971 "饱" */
    0x30, 0x40, 0x10, 0x20, 0x8, 0x3f, 0xc7, 0xd0,
    0x22, 0x50, 0x12, 0x3f, 0xc9, 0x42, 0x24, 0x21,
    0x12, 0x10, 0x89, 0x8, 0x7c, 0x84, 0x3e, 0x42,
    0x11, 0xe1, 0x48, 0x0, 0xe4, 0x4, 0x62, 0x2,
    0x61, 0xfe,

    /* U+9972 "饲" */
    0x10, 0x0, 0x31, 0xff, 0x20, 0x1, 0x3e, 0x1,
    0x25, 0xfd, 0x44, 0x1, 0x44, 0x1, 0x11, 0xf9,
    0x11, 0x89, 0x11, 0x89, 0x11, 0x89, 0x11, 0x89,
    0x11, 0xf9, 0x15, 0x81, 0x18, 0x1, 0x20, 0xf,

    /* U+997F "饿" */
    0x10, 0x2a, 0x18, 0xf5, 0x88, 0xe2, 0x47, 0x91,
    0x16, 0x48, 0x82, 0x3f, 0xfd, 0x2, 0x20, 0x21,
    0x12, 0x10, 0x89, 0x8, 0x7d, 0x84, 0xe3, 0x82,
    0x11, 0x81, 0x8, 0xc8, 0xa4, 0xe4, 0x62, 0xca,
    0x27, 0x47,

    /* U+9999 "香" */
    0x0, 0x7c, 0x3f, 0xc0, 0x1, 0x80, 0x1, 0x80,
    0xff, 0xff, 0x7, 0xe0, 0xd, 0xb0, 0x19, 0x98,
    0x61, 0x87, 0xdf, 0xfd, 0x10, 0xc, 0x10, 0xc,
    0x1f, 0xfc, 0x10, 0xc, 0x10, 0xc, 0x1f, 0xfc,

    /* U+9A82 "骂" */
    0x7c, 0xfc, 0x89, 0x9, 0x12, 0x13, 0xe7, 0xe0,
    0x0, 0xf, 0xfe, 0x0, 0x4, 0x8, 0x8, 0x10,
    0x10, 0x7f, 0xf8, 0x0, 0x17, 0xff, 0x20, 0x0,
    0x40, 0x0, 0x80, 0xf, 0x0,

    /* U+9A8C "验" */
    0x0, 0x10, 0x7c, 0x18, 0x2, 0xc, 0x9, 0x9,
    0x4, 0x8c, 0x42, 0x4c, 0x11, 0x29, 0xf4, 0x90,
    0x0, 0x7c, 0x91, 0x2, 0x49, 0x1, 0x14, 0x86,
    0x8a, 0x8c, 0x40, 0x40, 0x20, 0x40, 0x37, 0xfc,
    0x70, 0x0,

    /* U+9AD8 "高" */
    0x1, 0x0, 0x1, 0x80, 0xff, 0xff, 0x0, 0x0,
    0x1f, 0xf8, 0x10, 0x8, 0x10, 0x8, 0x1f, 0xf8,
    0x0, 0x0, 0x7f, 0xfe, 0x40, 0x2, 0x4f, 0xf2,
    0x48, 0x12, 0x4f, 0xf2, 0x48, 0x2, 0x48, 0xe,

    /* U+9B03 "鬃" */
    0x7f, 0x4, 0x60, 0x38, 0x7f, 0x62, 0x60, 0xc,
    0x7e, 0x72, 0xff, 0x86, 0x23, 0x38, 0xfd, 0x0,
    0x7f, 0xfe, 0x40, 0x2, 0x5f, 0xfa, 0x0, 0x0,
    0xff, 0xfe, 0x19, 0x90, 0x71, 0x8c, 0x47, 0x80,

    /* U+9EA6 "麦" */
    0x1, 0x80, 0x7f, 0xfe, 0x1, 0x80, 0x1, 0x80,
    0x3f, 0xfc, 0x1, 0x80, 0x1, 0x80, 0xff, 0xff,
    0x6, 0x0, 0xf, 0xf8, 0x38, 0x18, 0xc4, 0x30,
    0x3, 0x60, 0x1, 0xc0, 0x1e, 0x78, 0xf0, 0xf,

    /* U+9EBB "麻" */
    0x0, 0x80, 0x0, 0x40, 0x1f, 0xff, 0xc8, 0x41,
    0x4, 0x20, 0x82, 0x10, 0x41, 0x7f, 0xfc, 0x8c,
    0x30, 0x47, 0x1c, 0x23, 0x56, 0x12, 0xaa, 0x8b,
    0x49, 0x67, 0x2c, 0x94, 0x10, 0x42, 0x8, 0x21,
    0x4, 0x10,

    /* U+9EC4 "黄" */
    0x4, 0x30, 0x4, 0x30, 0x7f, 0xfe, 0x4, 0x30,
    0x4, 0x30, 0xff, 0xff, 0x1, 0x80, 0x3f, 0xfc,
    0x21, 0x84, 0x21, 0x84, 0x3f, 0xfc, 0x21, 0x84,
    0x3f, 0xfc, 0x4, 0x20, 0x1c, 0x1c, 0xe0, 0x7,

    /* U+9ED1 "黑" */
    0x3f, 0xfc, 0x21, 0x84, 0x29, 0xb4, 0x25, 0xa4,
    0x21, 0x84, 0x3f, 0xfc, 0x1, 0x80, 0x7f, 0xfc,
    0x1, 0x80, 0x1, 0x80, 0xff, 0xff, 0x0, 0x0,
    0x24, 0x44, 0x66, 0x62, 0xc6, 0x23,

    /* U+9ED8 "默" */
    0x0, 0x8, 0x3f, 0x84, 0x12, 0x42, 0x8d, 0x61,
    0x66, 0xd0, 0x93, 0x68, 0x41, 0x27, 0xfe, 0xfe,
    0x10, 0x8, 0x8, 0x3f, 0x84, 0x2, 0x5, 0x1,
    0x2, 0x87, 0xf1, 0x40, 0x0, 0x91, 0x54, 0x88,
    0xaa, 0x82, 0x94, 0xc1, 0x80, 0x0, 0x0,

    /* U+9F7F "齿" */
    0x1, 0x80, 0x11, 0x80, 0x11, 0xfe, 0x11, 0x80,
    0x11, 0x80, 0xff, 0xff, 0x0, 0x0, 0x41, 0x82,
    0x41, 0x2, 0x41, 0x82, 0x42, 0x42, 0x44, 0x32,
    0x58, 0x1a, 0x40, 0x2, 0x7f, 0xfe, 0x0, 0x2,

    /* U+9F99 "龙" */
    0x6, 0x20, 0x6, 0x18, 0x6, 0xc, 0x6, 0x0,
    0xff, 0xff, 0x4, 0x40, 0x4, 0x46, 0x4, 0x44,
    0x4, 0x4c, 0xc, 0x58, 0x8, 0x70, 0x18, 0x60,
    0x10, 0xc0, 0x31, 0xc1, 0x67, 0x41, 0xc4, 0x7f,

    /* U+FF08 "（" */
    0x12, 0x64, 0x48, 0x88, 0x88, 0x8c, 0x44, 0x23,
    0x10,

    /* U+FF09 "）" */
    0x84, 0x62, 0x21, 0x11, 0x11, 0x13, 0x22, 0x4c,
    0x80
};


/*---------------------
 *  GLYPH DESCRIPTION
 *--------------------*/

static const lv_font_fmt_txt_glyph_dsc_t glyph_dsc[] = {
    {.bitmap_index = 0, .adv_w = 0, .box_w = 0, .box_h = 0, .ofs_x = 0, .ofs_y = 0} /* id = 0 reserved */,
    {.bitmap_index = 0, .adv_w = 77, .box_w = 1, .box_h = 1, .ofs_x = 0, .ofs_y = 0},
    {.bitmap_index = 1, .adv_w = 77, .box_w = 2, .box_h = 13, .ofs_x = 1, .ofs_y = 0},
    {.bitmap_index = 5, .adv_w = 113, .box_w = 5, .box_h = 5, .ofs_x = 1, .ofs_y = 8},
    {.bitmap_index = 9, .adv_w = 202, .box_w = 12, .box_h = 13, .ofs_x = 1, .ofs_y = 0},
    {.bitmap_index = 29, .adv_w = 179, .box_w = 9, .box_h = 18, .ofs_x = 1, .ofs_y = -2},
    {.bitmap_index = 50, .adv_w = 243, .box_w = 14, .box_h = 13, .ofs_x = 1, .ofs_y = 0},
    {.bitmap_index = 73, .adv_w = 198, .box_w = 11, .box_h = 13, .ofs_x = 1, .ofs_y = 0},
    {.bitmap_index = 91, .adv_w = 60, .box_w = 2, .box_h = 5, .ofs_x = 1, .ofs_y = 8},
    {.bitmap_index = 93, .adv_w = 97, .box_w = 4, .box_h = 18, .ofs_x = 2, .ofs_y = -4},
    {.bitmap_index = 102, .adv_w = 97, .box_w = 4, .box_h = 18, .ofs_x = 1, .ofs_y = -4},
    {.bitmap_index = 111, .adv_w = 115, .box_w = 7, .box_h = 7, .ofs_x = 0, .ofs_y = 7},
    {.bitmap_index = 118, .adv_w = 168, .box_w = 8, .box_h = 8, .ofs_x = 1, .ofs_y = 2},
    {.bitmap_index = 126, .adv_w = 65, .box_w = 2, .box_h = 5, .ofs_x = 1, .ofs_y = -3},
    {.bitmap_index = 128, .adv_w = 110, .box_w = 5, .box_h = 1, .ofs_x = 1, .ofs_y = 5},
    {.bitmap_index = 129, .adv_w = 65, .box_w = 2, .box_h = 1, .ofs_x = 1, .ofs_y = 0},
    {.bitmap_index = 130, .adv_w = 101, .box_w = 8, .box_h = 18, .ofs_x = -1, .ofs_y = -2},
    {.bitmap_index = 148, .adv_w = 192, .box_w = 10, .box_h = 13, .ofs_x = 1, .ofs_y = 0},
    {.bitmap_index = 165, .adv_w = 107, .box_w = 5, .box_h = 13, .ofs_x = 1, .ofs_y = 0},
    {.bitmap_index = 174, .adv_w = 165, .box_w = 9, .box_h = 13, .ofs_x = 1, .ofs_y = 0},
    {.bitmap_index = 189, .adv_w = 165, .box_w = 10, .box_h = 13, .ofs_x = 0, .ofs_y = 0},
    {.bitmap_index = 206, .adv_w = 193, .box_w = 11, .box_h = 13, .ofs_x = 1, .ofs_y = 0},
    {.bitmap_index = 224, .adv_w = 165, .box_w = 10, .box_h = 13, .ofs_x = 0, .ofs_y = 0},
    {.bitmap_index = 241, .adv_w = 178, .box_w = 10, .box_h = 13, .ofs_x = 1, .ofs_y = 0},
    {.bitmap_index = 258, .adv_w = 172, .box_w = 10, .box_h = 13, .ofs_x = 1, .ofs_y = 0},
    {.bitmap_index = 275, .adv_w = 185, .box_w = 10, .box_h = 13, .ofs_x = 1, .ofs_y = 0},
    {.bitmap_index = 292, .adv_w = 178, .box_w = 10, .box_h = 13, .ofs_x = 1, .ofs_y = 0},
    {.bitmap_index = 309, .adv_w = 65, .box_w = 2, .box_h = 10, .ofs_x = 1, .ofs_y = 0},
    {.bitmap_index = 312, .adv_w = 65, .box_w = 2, .box_h = 11, .ofs_x = 1, .ofs_y = -1},
    {.bitmap_index = 315, .adv_w = 168, .box_w = 8, .box_h = 9, .ofs_x = 1, .ofs_y = 2},
    {.bitmap_index = 324, .adv_w = 168, .box_w = 8, .box_h = 5, .ofs_x = 1, .ofs_y = 5},
    {.bitmap_index = 329, .adv_w = 168, .box_w = 8, .box_h = 9, .ofs_x = 1, .ofs_y = 2},
    {.bitmap_index = 338, .adv_w = 165, .box_w = 9, .box_h = 13, .ofs_x = 0, .ofs_y = 0},
    {.bitmap_index = 353, .adv_w = 298, .box_w = 17, .box_h = 17, .ofs_x = 1, .ofs_y = -4},
    {.bitmap_index = 390, .adv_w = 211, .box_w = 13, .box_h = 13, .ofs_x = 0, .ofs_y = 0},
    {.bitmap_index = 412, .adv_w = 218, .box_w = 11, .box_h = 13, .ofs_x = 2, .ofs_y = 0},
    {.bitmap_index = 430, .adv_w = 208, .box_w = 12, .box_h = 13, .ofs_x = 1, .ofs_y = 0},
    {.bitmap_index = 450, .adv_w = 238, .box_w = 12, .box_h = 13, .ofs_x = 2, .ofs_y = 0},
    {.bitmap_index = 470, .adv_w = 193, .box_w = 9, .box_h = 13, .ofs_x = 2, .ofs_y = 0},
    {.bitmap_index = 485, .adv_w = 183, .box_w = 9, .box_h = 13, .ofs_x = 2, .ofs_y = 0},
    {.bitmap_index = 500, .adv_w = 222, .box_w = 12, .box_h = 13, .ofs_x = 1, .ofs_y = 0},
    {.bitmap_index = 520, .adv_w = 234, .box_w = 11, .box_h = 13, .ofs_x = 2, .ofs_y = 0},
    {.bitmap_index = 538, .adv_w = 89, .box_w = 2, .box_h = 13, .ofs_x = 2, .ofs_y = 0},
    {.bitmap_index = 542, .adv_w = 148, .box_w = 8, .box_h = 13, .ofs_x = 0, .ofs_y = 0},
    {.bitmap_index = 555, .adv_w = 207, .box_w = 11, .box_h = 13, .ofs_x = 2, .ofs_y = 0},
    {.bitmap_index = 573, .adv_w = 171, .box_w = 9, .box_h = 13, .ofs_x = 2, .ofs_y = 0},
    {.bitmap_index = 588, .adv_w = 275, .box_w = 14, .box_h = 13, .ofs_x = 2, .ofs_y = 0},
    {.bitmap_index = 611, .adv_w = 234, .box_w = 11, .box_h = 13, .ofs_x = 2, .ofs_y = 0},
    {.bitmap_index = 629, .adv_w = 242, .box_w = 13, .box_h = 13, .ofs_x = 1, .ofs_y = 0},
    {.bitmap_index = 651, .adv_w = 208, .box_w = 10, .box_h = 13, .ofs_x = 2, .ofs_y = 0},
    {.bitmap_index = 668, .adv_w = 242, .box_w = 14, .box_h = 15, .ofs_x = 1, .ofs_y = -2},
    {.bitmap_index = 695, .adv_w = 209, .box_w = 10, .box_h = 13, .ofs_x = 2, .ofs_y = 0},
    {.bitmap_index = 712, .adv_w = 179, .box_w = 9, .box_h = 13, .ofs_x = 1, .ofs_y = 0},
    {.bitmap_index = 727, .adv_w = 169, .box_w = 10, .box_h = 13, .ofs_x = 1, .ofs_y = 0},
    {.bitmap_index = 744, .adv_w = 228, .box_w = 11, .box_h = 13, .ofs_x = 2, .ofs_y = 0},
    {.bitmap_index = 762, .adv_w = 205, .box_w = 13, .box_h = 13, .ofs_x = 0, .ofs_y = 0},
    {.bitmap_index = 784, .adv_w = 324, .box_w = 19, .box_h = 13, .ofs_x = 1, .ofs_y = 0},
    {.bitmap_index = 815, .adv_w = 194, .box_w = 12, .box_h = 13, .ofs_x = 0, .ofs_y = 0},
    {.bitmap_index = 835, .adv_w = 186, .box_w = 12, .box_h = 13, .ofs_x = 0, .ofs_y = 0},
    {.bitmap_index = 855, .adv_w = 189, .box_w = 11, .box_h = 13, .ofs_x = 1, .ofs_y = 0},
    {.bitmap_index = 873, .adv_w = 96, .box_w = 4, .box_h = 18, .ofs_x = 2, .ofs_y = -4},
    {.bitmap_index = 882, .adv_w = 101, .box_w = 8, .box_h = 18, .ofs_x = -1, .ofs_y = -2},
    {.bitmap_index = 900, .adv_w = 96, .box_w = 4, .box_h = 18, .ofs_x = 0, .ofs_y = -4},
    {.bitmap_index = 909, .adv_w = 168, .box_w = 8, .box_h = 8, .ofs_x = 1, .ofs_y = 3},
    {.bitmap_index = 917, .adv_w = 144, .box_w = 9, .box_h = 1, .ofs_x = 0, .ofs_y = -1},
    {.bitmap_index = 919, .adv_w = 173, .box_w = 5, .box_h = 3, .ofs_x = 2, .ofs_y = 11},
    {.bitmap_index = 921, .adv_w = 172, .box_w = 8, .box_h = 10, .ofs_x = 1, .ofs_y = 0},
    {.bitmap_index = 931, .adv_w = 196, .box_w = 10, .box_h = 14, .ofs_x = 2, .ofs_y = 0},
    {.bitmap_index = 949, .adv_w = 164, .box_w = 9, .box_h = 10, .ofs_x = 1, .ofs_y = 0},
    {.bitmap_index = 961, .adv_w = 196, .box_w = 10, .box_h = 14, .ofs_x = 1, .ofs_y = 0},
    {.bitmap_index = 979, .adv_w = 176, .box_w = 10, .box_h = 10, .ofs_x = 1, .ofs_y = 0},
    {.bitmap_index = 992, .adv_w = 102, .box_w = 7, .box_h = 14, .ofs_x = 1, .ofs_y = 0},
    {.bitmap_index = 1005, .adv_w = 199, .box_w = 10, .box_h = 14, .ofs_x = 1, .ofs_y = -4},
    {.bitmap_index = 1023, .adv_w = 196, .box_w = 9, .box_h = 14, .ofs_x = 2, .ofs_y = 0},
    {.bitmap_index = 1039, .adv_w = 80, .box_w = 2, .box_h = 14, .ofs_x = 1, .ofs_y = 0},
    {.bitmap_index = 1043, .adv_w = 82, .box_w = 5, .box_h = 18, .ofs_x = -2, .ofs_y = -4},
    {.bitmap_index = 1055, .adv_w = 177, .box_w = 10, .box_h = 14, .ofs_x = 2, .ofs_y = 0},
    {.bitmap_index = 1073, .adv_w = 80, .box_w = 2, .box_h = 14, .ofs_x = 2, .ofs_y = 0},
    {.bitmap_index = 1077, .adv_w = 304, .box_w = 16, .box_h = 10, .ofs_x = 2, .ofs_y = 0},
    {.bitmap_index = 1097, .adv_w = 196, .box_w = 9, .box_h = 10, .ofs_x = 2, .ofs_y = 0},
    {.bitmap_index = 1109, .adv_w = 183, .box_w = 10, .box_h = 10, .ofs_x = 1, .ofs_y = 0},
    {.bitmap_index = 1122, .adv_w = 196, .box_w = 10, .box_h = 14, .ofs_x = 2, .ofs_y = -4},
    {.bitmap_index = 1140, .adv_w = 196, .box_w = 10, .box_h = 14, .ofs_x = 1, .ofs_y = -4},
    {.bitmap_index = 1158, .adv_w = 118, .box_w = 5, .box_h = 10, .ofs_x = 2, .ofs_y = 0},
    {.bitmap_index = 1165, .adv_w = 144, .box_w = 8, .box_h = 10, .ofs_x = 1, .ofs_y = 0},
    {.bitmap_index = 1175, .adv_w = 119, .box_w = 7, .box_h = 12, .ofs_x = 1, .ofs_y = 0},
    {.bitmap_index = 1186, .adv_w = 195, .box_w = 9, .box_h = 10, .ofs_x = 2, .ofs_y = 0},
    {.bitmap_index = 1198, .adv_w = 161, .box_w = 10, .box_h = 10, .ofs_x = 0, .ofs_y = 0},
    {.bitmap_index = 1211, .adv_w = 259, .box_w = 16, .box_h = 10, .ofs_x = 0, .ofs_y = 0},
    {.bitmap_index = 1231, .adv_w = 159, .box_w = 10, .box_h = 10, .ofs_x = 0, .ofs_y = 0},
    {.bitmap_index = 1244, .adv_w = 161, .box_w = 10, .box_h = 14, .ofs_x = 0, .ofs_y = -4},
    {.bitmap_index = 1262, .adv_w = 150, .box_w = 8, .box_h = 10, .ofs_x = 1, .ofs_y = 0},
    {.bitmap_index = 1272, .adv_w = 101, .box_w = 6, .box_h = 18, .ofs_x = 1, .ofs_y = -4},
    {.bitmap_index = 1286, .adv_w = 86, .box_w = 2, .box_h = 18, .ofs_x = 2, .ofs_y = -4},
    {.bitmap_index = 1291, .adv_w = 101, .box_w = 5, .box_h = 18, .ofs_x = 0, .ofs_y = -4},
    {.bitmap_index = 1303, .adv_w = 168, .box_w = 8, .box_h = 3, .ofs_x = 1, .ofs_y = 5},
    {.bitmap_index = 1306, .adv_w = 288, .box_w = 4, .box_h = 3, .ofs_x = 7, .ofs_y = 5},
    {.bitmap_index = 1308, .adv_w = 288, .box_w = 14, .box_h = 2, .ofs_x = 2, .ofs_y = 6},
    {.bitmap_index = 1312, .adv_w = 288, .box_w = 6, .box_h = 16, .ofs_x = 12, .ofs_y = -1},
    {.bitmap_index = 1324, .adv_w = 288, .box_w = 6, .box_h = 16, .ofs_x = 0, .ofs_y = -1},
    {.bitmap_index = 1336, .adv_w = 288, .box_w = 16, .box_h = 1, .ofs_x = 1, .ofs_y = 7},
    {.bitmap_index = 1338, .adv_w = 288, .box_w = 16, .box_h = 14, .ofs_x = 1, .ofs_y = -1},
    {.bitmap_index = 1366, .adv_w = 288, .box_w = 17, .box_h = 15, .ofs_x = 0, .ofs_y = -1},
    {.bitmap_index = 1398, .adv_w = 288, .box_w = 16, .box_h = 13, .ofs_x = 1, .ofs_y = 0},
    {.bitmap_index = 1424, .adv_w = 288, .box_w = 16, .box_h = 15, .ofs_x = 1, .ofs_y = 0},
    {.bitmap_index = 1454, .adv_w = 288, .box_w = 16, .box_h = 15, .ofs_x = 1, .ofs_y = -1},
    {.bitmap_index = 1484, .adv_w = 288, .box_w = 15, .box_h = 15, .ofs_x = 1, .ofs_y = -1},
    {.bitmap_index = 1513, .adv_w = 288, .box_w = 15, .box_h = 15, .ofs_x = 1, .ofs_y = -1},
    {.bitmap_index = 1542, .adv_w = 288, .box_w = 16, .box_h = 15, .ofs_x = 1, .ofs_y = -1},
    {.bitmap_index = 1572, .adv_w = 288, .box_w = 16, .box_h = 17, .ofs_x = 1, .ofs_y = -2},
    {.bitmap_index = 1606, .adv_w = 288, .box_w = 16, .box_h = 15, .ofs_x = 1, .ofs_y = -1},
    {.bitmap_index = 1636, .adv_w = 288, .box_w = 16, .box_h = 15, .ofs_x = 1, .ofs_y = 0},
    {.bitmap_index = 1666, .adv_w = 288, .box_w = 15, .box_h = 17, .ofs_x = 1, .ofs_y = -1},
    {.bitmap_index = 1698, .adv_w = 288, .box_w = 16, .box_h = 16, .ofs_x = 1, .ofs_y = -1},
    {.bitmap_index = 1730, .adv_w = 288, .box_w = 16, .box_h = 15, .ofs_x = 1, .ofs_y = -1},
    {.bitmap_index = 1760, .adv_w = 288, .box_w = 16, .box_h = 15, .ofs_x = 1, .ofs_y = -1},
    {.bitmap_index = 1790, .adv_w = 288, .box_w = 17, .box_h = 16, .ofs_x = 0, .ofs_y = -1},
    {.bitmap_index = 1824, .adv_w = 288, .box_w = 15, .box_h = 16, .ofs_x = 2, .ofs_y = -1},
    {.bitmap_index = 1854, .adv_w = 288, .box_w = 14, .box_h = 16, .ofs_x = 2, .ofs_y = -1},
    {.bitmap_index = 1882, .adv_w = 288, .box_w = 15, .box_h = 16, .ofs_x = 2, .ofs_y = -1},
    {.bitmap_index = 1912, .adv_w = 288, .box_w = 15, .box_h = 16, .ofs_x = 1, .ofs_y = -1},
    {.bitmap_index = 1942, .adv_w = 288, .box_w = 16, .box_h = 16, .ofs_x = 1, .ofs_y = -1},
    {.bitmap_index = 1974, .adv_w = 288, .box_w = 17, .box_h = 16, .ofs_x = 1, .ofs_y = -1},
    {.bitmap_index = 2008, .adv_w = 288, .box_w = 16, .box_h = 16, .ofs_x = 1, .ofs_y = -1},
    {.bitmap_index = 2040, .adv_w = 288, .box_w = 16, .box_h = 16, .ofs_x = 1, .ofs_y = -1},
    {.bitmap_index = 2072, .adv_w = 288, .box_w = 16, .box_h = 16, .ofs_x = 1, .ofs_y = -1},
    {.bitmap_index = 2104, .adv_w = 288, .box_w = 16, .box_h = 16, .ofs_x = 1, .ofs_y = -1},
    {.bitmap_index = 2136, .adv_w = 288, .box_w = 16, .box_h = 16, .ofs_x = 1, .ofs_y = -1},
    {.bitmap_index = 2168, .adv_w = 288, .box_w = 18, .box_h = 16, .ofs_x = 0, .ofs_y = -1},
    {.bitmap_index = 2204, .adv_w = 288, .box_w = 16, .box_h = 16, .ofs_x = 1, .ofs_y = -1},
    {.bitmap_index = 2236, .adv_w = 288, .box_w = 14, .box_h = 15, .ofs_x = 2, .ofs_y = -1},
    {.bitmap_index = 2263, .adv_w = 288, .box_w = 16, .box_h = 16, .ofs_x = 1, .ofs_y = -1},
    {.bitmap_index = 2295, .adv_w = 288, .box_w = 14, .box_h = 15, .ofs_x = 2, .ofs_y = -1},
    {.bitmap_index = 2322, .adv_w = 288, .box_w = 16, .box_h = 17, .ofs_x = 1, .ofs_y = -1},
    {.bitmap_index = 2356, .adv_w = 288, .box_w = 16, .box_h = 11, .ofs_x = 1, .ofs_y = 1},
    {.bitmap_index = 2378, .adv_w = 288, .box_w = 16, .box_h = 15, .ofs_x = 1, .ofs_y = -1},
    {.bitmap_index = 2408, .adv_w = 288, .box_w = 16, .box_h = 16, .ofs_x = 1, .ofs_y = -2},
    {.bitmap_index = 2440, .adv_w = 288, .box_w = 16, .box_h = 13, .ofs_x = 1, .ofs_y = 0},
    {.bitmap_index = 2466, .adv_w = 288, .box_w = 16, .box_h = 15, .ofs_x = 1, .ofs_y = 0},
    {.bitmap_index = 2496, .adv_w = 288, .box_w = 16, .box_h = 17, .ofs_x = 1, .ofs_y = -2},
    {.bitmap_index = 2530, .adv_w = 288, .box_w = 16, .box_h = 17, .ofs_x = 1, .ofs_y = -2},
    {.bitmap_index = 2564, .adv_w = 288, .box_w = 16, .box_h = 16, .ofs_x = 1, .ofs_y = -1},
    {.bitmap_index = 2596, .adv_w = 288, .box_w = 15, .box_h = 16, .ofs_x = 1, .ofs_y = -1},
    {.bitmap_index = 2626, .adv_w = 288, .box_w = 17, .box_h = 16, .ofs_x = 0, .ofs_y = -1},
    {.bitmap_index = 2660, .adv_w = 288, .box_w = 17, .box_h = 16, .ofs_x = 1, .ofs_y = -1},
    {.bitmap_index = 2694, .adv_w = 288, .box_w = 16, .box_h = 16, .ofs_x = 1, .ofs_y = -1},
    {.bitmap_index = 2726, .adv_w = 288, .box_w = 16, .box_h = 16, .ofs_x = 1, .ofs_y = -1},
    {.bitmap_index = 2758, .adv_w = 288, .box_w = 16, .box_h = 16, .ofs_x = 1, .ofs_y = -1},
    {.bitmap_index = 2790, .adv_w = 288, .box_w = 17, .box_h = 16, .ofs_x = 0, .ofs_y = -1},
    {.bitmap_index = 2824, .adv_w = 288, .box_w = 16, .box_h = 16, .ofs_x = 1, .ofs_y = -1},
    {.bitmap_index = 2856, .adv_w = 288, .box_w = 17, .box_h = 16, .ofs_x = 0, .ofs_y = -1},
    {.bitmap_index = 2890, .adv_w = 288, .box_w = 16, .box_h = 16, .ofs_x = 1, .ofs_y = -1},
    {.bitmap_index = 2922, .adv_w = 288, .box_w = 17, .box_h = 16, .ofs_x = 1, .ofs_y = -1},
    {.bitmap_index = 2956, .adv_w = 288, .box_w = 15, .box_h = 16, .ofs_x = 2, .ofs_y = -2},
    {.bitmap_index = 2986, .adv_w = 288, .box_w = 16, .box_h = 16, .ofs_x = 1, .ofs_y = -1},
    {.bitmap_index = 3018, .adv_w = 288, .box_w = 16, .box_h = 16, .ofs_x = 1, .ofs_y = -1},
    {.bitmap_index = 3050, .adv_w = 288, .box_w = 17, .box_h = 16, .ofs_x = 1, .ofs_y = -1},
    {.bitmap_index = 3084, .adv_w = 288, .box_w = 16, .box_h = 16, .ofs_x = 1, .ofs_y = -1},
    {.bitmap_index = 3116, .adv_w = 288, .box_w = 17, .box_h = 16, .ofs_x = 0, .ofs_y = -1},
    {.bitmap_index = 3150, .adv_w = 288, .box_w = 16, .box_h = 16, .ofs_x = 1, .ofs_y = -1},
    {.bitmap_index = 3182, .adv_w = 288, .box_w = 17, .box_h = 16, .ofs_x = 1, .ofs_y = -1},
    {.bitmap_index = 3216, .adv_w = 288, .box_w = 17, .box_h = 16, .ofs_x = 0, .ofs_y = -1},
    {.bitmap_index = 3250, .adv_w = 288, .box_w = 17, .box_h = 16, .ofs_x = 0, .ofs_y = -1},
    {.bitmap_index = 3284, .adv_w = 288, .box_w = 17, .box_h = 16, .ofs_x = 0, .ofs_y = -1},
    {.bitmap_index = 3318, .adv_w = 288, .box_w = 17, .box_h = 16, .ofs_x = 0, .ofs_y = -1},
    {.bitmap_index = 3352, .adv_w = 288, .box_w = 17, .box_h = 16, .ofs_x = 0, .ofs_y = -1},
    {.bitmap_index = 3386, .adv_w = 288, .box_w = 17, .box_h = 16, .ofs_x = 0, .ofs_y = -1},
    {.bitmap_index = 3420, .adv_w = 288, .box_w = 16, .box_h = 16, .ofs_x = 1, .ofs_y = -1},
    {.bitmap_index = 3452, .adv_w = 288, .box_w = 16, .box_h = 16, .ofs_x = 1, .ofs_y = -1},
    {.bitmap_index = 3484, .adv_w = 288, .box_w = 17, .box_h = 17, .ofs_x = 1, .ofs_y = -1},
    {.bitmap_index = 3521, .adv_w = 288, .box_w = 17, .box_h = 16, .ofs_x = 0, .ofs_y = -1},
    {.bitmap_index = 3555, .adv_w = 288, .box_w = 17, .box_h = 16, .ofs_x = 0, .ofs_y = -1},
    {.bitmap_index = 3589, .adv_w = 288, .box_w = 17, .box_h = 16, .ofs_x = 0, .ofs_y = -1},
    {.bitmap_index = 3623, .adv_w = 288, .box_w = 16, .box_h = 16, .ofs_x = 1, .ofs_y = -1},
    {.bitmap_index = 3655, .adv_w = 288, .box_w = 16, .box_h = 16, .ofs_x = 1, .ofs_y = -1},
    {.bitmap_index = 3687, .adv_w = 288, .box_w = 16, .box_h = 16, .ofs_x = 1, .ofs_y = -1},
    {.bitmap_index = 3719, .adv_w = 288, .box_w = 17, .box_h = 16, .ofs_x = 0, .ofs_y = -1},
    {.bitmap_index = 3753, .adv_w = 288, .box_w = 16, .box_h = 16, .ofs_x = 1, .ofs_y = -1},
    {.bitmap_index = 3785, .adv_w = 288, .box_w = 16, .box_h = 16, .ofs_x = 1, .ofs_y = -1},
    {.bitmap_index = 3817, .adv_w = 288, .box_w = 16, .box_h = 16, .ofs_x = 1, .ofs_y = -1},
    {.bitmap_index = 3849, .adv_w = 288, .box_w = 16, .box_h = 15, .ofs_x = 1, .ofs_y = -1},
    {.bitmap_index = 3879, .adv_w = 288, .box_w = 17, .box_h = 16, .ofs_x = 1, .ofs_y = -1},
    {.bitmap_index = 3913, .adv_w = 288, .box_w = 16, .box_h = 16, .ofs_x = 1, .ofs_y = -1},
    {.bitmap_index = 3945, .adv_w = 288, .box_w = 16, .box_h = 16, .ofs_x = 1, .ofs_y = -1},
    {.bitmap_index = 3977, .adv_w = 288, .box_w = 16, .box_h = 16, .ofs_x = 0, .ofs_y = -1},
    {.bitmap_index = 4009, .adv_w = 288, .box_w = 16, .box_h = 16, .ofs_x = 1, .ofs_y = -1},
    {.bitmap_index = 4041, .adv_w = 288, .box_w = 17, .box_h = 16, .ofs_x = 1, .ofs_y = -1},
    {.bitmap_index = 4075, .adv_w = 288, .box_w = 16, .box_h = 16, .ofs_x = 1, .ofs_y = -1},
    {.bitmap_index = 4107, .adv_w = 288, .box_w = 16, .box_h = 17, .ofs_x = 1, .ofs_y = -1},
    {.bitmap_index = 4141, .adv_w = 288, .box_w = 16, .box_h = 17, .ofs_x = 1, .ofs_y = -1},
    {.bitmap_index = 4175, .adv_w = 288, .box_w = 16, .box_h = 16, .ofs_x = 1, .ofs_y = -1},
    {.bitmap_index = 4207, .adv_w = 288, .box_w = 17, .box_h = 16, .ofs_x = 0, .ofs_y = -1},
    {.bitmap_index = 4241, .adv_w = 288, .box_w = 16, .box_h = 16, .ofs_x = 1, .ofs_y = -1},
    {.bitmap_index = 4273, .adv_w = 288, .box_w = 16, .box_h = 16, .ofs_x = 1, .ofs_y = -1},
    {.bitmap_index = 4305, .adv_w = 288, .box_w = 16, .box_h = 16, .ofs_x = 1, .ofs_y = -1},
    {.bitmap_index = 4337, .adv_w = 288, .box_w = 16, .box_h = 16, .ofs_x = 1, .ofs_y = -1},
    {.bitmap_index = 4369, .adv_w = 288, .box_w = 16, .box_h = 16, .ofs_x = 1, .ofs_y = -1},
    {.bitmap_index = 4401, .adv_w = 288, .box_w = 16, .box_h = 16, .ofs_x = 0, .ofs_y = -1},
    {.bitmap_index = 4433, .adv_w = 288, .box_w = 16, .box_h = 16, .ofs_x = 1, .ofs_y = -1},
    {.bitmap_index = 4465, .adv_w = 288, .box_w = 16, .box_h = 16, .ofs_x = 1, .ofs_y = -1},
    {.bitmap_index = 4497, .adv_w = 288, .box_w = 17, .box_h = 16, .ofs_x = 1, .ofs_y = -1},
    {.bitmap_index = 4531, .adv_w = 288, .box_w = 16, .box_h = 16, .ofs_x = 1, .ofs_y = -1},
    {.bitmap_index = 4563, .adv_w = 288, .box_w = 16, .box_h = 16, .ofs_x = 1, .ofs_y = -1},
    {.bitmap_index = 4595, .adv_w = 288, .box_w = 16, .box_h = 16, .ofs_x = 1, .ofs_y = -1},
    {.bitmap_index = 4627, .adv_w = 288, .box_w = 16, .box_h = 16, .ofs_x = 1, .ofs_y = -2},
    {.bitmap_index = 4659, .adv_w = 288, .box_w = 16, .box_h = 16, .ofs_x = 1, .ofs_y = -1},
    {.bitmap_index = 4691, .adv_w = 288, .box_w = 16, .box_h = 15, .ofs_x = 1, .ofs_y = -1},
    {.bitmap_index = 4721, .adv_w = 288, .box_w = 17, .box_h = 16, .ofs_x = 0, .ofs_y = -1},
    {.bitmap_index = 4755, .adv_w = 288, .box_w = 16, .box_h = 16, .ofs_x = 1, .ofs_y = -1},
    {.bitmap_index = 4787, .adv_w = 288, .box_w = 14, .box_h = 16, .ofs_x = 2, .ofs_y = -1},
    {.bitmap_index = 4815, .adv_w = 288, .box_w = 16, .box_h = 15, .ofs_x = 1, .ofs_y = -1},
    {.bitmap_index = 4845, .adv_w = 288, .box_w = 17, .box_h = 15, .ofs_x = 1, .ofs_y = -1},
    {.bitmap_index = 4877, .adv_w = 288, .box_w = 13, .box_h = 15, .ofs_x = 2, .ofs_y = -1},
    {.bitmap_index = 4902, .adv_w = 288, .box_w = 15, .box_h = 15, .ofs_x = 2, .ofs_y = -1},
    {.bitmap_index = 4931, .adv_w = 288, .box_w = 16, .box_h = 15, .ofs_x = 1, .ofs_y = -1},
    {.bitmap_index = 4961, .adv_w = 288, .box_w = 17, .box_h = 16, .ofs_x = 0, .ofs_y = -1},
    {.bitmap_index = 4995, .adv_w = 288, .box_w = 15, .box_h = 16, .ofs_x = 1, .ofs_y = -1},
    {.bitmap_index = 5025, .adv_w = 288, .box_w = 17, .box_h = 16, .ofs_x = 0, .ofs_y = -1},
    {.bitmap_index = 5059, .adv_w = 288, .box_w = 16, .box_h = 16, .ofs_x = 1, .ofs_y = -1},
    {.bitmap_index = 5091, .adv_w = 288, .box_w = 17, .box_h = 16, .ofs_x = 0, .ofs_y = -1},
    {.bitmap_index = 5125, .adv_w = 288, .box_w = 17, .box_h = 17, .ofs_x = 0, .ofs_y = -1},
    {.bitmap_index = 5162, .adv_w = 288, .box_w = 16, .box_h = 15, .ofs_x = 1, .ofs_y = -1},
    {.bitmap_index = 5192, .adv_w = 288, .box_w = 17, .box_h = 16, .ofs_x = 0, .ofs_y = -2},
    {.bitmap_index = 5226, .adv_w = 288, .box_w = 17, .box_h = 16, .ofs_x = 0, .ofs_y = -1},
    {.bitmap_index = 5260, .adv_w = 288, .box_w = 15, .box_h = 14, .ofs_x = 2, .ofs_y = -1},
    {.bitmap_index = 5287, .adv_w = 288, .box_w = 14, .box_h = 16, .ofs_x = 2, .ofs_y = -1},
    {.bitmap_index = 5315, .adv_w = 288, .box_w = 16, .box_h = 16, .ofs_x = 1, .ofs_y = -1},
    {.bitmap_index = 5347, .adv_w = 288, .box_w = 15, .box_h = 15, .ofs_x = 2, .ofs_y = -1},
    {.bitmap_index = 5376, .adv_w = 288, .box_w = 16, .box_h = 14, .ofs_x = 0, .ofs_y = -1},
    {.bitmap_index = 5404, .adv_w = 288, .box_w = 16, .box_h = 15, .ofs_x = 1, .ofs_y = -1},
    {.bitmap_index = 5434, .adv_w = 288, .box_w = 16, .box_h = 15, .ofs_x = 1, .ofs_y = -1},
    {.bitmap_index = 5464, .adv_w = 288, .box_w = 15, .box_h = 16, .ofs_x = 1, .ofs_y = -1},
    {.bitmap_index = 5494, .adv_w = 288, .box_w = 15, .box_h = 16, .ofs_x = 1, .ofs_y = -1},
    {.bitmap_index = 5524, .adv_w = 288, .box_w = 15, .box_h = 16, .ofs_x = 2, .ofs_y = -1},
    {.bitmap_index = 5554, .adv_w = 288, .box_w = 16, .box_h = 16, .ofs_x = 1, .ofs_y = -1},
    {.bitmap_index = 5586, .adv_w = 288, .box_w = 16, .box_h = 16, .ofs_x = 1, .ofs_y = -1},
    {.bitmap_index = 5618, .adv_w = 288, .box_w = 16, .box_h = 16, .ofs_x = 1, .ofs_y = -1},
    {.bitmap_index = 5650, .adv_w = 288, .box_w = 15, .box_h = 16, .ofs_x = 1, .ofs_y = -1},
    {.bitmap_index = 5680, .adv_w = 288, .box_w = 16, .box_h = 16, .ofs_x = 1, .ofs_y = -1},
    {.bitmap_index = 5712, .adv_w = 288, .box_w = 16, .box_h = 16, .ofs_x = 1, .ofs_y = -1},
    {.bitmap_index = 5744, .adv_w = 288, .box_w = 15, .box_h = 16, .ofs_x = 1, .ofs_y = -1},
    {.bitmap_index = 5774, .adv_w = 288, .box_w = 16, .box_h = 16, .ofs_x = 1, .ofs_y = -1},
    {.bitmap_index = 5806, .adv_w = 288, .box_w = 15, .box_h = 16, .ofs_x = 1, .ofs_y = -1},
    {.bitmap_index = 5836, .adv_w = 288, .box_w = 16, .box_h = 16, .ofs_x = 1, .ofs_y = -1},
    {.bitmap_index = 5868, .adv_w = 288, .box_w = 16, .box_h = 16, .ofs_x = 1, .ofs_y = -1},
    {.bitmap_index = 5900, .adv_w = 288, .box_w = 16, .box_h = 16, .ofs_x = 1, .ofs_y = -1},
    {.bitmap_index = 5932, .adv_w = 288, .box_w = 16, .box_h = 16, .ofs_x = 1, .ofs_y = -1},
    {.bitmap_index = 5964, .adv_w = 288, .box_w = 15, .box_h = 16, .ofs_x = 1, .ofs_y = -1},
    {.bitmap_index = 5994, .adv_w = 288, .box_w = 15, .box_h = 16, .ofs_x = 0, .ofs_y = -1},
    {.bitmap_index = 6024, .adv_w = 288, .box_w = 16, .box_h = 16, .ofs_x = 1, .ofs_y = -1},
    {.bitmap_index = 6056, .adv_w = 288, .box_w = 16, .box_h = 16, .ofs_x = 1, .ofs_y = -1},
    {.bitmap_index = 6088, .adv_w = 288, .box_w = 16, .box_h = 16, .ofs_x = 1, .ofs_y = -1},
    {.bitmap_index = 6120, .adv_w = 288, .box_w = 16, .box_h = 16, .ofs_x = 1, .ofs_y = -1},
    {.bitmap_index = 6152, .adv_w = 288, .box_w = 16, .box_h = 16, .ofs_x = 1, .ofs_y = -1},
    {.bitmap_index = 6184, .adv_w = 288, .box_w = 16, .box_h = 16, .ofs_x = 1, .ofs_y = -1},
    {.bitmap_index = 6216, .adv_w = 288, .box_w = 16, .box_h = 16, .ofs_x = 1, .ofs_y = -1},
    {.bitmap_index = 6248, .adv_w = 288, .box_w = 17, .box_h = 17, .ofs_x = 1, .ofs_y = -1},
    {.bitmap_index = 6285, .adv_w = 288, .box_w = 16, .box_h = 16, .ofs_x = 1, .ofs_y = -1},
    {.bitmap_index = 6317, .adv_w = 288, .box_w = 15, .box_h = 14, .ofs_x = 2, .ofs_y = 0},
    {.bitmap_index = 6344, .adv_w = 288, .box_w = 15, .box_h = 15, .ofs_x = 2, .ofs_y = -1},
    {.bitmap_index = 6373, .adv_w = 288, .box_w = 15, .box_h = 15, .ofs_x = 2, .ofs_y = -1},
    {.bitmap_index = 6402, .adv_w = 288, .box_w = 16, .box_h = 16, .ofs_x = 1, .ofs_y = -1},
    {.bitmap_index = 6434, .adv_w = 288, .box_w = 16, .box_h = 16, .ofs_x = 1, .ofs_y = -1},
    {.bitmap_index = 6466, .adv_w = 288, .box_w = 16, .box_h = 16, .ofs_x = 1, .ofs_y = -1},
    {.bitmap_index = 6498, .adv_w = 288, .box_w = 13, .box_h = 16, .ofs_x = 3, .ofs_y = -1},
    {.bitmap_index = 6524, .adv_w = 288, .box_w = 16, .box_h = 16, .ofs_x = 1, .ofs_y = -1},
    {.bitmap_index = 6556, .adv_w = 288, .box_w = 15, .box_h = 15, .ofs_x = 1, .ofs_y = -1},
    {.bitmap_index = 6585, .adv_w = 288, .box_w = 16, .box_h = 16, .ofs_x = 1, .ofs_y = -2},
    {.bitmap_index = 6617, .adv_w = 288, .box_w = 16, .box_h = 16, .ofs_x = 0, .ofs_y = -2},
    {.bitmap_index = 6649, .adv_w = 288, .box_w = 16, .box_h = 15, .ofs_x = 0, .ofs_y = -1},
    {.bitmap_index = 6679, .adv_w = 288, .box_w = 16, .box_h = 16, .ofs_x = 1, .ofs_y = -1},
    {.bitmap_index = 6711, .adv_w = 288, .box_w = 16, .box_h = 17, .ofs_x = 1, .ofs_y = -2},
    {.bitmap_index = 6745, .adv_w = 288, .box_w = 16, .box_h = 15, .ofs_x = 1, .ofs_y = -1},
    {.bitmap_index = 6775, .adv_w = 288, .box_w = 16, .box_h = 15, .ofs_x = 1, .ofs_y = -2},
    {.bitmap_index = 6805, .adv_w = 288, .box_w = 16, .box_h = 15, .ofs_x = 1, .ofs_y = -1},
    {.bitmap_index = 6835, .adv_w = 288, .box_w = 16, .box_h = 15, .ofs_x = 1, .ofs_y = -1},
    {.bitmap_index = 6865, .adv_w = 288, .box_w = 15, .box_h = 17, .ofs_x = 1, .ofs_y = -2},
    {.bitmap_index = 6897, .adv_w = 288, .box_w = 16, .box_h = 16, .ofs_x = 1, .ofs_y = -1},
    {.bitmap_index = 6929, .adv_w = 288, .box_w = 16, .box_h = 15, .ofs_x = 1, .ofs_y = -1},
    {.bitmap_index = 6959, .adv_w = 288, .box_w = 15, .box_h = 16, .ofs_x = 1, .ofs_y = -1},
    {.bitmap_index = 6989, .adv_w = 288, .box_w = 15, .box_h = 16, .ofs_x = 1, .ofs_y = -1},
    {.bitmap_index = 7019, .adv_w = 288, .box_w = 16, .box_h = 16, .ofs_x = 1, .ofs_y = -1},
    {.bitmap_index = 7051, .adv_w = 288, .box_w = 13, .box_h = 14, .ofs_x = 2, .ofs_y = -1},
    {.bitmap_index = 7074, .adv_w = 288, .box_w = 16, .box_h = 16, .ofs_x = 1, .ofs_y = -1},
    {.bitmap_index = 7106, .adv_w = 288, .box_w = 15, .box_h = 16, .ofs_x = 1, .ofs_y = -1},
    {.bitmap_index = 7136, .adv_w = 288, .box_w = 14, .box_h = 15, .ofs_x = 1, .ofs_y = -1},
    {.bitmap_index = 7163, .adv_w = 288, .box_w = 16, .box_h = 15, .ofs_x = 1, .ofs_y = -1},
    {.bitmap_index = 7193, .adv_w = 288, .box_w = 14, .box_h = 16, .ofs_x = 2, .ofs_y = -1},
    {.bitmap_index = 7221, .adv_w = 288, .box_w = 16, .box_h = 15, .ofs_x = 1, .ofs_y = -1},
    {.bitmap_index = 7251, .adv_w = 288, .box_w = 15, .box_h = 16, .ofs_x = 1, .ofs_y = -1},
    {.bitmap_index = 7281, .adv_w = 288, .box_w = 17, .box_h = 16, .ofs_x = 0, .ofs_y = -1},
    {.bitmap_index = 7315, .adv_w = 288, .box_w = 16, .box_h = 16, .ofs_x = 1, .ofs_y = -1},
    {.bitmap_index = 7347, .adv_w = 288, .box_w = 16, .box_h = 15, .ofs_x = 1, .ofs_y = -1},
    {.bitmap_index = 7377, .adv_w = 288, .box_w = 16, .box_h = 15, .ofs_x = 2, .ofs_y = -1},
    {.bitmap_index = 7407, .adv_w = 288, .box_w = 16, .box_h = 16, .ofs_x = 1, .ofs_y = -1},
    {.bitmap_index = 7439, .adv_w = 288, .box_w = 16, .box_h = 16, .ofs_x = 1, .ofs_y = -1},
    {.bitmap_index = 7471, .adv_w = 288, .box_w = 17, .box_h = 16, .ofs_x = 1, .ofs_y = -1},
    {.bitmap_index = 7505, .adv_w = 288, .box_w = 13, .box_h = 15, .ofs_x = 2, .ofs_y = -1},
    {.bitmap_index = 7530, .adv_w = 288, .box_w = 15, .box_h = 15, .ofs_x = 2, .ofs_y = -1},
    {.bitmap_index = 7559, .adv_w = 288, .box_w = 14, .box_h = 16, .ofs_x = 1, .ofs_y = -1},
    {.bitmap_index = 7587, .adv_w = 288, .box_w = 16, .box_h = 16, .ofs_x = 1, .ofs_y = -1},
    {.bitmap_index = 7619, .adv_w = 288, .box_w = 14, .box_h = 16, .ofs_x = 2, .ofs_y = -1},
    {.bitmap_index = 7647, .adv_w = 288, .box_w = 16, .box_h = 15, .ofs_x = 1, .ofs_y = -1},
    {.bitmap_index = 7677, .adv_w = 288, .box_w = 17, .box_h = 15, .ofs_x = 0, .ofs_y = -1},
    {.bitmap_index = 7709, .adv_w = 288, .box_w = 16, .box_h = 15, .ofs_x = 2, .ofs_y = -1},
    {.bitmap_index = 7739, .adv_w = 288, .box_w = 15, .box_h = 16, .ofs_x = 1, .ofs_y = -1},
    {.bitmap_index = 7769, .adv_w = 288, .box_w = 15, .box_h = 16, .ofs_x = 1, .ofs_y = -1},
    {.bitmap_index = 7799, .adv_w = 288, .box_w = 16, .box_h = 17, .ofs_x = 1, .ofs_y = -2},
    {.bitmap_index = 7833, .adv_w = 288, .box_w = 16, .box_h = 16, .ofs_x = 1, .ofs_y = -2},
    {.bitmap_index = 7865, .adv_w = 288, .box_w = 16, .box_h = 16, .ofs_x = 1, .ofs_y = -1},
    {.bitmap_index = 7897, .adv_w = 288, .box_w = 16, .box_h = 15, .ofs_x = 1, .ofs_y = -1},
    {.bitmap_index = 7927, .adv_w = 288, .box_w = 18, .box_h = 15, .ofs_x = 0, .ofs_y = -1},
    {.bitmap_index = 7961, .adv_w = 288, .box_w = 16, .box_h = 16, .ofs_x = 1, .ofs_y = -1},
    {.bitmap_index = 7993, .adv_w = 288, .box_w = 16, .box_h = 16, .ofs_x = 1, .ofs_y = -2},
    {.bitmap_index = 8025, .adv_w = 288, .box_w = 15, .box_h = 16, .ofs_x = 2, .ofs_y = -1},
    {.bitmap_index = 8055, .adv_w = 288, .box_w = 16, .box_h = 15, .ofs_x = 1, .ofs_y = -1},
    {.bitmap_index = 8085, .adv_w = 288, .box_w = 15, .box_h = 15, .ofs_x = 1, .ofs_y = -1},
    {.bitmap_index = 8114, .adv_w = 288, .box_w = 17, .box_h = 17, .ofs_x = 1, .ofs_y = -2},
    {.bitmap_index = 8151, .adv_w = 288, .box_w = 16, .box_h = 16, .ofs_x = 1, .ofs_y = -1},
    {.bitmap_index = 8183, .adv_w = 288, .box_w = 16, .box_h = 16, .ofs_x = 1, .ofs_y = -1},
    {.bitmap_index = 8215, .adv_w = 288, .box_w = 17, .box_h = 16, .ofs_x = 0, .ofs_y = -1},
    {.bitmap_index = 8249, .adv_w = 288, .box_w = 15, .box_h = 16, .ofs_x = 1, .ofs_y = -1},
    {.bitmap_index = 8279, .adv_w = 288, .box_w = 16, .box_h = 16, .ofs_x = 1, .ofs_y = -1},
    {.bitmap_index = 8311, .adv_w = 288, .box_w = 15, .box_h = 16, .ofs_x = 1, .ofs_y = -1},
    {.bitmap_index = 8341, .adv_w = 288, .box_w = 16, .box_h = 16, .ofs_x = 1, .ofs_y = -1},
    {.bitmap_index = 8373, .adv_w = 288, .box_w = 15, .box_h = 17, .ofs_x = 1, .ofs_y = -1},
    {.bitmap_index = 8405, .adv_w = 288, .box_w = 16, .box_h = 17, .ofs_x = 1, .ofs_y = -2},
    {.bitmap_index = 8439, .adv_w = 288, .box_w = 15, .box_h = 16, .ofs_x = 1, .ofs_y = -1},
    {.bitmap_index = 8469, .adv_w = 288, .box_w = 16, .box_h = 16, .ofs_x = 1, .ofs_y = -1},
    {.bitmap_index = 8501, .adv_w = 288, .box_w = 15, .box_h = 16, .ofs_x = 1, .ofs_y = -1},
    {.bitmap_index = 8531, .adv_w = 288, .box_w = 15, .box_h = 16, .ofs_x = 1, .ofs_y = -1},
    {.bitmap_index = 8561, .adv_w = 288, .box_w = 15, .box_h = 16, .ofs_x = 1, .ofs_y = -1},
    {.bitmap_index = 8591, .adv_w = 288, .box_w = 16, .box_h = 16, .ofs_x = 1, .ofs_y = -1},
    {.bitmap_index = 8623, .adv_w = 288, .box_w = 16, .box_h = 15, .ofs_x = 1, .ofs_y = -1},
    {.bitmap_index = 8653, .adv_w = 288, .box_w = 16, .box_h = 15, .ofs_x = 1, .ofs_y = -1},
    {.bitmap_index = 8683, .adv_w = 288, .box_w = 16, .box_h = 15, .ofs_x = 1, .ofs_y = -1},
    {.bitmap_index = 8713, .adv_w = 288, .box_w = 16, .box_h = 16, .ofs_x = 1, .ofs_y = -1},
    {.bitmap_index = 8745, .adv_w = 288, .box_w = 16, .box_h = 15, .ofs_x = 1, .ofs_y = -1},
    {.bitmap_index = 8775, .adv_w = 288, .box_w = 16, .box_h = 16, .ofs_x = 1, .ofs_y = -1},
    {.bitmap_index = 8807, .adv_w = 288, .box_w = 16, .box_h = 16, .ofs_x = 1, .ofs_y = -1},
    {.bitmap_index = 8839, .adv_w = 288, .box_w = 15, .box_h = 16, .ofs_x = 1, .ofs_y = -1},
    {.bitmap_index = 8869, .adv_w = 288, .box_w = 16, .box_h = 16, .ofs_x = 1, .ofs_y = -1},
    {.bitmap_index = 8901, .adv_w = 288, .box_w = 16, .box_h = 16, .ofs_x = 1, .ofs_y = -1},
    {.bitmap_index = 8933, .adv_w = 288, .box_w = 16, .box_h = 16, .ofs_x = 2, .ofs_y = -2},
    {.bitmap_index = 8965, .adv_w = 288, .box_w = 16, .box_h = 15, .ofs_x = 1, .ofs_y = -1},
    {.bitmap_index = 8995, .adv_w = 288, .box_w = 16, .box_h = 16, .ofs_x = 1, .ofs_y = -1},
    {.bitmap_index = 9027, .adv_w = 288, .box_w = 16, .box_h = 15, .ofs_x = 1, .ofs_y = -1},
    {.bitmap_index = 9057, .adv_w = 288, .box_w = 15, .box_h = 15, .ofs_x = 1, .ofs_y = -1},
    {.bitmap_index = 9086, .adv_w = 288, .box_w = 16, .box_h = 15, .ofs_x = 1, .ofs_y = -1},
    {.bitmap_index = 9116, .adv_w = 288, .box_w = 16, .box_h = 16, .ofs_x = 1, .ofs_y = -1},
    {.bitmap_index = 9148, .adv_w = 288, .box_w = 16, .box_h = 16, .ofs_x = 1, .ofs_y = -1},
    {.bitmap_index = 9180, .adv_w = 288, .box_w = 16, .box_h = 16, .ofs_x = 1, .ofs_y = -1},
    {.bitmap_index = 9212, .adv_w = 288, .box_w = 16, .box_h = 15, .ofs_x = 1, .ofs_y = -1},
    {.bitmap_index = 9242, .adv_w = 288, .box_w = 16, .box_h = 16, .ofs_x = 1, .ofs_y = -1},
    {.bitmap_index = 9274, .adv_w = 288, .box_w = 16, .box_h = 15, .ofs_x = 1, .ofs_y = -1},
    {.bitmap_index = 9304, .adv_w = 288, .box_w = 16, .box_h = 15, .ofs_x = 1, .ofs_y = -1},
    {.bitmap_index = 9334, .adv_w = 288, .box_w = 15, .box_h = 15, .ofs_x = 2, .ofs_y = -1},
    {.bitmap_index = 9363, .adv_w = 288, .box_w = 15, .box_h = 15, .ofs_x = 2, .ofs_y = -1},
    {.bitmap_index = 9392, .adv_w = 288, .box_w = 15, .box_h = 15, .ofs_x = 2, .ofs_y = -1},
    {.bitmap_index = 9421, .adv_w = 288, .box_w = 15, .box_h = 15, .ofs_x = 2, .ofs_y = -1},
    {.bitmap_index = 9450, .adv_w = 288, .box_w = 15, .box_h = 15, .ofs_x = 2, .ofs_y = -1},
    {.bitmap_index = 9479, .adv_w = 288, .box_w = 15, .box_h = 15, .ofs_x = 2, .ofs_y = -1},
    {.bitmap_index = 9508, .adv_w = 288, .box_w = 15, .box_h = 15, .ofs_x = 2, .ofs_y = -1},
    {.bitmap_index = 9537, .adv_w = 288, .box_w = 16, .box_h = 15, .ofs_x = 2, .ofs_y = -1},
    {.bitmap_index = 9567, .adv_w = 288, .box_w = 16, .box_h = 15, .ofs_x = 1, .ofs_y = 0},
    {.bitmap_index = 9597, .adv_w = 288, .box_w = 16, .box_h = 16, .ofs_x = 1, .ofs_y = -1},
    {.bitmap_index = 9629, .adv_w = 288, .box_w = 17, .box_h = 16, .ofs_x = 1, .ofs_y = -1},
    {.bitmap_index = 9663, .adv_w = 288, .box_w = 17, .box_h = 16, .ofs_x = 1, .ofs_y = -1},
    {.bitmap_index = 9697, .adv_w = 288, .box_w = 16, .box_h = 16, .ofs_x = 1, .ofs_y = -1},
    {.bitmap_index = 9729, .adv_w = 288, .box_w = 16, .box_h = 16, .ofs_x = 1, .ofs_y = -1},
    {.bitmap_index = 9761, .adv_w = 288, .box_w = 16, .box_h = 16, .ofs_x = 1, .ofs_y = -1},
    {.bitmap_index = 9793, .adv_w = 288, .box_w = 16, .box_h = 15, .ofs_x = 1, .ofs_y = -1},
    {.bitmap_index = 9823, .adv_w = 288, .box_w = 17, .box_h = 16, .ofs_x = 1, .ofs_y = -1},
    {.bitmap_index = 9857, .adv_w = 288, .box_w = 16, .box_h = 16, .ofs_x = 1, .ofs_y = -1},
    {.bitmap_index = 9889, .adv_w = 288, .box_w = 16, .box_h = 17, .ofs_x = 1, .ofs_y = -1},
    {.bitmap_index = 9923, .adv_w = 288, .box_w = 16, .box_h = 16, .ofs_x = 1, .ofs_y = -1},
    {.bitmap_index = 9955, .adv_w = 288, .box_w = 16, .box_h = 16, .ofs_x = 1, .ofs_y = -1},
    {.bitmap_index = 9987, .adv_w = 288, .box_w = 16, .box_h = 17, .ofs_x = 1, .ofs_y = -1},
    {.bitmap_index = 10021, .adv_w = 288, .box_w = 16, .box_h = 16, .ofs_x = 1, .ofs_y = -1},
    {.bitmap_index = 10053, .adv_w = 288, .box_w = 16, .box_h = 17, .ofs_x = 1, .ofs_y = -1},
    {.bitmap_index = 10087, .adv_w = 288, .box_w = 17, .box_h = 16, .ofs_x = 1, .ofs_y = -1},
    {.bitmap_index = 10121, .adv_w = 288, .box_w = 16, .box_h = 16, .ofs_x = 1, .ofs_y = -1},
    {.bitmap_index = 10153, .adv_w = 288, .box_w = 16, .box_h = 15, .ofs_x = 1, .ofs_y = 0},
    {.bitmap_index = 10183, .adv_w = 288, .box_w = 16, .box_h = 18, .ofs_x = 0, .ofs_y = -2},
    {.bitmap_index = 10219, .adv_w = 288, .box_w = 17, .box_h = 16, .ofs_x = 0, .ofs_y = -1},
    {.bitmap_index = 10253, .adv_w = 288, .box_w = 17, .box_h = 17, .ofs_x = 0, .ofs_y = -2},
    {.bitmap_index = 10290, .adv_w = 288, .box_w = 17, .box_h = 16, .ofs_x = 0, .ofs_y = -1},
    {.bitmap_index = 10324, .adv_w = 288, .box_w = 16, .box_h = 16, .ofs_x = 1, .ofs_y = -1},
    {.bitmap_index = 10356, .adv_w = 288, .box_w = 16, .box_h = 16, .ofs_x = 1, .ofs_y = -1},
    {.bitmap_index = 10388, .adv_w = 288, .box_w = 16, .box_h = 17, .ofs_x = 1, .ofs_y = -2},
    {.bitmap_index = 10422, .adv_w = 288, .box_w = 18, .box_h = 16, .ofs_x = 0, .ofs_y = -1},
    {.bitmap_index = 10458, .adv_w = 288, .box_w = 16, .box_h = 17, .ofs_x = 1, .ofs_y = -2},
    {.bitmap_index = 10492, .adv_w = 288, .box_w = 16, .box_h = 16, .ofs_x = 1, .ofs_y = -1},
    {.bitmap_index = 10524, .adv_w = 288, .box_w = 17, .box_h = 15, .ofs_x = 1, .ofs_y = -1},
    {.bitmap_index = 10556, .adv_w = 288, .box_w = 16, .box_h = 16, .ofs_x = 1, .ofs_y = -1},
    {.bitmap_index = 10588, .adv_w = 288, .box_w = 16, .box_h = 16, .ofs_x = 1, .ofs_y = -1},
    {.bitmap_index = 10620, .adv_w = 288, .box_w = 16, .box_h = 16, .ofs_x = 1, .ofs_y = -1},
    {.bitmap_index = 10652, .adv_w = 288, .box_w = 17, .box_h = 16, .ofs_x = 1, .ofs_y = -1},
    {.bitmap_index = 10686, .adv_w = 288, .box_w = 16, .box_h = 16, .ofs_x = 1, .ofs_y = -1},
    {.bitmap_index = 10718, .adv_w = 288, .box_w = 17, .box_h = 16, .ofs_x = 1, .ofs_y = -1},
    {.bitmap_index = 10752, .adv_w = 288, .box_w = 17, .box_h = 16, .ofs_x = 1, .ofs_y = -1},
    {.bitmap_index = 10786, .adv_w = 288, .box_w = 16, .box_h = 17, .ofs_x = 1, .ofs_y = -2},
    {.bitmap_index = 10820, .adv_w = 288, .box_w = 16, .box_h = 16, .ofs_x = 1, .ofs_y = -1},
    {.bitmap_index = 10852, .adv_w = 288, .box_w = 17, .box_h = 16, .ofs_x = 0, .ofs_y = -1},
    {.bitmap_index = 10886, .adv_w = 288, .box_w = 16, .box_h = 16, .ofs_x = 1, .ofs_y = -1},
    {.bitmap_index = 10918, .adv_w = 288, .box_w = 17, .box_h = 16, .ofs_x = 0, .ofs_y = -1},
    {.bitmap_index = 10952, .adv_w = 288, .box_w = 16, .box_h = 16, .ofs_x = 1, .ofs_y = -1},
    {.bitmap_index = 10984, .adv_w = 288, .box_w = 16, .box_h = 16, .ofs_x = 1, .ofs_y = -1},
    {.bitmap_index = 11016, .adv_w = 288, .box_w = 16, .box_h = 17, .ofs_x = 1, .ofs_y = -2},
    {.bitmap_index = 11050, .adv_w = 288, .box_w = 17, .box_h = 16, .ofs_x = 1, .ofs_y = -1},
    {.bitmap_index = 11084, .adv_w = 288, .box_w = 17, .box_h = 16, .ofs_x = 1, .ofs_y = -1},
    {.bitmap_index = 11118, .adv_w = 288, .box_w = 16, .box_h = 15, .ofs_x = 1, .ofs_y = -1},
    {.bitmap_index = 11148, .adv_w = 288, .box_w = 15, .box_h = 16, .ofs_x = 1, .ofs_y = -1},
    {.bitmap_index = 11178, .adv_w = 288, .box_w = 17, .box_h = 16, .ofs_x = 0, .ofs_y = -1},
    {.bitmap_index = 11212, .adv_w = 288, .box_w = 17, .box_h = 16, .ofs_x = 0, .ofs_y = -1},
    {.bitmap_index = 11246, .adv_w = 288, .box_w = 16, .box_h = 16, .ofs_x = 1, .ofs_y = -1},
    {.bitmap_index = 11278, .adv_w = 288, .box_w = 17, .box_h = 17, .ofs_x = 0, .ofs_y = -1},
    {.bitmap_index = 11315, .adv_w = 288, .box_w = 15, .box_h = 17, .ofs_x = 2, .ofs_y = -1},
    {.bitmap_index = 11347, .adv_w = 288, .box_w = 15, .box_h = 16, .ofs_x = 2, .ofs_y = -1},
    {.bitmap_index = 11377, .adv_w = 288, .box_w = 16, .box_h = 16, .ofs_x = 1, .ofs_y = -1},
    {.bitmap_index = 11409, .adv_w = 288, .box_w = 16, .box_h = 16, .ofs_x = 1, .ofs_y = -1},
    {.bitmap_index = 11441, .adv_w = 288, .box_w = 16, .box_h = 16, .ofs_x = 1, .ofs_y = -1},
    {.bitmap_index = 11473, .adv_w = 288, .box_w = 16, .box_h = 16, .ofs_x = 1, .ofs_y = -1},
    {.bitmap_index = 11505, .adv_w = 288, .box_w = 14, .box_h = 16, .ofs_x = 2, .ofs_y = -1},
    {.bitmap_index = 11533, .adv_w = 288, .box_w = 17, .box_h = 16, .ofs_x = 1, .ofs_y = -1},
    {.bitmap_index = 11567, .adv_w = 288, .box_w = 16, .box_h = 16, .ofs_x = 1, .ofs_y = -1},
    {.bitmap_index = 11599, .adv_w = 288, .box_w = 16, .box_h = 16, .ofs_x = 1, .ofs_y = -1},
    {.bitmap_index = 11631, .adv_w = 288, .box_w = 16, .box_h = 16, .ofs_x = 1, .ofs_y = -1},
    {.bitmap_index = 11663, .adv_w = 288, .box_w = 16, .box_h = 16, .ofs_x = 1, .ofs_y = -1},
    {.bitmap_index = 11695, .adv_w = 288, .box_w = 16, .box_h = 16, .ofs_x = 2, .ofs_y = -1},
    {.bitmap_index = 11727, .adv_w = 288, .box_w = 17, .box_h = 16, .ofs_x = 0, .ofs_y = -1},
    {.bitmap_index = 11761, .adv_w = 288, .box_w = 16, .box_h = 16, .ofs_x = 1, .ofs_y = -1},
    {.bitmap_index = 11793, .adv_w = 288, .box_w = 17, .box_h = 16, .ofs_x = 1, .ofs_y = -1},
    {.bitmap_index = 11827, .adv_w = 288, .box_w = 16, .box_h = 17, .ofs_x = 1, .ofs_y = -1},
    {.bitmap_index = 11861, .adv_w = 288, .box_w = 17, .box_h = 17, .ofs_x = 0, .ofs_y = -1},
    {.bitmap_index = 11898, .adv_w = 288, .box_w = 16, .box_h = 16, .ofs_x = 1, .ofs_y = -1},
    {.bitmap_index = 11930, .adv_w = 288, .box_w = 16, .box_h = 16, .ofs_x = 1, .ofs_y = -1},
    {.bitmap_index = 11962, .adv_w = 288, .box_w = 16, .box_h = 16, .ofs_x = 1, .ofs_y = -1},
    {.bitmap_index = 11994, .adv_w = 288, .box_w = 17, .box_h = 16, .ofs_x = 0, .ofs_y = -1},
    {.bitmap_index = 12028, .adv_w = 288, .box_w = 17, .box_h = 16, .ofs_x = 0, .ofs_y = -1},
    {.bitmap_index = 12062, .adv_w = 288, .box_w = 17, .box_h = 16, .ofs_x = 1, .ofs_y = -1},
    {.bitmap_index = 12096, .adv_w = 288, .box_w = 17, .box_h = 16, .ofs_x = 0, .ofs_y = -1},
    {.bitmap_index = 12130, .adv_w = 288, .box_w = 16, .box_h = 16, .ofs_x = 1, .ofs_y = -1},
    {.bitmap_index = 12162, .adv_w = 288, .box_w = 16, .box_h = 16, .ofs_x = 1, .ofs_y = -1},
    {.bitmap_index = 12194, .adv_w = 288, .box_w = 13, .box_h = 16, .ofs_x = 2, .ofs_y = -1},
    {.bitmap_index = 12220, .adv_w = 288, .box_w = 16, .box_h = 16, .ofs_x = 1, .ofs_y = -1},
    {.bitmap_index = 12252, .adv_w = 288, .box_w = 16, .box_h = 16, .ofs_x = 1, .ofs_y = -1},
    {.bitmap_index = 12284, .adv_w = 288, .box_w = 17, .box_h = 16, .ofs_x = 0, .ofs_y = -2},
    {.bitmap_index = 12318, .adv_w = 288, .box_w = 17, .box_h = 15, .ofs_x = 0, .ofs_y = -1},
    {.bitmap_index = 12350, .adv_w = 288, .box_w = 16, .box_h = 15, .ofs_x = 1, .ofs_y = -1},
    {.bitmap_index = 12380, .adv_w = 288, .box_w = 15, .box_h = 15, .ofs_x = 1, .ofs_y = -1},
    {.bitmap_index = 12409, .adv_w = 288, .box_w = 16, .box_h = 16, .ofs_x = 1, .ofs_y = -2},
    {.bitmap_index = 12441, .adv_w = 288, .box_w = 16, .box_h = 15, .ofs_x = 1, .ofs_y = -1},
    {.bitmap_index = 12471, .adv_w = 288, .box_w = 16, .box_h = 15, .ofs_x = 1, .ofs_y = -1},
    {.bitmap_index = 12501, .adv_w = 288, .box_w = 16, .box_h = 15, .ofs_x = 1, .ofs_y = -1},
    {.bitmap_index = 12531, .adv_w = 288, .box_w = 17, .box_h = 15, .ofs_x = 1, .ofs_y = -1},
    {.bitmap_index = 12563, .adv_w = 288, .box_w = 16, .box_h = 15, .ofs_x = 1, .ofs_y = -1},
    {.bitmap_index = 12593, .adv_w = 288, .box_w = 17, .box_h = 15, .ofs_x = 0, .ofs_y = -1},
    {.bitmap_index = 12625, .adv_w = 288, .box_w = 17, .box_h = 16, .ofs_x = 0, .ofs_y = -1},
    {.bitmap_index = 12659, .adv_w = 288, .box_w = 15, .box_h = 16, .ofs_x = 1, .ofs_y = -1},
    {.bitmap_index = 12689, .adv_w = 288, .box_w = 16, .box_h = 13, .ofs_x = 1, .ofs_y = 0},
    {.bitmap_index = 12715, .adv_w = 288, .box_w = 16, .box_h = 16, .ofs_x = 0, .ofs_y = -1},
    {.bitmap_index = 12747, .adv_w = 288, .box_w = 16, .box_h = 16, .ofs_x = 1, .ofs_y = -1},
    {.bitmap_index = 12779, .adv_w = 288, .box_w = 14, .box_h = 15, .ofs_x = 3, .ofs_y = -1},
    {.bitmap_index = 12806, .adv_w = 288, .box_w = 15, .box_h = 15, .ofs_x = 2, .ofs_y = -1},
    {.bitmap_index = 12835, .adv_w = 288, .box_w = 15, .box_h = 15, .ofs_x = 2, .ofs_y = -1},
    {.bitmap_index = 12864, .adv_w = 288, .box_w = 14, .box_h = 16, .ofs_x = 2, .ofs_y = -1},
    {.bitmap_index = 12892, .adv_w = 288, .box_w = 17, .box_h = 16, .ofs_x = 0, .ofs_y = -1},
    {.bitmap_index = 12926, .adv_w = 288, .box_w = 15, .box_h = 16, .ofs_x = 2, .ofs_y = -1},
    {.bitmap_index = 12956, .adv_w = 288, .box_w = 16, .box_h = 16, .ofs_x = 1, .ofs_y = -1},
    {.bitmap_index = 12988, .adv_w = 288, .box_w = 16, .box_h = 16, .ofs_x = 1, .ofs_y = -1},
    {.bitmap_index = 13020, .adv_w = 288, .box_w = 16, .box_h = 16, .ofs_x = 1, .ofs_y = -1},
    {.bitmap_index = 13052, .adv_w = 288, .box_w = 15, .box_h = 16, .ofs_x = 2, .ofs_y = -1},
    {.bitmap_index = 13082, .adv_w = 288, .box_w = 16, .box_h = 16, .ofs_x = 1, .ofs_y = -1},
    {.bitmap_index = 13114, .adv_w = 288, .box_w = 16, .box_h = 16, .ofs_x = 1, .ofs_y = -1},
    {.bitmap_index = 13146, .adv_w = 288, .box_w = 16, .box_h = 15, .ofs_x = 1, .ofs_y = -1},
    {.bitmap_index = 13176, .adv_w = 288, .box_w = 16, .box_h = 16, .ofs_x = 1, .ofs_y = -1},
    {.bitmap_index = 13208, .adv_w = 288, .box_w = 16, .box_h = 16, .ofs_x = 1, .ofs_y = -1},
    {.bitmap_index = 13240, .adv_w = 288, .box_w = 16, .box_h = 16, .ofs_x = 1, .ofs_y = -1},
    {.bitmap_index = 13272, .adv_w = 288, .box_w = 15, .box_h = 16, .ofs_x = 2, .ofs_y = -1},
    {.bitmap_index = 13302, .adv_w = 288, .box_w = 15, .box_h = 16, .ofs_x = 2, .ofs_y = -1},
    {.bitmap_index = 13332, .adv_w = 288, .box_w = 16, .box_h = 17, .ofs_x = 1, .ofs_y = -2},
    {.bitmap_index = 13366, .adv_w = 288, .box_w = 17, .box_h = 16, .ofs_x = 0, .ofs_y = -1},
    {.bitmap_index = 13400, .adv_w = 288, .box_w = 16, .box_h = 16, .ofs_x = 1, .ofs_y = -1},
    {.bitmap_index = 13432, .adv_w = 288, .box_w = 17, .box_h = 17, .ofs_x = 0, .ofs_y = -1},
    {.bitmap_index = 13469, .adv_w = 288, .box_w = 17, .box_h = 16, .ofs_x = 0, .ofs_y = -1},
    {.bitmap_index = 13503, .adv_w = 288, .box_w = 16, .box_h = 16, .ofs_x = 1, .ofs_y = -1},
    {.bitmap_index = 13535, .adv_w = 288, .box_w = 17, .box_h = 16, .ofs_x = 0, .ofs_y = -1},
    {.bitmap_index = 13569, .adv_w = 288, .box_w = 16, .box_h = 16, .ofs_x = 0, .ofs_y = -1},
    {.bitmap_index = 13601, .adv_w = 288, .box_w = 17, .box_h = 16, .ofs_x = 0, .ofs_y = -1},
    {.bitmap_index = 13635, .adv_w = 288, .box_w = 16, .box_h = 17, .ofs_x = 1, .ofs_y = -1},
    {.bitmap_index = 13669, .adv_w = 288, .box_w = 16, .box_h = 16, .ofs_x = 1, .ofs_y = -1},
    {.bitmap_index = 13701, .adv_w = 288, .box_w = 16, .box_h = 15, .ofs_x = 1, .ofs_y = -1},
    {.bitmap_index = 13731, .adv_w = 288, .box_w = 16, .box_h = 15, .ofs_x = 1, .ofs_y = -1},
    {.bitmap_index = 13761, .adv_w = 288, .box_w = 16, .box_h = 16, .ofs_x = 1, .ofs_y = -1},
    {.bitmap_index = 13793, .adv_w = 288, .box_w = 14, .box_h = 16, .ofs_x = 2, .ofs_y = -1},
    {.bitmap_index = 13821, .adv_w = 288, .box_w = 16, .box_h = 15, .ofs_x = 1, .ofs_y = -1},
    {.bitmap_index = 13851, .adv_w = 288, .box_w = 16, .box_h = 16, .ofs_x = 1, .ofs_y = -1},
    {.bitmap_index = 13883, .adv_w = 288, .box_w = 15, .box_h = 16, .ofs_x = 1, .ofs_y = -1},
    {.bitmap_index = 13913, .adv_w = 288, .box_w = 15, .box_h = 15, .ofs_x = 1, .ofs_y = -1},
    {.bitmap_index = 13942, .adv_w = 288, .box_w = 16, .box_h = 15, .ofs_x = 1, .ofs_y = -1},
    {.bitmap_index = 13972, .adv_w = 288, .box_w = 14, .box_h = 16, .ofs_x = 2, .ofs_y = -1},
    {.bitmap_index = 14000, .adv_w = 288, .box_w = 13, .box_h = 16, .ofs_x = 2, .ofs_y = -1},
    {.bitmap_index = 14026, .adv_w = 288, .box_w = 16, .box_h = 15, .ofs_x = 1, .ofs_y = -1},
    {.bitmap_index = 14056, .adv_w = 288, .box_w = 17, .box_h = 16, .ofs_x = 1, .ofs_y = -1},
    {.bitmap_index = 14090, .adv_w = 288, .box_w = 17, .box_h = 16, .ofs_x = 0, .ofs_y = -1},
    {.bitmap_index = 14124, .adv_w = 288, .box_w = 17, .box_h = 16, .ofs_x = 1, .ofs_y = -1},
    {.bitmap_index = 14158, .adv_w = 288, .box_w = 17, .box_h = 16, .ofs_x = 0, .ofs_y = -1},
    {.bitmap_index = 14192, .adv_w = 288, .box_w = 17, .box_h = 16, .ofs_x = 0, .ofs_y = -1},
    {.bitmap_index = 14226, .adv_w = 288, .box_w = 17, .box_h = 16, .ofs_x = 0, .ofs_y = -1},
    {.bitmap_index = 14260, .adv_w = 288, .box_w = 17, .box_h = 17, .ofs_x = 0, .ofs_y = -1},
    {.bitmap_index = 14297, .adv_w = 288, .box_w = 16, .box_h = 16, .ofs_x = 1, .ofs_y = -1},
    {.bitmap_index = 14329, .adv_w = 288, .box_w = 16, .box_h = 16, .ofs_x = 1, .ofs_y = -1},
    {.bitmap_index = 14361, .adv_w = 288, .box_w = 15, .box_h = 15, .ofs_x = 1, .ofs_y = -1},
    {.bitmap_index = 14390, .adv_w = 288, .box_w = 16, .box_h = 16, .ofs_x = 1, .ofs_y = -1},
    {.bitmap_index = 14422, .adv_w = 288, .box_w = 16, .box_h = 16, .ofs_x = 0, .ofs_y = -1},
    {.bitmap_index = 14454, .adv_w = 288, .box_w = 16, .box_h = 16, .ofs_x = 1, .ofs_y = -1},
    {.bitmap_index = 14486, .adv_w = 288, .box_w = 16, .box_h = 16, .ofs_x = 1, .ofs_y = -1},
    {.bitmap_index = 14518, .adv_w = 288, .box_w = 17, .box_h = 16, .ofs_x = 0, .ofs_y = -1},
    {.bitmap_index = 14552, .adv_w = 288, .box_w = 16, .box_h = 16, .ofs_x = 1, .ofs_y = -1},
    {.bitmap_index = 14584, .adv_w = 288, .box_w = 17, .box_h = 16, .ofs_x = 0, .ofs_y = -1},
    {.bitmap_index = 14618, .adv_w = 288, .box_w = 16, .box_h = 16, .ofs_x = 1, .ofs_y = -1},
    {.bitmap_index = 14650, .adv_w = 288, .box_w = 16, .box_h = 16, .ofs_x = 1, .ofs_y = -1},
    {.bitmap_index = 14682, .adv_w = 288, .box_w = 16, .box_h = 16, .ofs_x = 0, .ofs_y = -1},
    {.bitmap_index = 14714, .adv_w = 288, .box_w = 16, .box_h = 16, .ofs_x = 1, .ofs_y = -1},
    {.bitmap_index = 14746, .adv_w = 288, .box_w = 17, .box_h = 16, .ofs_x = 0, .ofs_y = -1},
    {.bitmap_index = 14780, .adv_w = 288, .box_w = 17, .box_h = 16, .ofs_x = 1, .ofs_y = -1},
    {.bitmap_index = 14814, .adv_w = 288, .box_w = 17, .box_h = 16, .ofs_x = 1, .ofs_y = -1},
    {.bitmap_index = 14848, .adv_w = 288, .box_w = 17, .box_h = 16, .ofs_x = 1, .ofs_y = -1},
    {.bitmap_index = 14882, .adv_w = 288, .box_w = 16, .box_h = 15, .ofs_x = 1, .ofs_y = -1},
    {.bitmap_index = 14912, .adv_w = 288, .box_w = 16, .box_h = 16, .ofs_x = 1, .ofs_y = -1},
    {.bitmap_index = 14944, .adv_w = 288, .box_w = 17, .box_h = 16, .ofs_x = 1, .ofs_y = -1},
    {.bitmap_index = 14978, .adv_w = 288, .box_w = 16, .box_h = 16, .ofs_x = 1, .ofs_y = -1},
    {.bitmap_index = 15010, .adv_w = 288, .box_w = 17, .box_h = 16, .ofs_x = 1, .ofs_y = -1},
    {.bitmap_index = 15044, .adv_w = 288, .box_w = 16, .box_h = 16, .ofs_x = 1, .ofs_y = -1},
    {.bitmap_index = 15076, .adv_w = 288, .box_w = 17, .box_h = 16, .ofs_x = 1, .ofs_y = -1},
    {.bitmap_index = 15110, .adv_w = 288, .box_w = 17, .box_h = 16, .ofs_x = 1, .ofs_y = -1},
    {.bitmap_index = 15144, .adv_w = 288, .box_w = 15, .box_h = 17, .ofs_x = 2, .ofs_y = -1},
    {.bitmap_index = 15176, .adv_w = 288, .box_w = 16, .box_h = 16, .ofs_x = 1, .ofs_y = -1},
    {.bitmap_index = 15208, .adv_w = 288, .box_w = 16, .box_h = 15, .ofs_x = 1, .ofs_y = -1},
    {.bitmap_index = 15238, .adv_w = 288, .box_w = 17, .box_h = 16, .ofs_x = 1, .ofs_y = -1},
    {.bitmap_index = 15272, .adv_w = 288, .box_w = 16, .box_h = 16, .ofs_x = 1, .ofs_y = -1},
    {.bitmap_index = 15304, .adv_w = 288, .box_w = 17, .box_h = 16, .ofs_x = 1, .ofs_y = -1},
    {.bitmap_index = 15338, .adv_w = 288, .box_w = 17, .box_h = 16, .ofs_x = 0, .ofs_y = -1},
    {.bitmap_index = 15372, .adv_w = 288, .box_w = 17, .box_h = 16, .ofs_x = 0, .ofs_y = -1},
    {.bitmap_index = 15406, .adv_w = 288, .box_w = 17, .box_h = 16, .ofs_x = 0, .ofs_y = -1},
    {.bitmap_index = 15440, .adv_w = 288, .box_w = 16, .box_h = 16, .ofs_x = 1, .ofs_y = -1},
    {.bitmap_index = 15472, .adv_w = 288, .box_w = 16, .box_h = 16, .ofs_x = 1, .ofs_y = -1},
    {.bitmap_index = 15504, .adv_w = 288, .box_w = 16, .box_h = 16, .ofs_x = 2, .ofs_y = -1},
    {.bitmap_index = 15536, .adv_w = 288, .box_w = 16, .box_h = 16, .ofs_x = 1, .ofs_y = -1},
    {.bitmap_index = 15568, .adv_w = 288, .box_w = 14, .box_h = 17, .ofs_x = 1, .ofs_y = -2},
    {.bitmap_index = 15598, .adv_w = 288, .box_w = 16, .box_h = 16, .ofs_x = 1, .ofs_y = -1},
    {.bitmap_index = 15630, .adv_w = 288, .box_w = 15, .box_h = 16, .ofs_x = 1, .ofs_y = -1},
    {.bitmap_index = 15660, .adv_w = 288, .box_w = 16, .box_h = 16, .ofs_x = 1, .ofs_y = -1},
    {.bitmap_index = 15692, .adv_w = 288, .box_w = 17, .box_h = 16, .ofs_x = 0, .ofs_y = -1},
    {.bitmap_index = 15726, .adv_w = 288, .box_w = 16, .box_h = 16, .ofs_x = 1, .ofs_y = -1},
    {.bitmap_index = 15758, .adv_w = 288, .box_w = 16, .box_h = 16, .ofs_x = 1, .ofs_y = -1},
    {.bitmap_index = 15790, .adv_w = 288, .box_w = 15, .box_h = 16, .ofs_x = 1, .ofs_y = -1},
    {.bitmap_index = 15820, .adv_w = 288, .box_w = 16, .box_h = 16, .ofs_x = 1, .ofs_y = -1},
    {.bitmap_index = 15852, .adv_w = 288, .box_w = 15, .box_h = 16, .ofs_x = 1, .ofs_y = -1},
    {.bitmap_index = 15882, .adv_w = 288, .box_w = 15, .box_h = 16, .ofs_x = 1, .ofs_y = -1},
    {.bitmap_index = 15912, .adv_w = 288, .box_w = 17, .box_h = 16, .ofs_x = 1, .ofs_y = -1},
    {.bitmap_index = 15946, .adv_w = 288, .box_w = 17, .box_h = 16, .ofs_x = 1, .ofs_y = -1},
    {.bitmap_index = 15980, .adv_w = 288, .box_w = 16, .box_h = 16, .ofs_x = 1, .ofs_y = -1},
    {.bitmap_index = 16012, .adv_w = 288, .box_w = 16, .box_h = 16, .ofs_x = 1, .ofs_y = -1},
    {.bitmap_index = 16044, .adv_w = 288, .box_w = 16, .box_h = 16, .ofs_x = 1, .ofs_y = -1},
    {.bitmap_index = 16076, .adv_w = 288, .box_w = 16, .box_h = 16, .ofs_x = 1, .ofs_y = -1},
    {.bitmap_index = 16108, .adv_w = 288, .box_w = 16, .box_h = 16, .ofs_x = 1, .ofs_y = -1},
    {.bitmap_index = 16140, .adv_w = 288, .box_w = 16, .box_h = 16, .ofs_x = 1, .ofs_y = -1},
    {.bitmap_index = 16172, .adv_w = 288, .box_w = 17, .box_h = 16, .ofs_x = 1, .ofs_y = -1},
    {.bitmap_index = 16206, .adv_w = 288, .box_w = 16, .box_h = 16, .ofs_x = 1, .ofs_y = -1},
    {.bitmap_index = 16238, .adv_w = 288, .box_w = 17, .box_h = 16, .ofs_x = 1, .ofs_y = -1},
    {.bitmap_index = 16272, .adv_w = 288, .box_w = 17, .box_h = 16, .ofs_x = 1, .ofs_y = -1},
    {.bitmap_index = 16306, .adv_w = 288, .box_w = 16, .box_h = 16, .ofs_x = 1, .ofs_y = -1},
    {.bitmap_index = 16338, .adv_w = 288, .box_w = 17, .box_h = 17, .ofs_x = 0, .ofs_y = -1},
    {.bitmap_index = 16375, .adv_w = 288, .box_w = 16, .box_h = 16, .ofs_x = 1, .ofs_y = -1},
    {.bitmap_index = 16407, .adv_w = 288, .box_w = 17, .box_h = 16, .ofs_x = 1, .ofs_y = -1},
    {.bitmap_index = 16441, .adv_w = 288, .box_w = 16, .box_h = 17, .ofs_x = 1, .ofs_y = -1},
    {.bitmap_index = 16475, .adv_w = 288, .box_w = 16, .box_h = 16, .ofs_x = 1, .ofs_y = -1},
    {.bitmap_index = 16507, .adv_w = 288, .box_w = 16, .box_h = 16, .ofs_x = 1, .ofs_y = -1},
    {.bitmap_index = 16539, .adv_w = 288, .box_w = 17, .box_h = 16, .ofs_x = 1, .ofs_y = -1},
    {.bitmap_index = 16573, .adv_w = 288, .box_w = 17, .box_h = 16, .ofs_x = 1, .ofs_y = -1},
    {.bitmap_index = 16607, .adv_w = 288, .box_w = 16, .box_h = 16, .ofs_x = 1, .ofs_y = -1},
    {.bitmap_index = 16639, .adv_w = 288, .box_w = 16, .box_h = 16, .ofs_x = 1, .ofs_y = -1},
    {.bitmap_index = 16671, .adv_w = 288, .box_w = 16, .box_h = 16, .ofs_x = 1, .ofs_y = -1},
    {.bitmap_index = 16703, .adv_w = 288, .box_w = 16, .box_h = 16, .ofs_x = 1, .ofs_y = -1},
    {.bitmap_index = 16735, .adv_w = 288, .box_w = 16, .box_h = 16, .ofs_x = 1, .ofs_y = -1},
    {.bitmap_index = 16767, .adv_w = 288, .box_w = 16, .box_h = 16, .ofs_x = 1, .ofs_y = -1},
    {.bitmap_index = 16799, .adv_w = 288, .box_w = 16, .box_h = 16, .ofs_x = 1, .ofs_y = -1},
    {.bitmap_index = 16831, .adv_w = 288, .box_w = 17, .box_h = 16, .ofs_x = 1, .ofs_y = -1},
    {.bitmap_index = 16865, .adv_w = 288, .box_w = 16, .box_h = 16, .ofs_x = 1, .ofs_y = -1},
    {.bitmap_index = 16897, .adv_w = 288, .box_w = 16, .box_h = 16, .ofs_x = 1, .ofs_y = -1},
    {.bitmap_index = 16929, .adv_w = 288, .box_w = 17, .box_h = 16, .ofs_x = 1, .ofs_y = -1},
    {.bitmap_index = 16963, .adv_w = 288, .box_w = 16, .box_h = 16, .ofs_x = 1, .ofs_y = -1},
    {.bitmap_index = 16995, .adv_w = 288, .box_w = 17, .box_h = 16, .ofs_x = 1, .ofs_y = -1},
    {.bitmap_index = 17029, .adv_w = 288, .box_w = 17, .box_h = 16, .ofs_x = 1, .ofs_y = -1},
    {.bitmap_index = 17063, .adv_w = 288, .box_w = 16, .box_h = 17, .ofs_x = 1, .ofs_y = -1},
    {.bitmap_index = 17097, .adv_w = 288, .box_w = 16, .box_h = 16, .ofs_x = 1, .ofs_y = -1},
    {.bitmap_index = 17129, .adv_w = 288, .box_w = 16, .box_h = 16, .ofs_x = 2, .ofs_y = -1},
    {.bitmap_index = 17161, .adv_w = 288, .box_w = 16, .box_h = 16, .ofs_x = 1, .ofs_y = -1},
    {.bitmap_index = 17193, .adv_w = 288, .box_w = 16, .box_h = 16, .ofs_x = 1, .ofs_y = -1},
    {.bitmap_index = 17225, .adv_w = 288, .box_w = 16, .box_h = 16, .ofs_x = 1, .ofs_y = -1},
    {.bitmap_index = 17257, .adv_w = 288, .box_w = 16, .box_h = 16, .ofs_x = 1, .ofs_y = -1},
    {.bitmap_index = 17289, .adv_w = 288, .box_w = 16, .box_h = 16, .ofs_x = 1, .ofs_y = -1},
    {.bitmap_index = 17321, .adv_w = 288, .box_w = 16, .box_h = 16, .ofs_x = 1, .ofs_y = -1},
    {.bitmap_index = 17353, .adv_w = 288, .box_w = 16, .box_h = 16, .ofs_x = 1, .ofs_y = -1},
    {.bitmap_index = 17385, .adv_w = 288, .box_w = 17, .box_h = 16, .ofs_x = 1, .ofs_y = -1},
    {.bitmap_index = 17419, .adv_w = 288, .box_w = 16, .box_h = 16, .ofs_x = 1, .ofs_y = -1},
    {.bitmap_index = 17451, .adv_w = 288, .box_w = 16, .box_h = 16, .ofs_x = 1, .ofs_y = -1},
    {.bitmap_index = 17483, .adv_w = 288, .box_w = 16, .box_h = 17, .ofs_x = 1, .ofs_y = -2},
    {.bitmap_index = 17517, .adv_w = 288, .box_w = 15, .box_h = 16, .ofs_x = 1, .ofs_y = -1},
    {.bitmap_index = 17547, .adv_w = 288, .box_w = 17, .box_h = 16, .ofs_x = 0, .ofs_y = -1},
    {.bitmap_index = 17581, .adv_w = 288, .box_w = 16, .box_h = 17, .ofs_x = 2, .ofs_y = -1},
    {.bitmap_index = 17615, .adv_w = 288, .box_w = 16, .box_h = 16, .ofs_x = 1, .ofs_y = -1},
    {.bitmap_index = 17647, .adv_w = 288, .box_w = 16, .box_h = 16, .ofs_x = 1, .ofs_y = -1},
    {.bitmap_index = 17679, .adv_w = 288, .box_w = 16, .box_h = 15, .ofs_x = 1, .ofs_y = -1},
    {.bitmap_index = 17709, .adv_w = 288, .box_w = 11, .box_h = 15, .ofs_x = 3, .ofs_y = -1},
    {.bitmap_index = 17730, .adv_w = 288, .box_w = 14, .box_h = 16, .ofs_x = 2, .ofs_y = -1},
    {.bitmap_index = 17758, .adv_w = 288, .box_w = 15, .box_h = 16, .ofs_x = 2, .ofs_y = -1},
    {.bitmap_index = 17788, .adv_w = 288, .box_w = 15, .box_h = 15, .ofs_x = 2, .ofs_y = -1},
    {.bitmap_index = 17817, .adv_w = 288, .box_w = 16, .box_h = 15, .ofs_x = 1, .ofs_y = -1},
    {.bitmap_index = 17847, .adv_w = 288, .box_w = 16, .box_h = 16, .ofs_x = 1, .ofs_y = -1},
    {.bitmap_index = 17879, .adv_w = 288, .box_w = 16, .box_h = 16, .ofs_x = 1, .ofs_y = -1},
    {.bitmap_index = 17911, .adv_w = 288, .box_w = 16, .box_h = 15, .ofs_x = 1, .ofs_y = -1},
    {.bitmap_index = 17941, .adv_w = 288, .box_w = 17, .box_h = 14, .ofs_x = 0, .ofs_y = 0},
    {.bitmap_index = 17971, .adv_w = 288, .box_w = 15, .box_h = 16, .ofs_x = 2, .ofs_y = -1},
    {.bitmap_index = 18001, .adv_w = 288, .box_w = 16, .box_h = 17, .ofs_x = 1, .ofs_y = -1},
    {.bitmap_index = 18035, .adv_w = 288, .box_w = 16, .box_h = 16, .ofs_x = 1, .ofs_y = -1},
    {.bitmap_index = 18067, .adv_w = 288, .box_w = 16, .box_h = 16, .ofs_x = 1, .ofs_y = -1},
    {.bitmap_index = 18099, .adv_w = 288, .box_w = 16, .box_h = 16, .ofs_x = 1, .ofs_y = -1},
    {.bitmap_index = 18131, .adv_w = 288, .box_w = 16, .box_h = 16, .ofs_x = 1, .ofs_y = -1},
    {.bitmap_index = 18163, .adv_w = 288, .box_w = 16, .box_h = 16, .ofs_x = 1, .ofs_y = -1},
    {.bitmap_index = 18195, .adv_w = 288, .box_w = 17, .box_h = 15, .ofs_x = 1, .ofs_y = -1},
    {.bitmap_index = 18227, .adv_w = 288, .box_w = 16, .box_h = 16, .ofs_x = 1, .ofs_y = -1},
    {.bitmap_index = 18259, .adv_w = 288, .box_w = 16, .box_h = 16, .ofs_x = 1, .ofs_y = -1},
    {.bitmap_index = 18291, .adv_w = 288, .box_w = 14, .box_h = 15, .ofs_x = 1, .ofs_y = -1},
    {.bitmap_index = 18318, .adv_w = 288, .box_w = 16, .box_h = 16, .ofs_x = 1, .ofs_y = -1},
    {.bitmap_index = 18350, .adv_w = 288, .box_w = 16, .box_h = 15, .ofs_x = 1, .ofs_y = -1},
    {.bitmap_index = 18380, .adv_w = 288, .box_w = 16, .box_h = 16, .ofs_x = 1, .ofs_y = -1},
    {.bitmap_index = 18412, .adv_w = 288, .box_w = 16, .box_h = 16, .ofs_x = 1, .ofs_y = -1},
    {.bitmap_index = 18444, .adv_w = 288, .box_w = 18, .box_h = 16, .ofs_x = 0, .ofs_y = -1},
    {.bitmap_index = 18480, .adv_w = 288, .box_w = 17, .box_h = 16, .ofs_x = 0, .ofs_y = -1},
    {.bitmap_index = 18514, .adv_w = 288, .box_w = 17, .box_h = 16, .ofs_x = 1, .ofs_y = -1},
    {.bitmap_index = 18548, .adv_w = 288, .box_w = 17, .box_h = 15, .ofs_x = 1, .ofs_y = -1},
    {.bitmap_index = 18580, .adv_w = 288, .box_w = 17, .box_h = 16, .ofs_x = 1, .ofs_y = -1},
    {.bitmap_index = 18614, .adv_w = 288, .box_w = 16, .box_h = 16, .ofs_x = 1, .ofs_y = -1},
    {.bitmap_index = 18646, .adv_w = 288, .box_w = 17, .box_h = 16, .ofs_x = 1, .ofs_y = -1},
    {.bitmap_index = 18680, .adv_w = 288, .box_w = 16, .box_h = 16, .ofs_x = 1, .ofs_y = -1},
    {.bitmap_index = 18712, .adv_w = 288, .box_w = 17, .box_h = 16, .ofs_x = 1, .ofs_y = -1},
    {.bitmap_index = 18746, .adv_w = 288, .box_w = 17, .box_h = 16, .ofs_x = 0, .ofs_y = -1},
    {.bitmap_index = 18780, .adv_w = 288, .box_w = 16, .box_h = 16, .ofs_x = 1, .ofs_y = -1},
    {.bitmap_index = 18812, .adv_w = 288, .box_w = 17, .box_h = 16, .ofs_x = 1, .ofs_y = -1},
    {.bitmap_index = 18846, .adv_w = 288, .box_w = 16, .box_h = 16, .ofs_x = 1, .ofs_y = -1},
    {.bitmap_index = 18878, .adv_w = 288, .box_w = 16, .box_h = 16, .ofs_x = 1, .ofs_y = -1},
    {.bitmap_index = 18910, .adv_w = 288, .box_w = 17, .box_h = 16, .ofs_x = 0, .ofs_y = -1},
    {.bitmap_index = 18944, .adv_w = 288, .box_w = 16, .box_h = 16, .ofs_x = 1, .ofs_y = -1},
    {.bitmap_index = 18976, .adv_w = 288, .box_w = 16, .box_h = 16, .ofs_x = 1, .ofs_y = -1},
    {.bitmap_index = 19008, .adv_w = 288, .box_w = 16, .box_h = 16, .ofs_x = 1, .ofs_y = -1},
    {.bitmap_index = 19040, .adv_w = 288, .box_w = 16, .box_h = 15, .ofs_x = 1, .ofs_y = -1},
    {.bitmap_index = 19070, .adv_w = 288, .box_w = 16, .box_h = 16, .ofs_x = 1, .ofs_y = -1},
    {.bitmap_index = 19102, .adv_w = 288, .box_w = 16, .box_h = 15, .ofs_x = 1, .ofs_y = -1},
    {.bitmap_index = 19132, .adv_w = 288, .box_w = 16, .box_h = 16, .ofs_x = 1, .ofs_y = -1},
    {.bitmap_index = 19164, .adv_w = 288, .box_w = 16, .box_h = 16, .ofs_x = 1, .ofs_y = -1},
    {.bitmap_index = 19196, .adv_w = 288, .box_w = 16, .box_h = 16, .ofs_x = 1, .ofs_y = -1},
    {.bitmap_index = 19228, .adv_w = 288, .box_w = 16, .box_h = 16, .ofs_x = 1, .ofs_y = -1},
    {.bitmap_index = 19260, .adv_w = 288, .box_w = 16, .box_h = 16, .ofs_x = 1, .ofs_y = -1},
    {.bitmap_index = 19292, .adv_w = 288, .box_w = 15, .box_h = 16, .ofs_x = 1, .ofs_y = -1},
    {.bitmap_index = 19322, .adv_w = 288, .box_w = 17, .box_h = 16, .ofs_x = 1, .ofs_y = -1},
    {.bitmap_index = 19356, .adv_w = 288, .box_w = 17, .box_h = 16, .ofs_x = 1, .ofs_y = -1},
    {.bitmap_index = 19390, .adv_w = 288, .box_w = 17, .box_h = 16, .ofs_x = 1, .ofs_y = -1},
    {.bitmap_index = 19424, .adv_w = 288, .box_w = 16, .box_h = 16, .ofs_x = 1, .ofs_y = -1},
    {.bitmap_index = 19456, .adv_w = 288, .box_w = 16, .box_h = 16, .ofs_x = 1, .ofs_y = -1},
    {.bitmap_index = 19488, .adv_w = 288, .box_w = 16, .box_h = 16, .ofs_x = 1, .ofs_y = -1},
    {.bitmap_index = 19520, .adv_w = 288, .box_w = 15, .box_h = 16, .ofs_x = 1, .ofs_y = -1},
    {.bitmap_index = 19550, .adv_w = 288, .box_w = 16, .box_h = 17, .ofs_x = 1, .ofs_y = -2},
    {.bitmap_index = 19584, .adv_w = 288, .box_w = 16, .box_h = 16, .ofs_x = 1, .ofs_y = -1},
    {.bitmap_index = 19616, .adv_w = 288, .box_w = 17, .box_h = 16, .ofs_x = 1, .ofs_y = -1},
    {.bitmap_index = 19650, .adv_w = 288, .box_w = 16, .box_h = 16, .ofs_x = 1, .ofs_y = -1},
    {.bitmap_index = 19682, .adv_w = 288, .box_w = 16, .box_h = 16, .ofs_x = 1, .ofs_y = -1},
    {.bitmap_index = 19714, .adv_w = 288, .box_w = 17, .box_h = 16, .ofs_x = 1, .ofs_y = -1},
    {.bitmap_index = 19748, .adv_w = 288, .box_w = 16, .box_h = 16, .ofs_x = 1, .ofs_y = -1},
    {.bitmap_index = 19780, .adv_w = 288, .box_w = 17, .box_h = 16, .ofs_x = 1, .ofs_y = -1},
    {.bitmap_index = 19814, .adv_w = 288, .box_w = 17, .box_h = 16, .ofs_x = 1, .ofs_y = -1},
    {.bitmap_index = 19848, .adv_w = 288, .box_w = 17, .box_h = 16, .ofs_x = 0, .ofs_y = -1},
    {.bitmap_index = 19882, .adv_w = 288, .box_w = 17, .box_h = 16, .ofs_x = 0, .ofs_y = -1},
    {.bitmap_index = 19916, .adv_w = 288, .box_w = 17, .box_h = 17, .ofs_x = 1, .ofs_y = -2},
    {.bitmap_index = 19953, .adv_w = 288, .box_w = 17, .box_h = 16, .ofs_x = 1, .ofs_y = -1},
    {.bitmap_index = 19987, .adv_w = 288, .box_w = 16, .box_h = 16, .ofs_x = 1, .ofs_y = -1},
    {.bitmap_index = 20019, .adv_w = 288, .box_w = 17, .box_h = 16, .ofs_x = 1, .ofs_y = -1},
    {.bitmap_index = 20053, .adv_w = 288, .box_w = 16, .box_h = 14, .ofs_x = 1, .ofs_y = 0},
    {.bitmap_index = 20081, .adv_w = 288, .box_w = 17, .box_h = 16, .ofs_x = 0, .ofs_y = -1},
    {.bitmap_index = 20115, .adv_w = 288, .box_w = 16, .box_h = 17, .ofs_x = 1, .ofs_y = -2},
    {.bitmap_index = 20149, .adv_w = 288, .box_w = 16, .box_h = 15, .ofs_x = 1, .ofs_y = -1},
    {.bitmap_index = 20179, .adv_w = 288, .box_w = 17, .box_h = 16, .ofs_x = 1, .ofs_y = -1},
    {.bitmap_index = 20213, .adv_w = 288, .box_w = 17, .box_h = 16, .ofs_x = 0, .ofs_y = -1},
    {.bitmap_index = 20247, .adv_w = 288, .box_w = 16, .box_h = 16, .ofs_x = 1, .ofs_y = -1},
    {.bitmap_index = 20279, .adv_w = 288, .box_w = 16, .box_h = 16, .ofs_x = 1, .ofs_y = -1},
    {.bitmap_index = 20311, .adv_w = 288, .box_w = 15, .box_h = 16, .ofs_x = 2, .ofs_y = -1},
    {.bitmap_index = 20341, .adv_w = 288, .box_w = 16, .box_h = 16, .ofs_x = 1, .ofs_y = -1},
    {.bitmap_index = 20373, .adv_w = 288, .box_w = 16, .box_h = 17, .ofs_x = 1, .ofs_y = -1},
    {.bitmap_index = 20407, .adv_w = 288, .box_w = 16, .box_h = 17, .ofs_x = 1, .ofs_y = -1},
    {.bitmap_index = 20441, .adv_w = 288, .box_w = 17, .box_h = 16, .ofs_x = 1, .ofs_y = -1},
    {.bitmap_index = 20475, .adv_w = 288, .box_w = 17, .box_h = 16, .ofs_x = 1, .ofs_y = -1},
    {.bitmap_index = 20509, .adv_w = 288, .box_w = 16, .box_h = 16, .ofs_x = 1, .ofs_y = -1},
    {.bitmap_index = 20541, .adv_w = 288, .box_w = 16, .box_h = 16, .ofs_x = 1, .ofs_y = -1},
    {.bitmap_index = 20573, .adv_w = 288, .box_w = 17, .box_h = 16, .ofs_x = 0, .ofs_y = -1},
    {.bitmap_index = 20607, .adv_w = 288, .box_w = 16, .box_h = 17, .ofs_x = 1, .ofs_y = -2},
    {.bitmap_index = 20641, .adv_w = 288, .box_w = 16, .box_h = 15, .ofs_x = 1, .ofs_y = -1},
    {.bitmap_index = 20671, .adv_w = 288, .box_w = 17, .box_h = 16, .ofs_x = 0, .ofs_y = -1},
    {.bitmap_index = 20705, .adv_w = 288, .box_w = 16, .box_h = 16, .ofs_x = 1, .ofs_y = -1},
    {.bitmap_index = 20737, .adv_w = 288, .box_w = 16, .box_h = 16, .ofs_x = 1, .ofs_y = -1},
    {.bitmap_index = 20769, .adv_w = 288, .box_w = 16, .box_h = 17, .ofs_x = 1, .ofs_y = -2},
    {.bitmap_index = 20803, .adv_w = 288, .box_w = 16, .box_h = 16, .ofs_x = 1, .ofs_y = -1},
    {.bitmap_index = 20835, .adv_w = 288, .box_w = 16, .box_h = 16, .ofs_x = 0, .ofs_y = -1},
    {.bitmap_index = 20867, .adv_w = 288, .box_w = 17, .box_h = 17, .ofs_x = 0, .ofs_y = -1},
    {.bitmap_index = 20904, .adv_w = 288, .box_w = 15, .box_h = 16, .ofs_x = 1, .ofs_y = -1},
    {.bitmap_index = 20934, .adv_w = 288, .box_w = 16, .box_h = 16, .ofs_x = 1, .ofs_y = -1},
    {.bitmap_index = 20966, .adv_w = 288, .box_w = 16, .box_h = 16, .ofs_x = 1, .ofs_y = -1},
    {.bitmap_index = 20998, .adv_w = 288, .box_w = 17, .box_h = 16, .ofs_x = 0, .ofs_y = -1},
    {.bitmap_index = 21032, .adv_w = 288, .box_w = 16, .box_h = 16, .ofs_x = 1, .ofs_y = -1},
    {.bitmap_index = 21064, .adv_w = 288, .box_w = 16, .box_h = 16, .ofs_x = 1, .ofs_y = -1},
    {.bitmap_index = 21096, .adv_w = 288, .box_w = 17, .box_h = 15, .ofs_x = 1, .ofs_y = -1},
    {.bitmap_index = 21128, .adv_w = 288, .box_w = 17, .box_h = 16, .ofs_x = 0, .ofs_y = -1},
    {.bitmap_index = 21162, .adv_w = 288, .box_w = 16, .box_h = 16, .ofs_x = 1, .ofs_y = -1},
    {.bitmap_index = 21194, .adv_w = 288, .box_w = 16, .box_h = 16, .ofs_x = 1, .ofs_y = -1},
    {.bitmap_index = 21226, .adv_w = 288, .box_w = 16, .box_h = 16, .ofs_x = 1, .ofs_y = -1},
    {.bitmap_index = 21258, .adv_w = 288, .box_w = 16, .box_h = 16, .ofs_x = 1, .ofs_y = -1},
    {.bitmap_index = 21290, .adv_w = 288, .box_w = 17, .box_h = 16, .ofs_x = 1, .ofs_y = -1},
    {.bitmap_index = 21324, .adv_w = 288, .box_w = 16, .box_h = 16, .ofs_x = 1, .ofs_y = -1},
    {.bitmap_index = 21356, .adv_w = 288, .box_w = 16, .box_h = 16, .ofs_x = 1, .ofs_y = -1},
    {.bitmap_index = 21388, .adv_w = 288, .box_w = 17, .box_h = 16, .ofs_x = 0, .ofs_y = -1},
    {.bitmap_index = 21422, .adv_w = 288, .box_w = 17, .box_h = 16, .ofs_x = 0, .ofs_y = -1},
    {.bitmap_index = 21456, .adv_w = 288, .box_w = 17, .box_h = 16, .ofs_x = 1, .ofs_y = -1},
    {.bitmap_index = 21490, .adv_w = 288, .box_w = 17, .box_h = 17, .ofs_x = 0, .ofs_y = -2},
    {.bitmap_index = 21527, .adv_w = 288, .box_w = 17, .box_h = 16, .ofs_x = 0, .ofs_y = -1},
    {.bitmap_index = 21561, .adv_w = 288, .box_w = 16, .box_h = 17, .ofs_x = 1, .ofs_y = -2},
    {.bitmap_index = 21595, .adv_w = 288, .box_w = 16, .box_h = 17, .ofs_x = 1, .ofs_y = -1},
    {.bitmap_index = 21629, .adv_w = 288, .box_w = 16, .box_h = 17, .ofs_x = 1, .ofs_y = -1},
    {.bitmap_index = 21663, .adv_w = 288, .box_w = 17, .box_h = 15, .ofs_x = 0, .ofs_y = -1},
    {.bitmap_index = 21695, .adv_w = 288, .box_w = 15, .box_h = 16, .ofs_x = 1, .ofs_y = -1},
    {.bitmap_index = 21725, .adv_w = 288, .box_w = 16, .box_h = 16, .ofs_x = 2, .ofs_y = -1},
    {.bitmap_index = 21757, .adv_w = 288, .box_w = 15, .box_h = 16, .ofs_x = 1, .ofs_y = -1},
    {.bitmap_index = 21787, .adv_w = 288, .box_w = 16, .box_h = 17, .ofs_x = 1, .ofs_y = -2},
    {.bitmap_index = 21821, .adv_w = 288, .box_w = 16, .box_h = 17, .ofs_x = 1, .ofs_y = -1},
    {.bitmap_index = 21855, .adv_w = 288, .box_w = 17, .box_h = 17, .ofs_x = 0, .ofs_y = -2},
    {.bitmap_index = 21892, .adv_w = 288, .box_w = 16, .box_h = 16, .ofs_x = 1, .ofs_y = -1},
    {.bitmap_index = 21924, .adv_w = 288, .box_w = 16, .box_h = 17, .ofs_x = 1, .ofs_y = -2},
    {.bitmap_index = 21958, .adv_w = 288, .box_w = 17, .box_h = 18, .ofs_x = 1, .ofs_y = -2},
    {.bitmap_index = 21997, .adv_w = 288, .box_w = 16, .box_h = 16, .ofs_x = 0, .ofs_y = -1},
    {.bitmap_index = 22029, .adv_w = 288, .box_w = 16, .box_h = 17, .ofs_x = 1, .ofs_y = -2},
    {.bitmap_index = 22063, .adv_w = 288, .box_w = 16, .box_h = 16, .ofs_x = 1, .ofs_y = -2},
    {.bitmap_index = 22095, .adv_w = 288, .box_w = 16, .box_h = 16, .ofs_x = 1, .ofs_y = -1},
    {.bitmap_index = 22127, .adv_w = 288, .box_w = 17, .box_h = 16, .ofs_x = 0, .ofs_y = -1},
    {.bitmap_index = 22161, .adv_w = 288, .box_w = 16, .box_h = 16, .ofs_x = 1, .ofs_y = -1},
    {.bitmap_index = 22193, .adv_w = 288, .box_w = 16, .box_h = 16, .ofs_x = 0, .ofs_y = -1},
    {.bitmap_index = 22225, .adv_w = 288, .box_w = 17, .box_h = 16, .ofs_x = 1, .ofs_y = -1},
    {.bitmap_index = 22259, .adv_w = 288, .box_w = 16, .box_h = 16, .ofs_x = 1, .ofs_y = -1},
    {.bitmap_index = 22291, .adv_w = 288, .box_w = 16, .box_h = 15, .ofs_x = 1, .ofs_y = -1},
    {.bitmap_index = 22321, .adv_w = 288, .box_w = 16, .box_h = 16, .ofs_x = 1, .ofs_y = -1},
    {.bitmap_index = 22353, .adv_w = 288, .box_w = 16, .box_h = 16, .ofs_x = 1, .ofs_y = -1},
    {.bitmap_index = 22385, .adv_w = 288, .box_w = 17, .box_h = 16, .ofs_x = 1, .ofs_y = -1},
    {.bitmap_index = 22419, .adv_w = 288, .box_w = 17, .box_h = 16, .ofs_x = 1, .ofs_y = -1},
    {.bitmap_index = 22453, .adv_w = 288, .box_w = 17, .box_h = 16, .ofs_x = 1, .ofs_y = -1},
    {.bitmap_index = 22487, .adv_w = 288, .box_w = 16, .box_h = 16, .ofs_x = 1, .ofs_y = -1},
    {.bitmap_index = 22519, .adv_w = 288, .box_w = 16, .box_h = 14, .ofs_x = 1, .ofs_y = 0},
    {.bitmap_index = 22547, .adv_w = 288, .box_w = 17, .box_h = 15, .ofs_x = 1, .ofs_y = -1},
    {.bitmap_index = 22579, .adv_w = 288, .box_w = 16, .box_h = 15, .ofs_x = 1, .ofs_y = -1},
    {.bitmap_index = 22609, .adv_w = 288, .box_w = 16, .box_h = 16, .ofs_x = 1, .ofs_y = -2},
    {.bitmap_index = 22641, .adv_w = 288, .box_w = 17, .box_h = 16, .ofs_x = 1, .ofs_y = -1},
    {.bitmap_index = 22675, .adv_w = 288, .box_w = 17, .box_h = 16, .ofs_x = 1, .ofs_y = -1},
    {.bitmap_index = 22709, .adv_w = 288, .box_w = 17, .box_h = 16, .ofs_x = 1, .ofs_y = -1},
    {.bitmap_index = 22743, .adv_w = 288, .box_w = 17, .box_h = 15, .ofs_x = 1, .ofs_y = -1},
    {.bitmap_index = 22775, .adv_w = 288, .box_w = 16, .box_h = 16, .ofs_x = 1, .ofs_y = -1},
    {.bitmap_index = 22807, .adv_w = 288, .box_w = 16, .box_h = 16, .ofs_x = 1, .ofs_y = -1},
    {.bitmap_index = 22839, .adv_w = 288, .box_w = 15, .box_h = 15, .ofs_x = 1, .ofs_y = -1},
    {.bitmap_index = 22868, .adv_w = 288, .box_w = 14, .box_h = 16, .ofs_x = 2, .ofs_y = -1},
    {.bitmap_index = 22896, .adv_w = 288, .box_w = 15, .box_h = 16, .ofs_x = 2, .ofs_y = -1},
    {.bitmap_index = 22926, .adv_w = 288, .box_w = 14, .box_h = 15, .ofs_x = 2, .ofs_y = -1},
    {.bitmap_index = 22953, .adv_w = 288, .box_w = 17, .box_h = 16, .ofs_x = 1, .ofs_y = -1},
    {.bitmap_index = 22987, .adv_w = 288, .box_w = 15, .box_h = 16, .ofs_x = 1, .ofs_y = -1},
    {.bitmap_index = 23017, .adv_w = 288, .box_w = 16, .box_h = 16, .ofs_x = 1, .ofs_y = -1},
    {.bitmap_index = 23049, .adv_w = 288, .box_w = 16, .box_h = 16, .ofs_x = 1, .ofs_y = -1},
    {.bitmap_index = 23081, .adv_w = 288, .box_w = 17, .box_h = 16, .ofs_x = 1, .ofs_y = -1},
    {.bitmap_index = 23115, .adv_w = 288, .box_w = 17, .box_h = 17, .ofs_x = 1, .ofs_y = -2},
    {.bitmap_index = 23152, .adv_w = 288, .box_w = 17, .box_h = 16, .ofs_x = 0, .ofs_y = -1},
    {.bitmap_index = 23186, .adv_w = 288, .box_w = 17, .box_h = 18, .ofs_x = 1, .ofs_y = -2},
    {.bitmap_index = 23225, .adv_w = 288, .box_w = 13, .box_h = 16, .ofs_x = 3, .ofs_y = -1},
    {.bitmap_index = 23251, .adv_w = 288, .box_w = 15, .box_h = 16, .ofs_x = 2, .ofs_y = -1},
    {.bitmap_index = 23281, .adv_w = 288, .box_w = 15, .box_h = 16, .ofs_x = 2, .ofs_y = -1},
    {.bitmap_index = 23311, .adv_w = 288, .box_w = 16, .box_h = 16, .ofs_x = 1, .ofs_y = -1},
    {.bitmap_index = 23343, .adv_w = 288, .box_w = 16, .box_h = 16, .ofs_x = 1, .ofs_y = -1},
    {.bitmap_index = 23375, .adv_w = 288, .box_w = 12, .box_h = 15, .ofs_x = 3, .ofs_y = -1},
    {.bitmap_index = 23398, .adv_w = 288, .box_w = 16, .box_h = 16, .ofs_x = 1, .ofs_y = -1},
    {.bitmap_index = 23430, .adv_w = 288, .box_w = 16, .box_h = 16, .ofs_x = 1, .ofs_y = -1},
    {.bitmap_index = 23462, .adv_w = 288, .box_w = 15, .box_h = 15, .ofs_x = 1, .ofs_y = -1},
    {.bitmap_index = 23491, .adv_w = 288, .box_w = 16, .box_h = 16, .ofs_x = 1, .ofs_y = -1},
    {.bitmap_index = 23523, .adv_w = 288, .box_w = 16, .box_h = 16, .ofs_x = 1, .ofs_y = -1},
    {.bitmap_index = 23555, .adv_w = 288, .box_w = 16, .box_h = 15, .ofs_x = 1, .ofs_y = -1},
    {.bitmap_index = 23585, .adv_w = 288, .box_w = 16, .box_h = 16, .ofs_x = 1, .ofs_y = -1},
    {.bitmap_index = 23617, .adv_w = 288, .box_w = 16, .box_h = 15, .ofs_x = 1, .ofs_y = -1},
    {.bitmap_index = 23647, .adv_w = 288, .box_w = 17, .box_h = 17, .ofs_x = 0, .ofs_y = -1},
    {.bitmap_index = 23684, .adv_w = 288, .box_w = 16, .box_h = 16, .ofs_x = 1, .ofs_y = -1},
    {.bitmap_index = 23716, .adv_w = 288, .box_w = 16, .box_h = 16, .ofs_x = 1, .ofs_y = -1},
    {.bitmap_index = 23748, .adv_w = 288, .box_w = 15, .box_h = 16, .ofs_x = 1, .ofs_y = -1},
    {.bitmap_index = 23778, .adv_w = 288, .box_w = 17, .box_h = 16, .ofs_x = 1, .ofs_y = -1},
    {.bitmap_index = 23812, .adv_w = 288, .box_w = 17, .box_h = 15, .ofs_x = 0, .ofs_y = -1},
    {.bitmap_index = 23844, .adv_w = 288, .box_w = 16, .box_h = 15, .ofs_x = 1, .ofs_y = -1},
    {.bitmap_index = 23874, .adv_w = 288, .box_w = 15, .box_h = 16, .ofs_x = 1, .ofs_y = -1},
    {.bitmap_index = 23904, .adv_w = 288, .box_w = 17, .box_h = 16, .ofs_x = 1, .ofs_y = -2},
    {.bitmap_index = 23938, .adv_w = 288, .box_w = 16, .box_h = 17, .ofs_x = 1, .ofs_y = -1},
    {.bitmap_index = 23972, .adv_w = 288, .box_w = 16, .box_h = 16, .ofs_x = 1, .ofs_y = -1},
    {.bitmap_index = 24004, .adv_w = 288, .box_w = 17, .box_h = 17, .ofs_x = 1, .ofs_y = -1},
    {.bitmap_index = 24041, .adv_w = 288, .box_w = 16, .box_h = 15, .ofs_x = 1, .ofs_y = -1},
    {.bitmap_index = 24071, .adv_w = 288, .box_w = 18, .box_h = 16, .ofs_x = 0, .ofs_y = -1},
    {.bitmap_index = 24107, .adv_w = 288, .box_w = 16, .box_h = 16, .ofs_x = 1, .ofs_y = -1},
    {.bitmap_index = 24139, .adv_w = 288, .box_w = 17, .box_h = 16, .ofs_x = 0, .ofs_y = -1},
    {.bitmap_index = 24173, .adv_w = 288, .box_w = 16, .box_h = 16, .ofs_x = 1, .ofs_y = -1},
    {.bitmap_index = 24205, .adv_w = 288, .box_w = 17, .box_h = 16, .ofs_x = 1, .ofs_y = -1},
    {.bitmap_index = 24239, .adv_w = 288, .box_w = 16, .box_h = 16, .ofs_x = 1, .ofs_y = -1},
    {.bitmap_index = 24271, .adv_w = 288, .box_w = 16, .box_h = 16, .ofs_x = 1, .ofs_y = -1},
    {.bitmap_index = 24303, .adv_w = 288, .box_w = 17, .box_h = 16, .ofs_x = 1, .ofs_y = -1},
    {.bitmap_index = 24337, .adv_w = 288, .box_w = 17, .box_h = 16, .ofs_x = 1, .ofs_y = -1},
    {.bitmap_index = 24371, .adv_w = 288, .box_w = 16, .box_h = 16, .ofs_x = 1, .ofs_y = -1},
    {.bitmap_index = 24403, .adv_w = 288, .box_w = 15, .box_h = 16, .ofs_x = 2, .ofs_y = -1},
    {.bitmap_index = 24433, .adv_w = 288, .box_w = 16, .box_h = 16, .ofs_x = 1, .ofs_y = -1},
    {.bitmap_index = 24465, .adv_w = 288, .box_w = 15, .box_h = 17, .ofs_x = 2, .ofs_y = -1},
    {.bitmap_index = 24497, .adv_w = 288, .box_w = 16, .box_h = 17, .ofs_x = 1, .ofs_y = -1},
    {.bitmap_index = 24531, .adv_w = 288, .box_w = 16, .box_h = 16, .ofs_x = 1, .ofs_y = -1},
    {.bitmap_index = 24563, .adv_w = 288, .box_w = 16, .box_h = 16, .ofs_x = 1, .ofs_y = -1},
    {.bitmap_index = 24595, .adv_w = 288, .box_w = 17, .box_h = 16, .ofs_x = 1, .ofs_y = -1},
    {.bitmap_index = 24629, .adv_w = 288, .box_w = 16, .box_h = 17, .ofs_x = 1, .ofs_y = -2},
    {.bitmap_index = 24663, .adv_w = 288, .box_w = 16, .box_h = 16, .ofs_x = 1, .ofs_y = -1},
    {.bitmap_index = 24695, .adv_w = 288, .box_w = 16, .box_h = 16, .ofs_x = 1, .ofs_y = -1},
    {.bitmap_index = 24727, .adv_w = 288, .box_w = 16, .box_h = 17, .ofs_x = 0, .ofs_y = -1},
    {.bitmap_index = 24761, .adv_w = 288, .box_w = 16, .box_h = 17, .ofs_x = 1, .ofs_y = -1},
    {.bitmap_index = 24795, .adv_w = 288, .box_w = 16, .box_h = 16, .ofs_x = 1, .ofs_y = -1},
    {.bitmap_index = 24827, .adv_w = 288, .box_w = 16, .box_h = 16, .ofs_x = 1, .ofs_y = -1},
    {.bitmap_index = 24859, .adv_w = 288, .box_w = 16, .box_h = 16, .ofs_x = 1, .ofs_y = -1},
    {.bitmap_index = 24891, .adv_w = 288, .box_w = 15, .box_h = 17, .ofs_x = 1, .ofs_y = -1},
    {.bitmap_index = 24923, .adv_w = 288, .box_w = 16, .box_h = 17, .ofs_x = 1, .ofs_y = -1},
    {.bitmap_index = 24957, .adv_w = 288, .box_w = 16, .box_h = 16, .ofs_x = 1, .ofs_y = -1},
    {.bitmap_index = 24989, .adv_w = 288, .box_w = 16, .box_h = 17, .ofs_x = 2, .ofs_y = -2},
    {.bitmap_index = 25023, .adv_w = 288, .box_w = 17, .box_h = 16, .ofs_x = 1, .ofs_y = -1},
    {.bitmap_index = 25057, .adv_w = 288, .box_w = 16, .box_h = 16, .ofs_x = 1, .ofs_y = -1},
    {.bitmap_index = 25089, .adv_w = 288, .box_w = 17, .box_h = 16, .ofs_x = 1, .ofs_y = -1},
    {.bitmap_index = 25123, .adv_w = 288, .box_w = 16, .box_h = 16, .ofs_x = 1, .ofs_y = -1},
    {.bitmap_index = 25155, .adv_w = 288, .box_w = 17, .box_h = 16, .ofs_x = 1, .ofs_y = -1},
    {.bitmap_index = 25189, .adv_w = 288, .box_w = 15, .box_h = 16, .ofs_x = 2, .ofs_y = -1},
    {.bitmap_index = 25219, .adv_w = 288, .box_w = 16, .box_h = 16, .ofs_x = 1, .ofs_y = -1},
    {.bitmap_index = 25251, .adv_w = 288, .box_w = 15, .box_h = 16, .ofs_x = 1, .ofs_y = -1},
    {.bitmap_index = 25281, .adv_w = 288, .box_w = 16, .box_h = 16, .ofs_x = 1, .ofs_y = -1},
    {.bitmap_index = 25313, .adv_w = 288, .box_w = 16, .box_h = 16, .ofs_x = 1, .ofs_y = -1},
    {.bitmap_index = 25345, .adv_w = 288, .box_w = 16, .box_h = 15, .ofs_x = 1, .ofs_y = -1},
    {.bitmap_index = 25375, .adv_w = 288, .box_w = 17, .box_h = 15, .ofs_x = 0, .ofs_y = 0},
    {.bitmap_index = 25407, .adv_w = 288, .box_w = 16, .box_h = 16, .ofs_x = 0, .ofs_y = -1},
    {.bitmap_index = 25439, .adv_w = 288, .box_w = 17, .box_h = 16, .ofs_x = 0, .ofs_y = -1},
    {.bitmap_index = 25473, .adv_w = 288, .box_w = 17, .box_h = 16, .ofs_x = 0, .ofs_y = -1},
    {.bitmap_index = 25507, .adv_w = 288, .box_w = 16, .box_h = 17, .ofs_x = 1, .ofs_y = -2},
    {.bitmap_index = 25541, .adv_w = 288, .box_w = 16, .box_h = 16, .ofs_x = 1, .ofs_y = -1},
    {.bitmap_index = 25573, .adv_w = 288, .box_w = 16, .box_h = 16, .ofs_x = 1, .ofs_y = -1},
    {.bitmap_index = 25605, .adv_w = 288, .box_w = 16, .box_h = 16, .ofs_x = 1, .ofs_y = -1},
    {.bitmap_index = 25637, .adv_w = 288, .box_w = 17, .box_h = 17, .ofs_x = 1, .ofs_y = -2},
    {.bitmap_index = 25674, .adv_w = 288, .box_w = 17, .box_h = 16, .ofs_x = 0, .ofs_y = -1},
    {.bitmap_index = 25708, .adv_w = 288, .box_w = 17, .box_h = 16, .ofs_x = 0, .ofs_y = -1},
    {.bitmap_index = 25742, .adv_w = 288, .box_w = 16, .box_h = 16, .ofs_x = 1, .ofs_y = -1},
    {.bitmap_index = 25774, .adv_w = 288, .box_w = 16, .box_h = 16, .ofs_x = 1, .ofs_y = -1},
    {.bitmap_index = 25806, .adv_w = 288, .box_w = 16, .box_h = 16, .ofs_x = 1, .ofs_y = -1},
    {.bitmap_index = 25838, .adv_w = 288, .box_w = 16, .box_h = 16, .ofs_x = 1, .ofs_y = -1},
    {.bitmap_index = 25870, .adv_w = 288, .box_w = 17, .box_h = 16, .ofs_x = 0, .ofs_y = -1},
    {.bitmap_index = 25904, .adv_w = 288, .box_w = 17, .box_h = 15, .ofs_x = 1, .ofs_y = 0},
    {.bitmap_index = 25936, .adv_w = 288, .box_w = 16, .box_h = 16, .ofs_x = 1, .ofs_y = -1},
    {.bitmap_index = 25968, .adv_w = 288, .box_w = 16, .box_h = 17, .ofs_x = 1, .ofs_y = -2},
    {.bitmap_index = 26002, .adv_w = 288, .box_w = 16, .box_h = 16, .ofs_x = 1, .ofs_y = -1},
    {.bitmap_index = 26034, .adv_w = 288, .box_w = 17, .box_h = 16, .ofs_x = 0, .ofs_y = -1},
    {.bitmap_index = 26068, .adv_w = 288, .box_w = 17, .box_h = 16, .ofs_x = 0, .ofs_y = -1},
    {.bitmap_index = 26102, .adv_w = 288, .box_w = 16, .box_h = 17, .ofs_x = 1, .ofs_y = -2},
    {.bitmap_index = 26136, .adv_w = 288, .box_w = 17, .box_h = 17, .ofs_x = 0, .ofs_y = -2},
    {.bitmap_index = 26173, .adv_w = 288, .box_w = 16, .box_h = 16, .ofs_x = 0, .ofs_y = -1},
    {.bitmap_index = 26205, .adv_w = 288, .box_w = 17, .box_h = 16, .ofs_x = 0, .ofs_y = -1},
    {.bitmap_index = 26239, .adv_w = 288, .box_w = 16, .box_h = 16, .ofs_x = 1, .ofs_y = -1},
    {.bitmap_index = 26271, .adv_w = 288, .box_w = 15, .box_h = 15, .ofs_x = 2, .ofs_y = -1},
    {.bitmap_index = 26300, .adv_w = 288, .box_w = 15, .box_h = 15, .ofs_x = 1, .ofs_y = -1},
    {.bitmap_index = 26329, .adv_w = 288, .box_w = 16, .box_h = 15, .ofs_x = 1, .ofs_y = -1},
    {.bitmap_index = 26359, .adv_w = 288, .box_w = 16, .box_h = 16, .ofs_x = 1, .ofs_y = -1},
    {.bitmap_index = 26391, .adv_w = 288, .box_w = 17, .box_h = 17, .ofs_x = 1, .ofs_y = -1},
    {.bitmap_index = 26428, .adv_w = 288, .box_w = 16, .box_h = 16, .ofs_x = 1, .ofs_y = -1},
    {.bitmap_index = 26460, .adv_w = 288, .box_w = 16, .box_h = 17, .ofs_x = 1, .ofs_y = -2},
    {.bitmap_index = 26494, .adv_w = 288, .box_w = 16, .box_h = 16, .ofs_x = 1, .ofs_y = -1},
    {.bitmap_index = 26526, .adv_w = 288, .box_w = 16, .box_h = 16, .ofs_x = 1, .ofs_y = -1},
    {.bitmap_index = 26558, .adv_w = 288, .box_w = 16, .box_h = 15, .ofs_x = 1, .ofs_y = -1},
    {.bitmap_index = 26588, .adv_w = 288, .box_w = 16, .box_h = 15, .ofs_x = 1, .ofs_y = -1},
    {.bitmap_index = 26618, .adv_w = 288, .box_w = 16, .box_h = 16, .ofs_x = 1, .ofs_y = -1},
    {.bitmap_index = 26650, .adv_w = 288, .box_w = 16, .box_h = 15, .ofs_x = 1, .ofs_y = -1},
    {.bitmap_index = 26680, .adv_w = 288, .box_w = 16, .box_h = 15, .ofs_x = 1, .ofs_y = -1},
    {.bitmap_index = 26710, .adv_w = 288, .box_w = 16, .box_h = 16, .ofs_x = 1, .ofs_y = -1},
    {.bitmap_index = 26742, .adv_w = 288, .box_w = 16, .box_h = 16, .ofs_x = 1, .ofs_y = -1},
    {.bitmap_index = 26774, .adv_w = 288, .box_w = 17, .box_h = 16, .ofs_x = 1, .ofs_y = -1},
    {.bitmap_index = 26808, .adv_w = 288, .box_w = 16, .box_h = 15, .ofs_x = 1, .ofs_y = -1},
    {.bitmap_index = 26838, .adv_w = 288, .box_w = 17, .box_h = 16, .ofs_x = 1, .ofs_y = -1},
    {.bitmap_index = 26872, .adv_w = 288, .box_w = 16, .box_h = 16, .ofs_x = 1, .ofs_y = -1},
    {.bitmap_index = 26904, .adv_w = 288, .box_w = 17, .box_h = 16, .ofs_x = 1, .ofs_y = -1},
    {.bitmap_index = 26938, .adv_w = 288, .box_w = 17, .box_h = 16, .ofs_x = 1, .ofs_y = -1},
    {.bitmap_index = 26972, .adv_w = 288, .box_w = 16, .box_h = 16, .ofs_x = 1, .ofs_y = -1},
    {.bitmap_index = 27004, .adv_w = 288, .box_w = 16, .box_h = 17, .ofs_x = 1, .ofs_y = -1},
    {.bitmap_index = 27038, .adv_w = 288, .box_w = 16, .box_h = 16, .ofs_x = 0, .ofs_y = -1},
    {.bitmap_index = 27070, .adv_w = 288, .box_w = 17, .box_h = 16, .ofs_x = 1, .ofs_y = -1},
    {.bitmap_index = 27104, .adv_w = 288, .box_w = 17, .box_h = 16, .ofs_x = 1, .ofs_y = -1},
    {.bitmap_index = 27138, .adv_w = 288, .box_w = 16, .box_h = 16, .ofs_x = 1, .ofs_y = -1},
    {.bitmap_index = 27170, .adv_w = 288, .box_w = 12, .box_h = 17, .ofs_x = 3, .ofs_y = -1},
    {.bitmap_index = 27196, .adv_w = 288, .box_w = 16, .box_h = 15, .ofs_x = 1, .ofs_y = -1},
    {.bitmap_index = 27226, .adv_w = 288, .box_w = 16, .box_h = 16, .ofs_x = 1, .ofs_y = -1},
    {.bitmap_index = 27258, .adv_w = 288, .box_w = 16, .box_h = 16, .ofs_x = 1, .ofs_y = -1},
    {.bitmap_index = 27290, .adv_w = 288, .box_w = 17, .box_h = 16, .ofs_x = 0, .ofs_y = -1},
    {.bitmap_index = 27324, .adv_w = 288, .box_w = 17, .box_h = 16, .ofs_x = 0, .ofs_y = -1},
    {.bitmap_index = 27358, .adv_w = 288, .box_w = 14, .box_h = 16, .ofs_x = 2, .ofs_y = -1},
    {.bitmap_index = 27386, .adv_w = 288, .box_w = 16, .box_h = 16, .ofs_x = 1, .ofs_y = -1},
    {.bitmap_index = 27418, .adv_w = 288, .box_w = 16, .box_h = 16, .ofs_x = 1, .ofs_y = -1},
    {.bitmap_index = 27450, .adv_w = 288, .box_w = 16, .box_h = 16, .ofs_x = 1, .ofs_y = -1},
    {.bitmap_index = 27482, .adv_w = 288, .box_w = 16, .box_h = 16, .ofs_x = 1, .ofs_y = -1},
    {.bitmap_index = 27514, .adv_w = 288, .box_w = 16, .box_h = 16, .ofs_x = 1, .ofs_y = -1},
    {.bitmap_index = 27546, .adv_w = 288, .box_w = 16, .box_h = 16, .ofs_x = 1, .ofs_y = -1},
    {.bitmap_index = 27578, .adv_w = 288, .box_w = 16, .box_h = 16, .ofs_x = 1, .ofs_y = -1},
    {.bitmap_index = 27610, .adv_w = 288, .box_w = 16, .box_h = 16, .ofs_x = 1, .ofs_y = -1},
    {.bitmap_index = 27642, .adv_w = 288, .box_w = 16, .box_h = 17, .ofs_x = 1, .ofs_y = -1},
    {.bitmap_index = 27676, .adv_w = 288, .box_w = 17, .box_h = 17, .ofs_x = 0, .ofs_y = -1},
    {.bitmap_index = 27713, .adv_w = 288, .box_w = 16, .box_h = 16, .ofs_x = 1, .ofs_y = -1},
    {.bitmap_index = 27745, .adv_w = 288, .box_w = 16, .box_h = 16, .ofs_x = 1, .ofs_y = -1},
    {.bitmap_index = 27777, .adv_w = 288, .box_w = 16, .box_h = 16, .ofs_x = 1, .ofs_y = -1},
    {.bitmap_index = 27809, .adv_w = 288, .box_w = 16, .box_h = 16, .ofs_x = 1, .ofs_y = -1},
    {.bitmap_index = 27841, .adv_w = 288, .box_w = 16, .box_h = 16, .ofs_x = 1, .ofs_y = -1},
    {.bitmap_index = 27873, .adv_w = 288, .box_w = 17, .box_h = 16, .ofs_x = 1, .ofs_y = -1},
    {.bitmap_index = 27907, .adv_w = 288, .box_w = 17, .box_h = 16, .ofs_x = 0, .ofs_y = -1},
    {.bitmap_index = 27941, .adv_w = 288, .box_w = 16, .box_h = 16, .ofs_x = 1, .ofs_y = -1},
    {.bitmap_index = 27973, .adv_w = 288, .box_w = 16, .box_h = 16, .ofs_x = 1, .ofs_y = -1},
    {.bitmap_index = 28005, .adv_w = 288, .box_w = 16, .box_h = 16, .ofs_x = 1, .ofs_y = -1},
    {.bitmap_index = 28037, .adv_w = 288, .box_w = 17, .box_h = 16, .ofs_x = 0, .ofs_y = -1},
    {.bitmap_index = 28071, .adv_w = 288, .box_w = 16, .box_h = 16, .ofs_x = 1, .ofs_y = -1},
    {.bitmap_index = 28103, .adv_w = 288, .box_w = 16, .box_h = 16, .ofs_x = 1, .ofs_y = -1},
    {.bitmap_index = 28135, .adv_w = 288, .box_w = 16, .box_h = 16, .ofs_x = 1, .ofs_y = -2},
    {.bitmap_index = 28167, .adv_w = 288, .box_w = 16, .box_h = 15, .ofs_x = 1, .ofs_y = -1},
    {.bitmap_index = 28197, .adv_w = 288, .box_w = 17, .box_h = 16, .ofs_x = 0, .ofs_y = -1},
    {.bitmap_index = 28231, .adv_w = 288, .box_w = 16, .box_h = 16, .ofs_x = 0, .ofs_y = -1},
    {.bitmap_index = 28263, .adv_w = 288, .box_w = 17, .box_h = 16, .ofs_x = 0, .ofs_y = -1},
    {.bitmap_index = 28297, .adv_w = 288, .box_w = 16, .box_h = 16, .ofs_x = 1, .ofs_y = -1},
    {.bitmap_index = 28329, .adv_w = 288, .box_w = 16, .box_h = 16, .ofs_x = 1, .ofs_y = -1},
    {.bitmap_index = 28361, .adv_w = 288, .box_w = 18, .box_h = 16, .ofs_x = 0, .ofs_y = -1},
    {.bitmap_index = 28397, .adv_w = 288, .box_w = 18, .box_h = 17, .ofs_x = 0, .ofs_y = -2},
    {.bitmap_index = 28436, .adv_w = 288, .box_w = 17, .box_h = 16, .ofs_x = 0, .ofs_y = -1},
    {.bitmap_index = 28470, .adv_w = 288, .box_w = 16, .box_h = 16, .ofs_x = 1, .ofs_y = -1},
    {.bitmap_index = 28502, .adv_w = 288, .box_w = 16, .box_h = 17, .ofs_x = 1, .ofs_y = -1},
    {.bitmap_index = 28536, .adv_w = 288, .box_w = 16, .box_h = 15, .ofs_x = 1, .ofs_y = -1},
    {.bitmap_index = 28566, .adv_w = 288, .box_w = 16, .box_h = 16, .ofs_x = 1, .ofs_y = -2},
    {.bitmap_index = 28598, .adv_w = 288, .box_w = 17, .box_h = 16, .ofs_x = 0, .ofs_y = -1},
    {.bitmap_index = 28632, .adv_w = 288, .box_w = 15, .box_h = 15, .ofs_x = 1, .ofs_y = -1},
    {.bitmap_index = 28661, .adv_w = 288, .box_w = 17, .box_h = 16, .ofs_x = 0, .ofs_y = -1},
    {.bitmap_index = 28695, .adv_w = 288, .box_w = 16, .box_h = 16, .ofs_x = 1, .ofs_y = -1},
    {.bitmap_index = 28727, .adv_w = 288, .box_w = 16, .box_h = 16, .ofs_x = 2, .ofs_y = -1},
    {.bitmap_index = 28759, .adv_w = 288, .box_w = 15, .box_h = 16, .ofs_x = 2, .ofs_y = -1},
    {.bitmap_index = 28789, .adv_w = 288, .box_w = 14, .box_h = 16, .ofs_x = 2, .ofs_y = -1},
    {.bitmap_index = 28817, .adv_w = 288, .box_w = 16, .box_h = 17, .ofs_x = 1, .ofs_y = -1},
    {.bitmap_index = 28851, .adv_w = 288, .box_w = 16, .box_h = 16, .ofs_x = 1, .ofs_y = -1},
    {.bitmap_index = 28883, .adv_w = 288, .box_w = 16, .box_h = 16, .ofs_x = 1, .ofs_y = -1},
    {.bitmap_index = 28915, .adv_w = 288, .box_w = 17, .box_h = 16, .ofs_x = 1, .ofs_y = -1},
    {.bitmap_index = 28949, .adv_w = 288, .box_w = 16, .box_h = 17, .ofs_x = 1, .ofs_y = -2},
    {.bitmap_index = 28983, .adv_w = 288, .box_w = 16, .box_h = 16, .ofs_x = 1, .ofs_y = -1},
    {.bitmap_index = 29015, .adv_w = 288, .box_w = 16, .box_h = 16, .ofs_x = 1, .ofs_y = -1},
    {.bitmap_index = 29047, .adv_w = 288, .box_w = 16, .box_h = 16, .ofs_x = 1, .ofs_y = -1},
    {.bitmap_index = 29079, .adv_w = 288, .box_w = 16, .box_h = 16, .ofs_x = 1, .ofs_y = -1},
    {.bitmap_index = 29111, .adv_w = 288, .box_w = 17, .box_h = 16, .ofs_x = 1, .ofs_y = -1},
    {.bitmap_index = 29145, .adv_w = 288, .box_w = 17, .box_h = 15, .ofs_x = 1, .ofs_y = -1},
    {.bitmap_index = 29177, .adv_w = 288, .box_w = 16, .box_h = 16, .ofs_x = 1, .ofs_y = -1},
    {.bitmap_index = 29209, .adv_w = 288, .box_w = 17, .box_h = 16, .ofs_x = 1, .ofs_y = -1},
    {.bitmap_index = 29243, .adv_w = 288, .box_w = 16, .box_h = 15, .ofs_x = 1, .ofs_y = -1},
    {.bitmap_index = 29273, .adv_w = 288, .box_w = 17, .box_h = 16, .ofs_x = 1, .ofs_y = -1},
    {.bitmap_index = 29307, .adv_w = 288, .box_w = 17, .box_h = 16, .ofs_x = 1, .ofs_y = -1},
    {.bitmap_index = 29341, .adv_w = 288, .box_w = 17, .box_h = 15, .ofs_x = 0, .ofs_y = -1},
    {.bitmap_index = 29373, .adv_w = 288, .box_w = 16, .box_h = 18, .ofs_x = 1, .ofs_y = -2},
    {.bitmap_index = 29409, .adv_w = 288, .box_w = 16, .box_h = 17, .ofs_x = 1, .ofs_y = -1},
    {.bitmap_index = 29443, .adv_w = 288, .box_w = 17, .box_h = 15, .ofs_x = 0, .ofs_y = -1},
    {.bitmap_index = 29475, .adv_w = 288, .box_w = 17, .box_h = 16, .ofs_x = 1, .ofs_y = -1},
    {.bitmap_index = 29509, .adv_w = 288, .box_w = 17, .box_h = 17, .ofs_x = 1, .ofs_y = -1},
    {.bitmap_index = 29546, .adv_w = 288, .box_w = 17, .box_h = 17, .ofs_x = 1, .ofs_y = -2},
    {.bitmap_index = 29583, .adv_w = 288, .box_w = 16, .box_h = 15, .ofs_x = 1, .ofs_y = -1},
    {.bitmap_index = 29613, .adv_w = 288, .box_w = 17, .box_h = 16, .ofs_x = 0, .ofs_y = -1},
    {.bitmap_index = 29647, .adv_w = 288, .box_w = 16, .box_h = 17, .ofs_x = 1, .ofs_y = -2},
    {.bitmap_index = 29681, .adv_w = 288, .box_w = 16, .box_h = 16, .ofs_x = 1, .ofs_y = -1},
    {.bitmap_index = 29713, .adv_w = 288, .box_w = 16, .box_h = 15, .ofs_x = 1, .ofs_y = -1},
    {.bitmap_index = 29743, .adv_w = 288, .box_w = 16, .box_h = 16, .ofs_x = 1, .ofs_y = -1},
    {.bitmap_index = 29775, .adv_w = 288, .box_w = 15, .box_h = 15, .ofs_x = 1, .ofs_y = -1},
    {.bitmap_index = 29804, .adv_w = 288, .box_w = 16, .box_h = 16, .ofs_x = 1, .ofs_y = -1},
    {.bitmap_index = 29836, .adv_w = 288, .box_w = 16, .box_h = 17, .ofs_x = 1, .ofs_y = -2},
    {.bitmap_index = 29870, .adv_w = 288, .box_w = 16, .box_h = 17, .ofs_x = 1, .ofs_y = -2},
    {.bitmap_index = 29904, .adv_w = 288, .box_w = 16, .box_h = 17, .ofs_x = 1, .ofs_y = -2},
    {.bitmap_index = 29938, .adv_w = 288, .box_w = 17, .box_h = 16, .ofs_x = 0, .ofs_y = -1},
    {.bitmap_index = 29972, .adv_w = 288, .box_w = 16, .box_h = 16, .ofs_x = 1, .ofs_y = -1},
    {.bitmap_index = 30004, .adv_w = 288, .box_w = 16, .box_h = 16, .ofs_x = 1, .ofs_y = -1},
    {.bitmap_index = 30036, .adv_w = 288, .box_w = 17, .box_h = 16, .ofs_x = 0, .ofs_y = -1},
    {.bitmap_index = 30070, .adv_w = 288, .box_w = 16, .box_h = 17, .ofs_x = 1, .ofs_y = -2},
    {.bitmap_index = 30104, .adv_w = 288, .box_w = 16, .box_h = 17, .ofs_x = 1, .ofs_y = -2},
    {.bitmap_index = 30138, .adv_w = 288, .box_w = 16, .box_h = 16, .ofs_x = 1, .ofs_y = -1},
    {.bitmap_index = 30170, .adv_w = 288, .box_w = 16, .box_h = 15, .ofs_x = 1, .ofs_y = -1},
    {.bitmap_index = 30200, .adv_w = 288, .box_w = 16, .box_h = 16, .ofs_x = 1, .ofs_y = -1},
    {.bitmap_index = 30232, .adv_w = 288, .box_w = 16, .box_h = 15, .ofs_x = 1, .ofs_y = -1},
    {.bitmap_index = 30262, .adv_w = 288, .box_w = 16, .box_h = 16, .ofs_x = 1, .ofs_y = -2},
    {.bitmap_index = 30294, .adv_w = 288, .box_w = 16, .box_h = 16, .ofs_x = 1, .ofs_y = -1},
    {.bitmap_index = 30326, .adv_w = 288, .box_w = 16, .box_h = 16, .ofs_x = 1, .ofs_y = -1},
    {.bitmap_index = 30358, .adv_w = 288, .box_w = 17, .box_h = 16, .ofs_x = 1, .ofs_y = -1},
    {.bitmap_index = 30392, .adv_w = 288, .box_w = 17, .box_h = 16, .ofs_x = 0, .ofs_y = -1},
    {.bitmap_index = 30426, .adv_w = 288, .box_w = 16, .box_h = 16, .ofs_x = 0, .ofs_y = -1},
    {.bitmap_index = 30458, .adv_w = 288, .box_w = 16, .box_h = 16, .ofs_x = 1, .ofs_y = -1},
    {.bitmap_index = 30490, .adv_w = 288, .box_w = 16, .box_h = 16, .ofs_x = 1, .ofs_y = -1},
    {.bitmap_index = 30522, .adv_w = 288, .box_w = 16, .box_h = 16, .ofs_x = 1, .ofs_y = -1},
    {.bitmap_index = 30554, .adv_w = 288, .box_w = 16, .box_h = 16, .ofs_x = 1, .ofs_y = -1},
    {.bitmap_index = 30586, .adv_w = 288, .box_w = 16, .box_h = 16, .ofs_x = 1, .ofs_y = -1},
    {.bitmap_index = 30618, .adv_w = 288, .box_w = 16, .box_h = 16, .ofs_x = 1, .ofs_y = -1},
    {.bitmap_index = 30650, .adv_w = 288, .box_w = 17, .box_h = 17, .ofs_x = 1, .ofs_y = -1},
    {.bitmap_index = 30687, .adv_w = 288, .box_w = 17, .box_h = 16, .ofs_x = 1, .ofs_y = -1},
    {.bitmap_index = 30721, .adv_w = 288, .box_w = 17, .box_h = 16, .ofs_x = 0, .ofs_y = -1},
    {.bitmap_index = 30755, .adv_w = 288, .box_w = 17, .box_h = 16, .ofs_x = 1, .ofs_y = -1},
    {.bitmap_index = 30789, .adv_w = 288, .box_w = 17, .box_h = 16, .ofs_x = 1, .ofs_y = -1},
    {.bitmap_index = 30823, .adv_w = 288, .box_w = 17, .box_h = 15, .ofs_x = 0, .ofs_y = -1},
    {.bitmap_index = 30855, .adv_w = 288, .box_w = 17, .box_h = 16, .ofs_x = 1, .ofs_y = -1},
    {.bitmap_index = 30889, .adv_w = 288, .box_w = 17, .box_h = 16, .ofs_x = 0, .ofs_y = -1},
    {.bitmap_index = 30923, .adv_w = 288, .box_w = 17, .box_h = 16, .ofs_x = 0, .ofs_y = -1},
    {.bitmap_index = 30957, .adv_w = 288, .box_w = 17, .box_h = 16, .ofs_x = 0, .ofs_y = -1},
    {.bitmap_index = 30991, .adv_w = 288, .box_w = 16, .box_h = 16, .ofs_x = 1, .ofs_y = -1},
    {.bitmap_index = 31023, .adv_w = 288, .box_w = 16, .box_h = 15, .ofs_x = 0, .ofs_y = -1},
    {.bitmap_index = 31053, .adv_w = 288, .box_w = 17, .box_h = 16, .ofs_x = 0, .ofs_y = -1},
    {.bitmap_index = 31087, .adv_w = 288, .box_w = 17, .box_h = 16, .ofs_x = 0, .ofs_y = -1},
    {.bitmap_index = 31121, .adv_w = 288, .box_w = 17, .box_h = 16, .ofs_x = 1, .ofs_y = -1},
    {.bitmap_index = 31155, .adv_w = 288, .box_w = 17, .box_h = 15, .ofs_x = 1, .ofs_y = -1},
    {.bitmap_index = 31187, .adv_w = 288, .box_w = 17, .box_h = 16, .ofs_x = 0, .ofs_y = -1},
    {.bitmap_index = 31221, .adv_w = 288, .box_w = 17, .box_h = 16, .ofs_x = 0, .ofs_y = -1},
    {.bitmap_index = 31255, .adv_w = 288, .box_w = 16, .box_h = 16, .ofs_x = 1, .ofs_y = -1},
    {.bitmap_index = 31287, .adv_w = 288, .box_w = 15, .box_h = 16, .ofs_x = 1, .ofs_y = -1},
    {.bitmap_index = 31317, .adv_w = 288, .box_w = 17, .box_h = 15, .ofs_x = 0, .ofs_y = -1},
    {.bitmap_index = 31349, .adv_w = 288, .box_w = 17, .box_h = 15, .ofs_x = 0, .ofs_y = -1},
    {.bitmap_index = 31381, .adv_w = 288, .box_w = 16, .box_h = 16, .ofs_x = 1, .ofs_y = -1},
    {.bitmap_index = 31413, .adv_w = 288, .box_w = 17, .box_h = 16, .ofs_x = 1, .ofs_y = -1},
    {.bitmap_index = 31447, .adv_w = 288, .box_w = 17, .box_h = 16, .ofs_x = 0, .ofs_y = -1},
    {.bitmap_index = 31481, .adv_w = 288, .box_w = 17, .box_h = 16, .ofs_x = 0, .ofs_y = -1},
    {.bitmap_index = 31515, .adv_w = 288, .box_w = 17, .box_h = 16, .ofs_x = 1, .ofs_y = -1},
    {.bitmap_index = 31549, .adv_w = 288, .box_w = 17, .box_h = 16, .ofs_x = 0, .ofs_y = -1},
    {.bitmap_index = 31583, .adv_w = 288, .box_w = 17, .box_h = 16, .ofs_x = 0, .ofs_y = -1},
    {.bitmap_index = 31617, .adv_w = 288, .box_w = 16, .box_h = 16, .ofs_x = 1, .ofs_y = -1},
    {.bitmap_index = 31649, .adv_w = 288, .box_w = 16, .box_h = 15, .ofs_x = 1, .ofs_y = -1},
    {.bitmap_index = 31679, .adv_w = 288, .box_w = 16, .box_h = 16, .ofs_x = 0, .ofs_y = -1},
    {.bitmap_index = 31711, .adv_w = 288, .box_w = 16, .box_h = 16, .ofs_x = 1, .ofs_y = -1},
    {.bitmap_index = 31743, .adv_w = 288, .box_w = 16, .box_h = 16, .ofs_x = 1, .ofs_y = -1},
    {.bitmap_index = 31775, .adv_w = 288, .box_w = 17, .box_h = 15, .ofs_x = 1, .ofs_y = -1},
    {.bitmap_index = 31807, .adv_w = 288, .box_w = 16, .box_h = 16, .ofs_x = 1, .ofs_y = -1},
    {.bitmap_index = 31839, .adv_w = 288, .box_w = 17, .box_h = 15, .ofs_x = 1, .ofs_y = -1},
    {.bitmap_index = 31871, .adv_w = 288, .box_w = 16, .box_h = 16, .ofs_x = 1, .ofs_y = -1},
    {.bitmap_index = 31903, .adv_w = 288, .box_w = 16, .box_h = 16, .ofs_x = 1, .ofs_y = -1},
    {.bitmap_index = 31935, .adv_w = 288, .box_w = 16, .box_h = 15, .ofs_x = 1, .ofs_y = -1},
    {.bitmap_index = 31965, .adv_w = 288, .box_w = 16, .box_h = 16, .ofs_x = 1, .ofs_y = -1},
    {.bitmap_index = 31997, .adv_w = 288, .box_w = 16, .box_h = 16, .ofs_x = 1, .ofs_y = -1},
    {.bitmap_index = 32029, .adv_w = 288, .box_w = 18, .box_h = 17, .ofs_x = 0, .ofs_y = -1},
    {.bitmap_index = 32068, .adv_w = 288, .box_w = 17, .box_h = 16, .ofs_x = 0, .ofs_y = -1},
    {.bitmap_index = 32102, .adv_w = 288, .box_w = 15, .box_h = 16, .ofs_x = 1, .ofs_y = -1},
    {.bitmap_index = 32132, .adv_w = 288, .box_w = 16, .box_h = 16, .ofs_x = 1, .ofs_y = -1},
    {.bitmap_index = 32164, .adv_w = 288, .box_w = 16, .box_h = 16, .ofs_x = 1, .ofs_y = -1},
    {.bitmap_index = 32196, .adv_w = 288, .box_w = 16, .box_h = 16, .ofs_x = 1, .ofs_y = -1},
    {.bitmap_index = 32228, .adv_w = 288, .box_w = 15, .box_h = 16, .ofs_x = 1, .ofs_y = -1},
    {.bitmap_index = 32258, .adv_w = 288, .box_w = 17, .box_h = 16, .ofs_x = 0, .ofs_y = -1},
    {.bitmap_index = 32292, .adv_w = 288, .box_w = 16, .box_h = 16, .ofs_x = 1, .ofs_y = -1},
    {.bitmap_index = 32324, .adv_w = 288, .box_w = 16, .box_h = 16, .ofs_x = 1, .ofs_y = -1},
    {.bitmap_index = 32356, .adv_w = 288, .box_w = 16, .box_h = 16, .ofs_x = 1, .ofs_y = -1},
    {.bitmap_index = 32388, .adv_w = 288, .box_w = 17, .box_h = 16, .ofs_x = 1, .ofs_y = -1},
    {.bitmap_index = 32422, .adv_w = 288, .box_w = 16, .box_h = 16, .ofs_x = 1, .ofs_y = -1},
    {.bitmap_index = 32454, .adv_w = 288, .box_w = 15, .box_h = 16, .ofs_x = 2, .ofs_y = -1},
    {.bitmap_index = 32484, .adv_w = 288, .box_w = 14, .box_h = 16, .ofs_x = 2, .ofs_y = -1},
    {.bitmap_index = 32512, .adv_w = 288, .box_w = 14, .box_h = 16, .ofs_x = 2, .ofs_y = -1},
    {.bitmap_index = 32540, .adv_w = 288, .box_w = 15, .box_h = 16, .ofs_x = 2, .ofs_y = -1},
    {.bitmap_index = 32570, .adv_w = 288, .box_w = 14, .box_h = 16, .ofs_x = 2, .ofs_y = -1},
    {.bitmap_index = 32598, .adv_w = 288, .box_w = 15, .box_h = 16, .ofs_x = 2, .ofs_y = -1},
    {.bitmap_index = 32628, .adv_w = 288, .box_w = 15, .box_h = 16, .ofs_x = 2, .ofs_y = -1},
    {.bitmap_index = 32658, .adv_w = 288, .box_w = 15, .box_h = 16, .ofs_x = 2, .ofs_y = -1},
    {.bitmap_index = 32688, .adv_w = 288, .box_w = 15, .box_h = 16, .ofs_x = 2, .ofs_y = -1},
    {.bitmap_index = 32718, .adv_w = 288, .box_w = 15, .box_h = 15, .ofs_x = 2, .ofs_y = -1},
    {.bitmap_index = 32747, .adv_w = 288, .box_w = 16, .box_h = 16, .ofs_x = 2, .ofs_y = -1},
    {.bitmap_index = 32779, .adv_w = 288, .box_w = 16, .box_h = 16, .ofs_x = 2, .ofs_y = -1},
    {.bitmap_index = 32811, .adv_w = 288, .box_w = 16, .box_h = 15, .ofs_x = 2, .ofs_y = -1},
    {.bitmap_index = 32841, .adv_w = 288, .box_w = 16, .box_h = 16, .ofs_x = 2, .ofs_y = -1},
    {.bitmap_index = 32873, .adv_w = 288, .box_w = 16, .box_h = 16, .ofs_x = 2, .ofs_y = -1},
    {.bitmap_index = 32905, .adv_w = 288, .box_w = 16, .box_h = 16, .ofs_x = 2, .ofs_y = -1},
    {.bitmap_index = 32937, .adv_w = 288, .box_w = 15, .box_h = 15, .ofs_x = 2, .ofs_y = -1},
    {.bitmap_index = 32966, .adv_w = 288, .box_w = 16, .box_h = 16, .ofs_x = 1, .ofs_y = -1},
    {.bitmap_index = 32998, .adv_w = 288, .box_w = 16, .box_h = 16, .ofs_x = 2, .ofs_y = -1},
    {.bitmap_index = 33030, .adv_w = 288, .box_w = 15, .box_h = 16, .ofs_x = 2, .ofs_y = -1},
    {.bitmap_index = 33060, .adv_w = 288, .box_w = 16, .box_h = 16, .ofs_x = 1, .ofs_y = -1},
    {.bitmap_index = 33092, .adv_w = 288, .box_w = 15, .box_h = 16, .ofs_x = 2, .ofs_y = -1},
    {.bitmap_index = 33122, .adv_w = 288, .box_w = 16, .box_h = 15, .ofs_x = 1, .ofs_y = -1},
    {.bitmap_index = 33152, .adv_w = 288, .box_w = 16, .box_h = 16, .ofs_x = 1, .ofs_y = -1},
    {.bitmap_index = 33184, .adv_w = 288, .box_w = 17, .box_h = 15, .ofs_x = 0, .ofs_y = -1},
    {.bitmap_index = 33216, .adv_w = 288, .box_w = 16, .box_h = 15, .ofs_x = 1, .ofs_y = -1},
    {.bitmap_index = 33246, .adv_w = 288, .box_w = 16, .box_h = 15, .ofs_x = 1, .ofs_y = -1},
    {.bitmap_index = 33276, .adv_w = 288, .box_w = 16, .box_h = 15, .ofs_x = 0, .ofs_y = -1},
    {.bitmap_index = 33306, .adv_w = 288, .box_w = 16, .box_h = 16, .ofs_x = 1, .ofs_y = -1},
    {.bitmap_index = 33338, .adv_w = 288, .box_w = 15, .box_h = 16, .ofs_x = 2, .ofs_y = -1},
    {.bitmap_index = 33368, .adv_w = 288, .box_w = 16, .box_h = 16, .ofs_x = 1, .ofs_y = -1},
    {.bitmap_index = 33400, .adv_w = 288, .box_w = 16, .box_h = 15, .ofs_x = 1, .ofs_y = -1},
    {.bitmap_index = 33430, .adv_w = 288, .box_w = 16, .box_h = 16, .ofs_x = 1, .ofs_y = -1},
    {.bitmap_index = 33462, .adv_w = 288, .box_w = 15, .box_h = 15, .ofs_x = 2, .ofs_y = -1},
    {.bitmap_index = 33491, .adv_w = 288, .box_w = 17, .box_h = 17, .ofs_x = 1, .ofs_y = -2},
    {.bitmap_index = 33528, .adv_w = 288, .box_w = 16, .box_h = 16, .ofs_x = 1, .ofs_y = -2},
    {.bitmap_index = 33560, .adv_w = 288, .box_w = 16, .box_h = 16, .ofs_x = 1, .ofs_y = -2},
    {.bitmap_index = 33592, .adv_w = 288, .box_w = 17, .box_h = 16, .ofs_x = 1, .ofs_y = -2},
    {.bitmap_index = 33626, .adv_w = 288, .box_w = 17, .box_h = 16, .ofs_x = 1, .ofs_y = -2},
    {.bitmap_index = 33660, .adv_w = 288, .box_w = 16, .box_h = 15, .ofs_x = 1, .ofs_y = -1},
    {.bitmap_index = 33690, .adv_w = 288, .box_w = 17, .box_h = 16, .ofs_x = 1, .ofs_y = -1},
    {.bitmap_index = 33724, .adv_w = 288, .box_w = 17, .box_h = 16, .ofs_x = 1, .ofs_y = -1},
    {.bitmap_index = 33758, .adv_w = 288, .box_w = 16, .box_h = 15, .ofs_x = 1, .ofs_y = -1},
    {.bitmap_index = 33788, .adv_w = 288, .box_w = 16, .box_h = 15, .ofs_x = 1, .ofs_y = -1},
    {.bitmap_index = 33818, .adv_w = 288, .box_w = 17, .box_h = 15, .ofs_x = 1, .ofs_y = -1},
    {.bitmap_index = 33850, .adv_w = 288, .box_w = 15, .box_h = 15, .ofs_x = 2, .ofs_y = -1},
    {.bitmap_index = 33879, .adv_w = 288, .box_w = 16, .box_h = 16, .ofs_x = 1, .ofs_y = -1},
    {.bitmap_index = 33911, .adv_w = 288, .box_w = 17, .box_h = 17, .ofs_x = 0, .ofs_y = -1},
    {.bitmap_index = 33948, .adv_w = 288, .box_w = 17, .box_h = 16, .ofs_x = 1, .ofs_y = -1},
    {.bitmap_index = 33982, .adv_w = 288, .box_w = 17, .box_h = 16, .ofs_x = 0, .ofs_y = -1},
    {.bitmap_index = 34016, .adv_w = 288, .box_w = 16, .box_h = 16, .ofs_x = 0, .ofs_y = -1},
    {.bitmap_index = 34048, .adv_w = 288, .box_w = 17, .box_h = 16, .ofs_x = 0, .ofs_y = -1},
    {.bitmap_index = 34082, .adv_w = 288, .box_w = 16, .box_h = 16, .ofs_x = 0, .ofs_y = -1},
    {.bitmap_index = 34114, .adv_w = 288, .box_w = 17, .box_h = 16, .ofs_x = 0, .ofs_y = -1},
    {.bitmap_index = 34148, .adv_w = 288, .box_w = 16, .box_h = 16, .ofs_x = 1, .ofs_y = -1},
    {.bitmap_index = 34180, .adv_w = 288, .box_w = 15, .box_h = 15, .ofs_x = 2, .ofs_y = -1},
    {.bitmap_index = 34209, .adv_w = 288, .box_w = 17, .box_h = 16, .ofs_x = 1, .ofs_y = -1},
    {.bitmap_index = 34243, .adv_w = 288, .box_w = 16, .box_h = 16, .ofs_x = 1, .ofs_y = -1},
    {.bitmap_index = 34275, .adv_w = 288, .box_w = 16, .box_h = 16, .ofs_x = 1, .ofs_y = -1},
    {.bitmap_index = 34307, .adv_w = 288, .box_w = 16, .box_h = 16, .ofs_x = 1, .ofs_y = -1},
    {.bitmap_index = 34339, .adv_w = 288, .box_w = 17, .box_h = 16, .ofs_x = 1, .ofs_y = -1},
    {.bitmap_index = 34373, .adv_w = 288, .box_w = 16, .box_h = 16, .ofs_x = 1, .ofs_y = -1},
    {.bitmap_index = 34405, .adv_w = 288, .box_w = 16, .box_h = 15, .ofs_x = 1, .ofs_y = -1},
    {.bitmap_index = 34435, .adv_w = 288, .box_w = 17, .box_h = 18, .ofs_x = 1, .ofs_y = -2},
    {.bitmap_index = 34474, .adv_w = 288, .box_w = 16, .box_h = 16, .ofs_x = 1, .ofs_y = -1},
    {.bitmap_index = 34506, .adv_w = 288, .box_w = 16, .box_h = 16, .ofs_x = 1, .ofs_y = -1},
    {.bitmap_index = 34538, .adv_w = 288, .box_w = 4, .box_h = 17, .ofs_x = 13, .ofs_y = -2},
    {.bitmap_index = 34547, .adv_w = 288, .box_w = 4, .box_h = 17, .ofs_x = 1, .ofs_y = -2}
};

/*---------------------
 *  CHARACTER MAPPING
 *--------------------*/

static const uint16_t unicode_list_1[] = {
    0x0, 0x1f6f, 0x2f59, 0x2f5a, 0x4d49, 0x4d4a, 0x4d50, 0x4d52,
    0x4d53, 0x4d54, 0x4d56, 0x4d57, 0x4d5a, 0x4d5c, 0x4d5d, 0x4d5f,
    0x4d65, 0x4d6b, 0x4d6d, 0x4d6e, 0x4d73, 0x4d76, 0x4d7b, 0x4d7d,
    0x4d83, 0x4d84, 0x4d87, 0x4d8e, 0x4d91, 0x4d92, 0x4d94, 0x4d9f,
    0x4da1, 0x4da8, 0x4da9, 0x4dba, 0x4dcf, 0x4dd4, 0x4dd5, 0x4dd7,
    0x4dda, 0x4ddd, 0x4dea, 0x4ded, 0x4df0, 0x4df7, 0x4dfb, 0x4e03,
    0x4e09, 0x4e10, 0x4e13, 0x4e17, 0x4e1c, 0x4e1d, 0x4e1f, 0x4e2c,
    0x4e2d, 0x4e2e, 0x4e35, 0x4e3f, 0x4e44, 0x4e46, 0x4e5a, 0x4e61,
    0x4e63, 0x4e6d, 0x4e7d, 0x4e8f, 0x4e96, 0x4e97, 0x4e98, 0x4e9c,
    0x4e9e, 0x4ea2, 0x4ea5, 0x4ea9, 0x4ec8, 0x4ed4, 0x4ee6, 0x4f08,
    0x4f26, 0x4f2a, 0x4f32, 0x4f56, 0x4f5b, 0x4f62, 0x4f85, 0x4f87,
    0x4f98, 0x4fa3, 0x4fae, 0x4fbf, 0x4fc0, 0x5004, 0x5018, 0x508a,
    0x508e, 0x5091, 0x5092, 0x5094, 0x5096, 0x50a3, 0x50a5, 0x50ae,
    0x50b1, 0x50b5, 0x50ba, 0x50bc, 0x50bd, 0x50bf, 0x50c0, 0x50c1,
    0x50c4, 0x50ce, 0x50d5, 0x50d6, 0x50db, 0x50e2, 0x50e9, 0x50f9,
    0x50fb, 0x50fc, 0x5100, 0x5118, 0x5126, 0x5129, 0x512a, 0x5136,
    0x513f, 0x5143, 0x5144, 0x5146, 0x5149, 0x514f, 0x5150, 0x5160,
    0x5162, 0x5163, 0x5164, 0x5166, 0x5169, 0x516d, 0x5172, 0x5174,
    0x5179, 0x517f, 0x5180, 0x5184, 0x5196, 0x51b2, 0x51b3, 0x51b8,
    0x51e4, 0x51e7, 0x51e8, 0x51e9, 0x51ea, 0x51f1, 0x51f3, 0x51fa,
    0x524e, 0x525f, 0x5282, 0x5283, 0x5284, 0x5290, 0x5293, 0x529e,
    0x52a9, 0x52aa, 0x52bc, 0x52d4, 0x52d5, 0x52e8, 0x5304, 0x530b,
    0x5311, 0x5312, 0x5313, 0x5315, 0x5316, 0x531a, 0x531f, 0x5320,
    0x5321, 0x5329, 0x532c, 0x532d, 0x532e, 0x532f, 0x5333, 0x5334,
    0x5338, 0x5339, 0x533c, 0x533f, 0x5340, 0x5346, 0x534c, 0x534d,
    0x5351, 0x5353, 0x5355, 0x5356, 0x5357, 0x535a, 0x5360, 0x536f,
    0x5370, 0x5375, 0x5378, 0x537e, 0x5381, 0x5382, 0x5389, 0x538f,
    0x5393, 0x53a0, 0x53a5, 0x53ab, 0x53b1, 0x53ba, 0x53bb, 0x53c5,
    0x53c6, 0x53d5, 0x53de, 0x53df, 0x53f3, 0x53fc, 0x540d, 0x5410,
    0x5411, 0x5416, 0x541b, 0x5428, 0x542f, 0x5432, 0x5433, 0x5436,
    0x5445, 0x545d, 0x546d, 0x5493, 0x54aa, 0x54af, 0x54c7, 0x54cb,
    0x54dd, 0x54e5, 0x54e6, 0x5538, 0x5557, 0x5564, 0x557d, 0x5584,
    0x5588, 0x55a5, 0x55b1, 0x55b3, 0x5627, 0x5629, 0x562b, 0x563d,
    0x5643, 0x5647, 0x564f, 0x5651, 0x5668, 0x5671, 0x5679, 0x5687,
    0x5689, 0x5690, 0x5698, 0x5699, 0x56a0, 0x56cb, 0x56cc, 0x56d4,
    0x5728, 0x5742, 0x5743, 0x57a7, 0x57b4, 0x57cc, 0x5834, 0x5839,
    0x583c, 0x584d, 0x5850, 0x5856, 0x585f, 0x5863, 0x5865, 0x5868,
    0x5870, 0x5872, 0x5873, 0x587a, 0x587d, 0x5881, 0x5890, 0x5894,
    0x5898, 0x589a, 0x589f, 0x58a0, 0x58bf, 0x58c6, 0x58cb, 0x5914,
    0x591d, 0x5950, 0x5a32, 0x5a99, 0x5aa0, 0x5aa1, 0x5aad, 0x5aaf,
    0x5abe, 0x5acc, 0x5ad0, 0x5ad1, 0x5ad2, 0x5ad5, 0x5ad8, 0x5ae2,
    0x5ae3, 0x5ae6, 0x5ae7, 0x5ae9, 0x5afc, 0x5aff, 0x5b06, 0x5b08,
    0x5b0b, 0x5b27, 0x5b28, 0x5b41, 0x5b42, 0x5b4a, 0x5b4d, 0x5b4f,
    0x5b58, 0x5b5a, 0x5b5d, 0x5b5f, 0x5b63, 0x5b66, 0x5b7a, 0x5b83,
    0x5b86, 0x5b87, 0x5b89, 0x5b8b, 0x5b8e, 0x5b91, 0x5b98, 0x5b9e,
    0x5ba7, 0x5bae, 0x5bf2, 0x5c72, 0x5d2e, 0x5d2f, 0x5d37, 0x5d3a,
    0x5d3b, 0x5d3d, 0x5d47, 0x5d4c, 0x5d51, 0x5d6f, 0x5d70, 0x5d77,
    0x5d81, 0x5d86, 0x5d9e, 0x5dbc, 0x5dbd, 0x5dbf, 0x5dc1, 0x5dc5,
    0x5dc6, 0x5dc8, 0x5dcf, 0x5dd3, 0x5dd8, 0x5ddc, 0x5ddd, 0x5dde,
    0x5def, 0x5e00, 0x5e1c, 0x5e43, 0x5e49, 0x5e4b, 0x5e58, 0x5e5e,
    0x5e69, 0x5e70, 0x5e78, 0x5e7a, 0x5e83, 0x5e9b, 0x5e9c, 0x5e9e,
    0x5eab, 0x5eb2, 0x5eba, 0x5eca, 0x5ece, 0x5ed1, 0x5ee0, 0x5ef3,
    0x5ef7, 0x5f0c, 0x5f0e, 0x5f0f, 0x5f20, 0x5f21, 0x5f34, 0x5f46,
    0x5f49, 0x5f4a, 0x5f57, 0x5f5e, 0x5f6e, 0x5f70, 0x5f84, 0x5fab,
    0x5fb8, 0x5fbf, 0x5ffb, 0x600e, 0x6032, 0x6038, 0x603c, 0x6042,
    0x6051, 0x6058, 0x6068, 0x6088, 0x60ab, 0x60b9, 0x6107, 0x610b,
    0x6158, 0x6159, 0x615a, 0x615f, 0x6161, 0x617d, 0x6180, 0x6189,
    0x618a, 0x6194, 0x6196, 0x619a, 0x619c, 0x61ac, 0x61b0, 0x61b2,
    0x61b4, 0x61b9, 0x61c7, 0x61d3, 0x61f4, 0x61fa, 0x6206, 0x620e,
    0x620f, 0x6212, 0x621f, 0x6228, 0x6232, 0x6240, 0x6248, 0x624a,
    0x6250, 0x6252, 0x625a, 0x6283, 0x62a8, 0x62ab, 0x62b7, 0x62d2,
    0x62db, 0x62ee, 0x62f0, 0x62f1, 0x6318, 0x6319, 0x631b, 0x63c1,
    0x63db, 0x63f6, 0x63f7, 0x6416, 0x642f, 0x647f, 0x6482, 0x6484,
    0x6487, 0x648e, 0x6491, 0x64a2, 0x64a4, 0x64ac, 0x64b9, 0x64bd,
    0x64d0, 0x64da, 0x64e0, 0x64e5, 0x64f6, 0x64f9, 0x6502, 0x6529,
    0x652e, 0x6530, 0x653f, 0x6557, 0x6568, 0x6569, 0x6571, 0x6578,
    0x6587, 0x659e, 0x65a3, 0x65b7, 0x65b8, 0x65b9, 0x65cb, 0x65df,
    0x663d, 0x6648, 0x6649, 0x6651, 0x6652, 0x6656, 0x6664, 0x6668,
    0x6671, 0x6673, 0x6675, 0x667e, 0x6683, 0x6689, 0x668c, 0x6698,
    0x66a8, 0x66aa, 0x66ae, 0x66b8, 0x66c7, 0x66c8, 0x66ca, 0x66cd,
    0x66e0, 0x66e3, 0x66e5, 0x671c, 0x671d, 0x6729, 0x672e, 0x6750,
    0x6751, 0x675a, 0x6780, 0x6781, 0x6782, 0x6785, 0x678c, 0x678f,
    0x6791, 0x67ac, 0x67ef, 0x6809, 0x681b, 0x6837, 0x6876, 0x68cb,
    0x696a, 0x6973, 0x697a, 0x69a2, 0x6a6a, 0x6a6b, 0x6a83, 0x6a92,
    0x6a95, 0x6aac, 0x6aad, 0x6aae, 0x6ac4, 0x6ad3, 0x6afe, 0x6b18,
    0x6b1b, 0x6b1d, 0x6b24, 0x6b34, 0x6b5d, 0x6b7d, 0x6b81, 0x6ba0,
    0x6ba9, 0x6bd2, 0x6be2, 0x6bea, 0x6bfc, 0x6c02, 0x6c04, 0x6c1e,
    0x6c2a, 0x6c2b, 0x6c31, 0x6c33, 0x6c45, 0x6c4a, 0x6c54, 0x6c84,
    0x6c8a, 0x6c94, 0x6c9a, 0x6cb7, 0x6cc0, 0x6cd1, 0x6d2a, 0x6d3a,
    0x6d4e, 0x6d59, 0x6d72, 0x6d7b, 0x6d81, 0x6dcc, 0x6deb, 0x6e23,
    0x6e2a, 0x6e3d, 0x6e4b, 0x6ee5, 0x6fb4, 0x6fb9, 0x6ff6, 0x7002,
    0x7011, 0x702f, 0x7036, 0x706f, 0x7079, 0x707f, 0x70b0, 0x70e8,
    0x714f, 0x717a, 0x7190, 0x7191, 0x7195, 0x71a2, 0x71b2, 0x71c2,
    0x71ff, 0x7235, 0x7274, 0x72d0, 0x72d4, 0x72f2, 0x72f8, 0x72f9,
    0x7316, 0x7329, 0x734c, 0x734f, 0x743f, 0x7468, 0x7471, 0x747a,
    0x747e, 0x7484, 0x7495, 0x74a2, 0x74ae, 0x74e0, 0x750e, 0x751e,
    0x7524, 0x756f, 0x75c6, 0x75cd, 0x75cf, 0x75f7, 0x761f, 0x7637,
    0x763d, 0x7641, 0x7652, 0x7654, 0x7668, 0x7669, 0x7678, 0x7685,
    0x7689, 0x76a4, 0x76aa, 0x772e, 0x7736, 0x773c, 0x774a, 0x7789,
    0x77b5, 0x77b7, 0x77d6, 0x77f9, 0x7883, 0x78d8, 0x7904, 0x790a,
    0x7916, 0x791b, 0x7939, 0x7944, 0x7954, 0x7956, 0x797c, 0x79c3,
    0x79ca, 0x79e0, 0x7a14, 0x7a1f, 0x7a22, 0x7a38, 0x7a5a, 0x7a6f,
    0x7a71, 0x7a75, 0x7a92, 0x7ac7, 0x7ac9, 0x7ae0, 0x7aea, 0x7b88,
    0x7bbc, 0x7bc4, 0x7bd2, 0x7bdb, 0x7c07, 0x7c13, 0x7c1f, 0x7c44,
    0x7c69, 0x7c6b, 0x7c70, 0x7c74, 0x7c78, 0x7deb, 0x7def, 0x7df0,
    0x7df8, 0x7e02, 0x7e08, 0x7e0d, 0x7e0f, 0x7e11, 0x7e18, 0x7e1c,
    0x7e21, 0x7e22, 0x7e25, 0x7e26, 0x7e28, 0x7e30, 0x7e33, 0x7e36,
    0x7e3c, 0x7e3d, 0x7e48, 0x7e49, 0x7e5c, 0x7e5f, 0x7e61, 0x7e72,
    0x7e9a, 0x7ea3, 0x7eb7, 0x7ed7, 0x7f0e, 0x7f44, 0x7f45, 0x7f4a,
    0x7f4e, 0x7f55, 0x7f56, 0x7f60, 0x7f7c, 0x7f7f, 0x7f93, 0x7f95,
    0x7f9d, 0x7fe3, 0x7feb, 0x8015, 0x801f, 0x8025, 0x8046, 0x804f,
    0x8063, 0x8081, 0x8087, 0x80c9, 0x8133, 0x813c, 0x813d, 0x8155,
    0x815b, 0x817a, 0x81b8, 0x81bb, 0x81cb, 0x81fa, 0x822e, 0x822f,
    0x824c, 0x8292, 0x82ac, 0x82b8, 0x82c0, 0x82dc, 0x8300, 0x8325,
    0x834d, 0x836e, 0x8386, 0x83aa, 0x8426, 0x84cd, 0x8518, 0x859a,
    0x85a3, 0x85b4, 0x85c6, 0x8614, 0x8624, 0x86bd, 0x86bf, 0x8795,
    0x87ae, 0x87b1, 0x87b9, 0x87f4, 0x880b, 0x880e, 0x88c8, 0x88ca,
    0x88cf, 0x890a, 0x890b, 0x890d, 0x890f, 0x8912, 0x891b, 0x892c,
    0x892f, 0x8949, 0x8aea, 0x8aed, 0x8af1, 0x8af2, 0x8af9, 0x8b01,
    0x8b03, 0x8b07, 0x8b08, 0x8b0a, 0x8b16, 0x8b1a, 0x8b1e, 0x8b26,
    0x8b2e, 0x8b2f, 0x8b36, 0x8b3d, 0x8b40, 0x8b44, 0x8b4c, 0x8b4e,
    0x8b51, 0x8b6b, 0x8b8f, 0x8baa, 0x8c66, 0x8c68, 0x8c6c, 0x8c6e,
    0x8c7e, 0x8c95, 0x8c9f, 0x8cab, 0x8cb9, 0x8cc0, 0x8cce, 0x8cd3,
    0x8cfc, 0x8d1a, 0x8d26, 0x8d28, 0x8d31, 0x8d38, 0x8d3c, 0x8d3f,
    0x8daf, 0x8df4, 0x8eb1, 0x8eb7, 0x8eb8, 0x8ecc, 0x8eda, 0x8edc,
    0x8ef1, 0x8f02, 0x8f07, 0x8f10, 0x8f19, 0x8f1a, 0x8f1d, 0x8f21,
    0x8f22, 0x8f24, 0x8f25, 0x8f27, 0x8f42, 0x8f46, 0x8f49, 0x8f4a,
    0x8f4b, 0x8f52, 0x8f58, 0x8f59, 0x8f63, 0x8f68, 0x8f84, 0x8f90,
    0x8f96, 0x8f9c, 0x8fa0, 0x8fbe, 0x8fc8, 0x8fec, 0x9004, 0x9031,
    0x9046, 0x9096, 0x90ba, 0x90db, 0x9110, 0x9113, 0x9115, 0x9116,
    0x9118, 0x911a, 0x93d1, 0x93e8, 0x93eb, 0x93f7, 0x943f, 0x9443,
    0x944a, 0x9462, 0x9477, 0x9478, 0x94a5, 0x94c8, 0x9533, 0x9536,
    0x9537, 0x953b, 0x953d, 0x9542, 0x9551, 0x9568, 0x957b, 0x957d,
    0x957e, 0x957f, 0x9584, 0x958d, 0x958e, 0x958f, 0x9599, 0x95ad,
    0x95b2, 0x95b3, 0x95d8, 0x95d9, 0x95dd, 0x9607, 0x963f, 0x9640,
    0x9649, 0x9665, 0x96a2, 0x96a7, 0x96a9, 0x96ab, 0x973c, 0x97be,
    0x97bf, 0x97c2, 0x97c3, 0x97c4, 0x97c7, 0x97cd, 0x97d3, 0x97da,
    0x97e0, 0x97e1, 0x9817, 0x9827, 0x9828, 0x9859, 0x98ae, 0x98b6,
    0x98b9, 0x98ba, 0x98bb, 0x98c8, 0x98e2, 0x99cb, 0x99d5, 0x9a21,
    0x9a4c, 0x9def, 0x9e04, 0x9e0d, 0x9e1a, 0x9e21, 0x9ec8, 0x9ee2,
    0xfe51, 0xfe52
};

/*Collect the unicode lists and glyph_id offsets*/
static const lv_font_fmt_txt_cmap_t cmaps[] =
{
    {
        .range_start = 32, .range_length = 95, .glyph_id_start = 1,
        .unicode_list = NULL, .glyph_id_ofs_list = NULL, .list_length = 0, .type = LV_FONT_FMT_TXT_CMAP_FORMAT0_TINY
    },
    {
        .range_start = 183, .range_length = 65107, .glyph_id_start = 96,
        .unicode_list = unicode_list_1, .glyph_id_ofs_list = NULL, .list_length = 1042, .type = LV_FONT_FMT_TXT_CMAP_SPARSE_TINY
    }
};



/*--------------------
 *  ALL CUSTOM DATA
 *--------------------*/

#if LVGL_VERSION_MAJOR == 8
/*Store all the custom data of the font*/
static  lv_font_fmt_txt_glyph_cache_t cache;
#endif

#if LVGL_VERSION_MAJOR >= 8
static const lv_font_fmt_txt_dsc_t font_dsc = {
#else
static lv_font_fmt_txt_dsc_t font_dsc = {
#endif
    .glyph_bitmap = glyph_bitmap,
    .glyph_dsc = glyph_dsc,
    .cmaps = cmaps,
    .kern_dsc = NULL,
    .kern_scale = 0,
    .cmap_num = 2,
    .bpp = 1,
    .kern_classes = 0,
    .bitmap_format = 0,
#if LVGL_VERSION_MAJOR == 8
    .cache = &cache
#endif
};



/*-----------------
 *  PUBLIC FONT
 *----------------*/

/*Initialize a public general font descriptor*/
#if LVGL_VERSION_MAJOR >= 8
const lv_font_t yygz_font_16 = {
#else
lv_font_t yygz_font_16 = {
#endif
    .get_glyph_dsc = lv_font_get_glyph_dsc_fmt_txt,    /*Function pointer to get glyph's data*/
    .get_glyph_bitmap = lv_font_get_bitmap_fmt_txt,    /*Function pointer to get glyph's bitmap*/
    .line_height = 20,          /*The maximum line height required by the font*/
    .base_line = 4,             /*Baseline measured from the bottom of the line*/
#if !(LVGL_VERSION_MAJOR == 6 && LVGL_VERSION_MINOR == 0)
    .subpx = LV_FONT_SUBPX_NONE,
#endif
#if LV_VERSION_CHECK(7, 4, 0) || LVGL_VERSION_MAJOR >= 8
    .underline_position = -1,
    .underline_thickness = 1,
#endif
    .dsc = &font_dsc,          /*The custom font data. Will be accessed by `get_glyph_bitmap/dsc` */
#if LV_VERSION_CHECK(8, 2, 0) || LVGL_VERSION_MAJOR >= 9
    .fallback = NULL,
#endif
    .user_data = NULL,
};



#endif /*#if YYGZ_FONT_16*/

