/*******************************************************************************
 * Size: 14 px
 * Bpp: 1
 * Opts: --size 14 --bpp 1 --format lvgl --font managed_components\lvgl__lvgl\scripts\built_in_font\Montserrat-Medium.ttf -r 0x20-0x7E --autohint-strong --font managed_components\lvgl__lvgl\scripts\built_in_font\SourceHanSansSC-Normal.otf --symbols …·（）【】啊爱碍安按案巴把吧白败斑板版办半伴帮膀棒包薄宝饱保抱爆杯悲贝备背倍被呗本笨崩蹦比必闭避边编扁变便遍辨标表别冰并病波播补不布步部簿擦才采彩菜参餐仓舱藏操草册测层叉插查察差拆产尝常超吵沉称成乘惩程橙吃池持尺齿翅充冲虫宠抽仇丑出初除础处触串窗床创吹垂纯呲词此次从脆存寸撮错达哒跶打大呆代带待戴单担但淡蛋当党档刀到倒道得地的等低滴底第典点电吊调掉叠蝶丁顶定丢东懂动都兜斗豆毒独读赌肚度端短段断队对多朵恶饿而尔耳二发罚法翻凡烦反返饭范方防访放飞非啡分粉份奋风封否孵服浮符福负附复副覆嘎该改盖概感刚钢高告歌格隔个各给根跟更工公功攻共构够呱咕孤古固故顾乖关观冠管惯光广归规轨贵滚果过哈咳还海害函汗憾毫好号耗喝合何和河核荷黑嘿痕很哼横哄红宏后候呼忽弧糊蝴户花化画话怀坏欢环缓唤换黄灰恢回会绘浑活火或获击叽饥圾机迹基及级即极急辑几己计记际继寂加家颊尖间减剪检简见件建健渐键将奖酱交娇焦角脚叫较教阶皆接节洁结解界巾今金尽紧近进经睛精景境静镜啾久旧就居局举句具据距锯决绝觉均咖卡开看康拷靠颗壳可克刻空控口扣哭苦库夸跨块快宽框溃扩廓垃拉啦来赖蓝澜老了雷泪类累冷哩离里理力立利励例粒俩连联敛脸良两亮谅量疗聊列烈裂邻林临零令另流留龙噜陆录路履虑率绿乱略轮论逻络落麻码骂吗嘛麦满慢猫毛冒帽么没枚眉莓每美们梦咪眯米眠免面描秒名明命摸模寞默木目幕嗯拿哪那奶难闹呢内嫩能你拟年柠凝钮努暖喔哦偶怕排牌判胖跑泡陪培配碰披皮脾匹偏片漂频平凭屏瓶泼扑葡普铺期欺其奇启起气契器签前歉强且切亲倾清情请庆球区屈取去圈全权确然染让扰惹热人认任日荣柔如入软若弱撒塞三散扫色森杀沙傻删闪伤上尚稍少舌设射身深什升生声绳胜剩失师石时实食使始士世示式事视试饰是适释收手守受瘦殊舒输熟属束树竖数刷耍衰双霜水睡顺说私死饲松送素速宿算虽随损缩所索锁他它台太态谈炭糖桃萄讨套特提题体替天填挑条跳听挺通同统痛偷头透突图土团推退拖椭哇外弯完玩晚万亡王网忘望微围维尾委为未位喂慰温文纹稳问我呜无唔五务物吸西息晰嘻习喜戏系细下先闲显险现线限相香详响想向项象像消小效笑斜写谢心新信星行形型醒兴杏幸性凶休须虚需许序绪续选渲学循压牙呀严言岩眼厌验焰洋养样药要耶也叶页夜一医依移遗已以义忆异译意溢翼因阴音银引隐应樱营赢影映硬哟永用优幽由油游有又右幼于余与宇语预域阈遇愈原圆缘远愿约月越晕云允运再在暂噪则择责怎展占战栈站张长找照者这着针珍真阵征整正证帧之知肢执直值职只址指至志制治致置中终钟种重周宙珠蛛逐主住注专装状追缀仔紫字自子鬃总走奏足阻组嘴最遵昨左作坐做 --autohint-strong --no-compress --no-kerning --lv-include lvgl.h --lv-font-name yygz_font_12 -o main\yygz_font_12.c
 ******************************************************************************/

#ifdef LV_LVGL_H_INCLUDE_SIMPLE
#include "lvgl.h"
#else
#include "lvgl.h"
#endif

#ifndef YYGZ_FONT_12
#define YYGZ_FONT_12 1
#endif

#if YYGZ_FONT_12

/*-----------------
 *    BITMAPS
 *----------------*/

/*Store the image of the glyphs*/
static LV_ATTRIBUTE_LARGE_CONST const uint8_t glyph_bitmap[] = {
    /* U+0020 " " */
    0x0,

    /* U+0021 "!" */
    0xaa, 0xa8, 0xf0,

    /* U+0022 "\"" */
    0x99, 0x99,

    /* U+0023 "#" */
    0x11, 0x11, 0x3f, 0xe4, 0x42, 0x21, 0x13, 0xfe,
    0x44, 0x66, 0x22, 0x0,

    /* U+0024 "$" */
    0x10, 0x20, 0x43, 0xed, 0x12, 0x24, 0x38, 0x1c,
    0x24, 0x4c, 0xb7, 0xc2, 0x4, 0x0,

    /* U+0025 "%" */
    0x70, 0x91, 0x22, 0x24, 0x45, 0x7, 0x5c, 0xc,
    0x42, 0x88, 0x91, 0x12, 0x24, 0x38,

    /* U+0026 "&" */
    0x38, 0x44, 0x44, 0x68, 0x30, 0x59, 0x8d, 0x86,
    0xc7, 0x7d,

    /* U+0027 "'" */
    0xf0,

    /* U+0028 "(" */
    0x4b, 0x49, 0x24, 0x92, 0x64, 0x80,

    /* U+0029 ")" */
    0x49, 0x12, 0x49, 0x24, 0xa4, 0x80,

    /* U+002A "*" */
    0x25, 0x5d, 0xf2, 0x0,

    /* U+002B "+" */
    0x10, 0x4f, 0xc4, 0x10, 0x40,

    /* U+002C "," */
    0xfe,

    /* U+002D "-" */
    0xf0,

    /* U+002E "." */
    0xf0,

    /* U+002F "/" */
    0x8, 0x46, 0x21, 0x18, 0x84, 0x62, 0x11, 0x88,
    0x40,

    /* U+0030 "0" */
    0x3c, 0x42, 0xc3, 0x81, 0x81, 0x81, 0x81, 0xc3,
    0x42, 0x3c,

    /* U+0031 "1" */
    0xe4, 0x92, 0x49, 0x24,

    /* U+0032 "2" */
    0x79, 0x18, 0x10, 0x20, 0xc3, 0x4, 0x10, 0x41,
    0xfc,

    /* U+0033 "3" */
    0xfc, 0x8, 0x20, 0xc3, 0xc1, 0xc0, 0x81, 0x87,
    0xf0,

    /* U+0034 "4" */
    0x4, 0x6, 0x6, 0x6, 0x6, 0x22, 0x13, 0xfe,
    0x4, 0x2, 0x1, 0x0,

    /* U+0035 "5" */
    0x7e, 0x81, 0x2, 0x7, 0xc0, 0xc0, 0x81, 0xc6,
    0xf8,

    /* U+0036 "6" */
    0x3e, 0x83, 0x4, 0xb, 0xd8, 0xe0, 0xc1, 0x46,
    0x78,

    /* U+0037 "7" */
    0xff, 0x82, 0x86, 0x4, 0xc, 0x8, 0x18, 0x10,
    0x30, 0x20,

    /* U+0038 "8" */
    0x3c, 0x42, 0x42, 0x42, 0x3c, 0xc3, 0x81, 0x81,
    0xc3, 0x3c,

    /* U+0039 "9" */
    0x79, 0x8a, 0xc, 0x1c, 0x6f, 0x40, 0x83, 0x5,
    0xf0,

    /* U+003A ":" */
    0xf0, 0xf,

    /* U+003B ";" */
    0xf0, 0xf, 0xe0,

    /* U+003C "<" */
    0x2, 0x1c, 0xe6, 0xe, 0x3, 0x81, 0x80,

    /* U+003D "=" */
    0xfc, 0x0, 0x3f,

    /* U+003E ">" */
    0x1, 0xc0, 0xe0, 0x71, 0xce, 0x20, 0x0,

    /* U+003F "?" */
    0x7d, 0x8c, 0x8, 0x10, 0xc3, 0x4, 0x0, 0x10,
    0x20,

    /* U+0040 "@" */
    0xf, 0x81, 0x83, 0x19, 0xdc, 0x91, 0xa9, 0x4,
    0xc8, 0x26, 0x41, 0x32, 0x9, 0x88, 0xca, 0x3b,
    0x98, 0x0, 0x60, 0x0, 0xf8, 0x0,

    /* U+0041 "A" */
    0xc, 0x3, 0x1, 0xa0, 0x48, 0x31, 0x8, 0x43,
    0xf9, 0x2, 0x40, 0xf0, 0x10,

    /* U+0042 "B" */
    0xfe, 0x83, 0x81, 0x83, 0xfe, 0x83, 0x81, 0x81,
    0x83, 0xfe,

    /* U+0043 "C" */
    0x1e, 0x30, 0x90, 0x10, 0x8, 0x4, 0x2, 0x0,
    0x80, 0x61, 0xf, 0x0,

    /* U+0044 "D" */
    0xfc, 0x41, 0xa0, 0x50, 0x18, 0xc, 0x6, 0x3,
    0x2, 0x83, 0x7e, 0x0,

    /* U+0045 "E" */
    0xff, 0x2, 0x4, 0xf, 0xd0, 0x20, 0x40, 0x81,
    0xfc,

    /* U+0046 "F" */
    0xff, 0x2, 0x4, 0x8, 0x1f, 0xa0, 0x40, 0x81,
    0x0,

    /* U+0047 "G" */
    0x1f, 0x30, 0xd0, 0x10, 0x8, 0x4, 0x6, 0x2,
    0x81, 0x60, 0x8f, 0x80,

    /* U+0048 "H" */
    0x81, 0x81, 0x81, 0x81, 0xff, 0x81, 0x81, 0x81,
    0x81, 0x81,

    /* U+0049 "I" */
    0xff, 0xc0,

    /* U+004A "J" */
    0x7c, 0x10, 0x41, 0x4, 0x10, 0x41, 0x45, 0xe0,

    /* U+004B "K" */
    0x82, 0x86, 0x8c, 0x98, 0xb0, 0xf8, 0xc8, 0x8c,
    0x86, 0x83,

    /* U+004C "L" */
    0x82, 0x8, 0x20, 0x82, 0x8, 0x20, 0x83, 0xf0,

    /* U+004D "M" */
    0x80, 0x70, 0x3c, 0xf, 0x87, 0xb3, 0x64, 0x99,
    0xe6, 0x31, 0x8c, 0x60, 0x10,

    /* U+004E "N" */
    0x81, 0xc1, 0xe1, 0xb1, 0x99, 0x99, 0x8d, 0x87,
    0x83, 0x81,

    /* U+004F "O" */
    0x1e, 0x18, 0x64, 0xa, 0x1, 0x80, 0x60, 0x18,
    0x5, 0x2, 0x61, 0x87, 0x80,

    /* U+0050 "P" */
    0xfc, 0x82, 0x81, 0x81, 0x81, 0x82, 0xfc, 0x80,
    0x80, 0x80,

    /* U+0051 "Q" */
    0x1e, 0xc, 0x31, 0x2, 0x40, 0x28, 0x5, 0x0,
    0xa0, 0x12, 0x4, 0x61, 0x87, 0xe0, 0x19, 0x1,
    0xe0,

    /* U+0052 "R" */
    0xfc, 0x82, 0x81, 0x81, 0x81, 0x83, 0xfe, 0x86,
    0x82, 0x81,

    /* U+0053 "S" */
    0x7d, 0x82, 0x4, 0x7, 0x7, 0x81, 0x81, 0x86,
    0xf8,

    /* U+0054 "T" */
    0xff, 0x8, 0x8, 0x8, 0x8, 0x8, 0x8, 0x8,
    0x8, 0x8,

    /* U+0055 "U" */
    0x81, 0x81, 0x81, 0x81, 0x81, 0x81, 0x81, 0x81,
    0x42, 0x3c,

    /* U+0056 "V" */
    0xc0, 0xd0, 0x26, 0x19, 0x84, 0x21, 0xc, 0xc1,
    0x20, 0x78, 0xc, 0x3, 0x0,

    /* U+0057 "W" */
    0x41, 0x82, 0x83, 0xd, 0x8e, 0x19, 0x16, 0x22,
    0x24, 0xc6, 0xc9, 0x85, 0x1a, 0xa, 0x1c, 0x1c,
    0x38, 0x10, 0x60,

    /* U+0058 "X" */
    0x41, 0xb1, 0x8c, 0x83, 0x80, 0xc0, 0xe0, 0x58,
    0x64, 0x61, 0x20, 0xc0,

    /* U+0059 "Y" */
    0xc1, 0xa0, 0x88, 0x86, 0x41, 0x40, 0xe0, 0x20,
    0x10, 0x8, 0x4, 0x0,

    /* U+005A "Z" */
    0xff, 0x2, 0x6, 0xc, 0x18, 0x10, 0x30, 0x60,
    0x40, 0xff,

    /* U+005B "[" */
    0xf2, 0x49, 0x24, 0x92, 0x49, 0xc0,

    /* U+005C "\\" */
    0x41, 0x6, 0x8, 0x20, 0xc1, 0x4, 0x18, 0x20,
    0x82, 0x4, 0x10,

    /* U+005D "]" */
    0xe4, 0x92, 0x49, 0x24, 0x93, 0xc0,

    /* U+005E "^" */
    0x30, 0xc6, 0x92, 0x4a, 0x10,

    /* U+005F "_" */
    0xfe,

    /* U+0060 "`" */
    0xcc,

    /* U+0061 "a" */
    0x7a, 0x10, 0x5f, 0x86, 0x18, 0xdf,

    /* U+0062 "b" */
    0x80, 0x80, 0x80, 0xbc, 0xc2, 0x81, 0x81, 0x81,
    0x81, 0xc2, 0xbc,

    /* U+0063 "c" */
    0x3c, 0x8e, 0x4, 0x8, 0x10, 0x11, 0x9e,

    /* U+0064 "d" */
    0x1, 0x1, 0x1, 0x3d, 0x43, 0x81, 0x81, 0x81,
    0x81, 0x43, 0x3d,

    /* U+0065 "e" */
    0x38, 0x8a, 0xf, 0xf8, 0x18, 0x11, 0x1e,

    /* U+0066 "f" */
    0x39, 0x4, 0x3e, 0x41, 0x4, 0x10, 0x41, 0x4,
    0x0,

    /* U+0067 "g" */
    0x3d, 0x43, 0x81, 0x81, 0x81, 0x81, 0x43, 0x3d,
    0x1, 0x42, 0x7c,

    /* U+0068 "h" */
    0x81, 0x2, 0x5, 0xec, 0x70, 0x60, 0xc1, 0x83,
    0x6, 0x8,

    /* U+0069 "i" */
    0xdf, 0xe0,

    /* U+006A "j" */
    0x11, 0x1, 0x11, 0x11, 0x11, 0x11, 0x1e,

    /* U+006B "k" */
    0x81, 0x2, 0x4, 0x29, 0x96, 0x3c, 0x68, 0x99,
    0x1a, 0x18,

    /* U+006C "l" */
    0xff, 0xe0,

    /* U+006D "m" */
    0xbc, 0xf6, 0x38, 0xe0, 0x83, 0x4, 0x18, 0x20,
    0xc1, 0x6, 0x8, 0x30, 0x41,

    /* U+006E "n" */
    0xbd, 0x8e, 0xc, 0x18, 0x30, 0x60, 0xc1,

    /* U+006F "o" */
    0x3c, 0x42, 0x81, 0x81, 0x81, 0x81, 0x42, 0x3c,

    /* U+0070 "p" */
    0xbc, 0xc2, 0x81, 0x81, 0x81, 0x81, 0xc2, 0xbc,
    0x80, 0x80, 0x80,

    /* U+0071 "q" */
    0x3d, 0x43, 0x81, 0x81, 0x81, 0x81, 0x43, 0x3d,
    0x1, 0x1, 0x1,

    /* U+0072 "r" */
    0xbc, 0x88, 0x88, 0x88,

    /* U+0073 "s" */
    0x7e, 0x8, 0x3c, 0x3c, 0x18, 0x7e,

    /* U+0074 "t" */
    0x41, 0xf, 0x90, 0x41, 0x4, 0x10, 0x40, 0xf0,

    /* U+0075 "u" */
    0x83, 0x6, 0xc, 0x18, 0x30, 0x71, 0xbd,

    /* U+0076 "v" */
    0xc3, 0x42, 0x42, 0x64, 0x24, 0x3c, 0x18, 0x18,

    /* U+0077 "w" */
    0xc2, 0x12, 0x30, 0x91, 0x4c, 0xca, 0x42, 0x92,
    0x14, 0x70, 0xe3, 0x2, 0x18,

    /* U+0078 "x" */
    0x42, 0x64, 0x3c, 0x18, 0x18, 0x2c, 0x64, 0x42,

    /* U+0079 "y" */
    0xc3, 0x42, 0x42, 0x64, 0x24, 0x3c, 0x18, 0x18,
    0x10, 0x10, 0xe0,

    /* U+007A "z" */
    0xfc, 0x31, 0x84, 0x21, 0x8c, 0x3f,

    /* U+007B "{" */
    0x69, 0x24, 0xa2, 0x49, 0x24, 0x40,

    /* U+007C "|" */
    0xff, 0xfc,

    /* U+007D "}" */
    0xc4, 0x44, 0x44, 0x34, 0x44, 0x44, 0x48,

    /* U+007E "~" */
    0x65, 0x38,

    /* U+00B7 "·" */
    0xff, 0x80,

    /* U+2026 "…" */
    0xc6, 0x3c, 0x63,

    /* U+3010 "【" */
    0xec, 0xc8, 0x88, 0x88, 0x8c, 0xcc, 0xe0,

    /* U+3011 "】" */
    0x77, 0x33, 0x11, 0x11, 0x13, 0x33, 0x70,

    /* U+4E00 "一" */
    0xff, 0xf8,

    /* U+4E01 "丁" */
    0xff, 0xf0, 0x20, 0x2, 0x0, 0x20, 0x2, 0x0,
    0x20, 0x2, 0x0, 0x20, 0x2, 0x0, 0x20, 0x1e,
    0x0,

    /* U+4E07 "万" */
    0xff, 0xf0, 0x80, 0x8, 0x0, 0x80, 0xf, 0xe1,
    0x2, 0x10, 0x21, 0x2, 0x30, 0x42, 0x4, 0x40,
    0x48, 0x3c,

    /* U+4E09 "三" */
    0x7f, 0xe0, 0x0, 0x0, 0x0, 0x0, 0x3f, 0xc0,
    0x0, 0x0, 0x0, 0x0, 0x0, 0xf, 0xff,

    /* U+4E0A "上" */
    0x2, 0x0, 0x10, 0x0, 0x80, 0x4, 0x0, 0x20,
    0x1, 0xf8, 0x8, 0x0, 0x40, 0x2, 0x0, 0x10,
    0x0, 0x81, 0xff, 0xf0,

    /* U+4E0B "下" */
    0xff, 0xf0, 0x40, 0x4, 0x0, 0x60, 0x7, 0x0,
    0x4c, 0x4, 0x20, 0x40, 0x4, 0x0, 0x40, 0x4,
    0x0, 0x40,

    /* U+4E0D "不" */
    0xff, 0xf0, 0x20, 0x6, 0x0, 0xd0, 0xc, 0x83,
    0x44, 0x64, 0x38, 0x41, 0x4, 0x0, 0x40, 0x4,
    0x0, 0x40,

    /* U+4E0E "与" */
    0x10, 0x1, 0x0, 0x1f, 0xf2, 0x0, 0x20, 0x2,
    0x0, 0x3f, 0xf0, 0x1, 0x0, 0x1f, 0xfa, 0x0,
    0x20, 0x2, 0x3, 0xc0,

    /* U+4E11 "丑" */
    0x7f, 0xc0, 0x42, 0x2, 0x10, 0x10, 0x80, 0x84,
    0x3f, 0xe0, 0x21, 0x2, 0x8, 0x10, 0x40, 0x82,
    0x4, 0x11, 0xff, 0xf0,

    /* U+4E13 "专" */
    0x4, 0x0, 0x40, 0x7f, 0xe0, 0x80, 0xff, 0xf1,
    0x0, 0x10, 0x1, 0xfe, 0x0, 0x40, 0x8, 0x19,
    0x0, 0x30, 0x0, 0x80,

    /* U+4E14 "且" */
    0x3f, 0xc2, 0x4, 0x20, 0x43, 0xfc, 0x20, 0x42,
    0x4, 0x20, 0x43, 0xfc, 0x20, 0x42, 0x4, 0x20,
    0x4f, 0xff,

    /* U+4E16 "世" */
    0x2, 0x1, 0x11, 0x8, 0x88, 0x44, 0x4f, 0xff,
    0x91, 0x10, 0x88, 0x84, 0x44, 0x23, 0xe1, 0x0,
    0x8, 0x0, 0x7f, 0xf0,

    /* U+4E1C "东" */
    0x4, 0x0, 0x80, 0xff, 0xf1, 0x0, 0x12, 0x2,
    0x20, 0x7f, 0xe0, 0x20, 0x32, 0x42, 0x26, 0x42,
    0x2c, 0x21, 0xe, 0x0,

    /* U+4E22 "丢" */
    0x0, 0xe7, 0xf0, 0x4, 0x0, 0x40, 0x7f, 0xe0,
    0x40, 0x4, 0xf, 0xff, 0x8, 0x1, 0x88, 0x10,
    0x42, 0x6, 0x7f, 0xa0,

    /* U+4E24 "两" */
    0xff, 0xf0, 0x90, 0x9, 0x7, 0xfe, 0x49, 0x24,
    0x92, 0x59, 0xa5, 0x66, 0x62, 0x66, 0x2, 0x40,
    0x24, 0xe,

    /* U+4E25 "严" */
    0x7f, 0xf0, 0x90, 0x29, 0x22, 0x94, 0x9, 0x47,
    0xff, 0x40, 0x4, 0x0, 0x40, 0x4, 0x0, 0x40,
    0x8, 0x0, 0x0, 0x0,

    /* U+4E2A "个" */
    0x2, 0x0, 0x38, 0x1, 0x60, 0x31, 0x83, 0x26,
    0x61, 0xc, 0x8, 0x0, 0x40, 0x2, 0x0, 0x10,
    0x0, 0x80, 0x4, 0x0, 0x20, 0x0,

    /* U+4E2D "中" */
    0x4, 0x0, 0x80, 0x10, 0x7f, 0xf8, 0x43, 0x8,
    0x61, 0xc, 0x21, 0xff, 0xf0, 0x84, 0x10, 0x2,
    0x0, 0x40,

    /* U+4E32 "串" */
    0x4, 0x0, 0x81, 0xff, 0x22, 0x24, 0x44, 0xff,
    0x81, 0x7, 0xff, 0x84, 0x30, 0x87, 0xff, 0xc2,
    0x10, 0x40,

    /* U+4E34 "临" */
    0x22, 0x2, 0x20, 0xa7, 0xfa, 0x40, 0xac, 0x8a,
    0x84, 0xa0, 0xa, 0x7f, 0xa4, 0x9a, 0x49, 0xa4,
    0x92, 0x7f, 0x24, 0x10,

    /* U+4E3A "为" */
    0x24, 0x2, 0x40, 0x14, 0x0, 0x40, 0x7f, 0xf0,
    0x41, 0x4, 0x10, 0x91, 0x8, 0x91, 0x9, 0x30,
    0x16, 0x3, 0x41, 0xe0,

    /* U+4E3B "主" */
    0x0, 0x0, 0x60, 0x3, 0x7, 0xfe, 0x4, 0x0,
    0x40, 0x4, 0x7, 0xfe, 0x4, 0x0, 0x40, 0x4,
    0x0, 0x40, 0xff, 0xf0,

    /* U+4E3E "举" */
    0x4, 0x2, 0x44, 0x10, 0x8f, 0xff, 0x10, 0x82,
    0x44, 0x44, 0x2b, 0xfd, 0x4, 0xf, 0xff, 0x4,
    0x0, 0x40, 0x4, 0x0,

    /* U+4E45 "久" */
    0xc, 0x0, 0x20, 0x0, 0xf8, 0x4, 0x20, 0x30,
    0x80, 0x84, 0x4, 0x10, 0x0, 0xa0, 0x6, 0xc0,
    0x31, 0x1, 0x82, 0x18, 0x6, 0x40, 0x0,

    /* U+4E48 "么" */
    0x0, 0x0, 0x40, 0x8, 0x1, 0x8, 0x21, 0x84,
    0x10, 0x82, 0x0, 0x40, 0x8, 0xc1, 0x4, 0x20,
    0x2f, 0xff, 0x0, 0x10,

    /* U+4E49 "义" */
    0x4, 0x0, 0x42, 0x42, 0x22, 0x24, 0x20, 0x41,
    0x8, 0x10, 0x80, 0x90, 0x6, 0x0, 0x60, 0x19,
    0x86, 0xe, 0xc0, 0x30,

    /* U+4E4B "之" */
    0x4, 0x0, 0x60, 0x2, 0xf, 0xfe, 0x0, 0x40,
    0xc, 0x1, 0x80, 0x30, 0x6, 0x0, 0x80, 0x30,
    0xf, 0x0, 0x8f, 0xf0,

    /* U+4E56 "乖" */
    0x0, 0x47, 0xf0, 0x4, 0xf, 0xff, 0x4, 0x1,
    0x48, 0xf4, 0xe1, 0x48, 0x34, 0x9d, 0x4f, 0x4,
    0x0, 0x40, 0x4, 0x0,

    /* U+4E58 "乘" */
    0x0, 0x47, 0xf8, 0x4, 0xf, 0xff, 0x14, 0x8f,
    0x4e, 0x14, 0x83, 0x69, 0xdd, 0xf1, 0xd8, 0x34,
    0xcc, 0x43, 0x4, 0x0,

    /* U+4E5F "也" */
    0x1, 0x0, 0x88, 0x4, 0x44, 0x23, 0xe1, 0x71,
    0x3c, 0x88, 0x44, 0x42, 0x22, 0x11, 0x60, 0x88,
    0x44, 0x2, 0x20, 0x10, 0xff, 0x0,

    /* U+4E60 "习" */
    0xff, 0xe0, 0x4, 0x80, 0x88, 0x10, 0xc2, 0x8,
    0x40, 0x28, 0x39, 0x38, 0x38, 0x4, 0x0, 0x80,
    0xe0,

    /* U+4E71 "乱" */
    0xc, 0x87, 0x84, 0x4, 0x20, 0x21, 0xf, 0xe8,
    0x8, 0x40, 0x42, 0xf, 0x90, 0x44, 0x82, 0x24,
    0x51, 0x22, 0xf9, 0x14, 0x4f, 0x80,

    /* U+4E86 "了" */
    0xff, 0xe0, 0x18, 0x6, 0x1, 0x0, 0x40, 0x8,
    0x1, 0x0, 0x20, 0x4, 0x0, 0x80, 0x10, 0x1e,
    0x0,

    /* U+4E8B "事" */
    0x2, 0x7, 0xff, 0xc0, 0x80, 0xff, 0xc4, 0x22,
    0x1f, 0xe1, 0xff, 0x80, 0x44, 0xff, 0xf8, 0x11,
    0x1f, 0xf8, 0x4, 0x0, 0xe0, 0x0,

    /* U+4E8C "二" */
    0x7f, 0xe0, 0x0, 0x0, 0x0, 0x0, 0x0, 0x0,
    0x0, 0x0, 0x0, 0x0, 0x0, 0xf, 0xff,

    /* U+4E8E "于" */
    0x7f, 0xe0, 0x20, 0x2, 0x0, 0x20, 0x2, 0xf,
    0xff, 0x2, 0x0, 0x20, 0x2, 0x0, 0x20, 0x2,
    0x1, 0xc0,

    /* U+4E91 "云" */
    0x7f, 0xe0, 0x0, 0x0, 0x0, 0x0, 0xff, 0xf0,
    0x80, 0x18, 0x81, 0x8, 0x30, 0x46, 0xe, 0x7f,
    0x20, 0x0,

    /* U+4E94 "五" */
    0x7f, 0xe0, 0x40, 0x4, 0x0, 0x80, 0x3f, 0xc0,
    0x84, 0x8, 0x40, 0x88, 0x10, 0x8f, 0xff,

    /* U+4EA1 "亡" */
    0x4, 0x0, 0x20, 0x2, 0xf, 0xff, 0x20, 0x2,
    0x0, 0x20, 0x2, 0x0, 0x20, 0x2, 0x0, 0x20,
    0x3, 0xfe,

    /* U+4EA4 "交" */
    0x4, 0x0, 0x20, 0xff, 0xf0, 0x0, 0x10, 0xc6,
    0x2, 0xd0, 0x90, 0x90, 0x9, 0x0, 0x60, 0xf,
    0x3, 0xc, 0xc0, 0x30,

    /* U+4EA7 "产" */
    0x6, 0x0, 0x20, 0x7f, 0xf1, 0x4, 0x8, 0x87,
    0xff, 0x40, 0x4, 0x0, 0x40, 0x4, 0x0, 0x40,
    0x8, 0x0, 0x80, 0x0,

    /* U+4EAE "亮" */
    0x4, 0xf, 0xff, 0x0, 0x3, 0xfc, 0x20, 0x43,
    0xfc, 0x0, 0xf, 0xff, 0x80, 0x19, 0xf9, 0x10,
    0x83, 0x9, 0xe0, 0xf0,

    /* U+4EB2 "亲" */
    0x4, 0x0, 0x60, 0x7f, 0xe1, 0x8, 0x10, 0x8f,
    0xff, 0x2, 0x0, 0x20, 0xff, 0xf0, 0x20, 0x22,
    0x44, 0x22, 0xc, 0x0,

    /* U+4EBA "人" */
    0x2, 0x0, 0x10, 0x0, 0x80, 0x4, 0x0, 0x20,
    0x2, 0x80, 0x14, 0x0, 0xb0, 0x8, 0x80, 0xc2,
    0xc, 0x18, 0xc0, 0x60, 0x0, 0x0,

    /* U+4EC0 "什" */
    0x10, 0x80, 0x84, 0x8, 0x20, 0x41, 0x6, 0x8,
    0x77, 0xfe, 0x82, 0x4, 0x10, 0x20, 0x81, 0x4,
    0x8, 0x20, 0x41, 0x2, 0x8, 0x0,

    /* U+4EC7 "仇" */
    0x12, 0x0, 0x90, 0xc, 0x80, 0x44, 0x6, 0xfe,
    0x31, 0x12, 0x88, 0x84, 0x44, 0x22, 0x21, 0x21,
    0x9, 0xa, 0x58, 0x53, 0x83, 0x80,

    /* U+4ECA "今" */
    0x2, 0x0, 0x60, 0x9, 0x3, 0xc, 0x64, 0x68,
    0x21, 0x0, 0x7, 0xfe, 0x0, 0x40, 0x8, 0x1,
    0x80, 0x30, 0x2, 0x0,

    /* U+4ECE "从" */
    0x10, 0x81, 0x8, 0x10, 0x81, 0x8, 0x10, 0x81,
    0x88, 0x29, 0x82, 0x58, 0x25, 0x42, 0x24, 0x42,
    0x2c, 0x41,

    /* U+4ED3 "仓" */
    0x2, 0x0, 0x38, 0x1, 0x60, 0x31, 0x83, 0x2,
    0x6f, 0xec, 0x41, 0x2, 0x8, 0x10, 0x40, 0x8e,
    0x4, 0x8, 0x20, 0x41, 0xfe, 0x0,

    /* U+4ED4 "仔" */
    0x10, 0x0, 0xbf, 0xc8, 0xc, 0x40, 0x86, 0x8,
    0x70, 0x40, 0xbf, 0xe4, 0x10, 0x20, 0x81, 0x4,
    0x8, 0x20, 0x41, 0x2, 0x38, 0x0,

    /* U+4ED6 "他" */
    0x10, 0x80, 0x42, 0x2, 0x48, 0x9, 0x3e, 0x65,
    0x8a, 0xba, 0x22, 0x48, 0x89, 0x22, 0x24, 0xb8,
    0x90, 0x12, 0x40, 0x49, 0x2, 0x27, 0xf8,

    /* U+4EE3 "代" */
    0x8, 0xa0, 0x22, 0x41, 0x8, 0x84, 0x20, 0x31,
    0xfd, 0x5a, 0x1, 0xc, 0x4, 0x10, 0x10, 0x40,
    0x41, 0x1, 0x6, 0x44, 0x9, 0x10, 0x18,

    /* U+4EE4 "令" */
    0x0, 0x0, 0x30, 0x3, 0xc0, 0x31, 0x6, 0x46,
    0x61, 0x1c, 0x0, 0xf, 0xfc, 0x0, 0x40, 0x4,
    0x3, 0x40, 0xc, 0x0, 0x10, 0x0, 0x0,

    /* U+4EE5 "以" */
    0x0, 0x44, 0x84, 0x44, 0x44, 0x44, 0x40, 0x44,
    0x8, 0x40, 0x84, 0x8, 0x59, 0x86, 0x14, 0x6,
    0x20, 0xc1,

    /* U+4EEC "们" */
    0x0, 0x0, 0x97, 0xc4, 0x42, 0x48, 0x12, 0x40,
    0xb2, 0x4, 0x90, 0x24, 0x81, 0x24, 0x9, 0x20,
    0x49, 0x2, 0x48, 0x12, 0x43, 0x80,

    /* U+4EF6 "件" */
    0x10, 0x80, 0xa4, 0x9, 0x20, 0x4f, 0xe6, 0x48,
    0x74, 0x40, 0x82, 0x5, 0xff, 0x20, 0x81, 0x4,
    0x8, 0x20, 0x41, 0x2, 0x8, 0x0,

    /* U+4EFB "任" */
    0x10, 0x10, 0x8f, 0xb, 0xa0, 0x41, 0x6, 0x8,
    0x50, 0x42, 0xbf, 0xe4, 0x10, 0x20, 0x81, 0x4,
    0x8, 0x20, 0x41, 0x2, 0xff, 0x80,

    /* U+4EFD "份" */
    0x11, 0x20, 0x44, 0x82, 0x21, 0x9, 0x84, 0x64,
    0xa, 0xaf, 0xc2, 0x11, 0x8, 0x44, 0x21, 0x10,
    0x88, 0x42, 0x61, 0xb, 0x18,

    /* U+4F11 "休" */
    0x18, 0x80, 0x84, 0xc, 0x20, 0x41, 0x6, 0xff,
    0xf0, 0xe2, 0x87, 0x4, 0x54, 0x26, 0xb1, 0x64,
    0x8e, 0x22, 0x41, 0x2, 0x8, 0x0,

    /* U+4F18 "优" */
    0x19, 0x0, 0x89, 0x4, 0x44, 0x42, 0x26, 0xff,
    0xb0, 0x82, 0x85, 0x4, 0x28, 0x21, 0x41, 0x12,
    0x8, 0x92, 0x48, 0x92, 0x87, 0x80,

    /* U+4F1A "会" */
    0x3, 0x0, 0x1e, 0x0, 0xcc, 0x4, 0xc, 0x6f,
    0xcc, 0x0, 0x7, 0xff, 0x81, 0x0, 0x8, 0x40,
    0x40, 0x83, 0xff, 0x0, 0x0,

    /* U+4F24 "伤" */
    0x11, 0x1, 0x20, 0x23, 0xf2, 0x40, 0x68, 0x8e,
    0x8, 0xaf, 0xf2, 0x9, 0x21, 0x12, 0x11, 0x22,
    0x12, 0x61, 0x28, 0x70,

    /* U+4F34 "伴" */
    0x18, 0x80, 0xa4, 0x8d, 0x24, 0x45, 0x46, 0x8,
    0x73, 0xfa, 0x82, 0x4, 0x10, 0x2f, 0xf9, 0x4,
    0x8, 0x20, 0x41, 0x2, 0x8, 0x0,

    /* U+4F46 "但" */
    0x10, 0x0, 0xbf, 0x8d, 0x4, 0x48, 0x26, 0x41,
    0x73, 0xfa, 0x90, 0x44, 0x82, 0x24, 0x11, 0x3f,
    0x88, 0x0, 0x40, 0x2, 0xff, 0x80,

    /* U+4F4D "位" */
    0x1, 0x0, 0x88, 0x8, 0x20, 0x5f, 0xe6, 0x0,
    0x32, 0x12, 0x90, 0x84, 0x84, 0x22, 0x41, 0x12,
    0x8, 0x90, 0x40, 0x82, 0xff, 0x80,

    /* U+4F4E "低" */
    0x10, 0xf0, 0xba, 0x9, 0x10, 0xc8, 0x86, 0x44,
    0x53, 0xfc, 0x91, 0x4, 0x88, 0x24, 0x21, 0x25,
    0x9, 0x2a, 0x5e, 0xb0,

    /* U+4F4F "住" */
    0x11, 0x0, 0x88, 0x8, 0x20, 0x5f, 0xe6, 0x10,
    0x70, 0x82, 0x84, 0x5, 0xfe, 0x21, 0x1, 0x8,
    0x8, 0x40, 0x42, 0x3, 0xff, 0x80,

    /* U+4F53 "体" */
    0x10, 0x80, 0x84, 0x8, 0x20, 0x5f, 0xf6, 0x1c,
    0x30, 0xe2, 0x8b, 0x4, 0x54, 0x24, 0x91, 0x64,
    0x8a, 0xfa, 0x41, 0x2, 0x8, 0x0,

    /* U+4F55 "何" */
    0x10, 0x1, 0x7f, 0xc8, 0x4, 0xc0, 0x26, 0xf9,
    0x54, 0x48, 0xa2, 0x45, 0xf2, 0x28, 0x11, 0x40,
    0x88, 0x4, 0x41, 0xe0,

    /* U+4F59 "余" */
    0x3, 0x0, 0x16, 0x0, 0x84, 0xc, 0xc, 0xff,
    0xec, 0xc, 0x0, 0x30, 0x1f, 0xfe, 0x3, 0x0,
    0x4d, 0x83, 0x33, 0x10, 0xc6, 0xe, 0x0,

    /* U+4F5C "作" */
    0x11, 0x0, 0x98, 0x8, 0xfe, 0x4d, 0x6, 0xc8,
    0x54, 0x7c, 0x82, 0x4, 0x10, 0x20, 0xf9, 0x4,
    0x8, 0x20, 0x41, 0x0,

    /* U+4F60 "你" */
    0x12, 0x0, 0x90, 0xd, 0x0, 0x4f, 0xf6, 0x48,
    0xf4, 0x4a, 0x8a, 0x84, 0x92, 0x24, 0x91, 0x24,
    0x8a, 0x22, 0x41, 0x2, 0x18, 0x0,

    /* U+4F7F "使" */
    0x10, 0x80, 0x84, 0xb, 0xfe, 0x41, 0x6, 0xff,
    0xd4, 0x46, 0xa2, 0x25, 0xff, 0x20, 0x81, 0x28,
    0x8, 0xc0, 0x45, 0x82, 0xc3, 0x80,

    /* U+4F8B "例" */
    0x10, 0x9, 0x7c, 0x49, 0xa, 0x48, 0x56, 0x7a,
    0xb2, 0x54, 0xa4, 0xa5, 0x25, 0x27, 0x29, 0x11,
    0x48, 0x82, 0x48, 0x12, 0x83, 0x80,

    /* U+4F9D "依" */
    0x0, 0x0, 0x84, 0x4, 0x20, 0x5f, 0xf6, 0x18,
    0x31, 0xc6, 0x9a, 0x65, 0xcc, 0x32, 0x41, 0x11,
    0x8, 0x8c, 0x47, 0x32, 0x60, 0x0,

    /* U+4FBF "便" */
    0x10, 0x0, 0xff, 0xc8, 0x20, 0x5f, 0xe6, 0x89,
    0x37, 0xf8, 0xa2, 0x45, 0x12, 0x2f, 0xf1, 0x44,
    0x9, 0x40, 0x47, 0x3, 0xc7, 0x80,

    /* U+4FDD "保" */
    0x0, 0x0, 0xbf, 0x85, 0x4, 0x48, 0x26, 0x7f,
    0x50, 0x42, 0x82, 0x5, 0xff, 0x21, 0xc1, 0x15,
    0x9, 0xac, 0x59, 0x12, 0x8, 0x0,

    /* U+4FE1 "信" */
    0x10, 0x80, 0x84, 0xb, 0xfe, 0x40, 0x6, 0x7f,
    0x50, 0x0, 0x9f, 0xc4, 0x0, 0x27, 0xf1, 0x20,
    0x89, 0x4, 0x48, 0x22, 0x7f, 0x0,

    /* U+4FE9 "俩" */
    0x10, 0x0, 0xff, 0xc8, 0x50, 0x42, 0x86, 0xff,
    0xb4, 0xa4, 0xa5, 0x25, 0x2d, 0x2a, 0xe9, 0x54,
    0xca, 0x22, 0x50, 0x12, 0x83, 0x0,

    /* U+500D "倍" */
    0x10, 0x80, 0x84, 0x5, 0xfe, 0x48, 0x46, 0x22,
    0x31, 0x22, 0xbf, 0xe4, 0x0, 0x27, 0xf1, 0x20,
    0x89, 0x4, 0x48, 0x22, 0x7f, 0x0,

    /* U+5012 "倒" */
    0x10, 0x9, 0x7d, 0x49, 0x4a, 0xd2, 0x56, 0xfa,
    0xd1, 0x14, 0x88, 0xa5, 0xf5, 0x22, 0x29, 0x14,
    0x4b, 0xc2, 0x40, 0x70,

    /* U+5019 "候" */
    0x10, 0x0, 0x4f, 0xc2, 0x1, 0xa, 0xfe, 0x69,
    0x1, 0xa4, 0x2, 0xaf, 0xa, 0x90, 0x2b, 0xf8,
    0xa1, 0x2, 0xa, 0x8, 0x44, 0x26, 0x8,

    /* U+503C "值" */
    0x18, 0x80, 0x84, 0x5, 0xfe, 0x41, 0x6, 0x7f,
    0x32, 0xa, 0x9f, 0xc4, 0x82, 0x27, 0xf1, 0x20,
    0x89, 0xfc, 0x48, 0x22, 0xff, 0x80,

    /* U+503E "倾" */
    0x10, 0x1, 0xf, 0xca, 0x10, 0x51, 0xe6, 0xf1,
    0x74, 0xaa, 0xa5, 0x45, 0x2a, 0x2b, 0x51, 0x62,
    0x8, 0x18, 0x41, 0x22, 0x30, 0x80,

    /* U+504F "偏" */
    0x0, 0x0, 0x84, 0xb, 0xfe, 0x50, 0x16, 0xff,
    0xf4, 0x2, 0xaf, 0xe5, 0x55, 0x2a, 0xa9, 0x5f,
    0xca, 0xaa, 0x65, 0x53, 0x2b, 0x80,

    /* U+505A "做" */
    0x14, 0x40, 0x51, 0x2, 0x44, 0xb, 0xde, 0x64,
    0xc9, 0x93, 0x2a, 0x4d, 0xb, 0xd4, 0x29, 0x50,
    0xa4, 0x82, 0x92, 0xb, 0xd4, 0x28, 0x88,

    /* U+5065 "健" */
    0x10, 0x40, 0x7f, 0xe2, 0x24, 0x89, 0x7f, 0x64,
    0x4b, 0xbf, 0xe2, 0x24, 0x8, 0xfe, 0x2a, 0x40,
    0xb7, 0xf2, 0x44, 0xa, 0xc0, 0x30, 0xfc,

    /* U+5076 "偶" */
    0x10, 0x0, 0xbf, 0x8d, 0x24, 0x4f, 0xe6, 0x49,
    0x73, 0xf8, 0x82, 0x5, 0xff, 0x28, 0x89, 0x45,
    0x4a, 0xda, 0x50, 0x12, 0x83, 0x80,

    /* U+5077 "偷" */
    0x0, 0x0, 0x8c, 0x8, 0x90, 0x58, 0x66, 0xfe,
    0x30, 0xa, 0xbd, 0x45, 0x2a, 0x2f, 0x51, 0x4a,
    0x8b, 0xd4, 0x52, 0x22, 0xb3, 0x0,

    /* U+50BB "傻" */
    0x11, 0x1, 0x7f, 0x8a, 0x94, 0x53, 0x26, 0xa5,
    0x77, 0xfa, 0x89, 0x85, 0xc2, 0x27, 0xe1, 0x63,
    0x8, 0xf0, 0x47, 0x83, 0xc3, 0x80,

    /* U+50CF "像" */
    0x1a, 0x0, 0x9e, 0x5, 0x20, 0x5f, 0xe6, 0x49,
    0x73, 0xf8, 0x84, 0x5, 0xd6, 0x21, 0xe1, 0x75,
    0x8, 0xd4, 0x59, 0x12, 0x18, 0x0,

    /* U+5141 "允" */
    0x4, 0x0, 0x60, 0x2, 0x60, 0x21, 0x2, 0x4,
    0x3f, 0xf1, 0x24, 0x41, 0x20, 0x9, 0x0, 0x48,
    0x4, 0x42, 0x62, 0x1c, 0x1f, 0x80,

    /* U+5145 "充" */
    0x4, 0x0, 0x20, 0xff, 0xf0, 0x80, 0x10, 0x82,
    0x4, 0x7f, 0xe0, 0x90, 0x9, 0x1, 0x10, 0x11,
    0x12, 0x11, 0xc1, 0xf0,

    /* U+5148 "先" */
    0x4, 0x2, 0x40, 0x3f, 0xe4, 0x40, 0x44, 0x0,
    0x40, 0xff, 0xf0, 0x90, 0x11, 0x1, 0x10, 0x11,
    0x12, 0x11, 0xc1, 0xf0,

    /* U+5149 "光" */
    0x4, 0x4, 0x42, 0x24, 0x42, 0x44, 0x14, 0x80,
    0x40, 0xff, 0xf0, 0x90, 0x11, 0x1, 0x10, 0x11,
    0x16, 0x11, 0xc1, 0xf0,

    /* U+514B "克" */
    0x4, 0x0, 0x40, 0xff, 0xf0, 0x40, 0x3f, 0xc4,
    0x4, 0x40, 0x43, 0xfc, 0x9, 0x1, 0x10, 0x11,
    0x12, 0x11, 0xc1, 0xf0,

    /* U+514D "免" */
    0x8, 0x0, 0x7e, 0x4, 0x20, 0x43, 0x7, 0xff,
    0x11, 0x88, 0x88, 0x47, 0xfe, 0x2, 0x80, 0x24,
    0x3, 0x22, 0x31, 0x16, 0xf, 0x80,

    /* U+515A "党" */
    0x4, 0x22, 0x44, 0x24, 0x4f, 0xff, 0x80, 0x1b,
    0xfd, 0x20, 0x42, 0x4, 0x3f, 0xc0, 0xb0, 0x13,
    0x13, 0x31, 0xc1, 0xf0,

    /* U+515C "兜" */
    0x0, 0x1, 0x90, 0x1b, 0xfc, 0x91, 0x24, 0xf9,
    0x24, 0x49, 0x62, 0x4d, 0xfe, 0x8, 0x80, 0x44,
    0x6, 0x22, 0x61, 0x1c, 0xf, 0x80,

    /* U+5165 "入" */
    0x18, 0x0, 0xc0, 0x4, 0x0, 0x60, 0x7, 0x0,
    0x50, 0x9, 0x80, 0x88, 0x10, 0x42, 0x6, 0x60,
    0x38, 0x1,

    /* U+5168 "全" */
    0x3, 0x0, 0x1e, 0x0, 0xcc, 0x6, 0x18, 0x30,
    0x11, 0x7f, 0xa0, 0x20, 0x0, 0x80, 0x1f, 0xe0,
    0x8, 0x0, 0x20, 0x0, 0x80, 0x7f, 0xf8,

    /* U+516C "公" */
    0x11, 0x81, 0x8, 0x20, 0x42, 0x6, 0x44, 0x38,
    0x41, 0x8, 0x1, 0x88, 0x10, 0xc2, 0x4, 0x7f,
    0xe0, 0x3,

    /* U+5171 "共" */
    0x10, 0x40, 0x82, 0x4, 0x10, 0xff, 0xe1, 0x4,
    0x8, 0x20, 0x41, 0x2, 0x8, 0xff, 0xf8, 0x0,
    0x6, 0x20, 0x60, 0xc6, 0x1, 0x0, 0x0,

    /* U+5173 "关" */
    0x20, 0x41, 0x8, 0x10, 0x87, 0xfe, 0x6, 0x0,
    0x60, 0x6, 0xf, 0xff, 0x6, 0x0, 0x50, 0x9,
    0x83, 0xc, 0xc0, 0x30,

    /* U+5174 "兴" */
    0x0, 0x0, 0x83, 0xc4, 0x24, 0x46, 0x24, 0x42,
    0x8, 0x0, 0xf, 0xff, 0x0, 0x1, 0x8, 0x20,
    0x44, 0x2, 0x80, 0x10,

    /* U+5176 "其" */
    0x20, 0x82, 0x8, 0xff, 0xf2, 0x8, 0x1f, 0x82,
    0x8, 0x20, 0x81, 0xf8, 0x20, 0x8f, 0xff, 0x1,
    0x3, 0xc, 0xc0, 0x30,

    /* U+5177 "具" */
    0x3f, 0xe1, 0x1, 0xf, 0xf8, 0x40, 0x43, 0xfe,
    0x10, 0x10, 0xff, 0x84, 0x4, 0xff, 0xf8, 0x46,
    0xc, 0xd, 0x80, 0x30,

    /* U+5178 "典" */
    0x8, 0x80, 0x44, 0x1f, 0xfc, 0x91, 0x24, 0x89,
    0x3f, 0xf9, 0x22, 0x49, 0x12, 0x48, 0x97, 0xff,
    0xc2, 0x20, 0x20, 0xc6, 0x1, 0x80,

    /* U+517B "养" */
    0x10, 0x81, 0x8, 0x7f, 0xf0, 0x40, 0x7f, 0xe0,
    0x40, 0xff, 0xf1, 0x8, 0x70, 0xe9, 0x9, 0x10,
    0x83, 0x8, 0x40, 0x80,

    /* U+5185 "内" */
    0x4, 0x0, 0x80, 0x10, 0x7f, 0xf8, 0x43, 0x8,
    0x63, 0x8c, 0x59, 0x91, 0xb4, 0x1e, 0x0, 0xc0,
    0x18, 0xe,

    /* U+518C "册" */
    0x3d, 0xe2, 0x29, 0x11, 0x48, 0x8a, 0x44, 0x52,
    0x7f, 0xfd, 0x14, 0x88, 0xa4, 0x45, 0x22, 0x29,
    0x11, 0x89, 0x34, 0xc0,

    /* U+518D "再" */
    0x7f, 0xf0, 0x10, 0xf, 0xf8, 0x44, 0x42, 0x22,
    0x1f, 0xf0, 0x88, 0x84, 0x44, 0xff, 0xf9, 0x1,
    0x8, 0x8, 0x41, 0xc0,

    /* U+5192 "冒" */
    0xff, 0xf7, 0xf6, 0x0, 0xdf, 0xd8, 0x2, 0xff,
    0x90, 0x13, 0xfe, 0x40, 0x4f, 0xf9, 0x1, 0x3f,
    0xe0,

    /* U+5199 "写" */
    0xff, 0xf9, 0x1, 0x90, 0x11, 0xfc, 0x10, 0x2,
    0x0, 0x3f, 0xc0, 0x4, 0xff, 0x40, 0x4, 0x0,
    0x40, 0x38,

    /* U+51A0 "冠" */
    0xff, 0xf4, 0x0, 0x80, 0x8, 0xf8, 0x40, 0x3f,
    0xfe, 0x91, 0x24, 0x89, 0x14, 0x48, 0x22, 0x47,
    0x52, 0x3, 0x1f, 0xe0,

    /* U+51B0 "冰" */
    0x1, 0x4, 0x8, 0x30, 0x40, 0x2, 0x21, 0xd2,
    0x2, 0xe0, 0x16, 0xc, 0xa8, 0x49, 0x44, 0xc9,
    0x2c, 0x44, 0x2, 0x0, 0x70, 0x0,

    /* U+51B2 "冲" */
    0x0, 0x88, 0x8, 0x40, 0x82, 0xff, 0x8, 0x90,
    0x89, 0x28, 0x92, 0xff, 0x48, 0x94, 0x8, 0x80,
    0x88, 0x8, 0x0, 0x80,

    /* U+51B3 "决" */
    0x0, 0x82, 0x4, 0x9, 0xfc, 0x41, 0x20, 0x9,
    0x0, 0x48, 0x2, 0x41, 0xff, 0x21, 0x81, 0xa,
    0x10, 0x90, 0x8c, 0x40, 0xc1, 0x80,

    /* U+51B7 "冷" */
    0x0, 0x8, 0x10, 0xc2, 0x84, 0x44, 0x8, 0x21,
    0x11, 0x0, 0x0, 0xfe, 0x40, 0x44, 0x4, 0x84,
    0x88, 0x30, 0x80, 0x80,

    /* U+51CF "减" */
    0x0, 0x51, 0x1, 0x22, 0xff, 0x8a, 0x10, 0xb,
    0xc8, 0x21, 0x20, 0xbf, 0xb, 0x2c, 0x2c, 0xa1,
    0x2e, 0x85, 0x6, 0x94, 0x26, 0x11, 0x18,

    /* U+51DD "凝" */
    0x10, 0x0, 0x87, 0xd7, 0x84, 0x62, 0xc0, 0xf1,
    0x4, 0x7c, 0x7c, 0xa6, 0x94, 0x5f, 0xba, 0x25,
    0x21, 0xa9, 0x12, 0xc1, 0x13, 0x80,

    /* U+51E0 "几" */
    0x1f, 0xc0, 0x82, 0x4, 0x10, 0x20, 0x81, 0x4,
    0x8, 0x20, 0x41, 0x2, 0x8, 0x20, 0x41, 0x2,
    0x58, 0x13, 0x80, 0xf0,

    /* U+51E1 "凡" */
    0x1f, 0xc0, 0x82, 0x4, 0x10, 0x20, 0x81, 0x44,
    0x9, 0x20, 0x45, 0x2, 0x8, 0x20, 0x49, 0x2,
    0x58, 0x13, 0x80, 0xf0,

    /* U+51ED "凭" */
    0x10, 0x70, 0xac, 0x8, 0x20, 0xdf, 0xfa, 0x8,
    0x10, 0x40, 0x9f, 0xe0, 0x0, 0x1f, 0xc0, 0x82,
    0x4, 0x12, 0x60, 0x9c, 0x7, 0x80,

    /* U+51F6 "凶" */
    0x0, 0x42, 0x8, 0x90, 0x98, 0x91, 0x86, 0x18,
    0x71, 0x8d, 0x99, 0x9, 0xe0, 0x58, 0x1, 0xff,
    0xf0, 0x1,

    /* U+51FA "出" */
    0x4, 0x8, 0x89, 0x11, 0x22, 0x24, 0x44, 0xff,
    0x81, 0x4, 0x21, 0x84, 0x30, 0x86, 0x10, 0xff,
    0xf0, 0x2,

    /* U+51FB "击" */
    0x4, 0x0, 0x40, 0x7f, 0xe0, 0x40, 0x4, 0x0,
    0x40, 0xff, 0xf0, 0x40, 0x44, 0x24, 0x42, 0x44,
    0x27, 0xfe, 0x0, 0x20,

    /* U+51FD "函" */
    0x7f, 0xc0, 0x18, 0x86, 0x1a, 0x4d, 0x95, 0x98,
    0xf1, 0x95, 0x9a, 0x4d, 0x84, 0x18, 0x81, 0xff,
    0xf0, 0x1,

    /* U+5200 "刀" */
    0x7f, 0xf0, 0x41, 0x4, 0x10, 0x41, 0x4, 0x10,
    0x41, 0x8, 0x10, 0x81, 0x10, 0x12, 0x2, 0x41,
    0xe0,

    /* U+5206 "分" */
    0x8, 0x80, 0x42, 0x4, 0x18, 0x60, 0x66, 0x1,
    0x3f, 0xf4, 0x10, 0x80, 0x84, 0x8, 0x20, 0x41,
    0x4, 0x8, 0xc3, 0x80,

    /* U+5207 "切" */
    0x23, 0xf9, 0x4, 0x4b, 0x23, 0xe1, 0x12, 0x8,
    0x90, 0x44, 0x82, 0x24, 0xa1, 0x39, 0x9, 0x18,
    0x41, 0x86, 0x18, 0xe0,

    /* U+5217 "列" */
    0x0, 0x1f, 0xe1, 0x20, 0x92, 0x9, 0x3e, 0x94,
    0x49, 0x44, 0x9a, 0x49, 0x38, 0x90, 0x89, 0x10,
    0x12, 0x1, 0xc0, 0x70,

    /* U+5219 "则" */
    0x0, 0x17, 0xe1, 0x42, 0x54, 0xa5, 0x4a, 0x54,
    0xa5, 0x4a, 0x54, 0xa5, 0x4a, 0x55, 0xa5, 0x14,
    0x12, 0x21, 0xc2, 0x70,

    /* U+521A "刚" */
    0x0, 0x1f, 0xe1, 0x82, 0x98, 0xa9, 0xaa, 0x9a,
    0xa9, 0x92, 0x99, 0x29, 0x9a, 0x9a, 0xa9, 0xe2,
    0x18, 0x21, 0x8e, 0xf0,

    /* U+521B "创" */
    0x8, 0x8, 0x62, 0x45, 0x92, 0x44, 0x94, 0x14,
    0x9f, 0x24, 0x89, 0x24, 0x49, 0x22, 0x49, 0x72,
    0x48, 0x42, 0x42, 0x13, 0xf7, 0x80,

    /* U+521D "初" */
    0x0, 0x0, 0x80, 0x4, 0xfe, 0xf9, 0x10, 0x88,
    0x84, 0x44, 0x52, 0x27, 0x11, 0xd5, 0x8, 0x88,
    0x44, 0x42, 0x24, 0x31, 0x47, 0x0,

    /* U+5220 "删" */
    0x0, 0x17, 0x71, 0x55, 0x55, 0x55, 0x55, 0x55,
    0x55, 0xff, 0xd5, 0x55, 0x55, 0x55, 0x55, 0x55,
    0x19, 0x51, 0xbb, 0x30,

    /* U+5224 "判" */
    0x10, 0x15, 0x21, 0x54, 0x93, 0x49, 0x7e, 0x91,
    0x9, 0x10, 0x9f, 0xe9, 0x10, 0x91, 0x1, 0x20,
    0x16, 0x1, 0x40, 0x70,

    /* U+5229 "利" */
    0x6, 0x17, 0x81, 0x90, 0x91, 0x9, 0xfe, 0x91,
    0x9, 0x38, 0x93, 0x49, 0x52, 0x99, 0x1, 0x10,
    0x11, 0x1, 0x10, 0x70,

    /* U+522B "别" */
    0x0, 0x1f, 0xc1, 0x84, 0x98, 0x49, 0x84, 0x97,
    0x89, 0x20, 0x9f, 0xc9, 0x24, 0x94, 0x41, 0x44,
    0x1c, 0x41, 0x9c, 0x70,

    /* U+5230 "到" */
    0x0, 0x1f, 0xe1, 0xfe, 0x92, 0x89, 0x44, 0x9f,
    0xe9, 0x10, 0x91, 0x9, 0xfe, 0x91, 0x9, 0x12,
    0x1f, 0xc1, 0x0, 0x70,

    /* U+5236 "制" */
    0x10, 0x15, 0x1, 0x50, 0x5f, 0xe5, 0x90, 0x5f,
    0xf5, 0x10, 0x57, 0xe5, 0x52, 0x55, 0x21, 0x52,
    0x15, 0x61, 0x10, 0x70,

    /* U+5237 "刷" */
    0x0, 0x17, 0xf1, 0x41, 0x54, 0x15, 0x7f, 0x54,
    0x85, 0x7f, 0x56, 0x95, 0x69, 0x56, 0x95, 0x69,
    0x1a, 0xb1, 0x88, 0x30,

    /* U+523B "刻" */
    0x10, 0x10, 0x81, 0xff, 0x51, 0x5, 0x22, 0x54,
    0x45, 0x78, 0x51, 0xb5, 0x22, 0x5c, 0x45, 0x1e,
    0x17, 0x31, 0xc0, 0x70,

    /* U+524D "前" */
    0x30, 0x41, 0x8, 0xff, 0xf0, 0x0, 0x0, 0x27,
    0xd2, 0x45, 0x27, 0xd2, 0x45, 0x24, 0x52, 0x7d,
    0x24, 0x42, 0x5c, 0xe0,

    /* U+5269 "剩" */
    0x6, 0x1f, 0x81, 0x10, 0x5f, 0xf5, 0x34, 0x5f,
    0x65, 0x34, 0x5f, 0x75, 0x18, 0x53, 0x61, 0x53,
    0x19, 0x1, 0x10, 0x70,

    /* U+526A "剪" */
    0x10, 0x8f, 0xff, 0x0, 0x27, 0xd2, 0x7d, 0x27,
    0xd2, 0x44, 0x20, 0x84, 0xff, 0xe0, 0x42, 0x18,
    0x2e, 0x1e,

    /* U+526F "副" */
    0x0, 0x1f, 0xf1, 0x0, 0x57, 0xe5, 0x42, 0x57,
    0xe5, 0x0, 0x5f, 0xf5, 0x89, 0x5f, 0xf5, 0x89,
    0x1f, 0xf1, 0x81, 0x70,

    /* U+529B "力" */
    0x4, 0x0, 0x40, 0x4, 0x7, 0xff, 0x4, 0x10,
    0x41, 0x4, 0x10, 0x81, 0x8, 0x11, 0x81, 0x30,
    0x16, 0x2, 0xc1, 0xe0,

    /* U+529E "办" */
    0x4, 0x0, 0x20, 0x1, 0x0, 0xff, 0x80, 0x44,
    0x12, 0x28, 0x91, 0x49, 0x8a, 0x48, 0x48, 0xc2,
    0x44, 0x10, 0x41, 0x8c, 0x38, 0x0,

    /* U+529F "功" */
    0x1, 0xf, 0x90, 0x21, 0x2, 0x7f, 0x21, 0x12,
    0x11, 0x21, 0x12, 0x11, 0x3a, 0x1e, 0x21, 0x6,
    0x10, 0x43, 0x8, 0xe0,

    /* U+52A0 "加" */
    0x20, 0x2, 0x0, 0x21, 0xff, 0xd1, 0x25, 0x12,
    0x51, 0x25, 0x12, 0x51, 0x25, 0x14, 0x51, 0x45,
    0x1c, 0x5f, 0x9d, 0x10,

    /* U+52A1 "务" */
    0x8, 0x1, 0xfe, 0x30, 0x44, 0x98, 0xf, 0xf,
    0xf, 0x4, 0x7, 0xfe, 0x8, 0x20, 0x82, 0x30,
    0x2c, 0x1c,

    /* U+52A8 "动" */
    0x0, 0x8f, 0xc8, 0x0, 0x80, 0x8, 0x3, 0xff,
    0xc9, 0x20, 0x94, 0x89, 0x48, 0x94, 0x51, 0xfd,
    0x10, 0x21, 0x2, 0xe0,

    /* U+52AA "努" */
    0x10, 0x1, 0x8f, 0xff, 0x44, 0x49, 0x26, 0x8e,
    0xc, 0x73, 0x94, 0x60, 0x40, 0x7f, 0xf0, 0x20,
    0x83, 0x4, 0x30, 0x6e, 0xe, 0x0,

    /* U+52B1 "励" */
    0x0, 0x43, 0xfa, 0x10, 0x10, 0x80, 0x87, 0xef,
    0xa8, 0x25, 0x79, 0x2a, 0x49, 0x52, 0x4a, 0x94,
    0x54, 0xa3, 0x45, 0x1a, 0xd7, 0x0,

    /* U+5305 "包" */
    0x18, 0x1, 0x0, 0x3f, 0xe2, 0x2, 0x40, 0x2b,
    0xf2, 0x21, 0x22, 0x12, 0x3f, 0x22, 0xe, 0x20,
    0x12, 0x1, 0x3f, 0xf0,

    /* U+5316 "化" */
    0x12, 0x1, 0x20, 0x22, 0x36, 0x22, 0x62, 0x4a,
    0x28, 0x23, 0x2, 0x60, 0x2e, 0x2, 0x21, 0x22,
    0x12, 0x21, 0x23, 0xe0,

    /* U+5339 "匹" */
    0xff, 0xf8, 0x90, 0x89, 0x8, 0x90, 0x89, 0x8,
    0x90, 0x91, 0x19, 0x11, 0xa1, 0xf8, 0x0, 0xff,
    0xf0,

    /* U+533A "区" */
    0xff, 0xf8, 0x0, 0x80, 0xc9, 0x8, 0x8d, 0x8,
    0x60, 0x87, 0x8, 0xd8, 0x98, 0xca, 0x4, 0x80,
    0xf, 0xff,

    /* U+533B "医" */
    0xff, 0xf8, 0x80, 0x88, 0x9, 0xfe, 0xb2, 0x8,
    0x20, 0xbf, 0xf8, 0x30, 0x84, 0x88, 0x84, 0xb0,
    0x2f, 0xff,

    /* U+5347 "升" */
    0x6, 0x40, 0xe2, 0x3c, 0x10, 0x20, 0x81, 0x4,
    0x8, 0x23, 0xff, 0xe2, 0x8, 0x10, 0x40, 0x82,
    0x8, 0x10, 0xc0, 0x88, 0x4, 0x0,

    /* U+534A "半" */
    0x2, 0x1, 0x11, 0x8, 0x88, 0x24, 0x80, 0x20,
    0x3f, 0xf8, 0x8, 0x0, 0x40, 0xff, 0xf8, 0x10,
    0x0, 0x80, 0x4, 0x0, 0x20, 0x0,

    /* U+5355 "单" */
    0x10, 0x40, 0x46, 0x1f, 0xfc, 0x84, 0x27, 0xff,
    0x21, 0x9, 0xff, 0xc0, 0x40, 0x2, 0x7, 0xff,
    0xc0, 0x80, 0x4, 0x0,

    /* U+5360 "占" */
    0x8, 0x1, 0x0, 0x20, 0x7, 0xf0, 0x80, 0x10,
    0x2, 0x7, 0xfe, 0x80, 0x50, 0xa, 0x1, 0x7f,
    0xe8, 0x4,

    /* U+5361 "卡" */
    0x2, 0x0, 0x10, 0x0, 0xfc, 0x4, 0x0, 0x20,
    0x7f, 0xfc, 0x8, 0x0, 0x40, 0x3, 0xc0, 0x11,
    0x80, 0x80, 0x4, 0x0, 0x20, 0x0,

    /* U+5373 "即" */
    0x7c, 0xf4, 0x49, 0x44, 0x97, 0xc9, 0x44, 0x94,
    0x49, 0x7c, 0x94, 0x9, 0x48, 0xb5, 0xc8, 0xe4,
    0x80, 0x8,

    /* U+538B "压" */
    0x7f, 0xfa, 0x0, 0x10, 0x40, 0x82, 0x4, 0x10,
    0x2f, 0xf9, 0x4, 0x8, 0x28, 0x41, 0x22, 0x8,
    0xa0, 0x41, 0x7f, 0xf8, 0x0, 0x0,

    /* U+538C "厌" */
    0x7f, 0xf2, 0x8, 0x10, 0x58, 0x82, 0x5, 0xff,
    0x20, 0x81, 0xa, 0x8, 0x50, 0x44, 0x44, 0x61,
    0x26, 0x5, 0x0, 0x0,

    /* U+539F "原" */
    0x7f, 0xf4, 0x10, 0x5f, 0xe5, 0x2, 0x5f, 0xe5,
    0x2, 0x50, 0x25, 0xfe, 0x41, 0x8, 0x96, 0xb1,
    0x38, 0x70,

    /* U+53BB "去" */
    0x2, 0x0, 0x10, 0x1f, 0xfc, 0x4, 0x0, 0x20,
    0x1, 0x3, 0xff, 0xe1, 0x80, 0x8, 0x80, 0x82,
    0x8, 0x8, 0xff, 0xe0, 0x1, 0x0,

    /* U+53C2 "参" */
    0x4, 0x80, 0xc2, 0xf, 0xf8, 0x8, 0x20, 0x40,
    0x7f, 0xfc, 0x63, 0x6, 0x6c, 0x5c, 0x9c, 0x18,
    0x7, 0x8, 0x3, 0x81, 0xe0, 0x10, 0x0,

    /* U+53C8 "又" */
    0xff, 0xe1, 0x1, 0x8, 0x10, 0x40, 0x81, 0x8,
    0xc, 0x40, 0x24, 0x0, 0xc0, 0xe, 0x0, 0xcc,
    0x18, 0x19, 0x0, 0x20,

    /* U+53C9 "叉" */
    0x7f, 0xf1, 0x0, 0x84, 0x88, 0x22, 0x40, 0x84,
    0x6, 0x60, 0x12, 0x0, 0x60, 0x7, 0x80, 0x43,
    0x1c, 0x6, 0x0, 0x0,

    /* U+53CA "及" */
    0x7f, 0x80, 0x84, 0x4, 0x40, 0x33, 0xe1, 0x81,
    0xa, 0x10, 0x90, 0x84, 0x48, 0x21, 0x82, 0x1c,
    0x23, 0x9c, 0x0, 0x20,

    /* U+53CC "双" */
    0xfb, 0xf0, 0xa1, 0xa, 0x2c, 0x92, 0x49, 0x23,
    0x16, 0x10, 0xc3, 0xc, 0x28, 0xc4, 0x94, 0xc6,
    0x38, 0x41,

    /* U+53CD "反" */
    0x0, 0xe1, 0xfc, 0x8, 0x0, 0x40, 0x2, 0x0,
    0x1f, 0xf0, 0xa0, 0x84, 0x84, 0x24, 0x41, 0x14,
    0x8, 0x60, 0x85, 0x85, 0xc7, 0x0, 0x0,

    /* U+53D1 "发" */
    0x12, 0x60, 0x91, 0x88, 0x80, 0x7f, 0xf0, 0x40,
    0x2, 0x0, 0x1f, 0xc1, 0x84, 0x1a, 0x20, 0x9a,
    0x8, 0x60, 0x86, 0x81, 0xc3, 0x80,

    /* U+53D6 "取" */
    0xfe, 0x2, 0x2f, 0xd1, 0x22, 0xf9, 0x24, 0x49,
    0x22, 0x49, 0xf1, 0x88, 0x8c, 0x46, 0x67, 0xe3,
    0x1, 0x24, 0xa, 0x10,

    /* U+53D7 "受" */
    0x1, 0xef, 0xe0, 0x44, 0x62, 0x24, 0xff, 0xf8,
    0x1, 0x80, 0x13, 0xfc, 0x30, 0x81, 0x18, 0xf,
    0x0, 0xf0, 0xf0, 0xf0,

    /* U+53D8 "变" */
    0x0, 0x0, 0x20, 0xff, 0xf0, 0x90, 0x29, 0x44,
    0x92, 0x9, 0x17, 0xfc, 0x20, 0x41, 0x98, 0x7,
    0x1, 0xf8, 0xe0, 0x70,

    /* U+53E0 "叠" */
    0x3f, 0xc0, 0x70, 0x7b, 0xe4, 0x92, 0x39, 0xec,
    0x20, 0xff, 0xfb, 0xfd, 0x20, 0x43, 0xfc, 0x3f,
    0xcf, 0xff,

    /* U+53E3 "口" */
    0xff, 0xe0, 0x18, 0x6, 0x1, 0x80, 0x60, 0x18,
    0x6, 0x1, 0x80, 0x7f, 0xf8, 0x4,

    /* U+53E4 "古" */
    0x2, 0x0, 0x10, 0x0, 0x81, 0xff, 0xf0, 0x20,
    0x1, 0x0, 0x8, 0x7, 0xfc, 0x20, 0x21, 0x1,
    0x8, 0x8, 0x7f, 0xc2, 0x2, 0x0,

    /* U+53E5 "句" */
    0x8, 0x0, 0x80, 0x7, 0xfe, 0x40, 0x12, 0x0,
    0xaf, 0xc4, 0x42, 0x22, 0x11, 0x10, 0x88, 0xfc,
    0x44, 0x2, 0x0, 0x30, 0xf, 0x0,

    /* U+53E6 "另" */
    0x7f, 0xe8, 0x5, 0x0, 0xa0, 0x17, 0xfe, 0x8,
    0x3f, 0xf8, 0x21, 0x8, 0x23, 0x5, 0xc0, 0xe0,
    0xe0,

    /* U+53EA "只" */
    0x3f, 0xf1, 0x0, 0x88, 0x4, 0x40, 0x22, 0x1,
    0x10, 0x8, 0xff, 0xc0, 0x0, 0x8, 0x40, 0x43,
    0xc, 0xc, 0xc0, 0x10, 0x0, 0x0,

    /* U+53EB "叫" */
    0x0, 0x3e, 0x46, 0x48, 0xc9, 0x19, 0x23, 0x24,
    0x64, 0x8c, 0x91, 0x92, 0x3e, 0x7c, 0x10, 0x80,
    0x10, 0x2,

    /* U+53EF "可" */
    0xff, 0xf0, 0x4, 0x0, 0x47, 0xe4, 0x42, 0x44,
    0x24, 0x42, 0x44, 0x24, 0x7e, 0x40, 0x4, 0x0,
    0x40, 0x1c,

    /* U+53F0 "台" */
    0x8, 0x2, 0x20, 0x82, 0x20, 0x2f, 0xfe, 0x0,
    0x1f, 0xf2, 0x2, 0x40, 0x48, 0x9, 0xff, 0x20,
    0x20,

    /* U+53F3 "右" */
    0x4, 0x0, 0x40, 0x8, 0xf, 0xff, 0x8, 0x1,
    0x0, 0x30, 0x3, 0xfe, 0x50, 0x29, 0x2, 0x10,
    0x21, 0xfe, 0x10, 0x20,

    /* U+53F6 "叶" */
    0x0, 0x80, 0x8, 0xf0, 0x89, 0x8, 0x90, 0x89,
    0xff, 0x90, 0x89, 0x8, 0x90, 0x8f, 0x8, 0x80,
    0x80, 0x8, 0x0, 0x80,

    /* U+53F7 "号" */
    0x3f, 0xc2, 0x4, 0x20, 0x43, 0xfc, 0x0, 0xf,
    0xff, 0x10, 0x3, 0xfc, 0x0, 0x40, 0x4, 0x0,
    0x40, 0x38,

    /* U+53FD "叽" */
    0x7, 0xcf, 0x44, 0x94, 0x49, 0x44, 0x94, 0x49,
    0x44, 0x94, 0x49, 0x44, 0xf4, 0x48, 0x85, 0x8,
    0x51, 0x7,

    /* U+5403 "吃" */
    0x2, 0x7, 0x90, 0x24, 0xff, 0x28, 0x9, 0x80,
    0x49, 0xf2, 0x41, 0x12, 0x10, 0x91, 0x7, 0x90,
    0x21, 0x4, 0x8, 0x20, 0x7f, 0x0,

    /* U+5404 "各" */
    0x8, 0x0, 0x80, 0x1f, 0xc3, 0x8, 0xc9, 0x0,
    0x60, 0x19, 0x8e, 0x7, 0x3f, 0xc2, 0x4, 0x20,
    0x42, 0x4, 0x3f, 0xc0,

    /* U+5408 "合" */
    0x0, 0x0, 0x10, 0x1, 0x40, 0x11, 0x3, 0x6,
    0x6f, 0xec, 0x0, 0x7, 0xfc, 0x20, 0x21, 0x1,
    0x8, 0x8, 0x7f, 0xc2, 0x2, 0x0,

    /* U+540A "吊" */
    0x7f, 0xc8, 0x9, 0x1, 0x3f, 0xe0, 0x40, 0x8,
    0x3f, 0xfc, 0x21, 0x84, 0x30, 0x86, 0x13, 0x82,
    0x0,

    /* U+540C "同" */
    0xff, 0xf8, 0x1, 0xbf, 0x98, 0x1, 0x80, 0x19,
    0xf1, 0x91, 0x19, 0x11, 0x9f, 0x19, 0x1, 0x90,
    0x18, 0xf,

    /* U+540D "名" */
    0xc, 0x3, 0xfc, 0xc1, 0x20, 0x40, 0xd0, 0xc,
    0xf, 0xfe, 0x81, 0x10, 0x22, 0x4, 0x7f, 0x88,
    0x10,

    /* U+540E "后" */
    0x0, 0xf1, 0xfc, 0x8, 0x0, 0x40, 0x3, 0xff,
    0x90, 0x0, 0x80, 0x5, 0xfe, 0x28, 0x11, 0x40,
    0x92, 0x4, 0x9f, 0xe4, 0x81, 0x0,

    /* U+5411 "向" */
    0xc, 0x1, 0x3, 0xff, 0xc0, 0x19, 0xf3, 0x22,
    0x64, 0x4c, 0x89, 0x9f, 0x32, 0x6, 0x0, 0xc0,
    0xf0,

    /* U+5417 "吗" */
    0x7, 0xef, 0x2, 0x92, 0x29, 0x22, 0x94, 0x29,
    0x7f, 0x90, 0x1f, 0x1, 0x87, 0xd8, 0x1, 0x0,
    0x10, 0x6,

    /* U+5426 "否" */
    0xff, 0xf0, 0x20, 0xc, 0x1, 0xcc, 0x64, 0x38,
    0x41, 0x0, 0x3, 0xfe, 0x40, 0x24, 0x2, 0x3f,
    0xe4, 0x2,

    /* U+5427 "吧" */
    0x7, 0xf7, 0xa4, 0xa5, 0x25, 0x29, 0x29, 0x49,
    0x4a, 0x4a, 0x5f, 0xde, 0x80, 0x84, 0x4, 0x20,
    0x41, 0x4, 0xf, 0xe0,

    /* U+542C "听" */
    0x0, 0x77, 0x9c, 0x24, 0x81, 0x24, 0x9, 0x3f,
    0xc9, 0x22, 0x49, 0x12, 0x48, 0xf2, 0x44, 0x22,
    0x1, 0x10, 0x10, 0x80,

    /* U+542F "启" */
    0x2, 0x0, 0x10, 0x3f, 0xf2, 0x1, 0x20, 0x13,
    0xff, 0x20, 0x2, 0x0, 0x2f, 0xf2, 0x81, 0x48,
    0x14, 0xff, 0x48, 0x10,

    /* U+5435 "吵" */
    0x0, 0x80, 0x4, 0x3c, 0x21, 0x25, 0x49, 0x49,
    0x4a, 0x46, 0x52, 0x12, 0x12, 0xf0, 0x24, 0x1,
    0x20, 0x10, 0x3, 0x0, 0x60, 0x0, 0x0,

    /* U+5438 "吸" */
    0x7, 0xe7, 0x91, 0x24, 0x91, 0x24, 0x89, 0x27,
    0x49, 0xa, 0x54, 0x5e, 0xa4, 0x84, 0xe4, 0x22,
    0x2, 0x38, 0x32, 0x60, 0x20, 0x0,

    /* U+5439 "吹" */
    0x0, 0x0, 0x10, 0x3c, 0x81, 0x27, 0xf9, 0x41,
    0x4a, 0x4a, 0x62, 0x52, 0x10, 0x90, 0x87, 0x8a,
    0x20, 0xd8, 0xc, 0x60, 0xc1, 0x80,

    /* U+5440 "呀" */
    0x7, 0xf7, 0x81, 0x25, 0x9, 0x28, 0x49, 0x42,
    0x4b, 0xfe, 0x41, 0x92, 0x14, 0xf1, 0x24, 0x31,
    0x2, 0x8, 0x1, 0xc0,

    /* U+5446 "呆" */
    0x3f, 0xe4, 0x2, 0x40, 0x23, 0xfe, 0x4, 0x0,
    0x40, 0xff, 0xf0, 0xd0, 0x1d, 0x82, 0x44, 0xc4,
    0x30, 0x40,

    /* U+544A "告" */
    0x22, 0x2, 0x20, 0x7f, 0xe4, 0x20, 0x2, 0xf,
    0xff, 0x0, 0x0, 0x0, 0x3f, 0xc2, 0x4, 0x20,
    0x43, 0xfc, 0x20, 0x40,

    /* U+5457 "呗" */
    0x7, 0xf7, 0xa0, 0xa5, 0x25, 0x29, 0x29, 0x49,
    0x4a, 0x4a, 0x52, 0x5e, 0x92, 0x84, 0x94, 0xa,
    0x0, 0xc8, 0xc, 0x20, 0x80, 0x0,

    /* U+545C "呜" */
    0x1, 0xf, 0x7e, 0x94, 0x29, 0x42, 0x94, 0xe9,
    0x40, 0x97, 0xf9, 0x1, 0xef, 0xd8, 0x1, 0x0,
    0x10, 0x6,

    /* U+5462 "呢" */
    0x7, 0xff, 0x41, 0x94, 0x19, 0x7f, 0x95, 0x9,
    0x51, 0x95, 0x39, 0x5c, 0xf5, 0x8, 0x90, 0x9,
    0x11, 0x9f,

    /* U+5468 "周" */
    0x3f, 0xf2, 0x21, 0x2f, 0xd2, 0x21, 0x2f, 0xd2,
    0x1, 0x20, 0x12, 0xfd, 0x28, 0x56, 0xfd, 0x48,
    0x14, 0x87,

    /* U+5471 "呱" */
    0x1, 0xf7, 0xb9, 0x25, 0x49, 0x2a, 0x49, 0x92,
    0x4c, 0x92, 0x64, 0x9f, 0x34, 0x89, 0x54, 0x52,
    0x82, 0x94, 0x17, 0x50, 0x0, 0x0,

    /* U+5472 "呲" */
    0x2, 0xe, 0x24, 0xa2, 0x4a, 0x24, 0xaa, 0x6a,
    0xb6, 0xaa, 0x4a, 0xa4, 0xaa, 0x4e, 0xa4, 0x8a,
    0x50, 0xf5, 0x18, 0x70,

    /* U+547C "呼" */
    0x1, 0xf7, 0x74, 0x29, 0x25, 0x49, 0x2a, 0x4a,
    0x50, 0x42, 0xbf, 0xfc, 0x10, 0x80, 0x84, 0x4,
    0x0, 0x20, 0x7, 0x0,

    /* U+547D "命" */
    0x2, 0x0, 0x30, 0x2, 0x60, 0x61, 0x8d, 0xfb,
    0x80, 0x1, 0xe7, 0xc9, 0x22, 0x49, 0x12, 0x48,
    0x9e, 0x5c, 0x82, 0x0, 0x10, 0x0,

    /* U+548C "和" */
    0x1c, 0xf, 0x1f, 0x11, 0x1f, 0xd1, 0x31, 0x13,
    0x91, 0x59, 0x15, 0x51, 0x91, 0x11, 0x1f, 0x11,
    0x11, 0x11,

    /* U+5495 "咕" */
    0x0, 0x87, 0x84, 0x24, 0x21, 0x2f, 0xf9, 0x8,
    0x48, 0x42, 0x42, 0x12, 0xfe, 0xf4, 0x14, 0x20,
    0xa1, 0x4, 0xf, 0xe0, 0x41, 0x0,

    /* U+5496 "咖" */
    0x4, 0xe, 0x40, 0xa4, 0xfa, 0xe9, 0xa6, 0x9a,
    0x69, 0xa6, 0x9a, 0x69, 0xe6, 0x98, 0xa9, 0x8a,
    0xf1, 0xa9, 0x36, 0x90,

    /* U+54AA "咪" */
    0x0, 0x87, 0xa4, 0xa5, 0x25, 0x25, 0x49, 0x2a,
    0x48, 0x42, 0x7f, 0xf2, 0x38, 0xf3, 0xc4, 0x15,
    0x1, 0x24, 0x11, 0x10, 0x8, 0x0,

    /* U+54B3 "咳" */
    0x0, 0x80, 0x4, 0x3d, 0xff, 0x22, 0x9, 0x12,
    0x49, 0x12, 0x5f, 0x12, 0x12, 0x93, 0x37, 0xb3,
    0x20, 0x30, 0x6, 0x60, 0xc1, 0x0,

    /* U+54C4 "哄" */
    0x2, 0x27, 0x91, 0x24, 0x89, 0x2f, 0xf9, 0x22,
    0x49, 0x12, 0x48, 0x92, 0x44, 0x9f, 0xff, 0x80,
    0x20, 0x88, 0x8, 0x20, 0x80, 0x80,

    /* U+54C7 "哇" */
    0x0, 0x87, 0x84, 0x25, 0xfd, 0x21, 0x9, 0x8,
    0x4b, 0xfe, 0x40, 0x12, 0x10, 0xf7, 0xf4, 0x4,
    0x20, 0x20, 0x1, 0x0, 0xff, 0x80,

    /* U+54C8 "哈" */
    0x1, 0x8f, 0x18, 0x92, 0x49, 0x42, 0x9b, 0xd9,
    0x0, 0x97, 0xef, 0x42, 0x84, 0x28, 0x42, 0x7,
    0xe0, 0x42,

    /* U+54CD "响" */
    0x0, 0x8f, 0x10, 0x97, 0xf9, 0x41, 0x95, 0xd9,
    0x55, 0x95, 0x5f, 0x55, 0x85, 0xd8, 0x51, 0x4,
    0x10, 0x43,

    /* U+54D2 "哒" */
    0x0, 0x47, 0x42, 0x29, 0x11, 0x43, 0xea, 0x4,
    0x56, 0x22, 0x91, 0x94, 0x94, 0xa4, 0x97, 0x28,
    0xa1, 0x0, 0x1c, 0x1, 0x1f, 0x80,

    /* U+54DF "哟" */
    0xe4, 0x8a, 0x48, 0xa4, 0xfa, 0xa9, 0xbf, 0x1a,
    0x49, 0xa4, 0x5a, 0xf5, 0xe8, 0x58, 0x11, 0xe,
    0x10, 0x6,

    /* U+54E6 "哦" */
    0x1, 0x47, 0x7a, 0xa8, 0x93, 0x44, 0x8b, 0xff,
    0xd1, 0x22, 0x89, 0x54, 0x5a, 0xaf, 0x67, 0x93,
    0x20, 0x9a, 0x5, 0x50, 0xe1, 0x80,

    /* U+54E9 "哩" */
    0x7, 0xf7, 0xa4, 0xa5, 0x25, 0x2f, 0xe9, 0x49,
    0x4b, 0xfa, 0x42, 0x1e, 0x10, 0xf7, 0xf4, 0x4,
    0x0, 0x20, 0x1f, 0xf0,

    /* U+54EA "哪" */
    0xf, 0x7e, 0x55, 0xa5, 0x6a, 0xf6, 0xa5, 0x6a,
    0x56, 0xa5, 0x5a, 0xf5, 0xe5, 0x58, 0x97, 0x9,
    0x41, 0x74,

    /* U+54ED "哭" */
    0x7d, 0xf2, 0x28, 0x91, 0x44, 0xfb, 0xe0, 0x24,
    0x1, 0x1b, 0xff, 0xe0, 0xa0, 0x5, 0x0, 0x44,
    0xc, 0x1d, 0x80, 0x30,

    /* U+54FC "哼" */
    0x0, 0x8f, 0xff, 0x90, 0x9, 0x7e, 0x97, 0xe9,
    0x0, 0x97, 0xef, 0x4, 0x80, 0x80, 0x8, 0x0,
    0x80, 0x38,

    /* U+5514 "唔" */
    0x7, 0xff, 0x10, 0x97, 0xe9, 0x12, 0x92, 0x29,
    0xff, 0x90, 0xf, 0x7e, 0x84, 0x28, 0x42, 0x4,
    0x20, 0x7e,

    /* U+5524 "唤" */
    0x1, 0x0, 0x20, 0xe3, 0xca, 0x44, 0xaf, 0xea,
    0x4a, 0xa4, 0xaa, 0x4a, 0xaf, 0xfe, 0x18, 0x83,
    0x40, 0x66, 0x18, 0x30,

    /* U+554A "啊" */
    0xf, 0xfe, 0xc1, 0xad, 0xda, 0xd5, 0xad, 0x5a,
    0xb5, 0xab, 0x5e, 0xbd, 0x8f, 0x18, 0x81, 0x8,
    0x10, 0x87,

    /* U+5561 "啡" */
    0x2, 0x40, 0x12, 0x38, 0x91, 0x5c, 0xea, 0x24,
    0x51, 0x22, 0xb9, 0xd4, 0x48, 0xa2, 0x47, 0xf3,
    0xe0, 0x90, 0x4, 0x80, 0x24, 0x0,

    /* U+5566 "啦" */
    0x4, 0x4e, 0x44, 0xa4, 0xa, 0xff, 0xa4, 0x1a,
    0x52, 0xa7, 0x2b, 0xca, 0xe4, 0xa8, 0x4a, 0x84,
    0xa0, 0x44, 0xd, 0xf0,

    /* U+557E "啾" */
    0x2, 0x47, 0xe2, 0x29, 0x11, 0x49, 0xab, 0xed,
    0x52, 0x5a, 0xbd, 0xd5, 0xcc, 0xb4, 0x67, 0xa3,
    0x25, 0x24, 0x9, 0x20, 0x50, 0x0,

    /* U+5582 "喂" */
    0x7, 0xee, 0x52, 0xa7, 0xea, 0x52, 0xa7, 0xea,
    0x0, 0xaf, 0xfe, 0x48, 0x84, 0xa8, 0x44, 0x5,
    0x60, 0x63,

    /* U+5594 "喔" */
    0x7, 0xf7, 0xa0, 0xa5, 0xfd, 0x28, 0x9, 0x7f,
    0xca, 0x92, 0x5f, 0xde, 0x90, 0x87, 0xf4, 0x44,
    0x2, 0x20, 0x3f, 0xf0,

    /* U+559C "喜" */
    0x2, 0x7, 0xff, 0xc0, 0x80, 0x7b, 0xc3, 0xfe,
    0x10, 0x10, 0xff, 0x82, 0x18, 0xff, 0xf8, 0x0,
    0xf, 0xf8, 0x40, 0x43, 0xfe, 0x0,

    /* U+559D "喝" */
    0x7, 0xf7, 0xa0, 0xa5, 0xfd, 0x28, 0x29, 0x7f,
    0x4a, 0x2, 0x5f, 0xfe, 0x91, 0x85, 0x4c, 0x20,
    0x41, 0xfc, 0x0, 0xe0,

    /* U+55EF "嗯" */
    0xf, 0xf7, 0x48, 0xaa, 0xf5, 0x53, 0x2a, 0xa5,
    0x54, 0xa, 0x9f, 0x9d, 0x92, 0x94, 0x94, 0xa1,
    0x45, 0xa, 0x7, 0xc0,

    /* U+560E "嘎" */
    0xf, 0xff, 0x84, 0x25, 0xdd, 0x2f, 0xe9, 0x41,
    0x4b, 0xfa, 0x5f, 0xd2, 0x24, 0xef, 0xfc, 0x5,
    0x80, 0x72, 0x1c, 0x70,

    /* U+561B "嘛" */
    0x1, 0xe, 0xff, 0xaa, 0x2a, 0xa2, 0xaf, 0x7a,
    0xa2, 0xab, 0x6a, 0xe7, 0xf6, 0xb9, 0xab, 0x12,
    0x21, 0x22,

    /* U+5634 "嘴" */
    0x2, 0x47, 0x5b, 0xaa, 0x93, 0x7e, 0xfa, 0x20,
    0x52, 0xe2, 0xff, 0xd5, 0x12, 0xaf, 0xf7, 0x44,
    0xa3, 0xfc, 0x11, 0x21, 0xb, 0x0,

    /* U+563B "嘻" */
    0x0, 0x87, 0x7f, 0xa8, 0x21, 0x4f, 0xea, 0x0,
    0x53, 0xfa, 0x9f, 0xd4, 0x44, 0xaf, 0xff, 0x0,
    0x21, 0xfc, 0x8, 0x20, 0x7f, 0x0,

    /* U+563F "嘿" */
    0xf7, 0xf4, 0xb5, 0xa5, 0xb5, 0x29, 0x29, 0x7f,
    0x48, 0x42, 0x5f, 0xde, 0x10, 0x8f, 0xf8, 0x2b,
    0x81, 0x54, 0x12, 0x10,

    /* U+565C "噜" */
    0x0, 0x0, 0x3c, 0xf4, 0x49, 0xfa, 0x97, 0xe9,
    0x4a, 0x93, 0x49, 0x7f, 0x90, 0xe, 0x7e, 0x87,
    0xe0, 0x42, 0x7, 0xe0,

    /* U+5668 "器" */
    0x7d, 0xf2, 0x28, 0x91, 0x44, 0xfb, 0xe0, 0x44,
    0x7f, 0xfc, 0x63, 0x4, 0xc, 0xfd, 0xfa, 0x28,
    0x91, 0x44, 0xfb, 0xe0,

    /* U+566A "噪" */
    0x3, 0xe7, 0x11, 0x28, 0xf9, 0x5e, 0xea, 0x95,
    0x54, 0xaa, 0xbd, 0xd4, 0x10, 0xef, 0xfc, 0x1e,
    0x1, 0x28, 0x31, 0x30,

    /* U+56DE "回" */
    0xff, 0xf8, 0x1, 0x80, 0x19, 0xf9, 0x90, 0x99,
    0x9, 0x90, 0x99, 0xf9, 0x80, 0x18, 0x1, 0xff,
    0xf8, 0x1,

    /* U+56E0 "因" */
    0xff, 0xf8, 0x1, 0x84, 0x18, 0x41, 0xbf, 0xd8,
    0x41, 0x8a, 0x18, 0x91, 0x90, 0x9a, 0x5, 0xff,
    0xf8, 0x1,

    /* U+56E2 "团" */
    0xff, 0xf8, 0x11, 0x81, 0x1b, 0xfd, 0x83, 0x18,
    0x51, 0x89, 0x19, 0x11, 0xa1, 0x18, 0x71, 0x80,
    0x1f, 0xff,

    /* U+56F4 "围" */
    0xff, 0xf8, 0x41, 0xbf, 0xd8, 0x41, 0x9f, 0x98,
    0x41, 0xbf, 0xd8, 0x45, 0x85, 0xd8, 0x41, 0xff,
    0xf8, 0x1,

    /* U+56FA "固" */
    0xff, 0xf8, 0x41, 0x84, 0x1b, 0xfd, 0x84, 0x19,
    0xf9, 0x90, 0x99, 0x9, 0x9f, 0x98, 0x1, 0x80,
    0x1f, 0xff,

    /* U+56FE "图" */
    0xff, 0xf8, 0x41, 0x8f, 0x99, 0x89, 0xa7, 0x18,
    0xf1, 0xf0, 0xd8, 0x61, 0x91, 0x18, 0xf1, 0x80,
    0x9f, 0xff,

    /* U+5706 "圆" */
    0xff, 0xf8, 0x1, 0xbf, 0x9b, 0xf9, 0x80, 0x1b,
    0xf9, 0xa4, 0x9a, 0x49, 0xac, 0x99, 0xb9, 0xa0,
    0x5f, 0xff,

    /* U+5708 "圈" */
    0xff, 0xf8, 0x41, 0x95, 0x1b, 0xf9, 0x88, 0x1b,
    0x79, 0xbe, 0x9d, 0x25, 0x96, 0x19, 0x11, 0x8e,
    0x1f, 0xff,

    /* U+571F "土" */
    0x2, 0x0, 0x10, 0x0, 0x80, 0x4, 0x0, 0x20,
    0x3f, 0xf8, 0x8, 0x0, 0x40, 0x2, 0x0, 0x10,
    0x0, 0x81, 0xff, 0xf0,

    /* U+5728 "在" */
    0x8, 0x0, 0x80, 0xff, 0xf1, 0x0, 0x11, 0x2,
    0x10, 0x61, 0xe, 0xfe, 0xa1, 0x2, 0x10, 0x21,
    0x2, 0x10, 0x2f, 0xf0,

    /* U+5730 "地" */
    0x40, 0x82, 0x4, 0x11, 0x20, 0x89, 0x6f, 0x4d,
    0x23, 0xc9, 0x32, 0x48, 0x92, 0x34, 0xb6, 0x24,
    0x21, 0x2, 0x8, 0x20, 0x7f, 0x0,

    /* U+573E "圾" */
    0x40, 0x2, 0x7f, 0x10, 0x90, 0x84, 0x8f, 0x24,
    0x21, 0x39, 0x8, 0x48, 0xa2, 0x45, 0x21, 0xa5,
    0x32, 0x10, 0x11, 0x41, 0x31, 0x80,

    /* U+5740 "址" */
    0x20, 0x41, 0x2, 0x8, 0x10, 0x40, 0x8f, 0xa4,
    0x11, 0x3c, 0x89, 0x4, 0x48, 0x2a, 0x43, 0x92,
    0x20, 0x90, 0x4, 0x80, 0xff, 0x80,

    /* U+5747 "均" */
    0x41, 0x4, 0x20, 0x42, 0x4, 0x7f, 0xf4, 0x14,
    0xa1, 0x41, 0x14, 0x9, 0x40, 0x53, 0x39, 0xc4,
    0x10, 0x3, 0x1, 0xe0,

    /* U+574F "坏" */
    0x20, 0x1, 0x7f, 0xc8, 0x10, 0x41, 0xf, 0x18,
    0x11, 0xf0, 0x9a, 0x47, 0x11, 0x20, 0x83, 0x84,
    0x20, 0x20, 0x1, 0x0, 0x8, 0x0,

    /* U+5750 "坐" */
    0x2, 0x0, 0x91, 0x8, 0x90, 0x44, 0x87, 0x2e,
    0x25, 0x4a, 0xc, 0x20, 0x40, 0x7f, 0xf0, 0x10,
    0x0, 0x80, 0x4, 0xf, 0xff, 0x80,

    /* U+5757 "块" */
    0x41, 0x2, 0x8, 0x10, 0x40, 0x8f, 0xef, 0x11,
    0x20, 0x89, 0x4, 0x49, 0xff, 0x41, 0x83, 0x94,
    0x30, 0x90, 0x8, 0x40, 0x81, 0x80,

    /* U+5782 "垂" */
    0x1, 0xe3, 0x90, 0x0, 0x80, 0xff, 0xe1, 0x22,
    0x9, 0x13, 0xff, 0xe2, 0x44, 0x12, 0x23, 0xff,
    0x80, 0x80, 0x4, 0x7, 0xff, 0x0,

    /* U+5783 "垃" */
    0x21, 0x2, 0x8, 0x20, 0x82, 0x7f, 0xf0, 0x2,
    0x42, 0x22, 0x22, 0x22, 0x22, 0x43, 0x24, 0xe2,
    0x40, 0x4, 0xf, 0xf0,

    /* U+578B "型" */
    0x0, 0x13, 0xf4, 0x89, 0x24, 0x49, 0x2f, 0xf9,
    0x12, 0x9, 0x90, 0x58, 0x8e, 0x2, 0x1, 0xff,
    0x0, 0x80, 0x4, 0xf, 0xff, 0x80,

    /* U+57DF "域" */
    0x20, 0x51, 0x2, 0x4b, 0xfe, 0x40, 0x8f, 0x4,
    0x17, 0xa4, 0xa5, 0x45, 0x2a, 0x2f, 0x61, 0x83,
    0x31, 0xfa, 0x13, 0x50, 0x11, 0x80,

    /* U+57F9 "培" */
    0x40, 0x82, 0x4, 0x13, 0xfe, 0x88, 0x2f, 0x22,
    0x21, 0x11, 0x3f, 0xe8, 0x0, 0x47, 0xf1, 0xa0,
    0xb9, 0x4, 0x8, 0x20, 0x7f, 0x0,

    /* U+57FA "基" */
    0x10, 0x40, 0x82, 0x1f, 0xfc, 0x20, 0x81, 0xfc,
    0xf, 0xe0, 0x41, 0x1f, 0xff, 0x12, 0x43, 0xff,
    0xe0, 0x82, 0x4, 0x7, 0xff, 0x0,

    /* U+585E "塞" */
    0x6, 0xf, 0xff, 0x80, 0x19, 0x11, 0x7f, 0xe1,
    0x10, 0x3f, 0xcf, 0xff, 0x10, 0x82, 0x44, 0xdf,
    0xb0, 0x40, 0x7f, 0xe0,

    /* U+586B "填" */
    0x40, 0x82, 0x3f, 0xd0, 0x21, 0xef, 0xef, 0x41,
    0x23, 0xf9, 0x10, 0x48, 0xfe, 0x47, 0xf2, 0xa0,
    0xbb, 0xff, 0x6, 0x40, 0x61, 0x4, 0x4,

    /* U+5883 "境" */
    0x20, 0x81, 0x3f, 0x88, 0x88, 0x44, 0x8f, 0x7f,
    0x90, 0x0, 0x9f, 0xc4, 0xfe, 0x24, 0x11, 0xbf,
    0xb8, 0x50, 0x4, 0x90, 0xc7, 0x80,

    /* U+58EB "士" */
    0x2, 0x0, 0x10, 0x0, 0x80, 0x4, 0x0, 0x20,
    0x7f, 0xfc, 0x8, 0x0, 0x40, 0x2, 0x0, 0x10,
    0x0, 0x80, 0xff, 0xe0,

    /* U+58F0 "声" */
    0x2, 0x3, 0xff, 0xc0, 0x80, 0x4, 0x3, 0xff,
    0x0, 0x0, 0xff, 0xc4, 0x42, 0x22, 0x11, 0xff,
    0x88, 0x4, 0x80, 0x4, 0x0, 0x0, 0x0,

    /* U+58F3 "壳" */
    0x4, 0xf, 0xff, 0x4, 0x0, 0x40, 0x7f, 0xe0,
    0x0, 0xff, 0xf8, 0x1, 0x9f, 0x91, 0x8, 0x10,
    0x83, 0x9, 0xc0, 0xf0,

    /* U+5904 "处" */
    0x20, 0x81, 0x4, 0xf, 0x20, 0x49, 0x4, 0x4c,
    0x32, 0x52, 0xa2, 0x43, 0x10, 0x18, 0x80, 0xc4,
    0x9, 0x0, 0xc6, 0xc, 0x1f, 0x80,

    /* U+5907 "备" */
    0x8, 0x0, 0xff, 0xc, 0x10, 0xdb, 0x0, 0x70,
    0xe, 0xe3, 0x80, 0xe7, 0xfc, 0x22, 0x21, 0xff,
    0x8, 0x88, 0x44, 0x43, 0xfe, 0x0,

    /* U+590D "复" */
    0x10, 0x0, 0xff, 0xe6, 0x0, 0x7, 0xfc, 0x1f,
    0xf0, 0x40, 0x40, 0xbe, 0x3, 0xfc, 0x38, 0x20,
    0x1b, 0x0, 0xfc, 0x1c, 0xe,

    /* U+5916 "外" */
    0x10, 0x81, 0x4, 0xf, 0xa0, 0x49, 0x4, 0x4c,
    0x22, 0x72, 0xd2, 0x43, 0x11, 0x8, 0x80, 0x84,
    0xc, 0x20, 0xc1, 0x8, 0x8, 0x0,

    /* U+591A "多" */
    0x4, 0x0, 0xfc, 0x30, 0x85, 0x90, 0x6, 0x1,
    0xd0, 0xf3, 0xf0, 0x43, 0x18, 0x22, 0x2c, 0x3,
    0x1, 0xc0, 0xe0, 0x0,

    /* U+591C "夜" */
    0x2, 0x0, 0x8, 0x1f, 0xfe, 0x11, 0x1, 0x1f,
    0x89, 0x8, 0xca, 0x4a, 0xcc, 0x11, 0x20, 0x86,
    0x4, 0x30, 0x26, 0x61, 0x41, 0x80,

    /* U+591F "够" */
    0x20, 0x43, 0x7, 0x9f, 0x65, 0x89, 0x6f, 0x46,
    0x2a, 0x61, 0x55, 0xa, 0x8f, 0x54, 0x8b, 0xbe,
    0x81, 0x8, 0x9, 0xc1, 0xb8, 0x0,

    /* U+5927 "大" */
    0x4, 0x0, 0x40, 0x4, 0x0, 0x40, 0xff, 0xf0,
    0x60, 0x6, 0x0, 0x90, 0x9, 0x1, 0x8, 0x30,
    0x46, 0x2, 0x80, 0x10,

    /* U+5929 "天" */
    0xff, 0xe0, 0x40, 0x4, 0x0, 0x40, 0x4, 0xf,
    0xff, 0x6, 0x0, 0x60, 0x9, 0x1, 0x8, 0x30,
    0xcc, 0x3,

    /* U+592A "太" */
    0x4, 0x0, 0x40, 0x4, 0x0, 0x40, 0xff, 0xf0,
    0x60, 0x6, 0x0, 0xd0, 0x9, 0x1, 0x88, 0x3c,
    0xc6, 0x66, 0xc2, 0x30,

    /* U+5931 "失" */
    0x24, 0x2, 0x40, 0x24, 0x7, 0xfe, 0x44, 0xc,
    0x40, 0x4, 0xf, 0xff, 0x6, 0x0, 0xd0, 0x9,
    0x3, 0x8, 0x60, 0x78, 0x1,

    /* U+5934 "头" */
    0x2, 0x3, 0x20, 0xa, 0x0, 0x20, 0x62, 0x1,
    0x20, 0x2, 0xf, 0xff, 0x2, 0x0, 0x40, 0xd,
    0x81, 0x86, 0x60, 0x30,

    /* U+5938 "夸" */
    0x4, 0x0, 0x80, 0xff, 0xf1, 0x8, 0x20, 0xc5,
    0xfa, 0x80, 0x17, 0xfe, 0x10, 0x3, 0xfc, 0x0,
    0x40, 0x8, 0x7, 0x80,

    /* U+5947 "奇" */
    0x2, 0x3, 0xff, 0x81, 0x80, 0xb, 0x1, 0x86,
    0x30, 0xb, 0xff, 0xe0, 0x4, 0x3e, 0x22, 0x11,
    0x10, 0x88, 0x7c, 0x40, 0x1e, 0x0,

    /* U+594B "奋" */
    0x2, 0x0, 0x10, 0x1f, 0xfe, 0xa, 0x0, 0xc8,
    0x8, 0x33, 0xff, 0xe4, 0x44, 0x22, 0x21, 0xff,
    0x8, 0x88, 0x7f, 0xc2, 0x2, 0x0,

    /* U+594F "奏" */
    0x4, 0x7, 0xfe, 0x4, 0x7, 0xfc, 0x8, 0xf,
    0xff, 0x10, 0x83, 0xfc, 0xc4, 0x37, 0xfc, 0x5,
    0x1, 0x8c, 0x60, 0x20,

    /* U+5951 "契" */
    0x20, 0xf, 0xff, 0x20, 0x9f, 0x89, 0x21, 0x1f,
    0xd1, 0x22, 0x60, 0x40, 0x4, 0xf, 0xff, 0x6,
    0x0, 0x90, 0x70, 0xe8, 0x1,

    /* U+5956 "奖" */
    0x11, 0x5, 0x3f, 0x56, 0x11, 0x12, 0x71, 0xc9,
    0x18, 0x16, 0x0, 0x40, 0xff, 0xf0, 0x60, 0x9,
    0x1, 0xc, 0xe0, 0x30,

    /* U+5957 "套" */
    0x4, 0xf, 0xff, 0x10, 0x83, 0xfc, 0xd0, 0x31,
    0xf8, 0x10, 0x1, 0xf8, 0xff, 0xf1, 0x8, 0x7f,
    0xc0, 0x2,

    /* U+5976 "奶" */
    0x20, 0x2, 0x7c, 0x22, 0x4f, 0xa4, 0x4a, 0x44,
    0xa7, 0x4a, 0x1d, 0x21, 0x72, 0x11, 0x41, 0x2c,
    0x14, 0x41, 0x88, 0xe0,

    /* U+597D "好" */
    0x20, 0x1, 0xf, 0xc8, 0x4, 0xf8, 0x42, 0x44,
    0x12, 0x21, 0x2f, 0xe9, 0x8, 0x38, 0x40, 0xc2,
    0xf, 0x10, 0xc0, 0x84, 0x1c, 0x0,

    /* U+5982 "如" */
    0x10, 0x1, 0x0, 0x8, 0x7f, 0xfa, 0x12, 0x50,
    0x92, 0x85, 0x14, 0x29, 0x21, 0x69, 0x8, 0xc8,
    0x46, 0x42, 0x4b, 0xfc, 0x10, 0x80,

    /* U+59CB "始" */
    0x20, 0x81, 0x4, 0x8, 0x49, 0xf4, 0x64, 0xa1,
    0x27, 0xf5, 0x20, 0xa, 0x7e, 0x72, 0x10, 0x90,
    0x8a, 0x84, 0x94, 0x28, 0x3f, 0x0,

    /* U+59D4 "委" */
    0x0, 0x61, 0xfc, 0x0, 0x81, 0xff, 0xf0, 0x68,
    0xd, 0x33, 0x88, 0x60, 0x80, 0xff, 0xf8, 0x42,
    0x6, 0x20, 0xf, 0xf, 0xc7, 0x0,

    /* U+5A07 "娇" */
    0x40, 0x12, 0x1f, 0x10, 0x21, 0xe1, 0x5, 0x7f,
    0xa8, 0x92, 0x48, 0x53, 0xa5, 0x61, 0x21, 0x9,
    0x14, 0xc8, 0x84, 0x48, 0x42, 0x0,

    /* U+5AE9 "嫩" */
    0x42, 0x22, 0x11, 0x13, 0xe9, 0xe4, 0x75, 0xfc,
    0xad, 0x79, 0x6b, 0xd3, 0xf6, 0xa2, 0x33, 0x38,
    0x89, 0xac, 0xb4, 0xd8, 0x2c, 0x80,

    /* U+5B50 "子" */
    0x7f, 0xf0, 0x3, 0x0, 0x60, 0x4, 0x0, 0x20,
    0x7f, 0xfc, 0x8, 0x0, 0x40, 0x2, 0x0, 0x10,
    0x0, 0x80, 0x3c, 0x0,

    /* U+5B57 "字" */
    0x0, 0x0, 0x60, 0xff, 0xf8, 0x1, 0xbf, 0xd0,
    0x8, 0x3, 0x0, 0x20, 0xff, 0xf0, 0x20, 0x2,
    0x0, 0x20, 0x1c, 0x0,

    /* U+5B58 "存" */
    0x8, 0x0, 0x80, 0xff, 0xf1, 0x0, 0x10, 0x2,
    0x7e, 0x60, 0x4e, 0x8, 0x2f, 0xf2, 0x8, 0x20,
    0x82, 0x8, 0x27, 0x0,

    /* U+5B64 "孤" */
    0x0, 0x3f, 0xff, 0x5, 0x28, 0x69, 0x42, 0x49,
    0x12, 0x48, 0xf2, 0x4c, 0x92, 0xa4, 0x91, 0x26,
    0x8a, 0x4c, 0x53, 0xd6, 0x82, 0x80,

    /* U+5B66 "学" */
    0x24, 0x62, 0x24, 0xff, 0xf8, 0x1, 0xbf, 0xd0,
    0x18, 0x6, 0xf, 0xff, 0x4, 0x0, 0x40, 0x4,
    0x1, 0xc0,

    /* U+5B75 "孵" */
    0x20, 0x3c, 0xfc, 0xab, 0x5a, 0xb5, 0xea, 0xe,
    0xef, 0xee, 0x2a, 0xa4, 0xaa, 0x4e, 0xbf, 0x4e,
    0x44, 0x84, 0x88, 0xc0,

    /* U+5B83 "它" */
    0x4, 0x0, 0x20, 0xff, 0xf8, 0x1, 0x80, 0x12,
    0x0, 0x21, 0xc2, 0xe0, 0x30, 0x2, 0x0, 0x20,
    0x12, 0x3, 0x3f, 0xe0,

    /* U+5B87 "宇" */
    0x4, 0xf, 0xff, 0x80, 0x1b, 0xfd, 0x2, 0x0,
    0x20, 0x2, 0xf, 0xff, 0x2, 0x0, 0x20, 0x2,
    0x1, 0xc0,

    /* U+5B88 "守" */
    0x4, 0x0, 0x20, 0xff, 0xf8, 0x1, 0x81, 0x10,
    0x10, 0xff, 0xf0, 0x10, 0x21, 0x1, 0x10, 0x9,
    0x0, 0x10, 0x7, 0x0,

    /* U+5B89 "安" */
    0x4, 0x0, 0x40, 0xff, 0xf8, 0x1, 0x84, 0x10,
    0x80, 0xff, 0xf1, 0x8, 0x21, 0x81, 0x90, 0x7,
    0x0, 0xdc, 0xf0, 0x70,

    /* U+5B8C "完" */
    0x4, 0x0, 0x60, 0xff, 0xf8, 0x1, 0xbf, 0xd0,
    0x0, 0x0, 0xf, 0xff, 0x9, 0x1, 0x10, 0x11,
    0x13, 0x11, 0xe1, 0xf0,

    /* U+5B8F "宏" */
    0x4, 0x0, 0x20, 0xff, 0xf8, 0x1, 0x88, 0x1f,
    0xff, 0x10, 0x1, 0x20, 0x22, 0x2, 0x4c, 0x48,
    0x49, 0xfe, 0x10, 0x10,

    /* U+5B99 "宙" */
    0x4, 0x0, 0x40, 0xff, 0xf8, 0x41, 0x84, 0x17,
    0xfe, 0x44, 0x24, 0x42, 0x7f, 0xe4, 0x42, 0x44,
    0x27, 0xfe, 0x40, 0x20,

    /* U+5B9A "定" */
    0x2, 0x0, 0x8, 0x7, 0xff, 0x90, 0x2, 0x40,
    0x8, 0x7f, 0x80, 0x20, 0x4, 0x80, 0x13, 0xe0,
    0xc8, 0x3, 0x20, 0x1b, 0x80, 0xc3, 0xf8,

    /* U+5B9D "宝" */
    0x4, 0x0, 0x20, 0xff, 0xf8, 0x1, 0x80, 0x17,
    0xfe, 0x4, 0x0, 0x40, 0x3f, 0xc0, 0x48, 0x4,
    0xc0, 0x40, 0xff, 0xf0,

    /* U+5B9E "实" */
    0x4, 0x0, 0x20, 0xff, 0xf8, 0x21, 0x92, 0x10,
    0xa0, 0x62, 0x0, 0x20, 0xff, 0xf0, 0x40, 0x9,
    0x83, 0x6, 0x40, 0x10,

    /* U+5BA0 "宠" */
    0x0, 0x0, 0x10, 0x1f, 0xfe, 0x80, 0x14, 0x4c,
    0xbf, 0xfc, 0x24, 0x1, 0x26, 0x9, 0x60, 0x8c,
    0xc, 0xc2, 0xda, 0x14, 0x1f, 0x80,

    /* U+5BB3 "害" */
    0x4, 0xf, 0xff, 0x84, 0x1b, 0xfd, 0x7f, 0xe0,
    0x40, 0xff, 0xf0, 0x40, 0x3f, 0xc2, 0x4, 0x20,
    0x43, 0xfc,

    /* U+5BB6 "家" */
    0x4, 0x7, 0xff, 0xa0, 0x5, 0x0, 0x23, 0xfc,
    0x6, 0x0, 0xd1, 0x19, 0xf0, 0x32, 0x86, 0x32,
    0x6, 0x99, 0xc4, 0x20, 0xe0, 0x0,

    /* U+5BBD "宽" */
    0x4, 0xf, 0xff, 0x89, 0x1b, 0xff, 0x9, 0x0,
    0x0, 0x3f, 0xc2, 0x44, 0x24, 0x42, 0x64, 0x2a,
    0x51, 0xa1, 0xe3, 0xf0,

    /* U+5BBF "宿" */
    0x3, 0x3, 0xff, 0xd0, 0x2, 0x10, 0x1, 0x7f,
    0x98, 0x40, 0xcf, 0xce, 0x82, 0x34, 0x11, 0x9f,
    0x8d, 0x4, 0x67, 0xe3, 0x41, 0x0,

    /* U+5BC2 "寂" */
    0x2, 0x7, 0xff, 0xa4, 0x4, 0x3f, 0xe1, 0x11,
    0x8, 0x93, 0xfa, 0x82, 0x14, 0x52, 0x46, 0x96,
    0x4, 0x68, 0x62, 0x20,

    /* U+5BDE "寞" */
    0x6, 0xf, 0xff, 0x80, 0x1f, 0xff, 0x9, 0x3,
    0xfc, 0x20, 0x43, 0xfc, 0x3f, 0xc0, 0x40, 0xff,
    0xf0, 0x90, 0xf0, 0xf0,

    /* U+5BDF "察" */
    0x2, 0x7, 0xff, 0xa4, 0x85, 0x7b, 0xe6, 0x52,
    0x4c, 0x61, 0x63, 0x7, 0xfc, 0xc0, 0x13, 0xff,
    0x4, 0x90, 0xc4, 0x48, 0xe1, 0x0,

    /* U+5BF8 "寸" */
    0x0, 0x40, 0x2, 0x0, 0x11, 0xff, 0xf0, 0x4,
    0x0, 0x20, 0x81, 0x2, 0x8, 0x8, 0x40, 0x42,
    0x0, 0x10, 0x0, 0x80, 0x78, 0x0,

    /* U+5BF9 "对" */
    0x0, 0x20, 0x1, 0x3f, 0x8, 0x10, 0x40, 0xbf,
    0x84, 0x11, 0x20, 0x87, 0x24, 0x11, 0x21, 0xc1,
    0x9, 0x8, 0x80, 0x48, 0xe, 0x0,

    /* U+5C01 "封" */
    0x10, 0x21, 0x2, 0xfc, 0x21, 0x2, 0x11, 0xff,
    0xc2, 0x11, 0x21, 0x12, 0xfc, 0xa1, 0x2, 0x10,
    0x2f, 0xc2, 0x0, 0xe0,

    /* U+5C04 "射" */
    0x10, 0x20, 0x81, 0x1f, 0x8, 0x88, 0x47, 0xff,
    0xa2, 0x11, 0xf4, 0x88, 0xa4, 0xfc, 0xa0, 0xe5,
    0x9, 0x9, 0x88, 0x41, 0xce, 0x0,

    /* U+5C06 "将" */
    0x10, 0x80, 0x8f, 0xb4, 0x84, 0xaa, 0x43, 0xc,
    0x9, 0x90, 0x50, 0x86, 0xff, 0x50, 0x24, 0x91,
    0x4, 0x48, 0x20, 0x41, 0xe, 0x0,

    /* U+5C0F "小" */
    0x2, 0x0, 0x10, 0x0, 0x80, 0x44, 0x2, 0x22,
    0x11, 0x19, 0x88, 0x48, 0x42, 0xc2, 0xc, 0x10,
    0x40, 0x80, 0x4, 0x1, 0xe0, 0x0,

    /* U+5C11 "少" */
    0x2, 0x0, 0x10, 0x4, 0x88, 0x44, 0x42, 0x21,
    0x21, 0x4, 0x8, 0x0, 0x44, 0x0, 0x40, 0xc,
    0x3, 0x81, 0xe0, 0x0,

    /* U+5C14 "尔" */
    0x10, 0x0, 0x80, 0xf, 0xfe, 0xc4, 0x2c, 0x23,
    0x9, 0x0, 0x49, 0x84, 0x44, 0x42, 0x14, 0x10,
    0xc0, 0x80, 0x1c, 0x0,

    /* U+5C16 "尖" */
    0x4, 0x1, 0x48, 0x24, 0x44, 0x42, 0xc4, 0x10,
    0x20, 0x4, 0xf, 0xff, 0x6, 0x0, 0xb0, 0x19,
    0x87, 0xe, 0x80, 0x10,

    /* U+5C1A "尚" */
    0x4, 0x8, 0x89, 0x93, 0x2, 0x4f, 0xff, 0x0,
    0x60, 0xc, 0xf9, 0x91, 0x32, 0x26, 0x7c, 0xc8,
    0x18, 0xe,

    /* U+5C1D "尝" */
    0x22, 0x2, 0x24, 0x12, 0x8f, 0xff, 0x80, 0x1b,
    0xfd, 0x0, 0x0, 0x0, 0xff, 0xf0, 0x80, 0x10,
    0x82, 0x4, 0x7f, 0xe0, 0x0,

    /* U+5C31 "就" */
    0x20, 0x80, 0x85, 0x3f, 0x24, 0x1, 0x7, 0xbf,
    0xa4, 0x41, 0xe3, 0x2, 0x18, 0x59, 0x42, 0xca,
    0x24, 0x53, 0x24, 0x92, 0x47, 0x80,

    /* U+5C3A "尺" */
    0x3f, 0xf1, 0x0, 0x88, 0x4, 0x40, 0x23, 0xff,
    0x10, 0x80, 0x86, 0x4, 0x10, 0x60, 0x42, 0x3,
    0x30, 0xc, 0x0, 0x10,

    /* U+5C3D "尽" */
    0x3f, 0xf0, 0x80, 0x42, 0x1, 0xf, 0xfc, 0x20,
    0x40, 0x81, 0x4, 0xe2, 0x10, 0x64, 0xc0, 0x18,
    0x60, 0x0, 0x70, 0x0, 0x30,

    /* U+5C3E "尾" */
    0x7f, 0xf2, 0x0, 0x9f, 0xfc, 0x81, 0x85, 0xf0,
    0x21, 0x11, 0x7f, 0x8, 0x40, 0x47, 0xf7, 0xd0,
    0x20, 0x83, 0x7, 0xe0,

    /* U+5C40 "局" */
    0x3f, 0xf1, 0x0, 0x88, 0x4, 0x7f, 0xe2, 0x0,
    0x1f, 0xfc, 0x80, 0x25, 0xf9, 0x48, 0x4a, 0x7e,
    0x52, 0x3, 0x10, 0xe0,

    /* U+5C42 "层" */
    0x7f, 0xe4, 0x2, 0x7f, 0xe4, 0x0, 0x40, 0x5,
    0xfe, 0x40, 0x7, 0xff, 0x44, 0x4, 0x84, 0x90,
    0x4b, 0xfe, 0x80, 0x20,

    /* U+5C45 "居" */
    0x7f, 0xe4, 0x2, 0x7f, 0xe4, 0x10, 0x41, 0x7,
    0xff, 0x41, 0x4, 0x10, 0x5f, 0xe5, 0x2, 0x90,
    0x29, 0xfe,

    /* U+5C48 "屈" */
    0x7f, 0xe8, 0x5, 0x0, 0xbf, 0xf4, 0x10, 0xa2,
    0x54, 0x4a, 0xff, 0x61, 0x2c, 0x26, 0x84, 0xcf,
    0xf0,

    /* U+5C4F "屏" */
    0x7f, 0xf4, 0x1, 0x7f, 0xf4, 0x82, 0x44, 0x45,
    0xff, 0x44, 0x44, 0x44, 0x7f, 0xfc, 0x44, 0x88,
    0x4b, 0x4,

    /* U+5C55 "展" */
    0x7f, 0xf2, 0x0, 0x9f, 0xfc, 0x89, 0x4, 0x48,
    0x2f, 0xf9, 0x12, 0xf, 0xff, 0x4a, 0x16, 0x4f,
    0x22, 0x11, 0x3c, 0x70,

    /* U+5C5E "属" */
    0x7f, 0xe4, 0x2, 0x7f, 0xe4, 0x1c, 0x5f, 0x5,
    0xfe, 0x51, 0x24, 0xfc, 0x5f, 0xfa, 0x19, 0xaf,
    0xda, 0x7,

    /* U+5C65 "履" */
    0x7f, 0xf2, 0x0, 0x9f, 0xf8, 0xa7, 0xe6, 0x60,
    0x27, 0xf9, 0x4f, 0xce, 0x7e, 0x51, 0xf4, 0xb9,
    0x24, 0x31, 0x2e, 0x60,

    /* U+5CA9 "岩" */
    0x4, 0x4, 0x42, 0x44, 0x27, 0xfe, 0x0, 0xf,
    0xff, 0x18, 0x1, 0x0, 0x3f, 0xe5, 0x2, 0x90,
    0x21, 0x2, 0x1f, 0xe0,

    /* U+5D29 "崩" */
    0x2, 0x4, 0x21, 0x42, 0x13, 0xde, 0x7d, 0xf4,
    0x51, 0x45, 0x17, 0xdf, 0x45, 0x17, 0xdf, 0x45,
    0x18, 0x51, 0x9e, 0x30,

    /* U+5DE5 "工" */
    0x7f, 0xf0, 0x10, 0x0, 0x80, 0x4, 0x0, 0x20,
    0x1, 0x0, 0x8, 0x0, 0x40, 0x2, 0x7, 0xff,
    0xc0,

    /* U+5DE6 "左" */
    0x4, 0x0, 0x20, 0x1, 0x0, 0xff, 0xf0, 0x80,
    0x4, 0x0, 0x3f, 0xe2, 0x10, 0x10, 0x81, 0x4,
    0x8, 0x20, 0x81, 0x1, 0xff, 0x80,

    /* U+5DEE "差" */
    0x20, 0xc1, 0x8, 0x7f, 0xe0, 0x40, 0x7f, 0xe0,
    0x80, 0xff, 0xf1, 0x0, 0x1f, 0xe2, 0x10, 0x61,
    0xc, 0x10, 0xbf, 0xf0,

    /* U+5DF1 "己" */
    0xff, 0x80, 0x10, 0x2, 0x0, 0x40, 0x9, 0xff,
    0x20, 0x4, 0x0, 0x80, 0x10, 0x6, 0x1, 0x7f,
    0xe0,

    /* U+5DF2 "已" */
    0xff, 0xc0, 0x4, 0x0, 0x44, 0x4, 0x40, 0x47,
    0xfc, 0x40, 0x4, 0x0, 0x40, 0x14, 0x1, 0x40,
    0x27, 0xfe,

    /* U+5DF4 "巴" */
    0xff, 0xe8, 0x42, 0x84, 0x28, 0x42, 0x84, 0x2f,
    0xfe, 0x80, 0x28, 0x0, 0x80, 0x8, 0x1, 0x80,
    0x17, 0xfe,

    /* U+5DFE "巾" */
    0x4, 0x0, 0x80, 0x10, 0x7f, 0xf8, 0x43, 0x8,
    0x61, 0xc, 0x21, 0x84, 0x30, 0x86, 0x13, 0x82,
    0x0, 0x40,

    /* U+5E03 "布" */
    0x8, 0x0, 0x80, 0xff, 0xf1, 0x0, 0x12, 0x2,
    0x20, 0x7f, 0xee, 0x22, 0xa2, 0x22, 0x22, 0x22,
    0x22, 0x2e, 0x2, 0x0,

    /* U+5E08 "师" */
    0x20, 0x2, 0xff, 0xa1, 0xa, 0x10, 0xa7, 0xea,
    0x92, 0xa9, 0x2a, 0x92, 0xa9, 0x22, 0x92, 0x49,
    0x64, 0x10, 0x81, 0x0,

    /* U+5E26 "带" */
    0x22, 0x21, 0x11, 0x3f, 0xfe, 0x44, 0x40, 0x0,
    0x7f, 0xfe, 0x8, 0x37, 0xfd, 0x22, 0x21, 0x11,
    0x8, 0x88, 0x44, 0xc0, 0x20, 0x0,

    /* U+5E27 "帧" */
    0x20, 0x82, 0xf, 0x20, 0x8f, 0x88, 0xab, 0xfa,
    0xa1, 0xaa, 0x9a, 0xa9, 0xaa, 0x9b, 0xa9, 0x21,
    0x42, 0x32, 0x24, 0x10,

    /* U+5E2E "帮" */
    0x10, 0xf, 0xef, 0x11, 0x27, 0xf4, 0x11, 0x3f,
    0xf1, 0x21, 0x64, 0x30, 0x7f, 0xe4, 0x22, 0x42,
    0x24, 0x2e, 0x2, 0x0,

    /* U+5E38 "常" */
    0x44, 0x22, 0x44, 0xff, 0xf8, 0x1, 0xbf, 0xd2,
    0x4, 0x3f, 0xc0, 0x40, 0x7f, 0xe4, 0x42, 0x44,
    0x24, 0x42, 0x44, 0xe0,

    /* U+5E3D "帽" */
    0x20, 0x2, 0x3f, 0x22, 0x1f, 0xad, 0xab, 0xfa,
    0xa1, 0xa8, 0xa, 0xbf, 0xab, 0xfb, 0xa1, 0x23,
    0xf2, 0x21, 0x23, 0xf0,

    /* U+5E55 "幕" */
    0x8, 0x87, 0xff, 0xc2, 0x20, 0x7f, 0xc2, 0x2,
    0x1f, 0xf0, 0xff, 0x81, 0x0, 0xf7, 0xfb, 0xff,
    0xa8, 0x8a, 0x44, 0x42, 0x2e, 0x0,

    /* U+5E73 "平" */
    0x7f, 0xf0, 0x10, 0x8, 0x88, 0x24, 0x81, 0x24,
    0x1, 0x3, 0xff, 0xe0, 0x40, 0x2, 0x0, 0x10,
    0x0, 0x80, 0x4, 0x0,

    /* U+5E74 "年" */
    0x10, 0x0, 0x80, 0xf, 0xfe, 0xc2, 0x4, 0x10,
    0x1f, 0xf8, 0x84, 0x4, 0x20, 0x21, 0x7, 0xff,
    0xc0, 0x40, 0x2, 0x0, 0x10, 0x0,

    /* U+5E76 "并" */
    0x30, 0x60, 0x82, 0x2, 0x20, 0xff, 0xf1, 0x4,
    0x8, 0x20, 0x41, 0x1f, 0xff, 0x10, 0x40, 0x82,
    0xc, 0x10, 0xc0, 0x8c, 0x4, 0x0,

    /* U+5E78 "幸" */
    0x2, 0x0, 0x10, 0xf, 0xf8, 0x4, 0xf, 0xff,
    0x88, 0x20, 0x41, 0xf, 0xfe, 0x2, 0x0, 0x10,
    0x3f, 0xfe, 0x4, 0x0, 0x20, 0x0,

    /* U+5E7C "幼" */
    0x10, 0x82, 0x8, 0x20, 0x84, 0x8, 0x47, 0xfc,
    0x89, 0xf8, 0x91, 0x9, 0x28, 0x92, 0x51, 0x4d,
    0x1f, 0x71, 0x6, 0x70,

    /* U+5E7D "幽" */
    0x4, 0x0, 0x82, 0x94, 0xd2, 0x9a, 0xd7, 0xef,
    0x65, 0x2d, 0x2d, 0xae, 0x7f, 0xfe, 0x10, 0xff,
    0xf0, 0x2,

    /* U+5E7F "广" */
    0x2, 0x0, 0x20, 0x7f, 0xf4, 0x0, 0x40, 0x4,
    0x0, 0x40, 0x4, 0x0, 0x40, 0x4, 0x0, 0x80,
    0x8, 0x0, 0x80, 0x0,

    /* U+5E86 "庆" */
    0x2, 0x0, 0x8, 0x1f, 0xfe, 0x80, 0x4, 0x10,
    0x20, 0x81, 0x7f, 0xe8, 0x20, 0x42, 0x82, 0x14,
    0x11, 0x11, 0x18, 0x49, 0x81, 0x80,

    /* U+5E8A "床" */
    0x2, 0x0, 0x8, 0x1f, 0xfe, 0x80, 0x4, 0x10,
    0x20, 0x81, 0x7f, 0xe8, 0x70, 0x45, 0xc2, 0x2b,
    0x16, 0x4d, 0x62, 0x18, 0x10, 0x0,

    /* U+5E8F "序" */
    0x2, 0x0, 0x18, 0x1f, 0xfe, 0x80, 0x5, 0xfe,
    0x20, 0x21, 0x1e, 0xb, 0xff, 0x41, 0x12, 0x9,
    0x10, 0x41, 0x2, 0x8, 0x70, 0x0,

    /* U+5E93 "库" */
    0x1, 0x3, 0xff, 0xd0, 0x80, 0xbf, 0xe4, 0x40,
    0x24, 0x41, 0x3f, 0xc8, 0x10, 0x40, 0x82, 0xff,
    0xe0, 0x21, 0x1, 0x0,

    /* U+5E94 "应" */
    0x2, 0x0, 0x8, 0x1f, 0xfe, 0x80, 0x4, 0x21,
    0x29, 0x9, 0x24, 0x89, 0x24, 0x49, 0x42, 0x2,
    0x10, 0x21, 0x7f, 0xf8, 0x0, 0x0,

    /* U+5E95 "底" */
    0x1, 0x3, 0xff, 0xd0, 0x0, 0x9f, 0xe4, 0x88,
    0x24, 0x41, 0x3f, 0xe9, 0x8, 0x48, 0x42, 0x4a,
    0x63, 0xab, 0x11, 0x60,

    /* U+5EA6 "度" */
    0x1, 0x3, 0xff, 0x91, 0x10, 0xff, 0xe4, 0x44,
    0x23, 0xe1, 0x0, 0xb, 0xfc, 0x4c, 0x62, 0x36,
    0x20, 0xe1, 0x78, 0xe0,

    /* U+5EB7 "康" */
    0x1, 0x1, 0xff, 0xe4, 0x10, 0x13, 0xfc, 0x41,
    0x11, 0x7f, 0xe4, 0x11, 0x13, 0xfc, 0x51, 0x11,
    0x36, 0x84, 0xf6, 0x2c, 0x46, 0x87, 0x0,

    /* U+5ED3 "廓" */
    0x1, 0x3, 0xff, 0xd1, 0x0, 0xbe, 0xf4, 0x4,
    0xaf, 0xa9, 0x45, 0x49, 0xca, 0x5f, 0x4a, 0x12,
    0x5f, 0xd3, 0x8, 0xb9, 0xc4, 0x0,

    /* U+5EFA "建" */
    0x1, 0xe, 0x7e, 0x21, 0x25, 0xff, 0x41, 0x2e,
    0x7e, 0x21, 0xa, 0xfe, 0xc1, 0x5, 0xff, 0x41,
    0xb, 0x0, 0x8f, 0xf0,

    /* U+5F00 "开" */
    0x7f, 0xf8, 0xc2, 0x6, 0x10, 0x30, 0x81, 0x84,
    0x7f, 0xfc, 0x41, 0x2, 0x8, 0x10, 0x41, 0x2,
    0x18, 0x11, 0x80, 0x80,

    /* U+5F02 "异" */
    0x7f, 0xe2, 0x1, 0x1f, 0xf8, 0x80, 0x4, 0x1,
    0x9f, 0xf8, 0x0, 0x2, 0x8, 0xff, 0xf8, 0x82,
    0x8, 0x11, 0x80, 0x80,

    /* U+5F0F "式" */
    0x1, 0x40, 0x12, 0x1, 0xf, 0xff, 0x1, 0x0,
    0x10, 0xfd, 0x1, 0x10, 0x10, 0x81, 0x8, 0x16,
    0x97, 0x85, 0x0, 0x30,

    /* U+5F15 "引" */
    0x0, 0x7f, 0x10, 0x44, 0x11, 0xfc, 0x60, 0x18,
    0x7, 0xf1, 0x4, 0x41, 0x10, 0x44, 0x21, 0x38,
    0x40,

    /* U+5F20 "张" */
    0x2, 0x7, 0x90, 0x84, 0x88, 0x24, 0x87, 0x28,
    0x41, 0x2, 0x3f, 0xfe, 0x48, 0x12, 0x40, 0x92,
    0x4, 0x88, 0x27, 0x26, 0x60, 0x0,

    /* U+5F27 "弧" */
    0x0, 0x17, 0xbf, 0x5, 0x48, 0x2a, 0x4f, 0x52,
    0x42, 0x92, 0x14, 0x9e, 0xa4, 0x19, 0x20, 0xca,
    0x86, 0x94, 0x37, 0xae, 0x82, 0x0,

    /* U+5F2F "弯" */
    0x6, 0xf, 0xff, 0x9, 0x2, 0x96, 0x49, 0x30,
    0x90, 0x3f, 0xc0, 0x4, 0x3f, 0xc4, 0x0, 0x7f,
    0xe0, 0x2, 0x1, 0xe0,

    /* U+5F31 "弱" */
    0x7d, 0xf0, 0x41, 0x7d, 0xf4, 0x10, 0x41, 0x7,
    0xdf, 0x4, 0x17, 0x5d, 0xc, 0x37, 0x5d, 0x4,
    0x13, 0x8e,

    /* U+5F3A "强" */
    0xf7, 0xe1, 0x42, 0x14, 0x2f, 0x3c, 0x80, 0x88,
    0x7e, 0x84, 0xaf, 0x4a, 0x17, 0xe1, 0xa, 0x10,
    0xa6, 0xfd,

    /* U+5F52 "归" */
    0x10, 0x2, 0xfe, 0x40, 0xc8, 0x19, 0x3, 0x20,
    0x65, 0xfc, 0x81, 0x90, 0x22, 0x4, 0x80, 0xb7,
    0xfc, 0x2,

    /* U+5F53 "当" */
    0x8, 0x22, 0x14, 0x89, 0x26, 0x8, 0x3f, 0xf0,
    0x4, 0x1, 0xff, 0xc0, 0x10, 0x4, 0x1, 0xff,
    0xc0,

    /* U+5F55 "录" */
    0x7f, 0xc0, 0x4, 0x7f, 0xc0, 0x4, 0xff, 0xf0,
    0x40, 0x66, 0x61, 0x58, 0x1d, 0x87, 0x4c, 0x84,
    0x30, 0xc0,

    /* U+5F62 "形" */
    0x0, 0x7, 0xf8, 0x89, 0x18, 0x49, 0x82, 0x40,
    0x12, 0xb, 0xfc, 0x84, 0x88, 0x24, 0x89, 0x20,
    0x51, 0xc, 0x88, 0xc8, 0x58, 0x0,

    /* U+5F69 "彩" */
    0x6, 0x7, 0xc1, 0x4, 0xb0, 0xa9, 0x4, 0x41,
    0x8, 0x10, 0x41, 0x9f, 0xd0, 0x18, 0x1, 0xa0,
    0x94, 0x89, 0x21, 0x81, 0x10, 0x0,

    /* U+5F71 "影" */
    0x7e, 0x27, 0xe4, 0x43, 0x87, 0xe0, 0x10, 0x3e,
    0xe6, 0x7f, 0x84, 0x20, 0x7e, 0x35, 0x46, 0x94,
    0xc3, 0x10,

    /* U+5F81 "征" */
    0x10, 0x1, 0x3f, 0xd0, 0x21, 0x21, 0x1, 0x8,
    0x12, 0x41, 0x93, 0xd4, 0x90, 0x24, 0x81, 0x24,
    0x9, 0x20, 0x49, 0x2, 0xff, 0x80,

    /* U+5F85 "待" */
    0x10, 0x81, 0x4, 0x11, 0xfd, 0x21, 0x1, 0x8,
    0x17, 0xff, 0x80, 0x95, 0xff, 0x20, 0x21, 0x11,
    0x8, 0x48, 0x40, 0x42, 0xe, 0x0,

    /* U+5F88 "很" */
    0x0, 0x1, 0x3f, 0x91, 0x5, 0x2f, 0xe2, 0x41,
    0x12, 0x9, 0x9f, 0xd4, 0xb0, 0x24, 0x91, 0x23,
    0x9, 0x18, 0x4b, 0x62, 0x60, 0x80,

    /* U+5F97 "得" */
    0x27, 0xf2, 0x20, 0xa5, 0xfc, 0x4f, 0xe6, 0x0,
    0x77, 0xfe, 0x80, 0x85, 0xff, 0x24, 0x21, 0x11,
    0x8, 0x8, 0x41, 0xc0,

    /* U+5FAA "循" */
    0x10, 0x70, 0x9b, 0x4, 0x44, 0x5, 0xff, 0x24,
    0x40, 0x91, 0x6, 0x5f, 0x29, 0x44, 0x25, 0xf0,
    0x94, 0x42, 0x5f, 0x9, 0x44, 0x29, 0xf0,

    /* U+5FAE "微" */
    0x22, 0x20, 0xaa, 0x84, 0xaa, 0x6, 0xae, 0x2f,
    0xc9, 0x81, 0x2e, 0xfa, 0x8b, 0xcc, 0x29, 0x30,
    0xa4, 0x42, 0x9b, 0xa, 0x52, 0x20, 0x88,

    /* U+5FC3 "心" */
    0x8, 0x0, 0x30, 0x0, 0xc0, 0x22, 0x5, 0x2,
    0x28, 0x12, 0x40, 0x52, 0x2, 0x90, 0x54, 0x82,
    0x4, 0x10, 0x3f, 0x0,

    /* U+5FC5 "必" */
    0x8, 0x0, 0x18, 0x40, 0x32, 0x0, 0x8, 0x8,
    0x41, 0x22, 0x44, 0x91, 0x12, 0x82, 0xcc, 0x8,
    0x60, 0x83, 0x82, 0x32, 0x8, 0xf, 0xc0,

    /* U+5FC6 "忆" */
    0x20, 0x1, 0x0, 0xb, 0xfc, 0x60, 0x4b, 0x4,
    0x50, 0x42, 0x86, 0x4, 0x60, 0x22, 0x1, 0x20,
    0x4a, 0x2, 0x50, 0x12, 0x7f, 0x0,

    /* U+5FD7 "志" */
    0x4, 0x0, 0x40, 0xff, 0xf0, 0x40, 0x4, 0x0,
    0x40, 0x7f, 0xe0, 0x0, 0x16, 0x5, 0x12, 0x50,
    0x29, 0x5, 0x1f, 0x80,

    /* U+5FD8 "忘" */
    0x0, 0x0, 0x20, 0xff, 0xf2, 0x0, 0x20, 0x2,
    0x0, 0x3f, 0xe0, 0x40, 0x2, 0x5, 0x32, 0x90,
    0x19, 0x5, 0x1f, 0xc0,

    /* U+5FEB "快" */
    0x20, 0x81, 0x4, 0xd, 0xfd, 0x61, 0x2a, 0x89,
    0x50, 0x4a, 0x82, 0x45, 0xff, 0x20, 0x81, 0xa,
    0x8, 0xd8, 0x4c, 0x62, 0x81, 0x80,

    /* U+5FFD "忽" */
    0x0, 0x0, 0x80, 0xf, 0xf8, 0xc9, 0x4c, 0x92,
    0x9, 0x91, 0x98, 0x80, 0x9c, 0x6, 0x2, 0x91,
    0x14, 0x55, 0x20, 0xa1, 0xfc, 0x0,

    /* U+6000 "怀" */
    0x20, 0x1, 0x3f, 0xc8, 0x31, 0x51, 0xa, 0x98,
    0x50, 0xd2, 0x8a, 0x44, 0x91, 0x28, 0x89, 0x4,
    0x8, 0x20, 0x41, 0x2, 0x8, 0x0,

    /* U+6001 "态" */
    0x4, 0x0, 0x40, 0xff, 0xf0, 0x60, 0x9, 0x1,
    0x98, 0x34, 0xcc, 0x23, 0x4, 0x5, 0x22, 0x50,
    0x29, 0x5, 0x9f, 0x80,

    /* U+600E "怎" */
    0x10, 0x1, 0x0, 0x3f, 0xf2, 0x40, 0x47, 0xe8,
    0x40, 0x7, 0xf0, 0x40, 0x4, 0x5, 0x22, 0x51,
    0x29, 0x5, 0x1f, 0xd0,

    /* U+6015 "怕" */
    0x20, 0x82, 0x8, 0x21, 0x3, 0x7f, 0xb4, 0x1a,
    0x41, 0xa4, 0x12, 0x7f, 0x24, 0x12, 0x41, 0x24,
    0x12, 0x7f, 0x24, 0x10,

    /* U+6025 "急" */
    0x8, 0x0, 0xfc, 0x8, 0x20, 0xff, 0xc0, 0x2,
    0x1f, 0xf0, 0x0, 0x80, 0x4, 0x3f, 0xe0, 0xb0,
    0x14, 0xc4, 0xa0, 0xb1, 0xfc, 0x0,

    /* U+6027 "性" */
    0x20, 0x81, 0x14, 0xd, 0x21, 0x6f, 0xfa, 0xc8,
    0x54, 0x42, 0x82, 0x4, 0xfe, 0x20, 0x81, 0x4,
    0x8, 0x20, 0x41, 0x2, 0xff, 0x80,

    /* U+603B "总" */
    0x10, 0x40, 0x42, 0x2, 0x20, 0x7f, 0xc2, 0x2,
    0x10, 0x10, 0x80, 0x87, 0xfc, 0x6, 0x2, 0x88,
    0x94, 0x5, 0x20, 0x90, 0xfc, 0x0,

    /* U+6062 "恢" */
    0x21, 0x1, 0x8, 0xd, 0xfe, 0xd2, 0x6, 0xa2,
    0x31, 0x64, 0x8b, 0x44, 0x6a, 0x24, 0x51, 0x23,
    0xa, 0x28, 0x43, 0x22, 0x30, 0x80,

    /* U+606F "息" */
    0x2, 0x1, 0xff, 0x8, 0x8, 0x7f, 0xc2, 0x2,
    0x1f, 0xf0, 0x80, 0x87, 0xfc, 0x6, 0x2, 0x98,
    0x94, 0x55, 0x20, 0x91, 0xfc, 0x0,

    /* U+6076 "恶" */
    0x7f, 0xf0, 0x90, 0x29, 0x62, 0x94, 0x9, 0xf,
    0xff, 0x4, 0x0, 0x44, 0x52, 0x25, 0x2, 0x90,
    0x59, 0xf8,

    /* U+60B2 "悲" */
    0x9, 0xf, 0x9f, 0x9, 0x0, 0x90, 0xf9, 0xf0,
    0x90, 0xf9, 0xf0, 0x40, 0x2, 0x5, 0x22, 0x51,
    0x39, 0x5, 0x1f, 0x80,

    /* U+60C5 "情" */
    0x20, 0x81, 0x7f, 0xcc, 0x20, 0xef, 0xea, 0x8,
    0x57, 0xfe, 0x80, 0x4, 0xfe, 0x27, 0xf1, 0x20,
    0x89, 0xfc, 0x48, 0x22, 0x47, 0x0,

    /* U+60E9 "惩" */
    0x10, 0x1, 0x3f, 0xf4, 0x10, 0x64, 0x82, 0x27,
    0xf1, 0x20, 0x89, 0x5, 0xff, 0x2, 0x0, 0x98,
    0x94, 0x64, 0xa0, 0x50, 0xfc, 0x0,

    /* U+60EF "惯" */
    0x20, 0x1, 0x1f, 0x89, 0x24, 0xff, 0xf7, 0x49,
    0x31, 0xb2, 0x9f, 0xc4, 0x82, 0x24, 0x91, 0x24,
    0x89, 0x24, 0x46, 0xc2, 0xc1, 0x80,

    /* U+60F3 "想" */
    0x10, 0x0, 0x8f, 0xbf, 0x84, 0x63, 0xe3, 0x21,
    0x2e, 0xfa, 0x48, 0x42, 0x3e, 0x4, 0x2, 0x91,
    0x14, 0x45, 0x20, 0xb0, 0xf8, 0x0,

    /* U+60F9 "惹" */
    0x10, 0x8f, 0xff, 0x10, 0x8f, 0xff, 0x10, 0x3,
    0xfc, 0x50, 0x49, 0x4, 0x1f, 0xc5, 0x40, 0x53,
    0x29, 0x9, 0x9f, 0x90,

    /* U+6108 "愈" */
    0x0, 0x0, 0xc, 0x0, 0xcc, 0xf, 0xee, 0x7c,
    0x90, 0xf2, 0x42, 0x49, 0xf, 0x24, 0x24, 0x30,
    0x8, 0x2, 0x91, 0x1a, 0x12, 0x4f, 0xc8,

    /* U+610F "意" */
    0x6, 0x7, 0xfe, 0x10, 0x8f, 0xff, 0x0, 0x3,
    0xfc, 0x20, 0x43, 0xfc, 0x3f, 0xc0, 0x40, 0x52,
    0x2d, 0x9, 0x9f, 0x80,

    /* U+611F "感" */
    0x1, 0x40, 0x9, 0x1f, 0xfe, 0x81, 0x5, 0xea,
    0x2f, 0x51, 0x49, 0x13, 0xd9, 0x81, 0x30, 0x91,
    0x14, 0x55, 0x20, 0xa1, 0xfc, 0x0,

    /* U+613F "愿" */
    0x7f, 0xf2, 0x8, 0x17, 0xb8, 0xbf, 0xc5, 0x2,
    0x2f, 0xf1, 0x27, 0xa, 0xe6, 0x40, 0x23, 0x48,
    0xaa, 0x17, 0x5f, 0x80,

    /* U+6162 "慢" */
    0x20, 0x1, 0x3f, 0x8d, 0xfc, 0x68, 0x2b, 0x3e,
    0x57, 0xfe, 0xa5, 0x24, 0xd6, 0x2f, 0xf1, 0x31,
    0x88, 0x50, 0x43, 0x82, 0xe3, 0x80,

    /* U+6170 "慰" */
    0x0, 0x23, 0xe1, 0x11, 0x8, 0xfb, 0xf7, 0xc2,
    0x3f, 0x51, 0xd1, 0x96, 0x44, 0xb0, 0x60, 0xb1,
    0x14, 0x45, 0x20, 0xb1, 0xfc, 0x0,

    /* U+61BE "憾" */
    0x20, 0x50, 0x81, 0x22, 0x7f, 0x9d, 0x10, 0xad,
    0xca, 0x9e, 0xca, 0x6a, 0x9, 0xfd, 0x28, 0x5c,
    0x9a, 0x42, 0xa0, 0x8a, 0x8b, 0x23, 0xe0,

    /* U+61C2 "懂" */
    0x11, 0x10, 0x5f, 0xf1, 0x91, 0x16, 0xfa, 0x57,
    0xfd, 0x41, 0x1, 0x3f, 0x84, 0xfe, 0x12, 0x48,
    0x47, 0xc1, 0x3f, 0x84, 0x10, 0x17, 0xfc,

    /* U+620F "戏" */
    0x1, 0x40, 0x9, 0x3e, 0x44, 0x12, 0x8, 0xff,
    0x28, 0x80, 0xc4, 0x86, 0x14, 0x30, 0xc3, 0x46,
    0x32, 0x73, 0x6, 0xa0, 0x3, 0x0,

    /* U+6210 "成" */
    0x1, 0x40, 0x9, 0x0, 0x44, 0xff, 0xf4, 0x10,
    0x3e, 0x89, 0x12, 0x88, 0x94, 0x44, 0xc2, 0x26,
    0x17, 0x73, 0x6, 0xd8, 0x63, 0x80,

    /* U+6211 "我" */
    0xd, 0x4f, 0x12, 0x11, 0x31, 0x10, 0xff, 0xf1,
    0x10, 0x11, 0x21, 0xd4, 0xf0, 0xc1, 0x9, 0x13,
    0x91, 0x65, 0x70, 0x30,

    /* U+6216 "或" */
    0x1, 0x40, 0x12, 0xff, 0xf0, 0x10, 0x1, 0x7,
    0xd2, 0x45, 0x24, 0x54, 0x7c, 0xc0, 0x9, 0x1d,
    0x9e, 0x25, 0x4, 0x30,

    /* U+6218 "战" */
    0x20, 0x81, 0x5, 0x8, 0x24, 0x79, 0x2, 0xf,
    0x11, 0xc0, 0x82, 0x5f, 0x92, 0x84, 0x64, 0x22,
    0x21, 0x33, 0xfb, 0x58, 0x63, 0x0,

    /* U+6234 "戴" */
    0x10, 0xc7, 0xea, 0x10, 0x8e, 0xff, 0x7e, 0x85,
    0x2a, 0x7e, 0xa7, 0xea, 0x28, 0xa7, 0xe4, 0xfe,
    0xc2, 0x8d, 0xc5, 0x30,

    /* U+6237 "户" */
    0x2, 0x0, 0x40, 0xff, 0x90, 0x12, 0x2, 0x40,
    0x4f, 0xf9, 0x1, 0x20, 0x4, 0x1, 0x0, 0x20,
    0x8, 0x0,

    /* U+6240 "所" */
    0x0, 0x1, 0xe7, 0x90, 0x40, 0x82, 0x7, 0xd0,
    0x22, 0xfd, 0x14, 0x8f, 0xa4, 0x41, 0x22, 0x9,
    0x10, 0x49, 0x84, 0x48, 0x22, 0x0,

    /* U+6241 "扁" */
    0x1, 0x3, 0xff, 0x20, 0x13, 0xff, 0x20, 0x3,
    0xff, 0x32, 0x53, 0x25, 0x3f, 0xf5, 0x25, 0x52,
    0x59, 0x27,

    /* U+624B "手" */
    0x0, 0xe3, 0xf0, 0x0, 0x80, 0x4, 0x7, 0xff,
    0x1, 0x0, 0x8, 0x1f, 0xff, 0x2, 0x0, 0x10,
    0x0, 0x80, 0x4, 0x1, 0xe0, 0x0,

    /* U+624D "才" */
    0x1, 0x0, 0x10, 0x1, 0xf, 0xff, 0x3, 0x0,
    0x50, 0xd, 0x0, 0x90, 0x31, 0x6, 0x10, 0xc1,
    0x0, 0x10, 0x7, 0x0,

    /* U+6251 "扑" */
    0x10, 0x80, 0x84, 0x4, 0x21, 0xf9, 0x1, 0x8,
    0x8, 0x70, 0x72, 0x5e, 0x11, 0x90, 0x80, 0x84,
    0x4, 0x20, 0x21, 0x6, 0x8, 0x0,

    /* U+6253 "打" */
    0x20, 0x1, 0x3f, 0xc8, 0x11, 0xf0, 0x82, 0x4,
    0x10, 0x20, 0xa1, 0xe, 0x8, 0xa0, 0x41, 0x2,
    0x8, 0x10, 0x40, 0x86, 0x1c, 0x0,

    /* U+6263 "扣" */
    0x20, 0x2, 0x3f, 0x22, 0x1f, 0xa1, 0x22, 0x12,
    0x21, 0x22, 0x17, 0xa1, 0xa2, 0x12, 0x21, 0x23,
    0xf2, 0x21, 0x62, 0x10,

    /* U+6267 "执" */
    0x21, 0x1, 0x8, 0x8, 0x41, 0xef, 0xc2, 0x12,
    0x10, 0x90, 0xd4, 0x9c, 0x64, 0x22, 0xa1, 0x11,
    0x9, 0xa, 0x58, 0x5d, 0x81, 0x80,

    /* U+6269 "扩" */
    0x20, 0x82, 0x8, 0x27, 0xff, 0x40, 0x24, 0x2,
    0x40, 0x24, 0xf, 0x40, 0x24, 0x2, 0x40, 0x28,
    0x2, 0x80, 0xd0, 0x0,

    /* U+626B "扫" */
    0x20, 0x2, 0x7f, 0x20, 0x1f, 0x81, 0x20, 0x12,
    0x1, 0x27, 0xff, 0x81, 0x20, 0x12, 0x1, 0x20,
    0x12, 0x7f, 0x60, 0x10,

    /* U+6270 "扰" */
    0x21, 0x21, 0x9, 0x8, 0x45, 0xf2, 0x22, 0x7f,
    0x90, 0x80, 0x85, 0xf, 0x28, 0xa2, 0x41, 0x12,
    0x8, 0x92, 0x48, 0x9e, 0x87, 0x80,

    /* U+627E "找" */
    0x21, 0x41, 0x9, 0x8, 0x4d, 0xf2, 0x32, 0x7e,
    0x10, 0x80, 0xa2, 0x5e, 0x14, 0x20, 0xc1, 0x4,
    0x8, 0x52, 0x4c, 0xd6, 0x43, 0x0,

    /* U+628A "把" */
    0x20, 0x1, 0x3f, 0x89, 0x25, 0xe9, 0x22, 0x49,
    0x12, 0x48, 0xdf, 0xdc, 0x82, 0xa4, 0x1, 0x20,
    0x9, 0x2, 0x48, 0x1c, 0x7f, 0x0,

    /* U+62AB "披" */
    0x20, 0x81, 0x4, 0x9, 0xff, 0xe9, 0x22, 0x49,
    0x12, 0x40, 0x9f, 0xc6, 0xc2, 0xe9, 0x21, 0x4a,
    0xa, 0x30, 0x56, 0xcf, 0x61, 0x80,

    /* U+62B1 "抱" */
    0x22, 0x1, 0x10, 0x9, 0xff, 0xe8, 0x12, 0xfc,
    0x92, 0x24, 0x91, 0x4e, 0x8a, 0xa7, 0x91, 0x23,
    0x89, 0x2, 0x48, 0x1e, 0x7f, 0x80,

    /* U+62BD "抽" */
    0x20, 0x81, 0x4, 0x8, 0x21, 0xff, 0xf2, 0x48,
    0x92, 0x44, 0xf2, 0x3e, 0xff, 0x24, 0x89, 0x24,
    0x49, 0x22, 0x4f, 0xf6, 0x40, 0x80,

    /* U+62C5 "担" */
    0x20, 0x1, 0x1f, 0x88, 0x85, 0xf4, 0x22, 0x21,
    0x11, 0xf8, 0x88, 0x4f, 0x42, 0xa2, 0x11, 0x1f,
    0x88, 0x0, 0x40, 0xe, 0xff, 0x80,

    /* U+62C6 "拆" */
    0x20, 0x31, 0x1f, 0x8, 0x81, 0xf4, 0x2, 0x20,
    0x11, 0xfc, 0x89, 0x7, 0x48, 0xe2, 0xc1, 0x13,
    0x89, 0x10, 0x48, 0x8e, 0x44, 0x0,

    /* U+62C9 "拉" */
    0x21, 0x1, 0x4, 0x8, 0x1, 0xef, 0xe2, 0x0,
    0x11, 0x10, 0x88, 0x8e, 0x44, 0xa2, 0x41, 0x12,
    0x8, 0x90, 0x40, 0x8c, 0xff, 0x80,

    /* U+62D6 "拖" */
    0x23, 0x2, 0x20, 0x27, 0xff, 0x60, 0x2c, 0x82,
    0x2b, 0x22, 0xd7, 0x79, 0xaa, 0x92, 0x29, 0x22,
    0xa2, 0x20, 0xc3, 0xf0,

    /* U+62DF "拟" */
    0x20, 0x1, 0x20, 0x89, 0x45, 0xe9, 0x22, 0x49,
    0x12, 0x48, 0x90, 0x5e, 0x84, 0x24, 0xb1, 0x3b,
    0x89, 0x12, 0x41, 0x1e, 0x10, 0x0,

    /* U+62E9 "择" */
    0x20, 0x1, 0x7f, 0x88, 0x89, 0xe2, 0x82, 0x1c,
    0x13, 0x18, 0xe2, 0x1c, 0xfe, 0x20, 0x81, 0x4,
    0xb, 0xfe, 0x41, 0xc, 0x8, 0x0,

    /* U+62F7 "拷" */
    0x21, 0x2, 0x11, 0x27, 0xef, 0x16, 0x2f, 0xf2,
    0x18, 0x33, 0xfe, 0x60, 0x3a, 0x2, 0x3e, 0x20,
    0x22, 0x2, 0xc1, 0xe0,

    /* U+62FF "拿" */
    0x6, 0x0, 0x90, 0x70, 0xe8, 0xf1, 0x3f, 0xc2,
    0x4, 0x1f, 0x87, 0xfc, 0x4, 0x7, 0xfe, 0xff,
    0xf0, 0x40, 0xc, 0x0,

    /* U+6301 "持" */
    0x20, 0x81, 0x4, 0x9, 0xfd, 0xe1, 0x2, 0x8,
    0x17, 0xfc, 0xc0, 0x9d, 0xff, 0x20, 0x21, 0x11,
    0x8, 0x48, 0x40, 0x4c, 0xe, 0x0,

    /* U+6307 "指" */
    0x22, 0x1, 0x11, 0x88, 0xf1, 0xf4, 0x12, 0x21,
    0x11, 0xf8, 0x80, 0xf, 0x7e, 0xa2, 0x11, 0x1f,
    0x88, 0x84, 0x44, 0x26, 0x3f, 0x0,

    /* U+6309 "按" */
    0x21, 0x2, 0x8, 0x2f, 0xff, 0x81, 0x29, 0x12,
    0x20, 0x2f, 0xf3, 0x24, 0xe4, 0x42, 0x24, 0x21,
    0x82, 0x36, 0xcc, 0x10,

    /* U+6311 "挑" */
    0x22, 0x41, 0x12, 0xa, 0x95, 0xf4, 0xa2, 0x66,
    0x11, 0x20, 0xc9, 0x1c, 0xce, 0x2a, 0x59, 0x12,
    0x9, 0x12, 0x58, 0x9e, 0x87, 0x80,

    /* U+633A "挺" */
    0x20, 0x1, 0x79, 0xc8, 0xb9, 0xe8, 0x42, 0x42,
    0x17, 0xfc, 0x84, 0x9d, 0x44, 0x2a, 0x21, 0x37,
    0xc9, 0x80, 0x5e, 0xc, 0x8f, 0x80,

    /* U+635F "损" */
    0x20, 0x2, 0x7e, 0x24, 0x2f, 0x7e, 0x20, 0x2,
    0x7e, 0x24, 0x27, 0x4a, 0xa4, 0xa2, 0x4a, 0x21,
    0x42, 0x62, 0xc8, 0x10,

    /* U+6362 "换" */
    0x21, 0x1, 0x1f, 0x88, 0x89, 0xe8, 0x82, 0xff,
    0x12, 0x48, 0x92, 0x4e, 0x92, 0xaf, 0xf9, 0xc,
    0x8, 0xd0, 0x4c, 0x6f, 0x80, 0x80,

    /* U+636E "据" */
    0x40, 0x4, 0x7f, 0x44, 0x1f, 0x41, 0x47, 0xf4,
    0x44, 0x47, 0xf7, 0x44, 0xc8, 0x44, 0xbf, 0x4a,
    0x14, 0xa1, 0xd3, 0xf0,

    /* U+6389 "掉" */
    0x20, 0x81, 0x7, 0xc8, 0x21, 0xe1, 0x2, 0x7f,
    0x12, 0x8, 0x9f, 0xc6, 0x82, 0xe7, 0xf1, 0x4,
    0xb, 0xfe, 0x41, 0xc, 0x8, 0x0,

    /* U+6392 "排" */
    0x21, 0x42, 0x14, 0x21, 0x4f, 0x77, 0x21, 0x42,
    0x14, 0x27, 0x77, 0x14, 0xa7, 0x72, 0x14, 0x21,
    0x42, 0x14, 0xc1, 0x40,

    /* U+63A5 "接" */
    0x21, 0x1, 0x4, 0x9, 0xdd, 0xe4, 0x42, 0x14,
    0x17, 0xfc, 0xc4, 0x1d, 0xff, 0x22, 0x21, 0x33,
    0x8, 0x70, 0x47, 0xcc, 0xe1, 0x0,

    /* U+63A7 "控" */
    0x20, 0x81, 0x4, 0xb, 0xff, 0xf0, 0x12, 0x12,
    0x13, 0x8, 0xc0, 0xc, 0xfe, 0xa0, 0x81, 0x4,
    0x8, 0x20, 0x41, 0xc, 0xff, 0x80,

    /* U+63A8 "推" */
    0x22, 0x42, 0x24, 0x24, 0x4f, 0x7f, 0x2c, 0x42,
    0xc4, 0x37, 0xf7, 0x44, 0xa7, 0xf2, 0x44, 0x24,
    0x42, 0x7f, 0xc4, 0x0,

    /* U+63CF "描" */
    0x22, 0x21, 0x11, 0xb, 0xff, 0xe4, 0x42, 0x22,
    0x10, 0x0, 0x9f, 0xde, 0x92, 0x27, 0xf1, 0x24,
    0x89, 0x24, 0x4f, 0xec, 0x41, 0x0,

    /* U+63D0 "提" */
    0x20, 0x1, 0x3f, 0x89, 0x5, 0xef, 0xe2, 0x7f,
    0x10, 0x0, 0xff, 0xfc, 0x10, 0xa4, 0x81, 0x27,
    0x89, 0x20, 0x55, 0xd, 0x9f, 0x80,

    /* U+63D2 "插" */
    0x20, 0x22, 0x7c, 0x20, 0x8f, 0xff, 0x20, 0x82,
    0x8, 0x26, 0xf3, 0x49, 0xe4, 0x92, 0x6f, 0x24,
    0x92, 0x7f, 0xc4, 0x10,

    /* U+6478 "摸" */
    0x22, 0x42, 0xff, 0x22, 0x4f, 0x7e, 0x28, 0x22,
    0x7e, 0x38, 0x26, 0x7e, 0xa1, 0x2, 0xff, 0x21,
    0x82, 0x24, 0xcc, 0x30,

    /* U+6492 "撒" */
    0x25, 0x21, 0x2a, 0xb, 0xf1, 0xea, 0xf2, 0xfc,
    0x90, 0x28, 0xbf, 0x4f, 0x2a, 0xaf, 0x31, 0x49,
    0xb, 0xcc, 0x52, 0xfc, 0x9c, 0x80,

    /* U+64AD "播" */
    0x20, 0x31, 0x7e, 0x9, 0x29, 0xe5, 0x42, 0xff,
    0x90, 0xe0, 0xca, 0x8d, 0x93, 0xa7, 0xf1, 0x24,
    0x89, 0xfc, 0x49, 0x2c, 0x7f, 0x0,

    /* U+64AE "撮" */
    0x20, 0x1, 0x3f, 0x89, 0x5, 0xef, 0xe2, 0x7f,
    0x10, 0x0, 0xff, 0xfc, 0xff, 0x29, 0x51, 0x3a,
    0x8a, 0x4c, 0x5e, 0x6c, 0x1c, 0x80,

    /* U+64CD "操" */
    0x20, 0x1, 0x1f, 0x8, 0x89, 0xe7, 0xc2, 0x77,
    0x14, 0xa8, 0xe5, 0x4e, 0xee, 0xa0, 0x81, 0x7f,
    0x88, 0x70, 0x4d, 0x66, 0x8, 0x0,

    /* U+64E6 "擦" */
    0x20, 0x81, 0x3f, 0xca, 0x3, 0xe7, 0xe2, 0x4d,
    0x15, 0x98, 0x94, 0x86, 0x7e, 0xec, 0x9, 0x3f,
    0x88, 0xa0, 0x49, 0x26, 0x18, 0x0,

    /* U+6536 "收" */
    0x9, 0x0, 0x48, 0x12, 0x40, 0x93, 0xf4, 0xb1,
    0x25, 0x91, 0x34, 0x89, 0x14, 0x58, 0xc3, 0x42,
    0x2, 0x28, 0x12, 0x60, 0xa0, 0x80,

    /* U+6539 "改" */
    0x1, 0x7, 0xc8, 0x2, 0x40, 0x17, 0xe0, 0xa2,
    0x7e, 0x92, 0x14, 0x90, 0x28, 0x80, 0xc4, 0x46,
    0x3c, 0x71, 0x6, 0x60, 0x41, 0x0,

    /* U+653B "攻" */
    0x0, 0x0, 0x10, 0x3e, 0x80, 0x47, 0xe2, 0x62,
    0x13, 0x10, 0xa8, 0x84, 0x28, 0x21, 0x43, 0xc4,
    0x20, 0x70, 0x4, 0xc1, 0xc3, 0x80,

    /* U+653E "放" */
    0x20, 0x81, 0x8, 0x0, 0x41, 0xfb, 0xe2, 0x32,
    0x1d, 0x90, 0xa4, 0x89, 0x18, 0x48, 0xc2, 0x46,
    0x12, 0x31, 0x96, 0x4b, 0xe1, 0x0,

    /* U+6545 "故" */
    0x21, 0x1, 0x8, 0x8, 0x41, 0xfb, 0xe2, 0x32,
    0x13, 0x91, 0xe4, 0x91, 0x1c, 0x88, 0xc4, 0x46,
    0x22, 0x30, 0xf6, 0x40, 0x41, 0x0,

    /* U+6548 "效" */
    0x20, 0x82, 0x8, 0xfd, 0x0, 0x1f, 0x49, 0x24,
    0xf2, 0x8b, 0x27, 0x12, 0x30, 0xc3, 0xc, 0x28,
    0xc4, 0x92, 0x86, 0x30,

    /* U+6559 "教" */
    0x12, 0x40, 0x4a, 0x7, 0xc8, 0x5, 0x3e, 0xff,
    0x90, 0x46, 0x47, 0xe9, 0x1a, 0x1c, 0x90, 0x63,
    0xf9, 0x81, 0xe, 0x4, 0x66, 0x72, 0x8,

    /* U+655B "敛" */
    0x8, 0x40, 0xc4, 0x9, 0x3e, 0xc5, 0x27, 0xc9,
    0x0, 0xc9, 0x49, 0x4a, 0x8c, 0x2c, 0x61, 0x23,
    0x3, 0x98, 0xe3, 0x20, 0x10, 0x80,

    /* U+6563 "散" */
    0x28, 0x80, 0xa2, 0xf, 0xe8, 0xa, 0x3e, 0xff,
    0x90, 0x6, 0x47, 0xc9, 0x11, 0x1c, 0x7c, 0x61,
    0x10, 0x87, 0xc6, 0x11, 0x66, 0x4f, 0x8,

    /* U+6570 "数" */
    0x10, 0x82, 0xa4, 0x14, 0x21, 0xfd, 0xf3, 0xd9,
    0x68, 0xc8, 0x42, 0x9f, 0x8c, 0x24, 0x63, 0x43,
    0x6, 0x28, 0xca, 0x28, 0x20, 0x80,

    /* U+6574 "整" */
    0x10, 0x87, 0xe4, 0x4, 0x7f, 0xfe, 0x47, 0xca,
    0x1c, 0x23, 0x4e, 0xe0, 0x0, 0x7f, 0xf0, 0x10,
    0x8, 0xf8, 0x44, 0xf, 0xff, 0x80,

    /* U+6587 "文" */
    0x0, 0x0, 0x10, 0x0, 0xc1, 0xff, 0xf2, 0x6,
    0x8, 0x20, 0x63, 0x1, 0x10, 0x5, 0x0, 0x10,
    0x3, 0x60, 0x31, 0x8e, 0x3, 0x80,

    /* U+6591 "斑" */
    0x0, 0x7, 0x97, 0xd0, 0x88, 0x9f, 0x44, 0x12,
    0x24, 0x91, 0x95, 0xe8, 0x44, 0x42, 0x22, 0x39,
    0x1d, 0x49, 0x90, 0x41, 0x8f, 0x80,

    /* U+6597 "斗" */
    0x0, 0x81, 0x8, 0xc, 0x80, 0x8, 0x40, 0x83,
    0x8, 0x8, 0x80, 0x8, 0x7, 0xff, 0x88, 0x0,
    0x80, 0x8, 0x0, 0x80,

    /* U+659C "斜" */
    0x10, 0x21, 0xc9, 0x1b, 0x29, 0x88, 0x4f, 0x82,
    0x8, 0x93, 0xf2, 0x82, 0x4, 0x58, 0xf2, 0xb9,
    0x25, 0x9, 0x20, 0x46, 0x2, 0x0,

    /* U+65AD "断" */
    0x10, 0x14, 0xa7, 0xb5, 0x41, 0x72, 0x9, 0x10,
    0x5e, 0xfe, 0xe4, 0x96, 0xa4, 0xd1, 0x24, 0x89,
    0x20, 0x49, 0xfc, 0x40, 0x22, 0x0,

    /* U+65B0 "新" */
    0x0, 0x1, 0x7, 0xfd, 0x84, 0x90, 0x9, 0xf,
    0xdf, 0x11, 0x2f, 0xd2, 0x12, 0x25, 0xa2, 0x96,
    0x21, 0x22, 0x24, 0x20,

    /* U+65B9 "方" */
    0x0, 0x0, 0x20, 0x2, 0xf, 0xff, 0x8, 0x0,
    0x80, 0xf, 0xe1, 0x2, 0x10, 0x41, 0x4, 0x20,
    0x46, 0x4, 0x83, 0xc0,

    /* U+65E0 "无" */
    0x7f, 0xf0, 0x10, 0x0, 0x80, 0x4, 0xf, 0xff,
    0x82, 0x80, 0x14, 0x1, 0xa0, 0x9, 0x0, 0x88,
    0x48, 0x43, 0x83, 0xf0,

    /* U+65E5 "日" */
    0xff, 0xc0, 0x60, 0x30, 0x18, 0xf, 0xfe, 0x3,
    0x1, 0x80, 0xc0, 0x7f, 0xf0, 0x10,

    /* U+65E7 "旧" */
    0x9f, 0xf2, 0x6, 0x40, 0xc8, 0x19, 0x3, 0x3f,
    0xe4, 0xc, 0x81, 0x90, 0x32, 0x6, 0x7f, 0xc8,
    0x10,

    /* U+65F6 "时" */
    0x0, 0x4f, 0x4, 0x90, 0x49, 0x7f, 0x90, 0x4f,
    0x24, 0x92, 0x49, 0x14, 0x91, 0x49, 0x4, 0xf0,
    0x40, 0x4, 0x1, 0xc0,

    /* U+660E "明" */
    0xfb, 0xf8, 0xa1, 0x8a, 0x18, 0xbf, 0xfa, 0x18,
    0xa1, 0x8a, 0x18, 0xbf, 0xfa, 0x18, 0x41, 0xc,
    0x10, 0x87,

    /* U+661F "星" */
    0x7f, 0xe4, 0x2, 0x7f, 0xe4, 0x2, 0x7f, 0xe2,
    0x0, 0x7f, 0xe8, 0x40, 0x3f, 0xe0, 0x40, 0x4,
    0xf, 0xff,

    /* U+6620 "映" */
    0x0, 0x87, 0x84, 0x25, 0xfd, 0x29, 0x29, 0x49,
    0x7a, 0x4a, 0x52, 0x53, 0xff, 0x90, 0x84, 0x8a,
    0x3c, 0x59, 0xc, 0x40, 0xc1, 0x80,

    /* U+6628 "昨" */
    0x2, 0xf, 0x20, 0x97, 0xf9, 0x50, 0x99, 0xf,
    0x1f, 0x91, 0x9, 0x10, 0x91, 0x9, 0x1f, 0xf1,
    0x8, 0x10, 0x1, 0x0,

    /* U+662F "是" */
    0x7f, 0xe4, 0x2, 0x7f, 0xe4, 0x2, 0x3f, 0xcf,
    0xff, 0x2, 0x2, 0x20, 0x23, 0xe7, 0x20, 0x5a,
    0x8, 0x7f,

    /* U+663E "显" */
    0x3f, 0xe1, 0x1, 0xf, 0xf8, 0x40, 0x43, 0xfe,
    0x4, 0x1, 0x24, 0x45, 0x24, 0x29, 0x40, 0x48,
    0x3f, 0xfe,

    /* U+6655 "晕" */
    0x7f, 0xe3, 0xff, 0x10, 0x8, 0x7f, 0x8f, 0xff,
    0x44, 0x9, 0xff, 0x82, 0x40, 0x3f, 0xe0, 0x10,
    0x3f, 0xfe, 0x4, 0x0,

    /* U+665A "晚" */
    0x1, 0x7, 0x9e, 0x25, 0x91, 0x2f, 0xe9, 0xc9,
    0x7a, 0x4a, 0x52, 0x52, 0xfe, 0x91, 0x47, 0x8a,
    0x20, 0x92, 0x8, 0x91, 0x87, 0x0,

    /* U+666E "普" */
    0x10, 0x40, 0x82, 0x1f, 0xfc, 0x52, 0x42, 0x92,
    0x4, 0xa3, 0xff, 0xe0, 0x0, 0x3f, 0xe1, 0xff,
    0x8, 0x8, 0x40, 0x43, 0xfe, 0x0,

    /* U+666F "景" */
    0x3f, 0xc4, 0x4, 0x7f, 0xc3, 0xfc, 0x4, 0xf,
    0xbf, 0x3f, 0xc2, 0x4, 0x3f, 0xc1, 0x48, 0x64,
    0x68, 0xc1,

    /* U+6670 "晰" */
    0x4, 0x17, 0x27, 0x29, 0x21, 0x5d, 0xa, 0x48,
    0x72, 0x7a, 0xba, 0x95, 0x94, 0xb4, 0xa7, 0x25,
    0x21, 0x28, 0xa, 0x40, 0x52, 0x0,

    /* U+6682 "暂" */
    0x20, 0x3f, 0xdc, 0x51, 0xf, 0xdf, 0x11, 0x21,
    0xd2, 0xf2, 0x21, 0x22, 0x3f, 0xe4, 0x2, 0x3f,
    0xe4, 0x2, 0x3f, 0xe0,

    /* U+6696 "暖" */
    0x0, 0x17, 0xbf, 0x25, 0x25, 0x21, 0x49, 0x7f,
    0x79, 0x2, 0x7f, 0xf2, 0x40, 0x93, 0xe7, 0xa9,
    0x21, 0x30, 0x13, 0xc1, 0x61, 0x80,

    /* U+66F4 "更" */
    0xff, 0xf0, 0x20, 0x7f, 0xe4, 0x22, 0x7f, 0xe4,
    0x22, 0x42, 0x27, 0xfe, 0x24, 0x1, 0xc0, 0x1e,
    0xe, 0x1f,

    /* U+66FF "替" */
    0x10, 0x47, 0xef, 0x84, 0x11, 0xfb, 0xf3, 0xa,
    0x36, 0xdb, 0x0, 0x67, 0xfc, 0x20, 0x21, 0xff,
    0x8, 0x8, 0x40, 0x43, 0xfe, 0x0,

    /* U+6700 "最" */
    0x3f, 0xe1, 0x1, 0xf, 0xf8, 0x7f, 0xc0, 0x0,
    0x7f, 0xfd, 0x10, 0xf, 0x9e, 0x7c, 0x92, 0x23,
    0x3f, 0x98, 0xb, 0x30,

    /* U+6708 "月" */
    0x1f, 0xf1, 0x1, 0x10, 0x11, 0xff, 0x10, 0x11,
    0x1, 0x10, 0x11, 0xff, 0x30, 0x12, 0x1, 0x60,
    0x14, 0xf,

    /* U+6709 "有" */
    0x8, 0x0, 0x80, 0xff, 0xf1, 0x0, 0x10, 0x3,
    0xfc, 0x70, 0x4d, 0xfc, 0x10, 0x41, 0xfc, 0x10,
    0x41, 0x4, 0x11, 0xc0,

    /* U+670D "服" */
    0x7b, 0xf2, 0x50, 0x92, 0x84, 0xf4, 0x84, 0xbf,
    0x25, 0x89, 0xea, 0x49, 0x54, 0x4a, 0x62, 0x53,
    0x22, 0xad, 0x36, 0x30,

    /* U+671B "望" */
    0x11, 0xf7, 0xe8, 0x90, 0x7c, 0x83, 0xe7, 0xa1,
    0x21, 0x8, 0x0, 0x8f, 0xfe, 0x4, 0x1, 0xff,
    0x1, 0x1, 0xff, 0xf0,

    /* U+671F "期" */
    0x44, 0x2, 0x27, 0xff, 0xa2, 0x89, 0x17, 0xcf,
    0xa2, 0x45, 0xf2, 0x28, 0x9f, 0x44, 0x8f, 0xf4,
    0x4a, 0x42, 0x8a, 0x18, 0x33, 0x80,

    /* U+6728 "木" */
    0x2, 0x0, 0x10, 0x0, 0x80, 0x4, 0x7, 0xff,
    0x81, 0x80, 0x1a, 0x1, 0x58, 0x1a, 0x61, 0x91,
    0x98, 0x86, 0x4, 0x0, 0x20, 0x0,

    /* U+672A "未" */
    0x4, 0x0, 0x40, 0x4, 0x7, 0xfe, 0x4, 0x0,
    0x40, 0xff, 0xf0, 0x60, 0xd, 0x1, 0x48, 0x64,
    0x6c, 0x43, 0x4, 0x0,

    /* U+672C "本" */
    0x4, 0x0, 0x40, 0x4, 0xf, 0xff, 0xd, 0x1,
    0xd0, 0x14, 0x82, 0x44, 0x64, 0x6f, 0xff, 0x4,
    0x0, 0x40, 0x4, 0x0,

    /* U+6735 "朵" */
    0x1f, 0x81, 0x8, 0x10, 0x81, 0x8, 0x60, 0x80,
    0x27, 0xff, 0xf0, 0xb0, 0x1a, 0x82, 0x24, 0xc2,
    0x30, 0x20,

    /* U+673A "机" */
    0x20, 0x1, 0x1f, 0x8, 0x89, 0xf4, 0x42, 0x22,
    0x11, 0x11, 0xc8, 0x8d, 0x44, 0xaa, 0x25, 0x21,
    0x49, 0xa, 0x48, 0x52, 0x83, 0x80,

    /* U+6740 "杀" */
    0x0, 0x43, 0x8, 0xf, 0x0, 0xf0, 0x30, 0xcc,
    0x22, 0x2, 0xf, 0xff, 0x2, 0x2, 0x24, 0x42,
    0x28, 0x21, 0xc, 0x0,

    /* U+6743 "权" */
    0x20, 0x1, 0x3f, 0x89, 0x5, 0xf4, 0x22, 0x21,
    0x19, 0x11, 0xa4, 0x8d, 0x28, 0xa1, 0xc5, 0x4,
    0x8, 0x50, 0x44, 0x42, 0xc1, 0x0,

    /* U+674F "杏" */
    0x4, 0x0, 0x40, 0xff, 0xf0, 0xd0, 0x14, 0x82,
    0x44, 0xc4, 0x30, 0x0, 0x3f, 0xc2, 0x4, 0x20,
    0x42, 0x4, 0x3f, 0xc0,

    /* U+675F "束" */
    0x4, 0x0, 0x20, 0x3f, 0xfc, 0x8, 0x7, 0xfe,
    0x22, 0x11, 0x10, 0x8f, 0xfc, 0xe, 0x0, 0xec,
    0xd, 0x31, 0x88, 0x60, 0x40, 0x0,

    /* U+6761 "条" */
    0x4, 0x0, 0x3f, 0x81, 0x84, 0x19, 0x20, 0x3,
    0x0, 0x33, 0x7, 0x13, 0x80, 0x40, 0x3f, 0xf0,
    0x4, 0x1, 0x96, 0x8, 0x44, 0x6, 0x0,

    /* U+6765 "来" */
    0x4, 0x0, 0x40, 0x7f, 0xe2, 0x44, 0x24, 0x41,
    0x48, 0xff, 0xf0, 0xe0, 0xd, 0x1, 0x48, 0x64,
    0x6c, 0x43, 0x4, 0x0,

    /* U+676F "杯" */
    0x20, 0x1, 0x3f, 0xc8, 0x11, 0xf1, 0x2, 0x8,
    0x18, 0xd1, 0xaa, 0x4d, 0x91, 0xa0, 0x85, 0x4,
    0x8, 0x20, 0x41, 0x2, 0x8, 0x0,

    /* U+677E "松" */
    0x20, 0x1, 0x9, 0x8, 0x49, 0xf4, 0x62, 0x21,
    0x1a, 0x4d, 0xa2, 0xd, 0x20, 0xa1, 0x25, 0x19,
    0x8, 0x84, 0x4f, 0xe2, 0x40, 0x0,

    /* U+677F "板" */
    0x20, 0x11, 0x1f, 0x8, 0x81, 0xf4, 0x3, 0x3f,
    0x3a, 0x89, 0xb4, 0x54, 0x94, 0xa4, 0xa5, 0x22,
    0x9, 0x38, 0x53, 0x62, 0xa1, 0x80,

    /* U+6781 "极" */
    0x20, 0x1, 0x7f, 0x8, 0x91, 0xe4, 0x82, 0x24,
    0x31, 0x39, 0xc8, 0x56, 0xa4, 0xa5, 0x25, 0x26,
    0xb, 0x30, 0x53, 0x43, 0x21, 0x0,

    /* U+6784 "构" */
    0x20, 0x2, 0x20, 0x22, 0xf, 0xbf, 0x24, 0x13,
    0x51, 0x6a, 0x16, 0xa9, 0xa2, 0xda, 0x75, 0x20,
    0x12, 0x1, 0x20, 0xe0,

    /* U+6797 "林" */
    0x10, 0x40, 0x82, 0x4, 0x11, 0xfb, 0xf3, 0x4,
    0x1c, 0x70, 0xd3, 0x8a, 0xaa, 0xd1, 0x54, 0x92,
    0x44, 0x92, 0x20, 0x81, 0x4, 0x0,

    /* U+679A "枚" */
    0x21, 0x1, 0x8, 0x8, 0x81, 0xf7, 0xe2, 0x62,
    0x13, 0x11, 0xc4, 0x8d, 0x28, 0xa9, 0x45, 0x4,
    0x8, 0x50, 0x44, 0x42, 0x41, 0x0,

    /* U+679C "果" */
    0x7f, 0xe4, 0x42, 0x7f, 0xe4, 0x42, 0x44, 0x27,
    0xfe, 0x4, 0xf, 0xff, 0xd, 0x1, 0x48, 0x64,
    0x28, 0x41,

    /* U+67D3 "染" */
    0x42, 0x2, 0x20, 0xf, 0xcc, 0x24, 0x24, 0x56,
    0x45, 0x48, 0x71, 0x40, 0xff, 0xf0, 0xd0, 0x14,
    0x86, 0x46, 0x84, 0x10,

    /* U+67D4 "柔" */
    0x7f, 0xc0, 0x18, 0xe, 0xf, 0xff, 0xa, 0x23,
    0x24, 0xce, 0xf, 0xff, 0xd, 0x1, 0x48, 0x64,
    0x68, 0x41,

    /* U+67E0 "柠" */
    0x20, 0x82, 0x8, 0x27, 0xff, 0x81, 0x28, 0x16,
    0x0, 0x7f, 0xf7, 0x8, 0xa0, 0x8a, 0x8, 0x20,
    0x82, 0x8, 0x23, 0x80,

    /* U+67E5 "查" */
    0x4, 0x0, 0x40, 0xff, 0xf0, 0xd0, 0x34, 0xcc,
    0x3, 0x3f, 0xc2, 0x4, 0x3f, 0xc2, 0x4, 0x3f,
    0xc0, 0x0, 0xff, 0xf0,

    /* U+6807 "标" */
    0x20, 0x2, 0x3f, 0x20, 0xf, 0x80, 0x20, 0x3,
    0x7f, 0x70, 0x86, 0x88, 0xa2, 0xaa, 0x49, 0x24,
    0x92, 0x8, 0x23, 0x80,

    /* U+6808 "栈" */
    0x21, 0x1, 0xa, 0x8, 0x49, 0xe3, 0xe2, 0x70,
    0x30, 0x81, 0xc7, 0xd6, 0xd2, 0xa0, 0xb1, 0x7,
    0x8, 0x32, 0x4e, 0xa2, 0x83, 0x0,

    /* U+6811 "树" */
    0x20, 0x11, 0x0, 0x89, 0xc5, 0xe3, 0xf2, 0xa1,
    0x33, 0x9, 0xd9, 0x56, 0x4a, 0xa6, 0x15, 0x28,
    0x8a, 0x4, 0x50, 0x22, 0x7, 0x0,

    /* U+6837 "样" */
    0x24, 0x22, 0x22, 0x22, 0x4f, 0x7e, 0x21, 0x6,
    0x10, 0x77, 0xeb, 0x10, 0xa1, 0xa, 0xff, 0x21,
    0x2, 0x10, 0x21, 0x0,

    /* U+6838 "核" */
    0x21, 0x82, 0x8, 0x2f, 0xff, 0x10, 0x22, 0x6,
    0x24, 0x77, 0x8b, 0x13, 0xa2, 0x2a, 0xc4, 0x21,
    0xc2, 0x22, 0x2c, 0x10,

    /* U+6839 "根" */
    0x20, 0x1, 0x3f, 0x89, 0x5, 0xff, 0xe2, 0x41,
    0x1a, 0x9, 0xbf, 0xcd, 0xb0, 0xa4, 0x95, 0x23,
    0x9, 0x18, 0x4b, 0x62, 0x60, 0x80,

    /* U+683C "格" */
    0x21, 0x1, 0xf, 0x88, 0x85, 0xfe, 0x42, 0x5e,
    0x18, 0x61, 0xa7, 0x8d, 0xc3, 0xaf, 0xf5, 0x10,
    0x88, 0x84, 0x44, 0x22, 0x3f, 0x0,

    /* U+6843 "桃" */
    0x21, 0x41, 0xa, 0x8, 0x51, 0xea, 0xa2, 0x55,
    0x30, 0xa1, 0xc5, 0x14, 0x6c, 0xa5, 0x55, 0x4a,
    0x48, 0x92, 0x48, 0x92, 0x87, 0x80,

    /* U+6846 "框" */
    0x20, 0x1, 0x3f, 0xc9, 0x1, 0xfb, 0xf2, 0x44,
    0x1a, 0x21, 0xb7, 0xec, 0x88, 0xa4, 0x45, 0x2f,
    0xc9, 0x0, 0x4f, 0xf2, 0x0, 0x0,

    /* U+6848 "案" */
    0x2, 0x7, 0xff, 0xe1, 0x2, 0x8, 0xf, 0xff,
    0x88, 0x60, 0x3e, 0x1f, 0xe, 0x2, 0x7, 0xff,
    0xc3, 0xe0, 0x64, 0xcc, 0x21, 0x80,

    /* U+6863 "档" */
    0x20, 0x82, 0x49, 0x24, 0xaf, 0xaa, 0x20, 0x87,
    0x7f, 0x78, 0x1a, 0x1, 0xa7, 0xfa, 0x1, 0x20,
    0x12, 0xff, 0x20, 0x10,

    /* U+68A6 "梦" */
    0x10, 0x40, 0x82, 0x3f, 0xfe, 0x61, 0xc5, 0xd5,
    0x49, 0x24, 0x10, 0x1, 0xfc, 0x30, 0x22, 0xc2,
    0x1, 0xe0, 0xc, 0xf, 0x80, 0x0,

    /* U+68C0 "检" */
    0x20, 0x81, 0xc, 0x8, 0x51, 0xe4, 0x42, 0x41,
    0x3d, 0xf5, 0xc0, 0x16, 0x92, 0xa4, 0x91, 0x15,
    0x8, 0x8, 0x5f, 0xf2, 0x0, 0x0,

    /* U+68D2 "棒" */
    0x20, 0x82, 0xff, 0x21, 0xf, 0x7e, 0x61, 0x6,
    0xff, 0x72, 0x4b, 0x4a, 0xab, 0xda, 0x8, 0x27,
    0xe2, 0x8, 0x20, 0x80,

    /* U+68EE "森" */
    0x2, 0x0, 0x10, 0x1f, 0xfc, 0xe, 0x1, 0xac,
    0x31, 0x1c, 0x41, 0x2, 0x8, 0xfd, 0xf9, 0x87,
    0x17, 0x55, 0x24, 0x91, 0x4, 0x0,

    /* U+692D "椭" */
    0x20, 0x42, 0xe4, 0x2b, 0xff, 0xc8, 0x6c, 0x86,
    0xdf, 0x6b, 0x9b, 0xaf, 0xaa, 0x9a, 0xef, 0x28,
    0x92, 0x89, 0x28, 0xb0,

    /* U+6982 "概" */
    0x20, 0x1, 0x7f, 0xca, 0x49, 0xff, 0x46, 0x9a,
    0x34, 0xd1, 0xff, 0xef, 0x4, 0xaa, 0x65, 0x5b,
    0xb, 0x2a, 0x51, 0x52, 0x13, 0x80,

    /* U+6A21 "模" */
    0x22, 0x42, 0xff, 0x22, 0x4f, 0x7e, 0x68, 0x26,
    0x7e, 0x78, 0x2b, 0x7e, 0xa1, 0xa, 0xff, 0x21,
    0x82, 0x24, 0x2c, 0x30,

    /* U+6A2A "横" */
    0x21, 0x21, 0x3f, 0xc8, 0x49, 0xf2, 0x42, 0x7f,
    0x90, 0x41, 0xdf, 0xed, 0x91, 0xaf, 0xfd, 0x24,
    0x49, 0xfe, 0x42, 0x42, 0xe1, 0x80,

    /* U+6A31 "樱" */
    0x20, 0x1, 0x7f, 0x8a, 0xf5, 0xf7, 0xa2, 0xbd,
    0x3d, 0xe9, 0xda, 0x8d, 0x22, 0xaf, 0xfd, 0x12,
    0x9, 0xd0, 0x43, 0x82, 0xe3, 0x0,

    /* U+6A59 "橙" */
    0x20, 0x81, 0x7d, 0x8, 0x91, 0xec, 0xe2, 0x7e,
    0x34, 0x9, 0xdf, 0x94, 0x84, 0xa7, 0xe5, 0x12,
    0x8, 0x90, 0x44, 0x82, 0xff, 0x0,

    /* U+6B21 "次" */
    0x4, 0xc, 0x40, 0x27, 0xf0, 0x81, 0x9, 0x21,
    0x12, 0x21, 0x2, 0x18, 0x42, 0x8c, 0x64, 0x8c,
    0x61, 0x83, 0x0, 0x0,

    /* U+6B22 "欢" */
    0x0, 0x81, 0xf4, 0x0, 0x5f, 0x91, 0x42, 0x45,
    0x48, 0xa1, 0x1, 0x84, 0x6, 0x10, 0x18, 0xa0,
    0xb2, 0x86, 0x11, 0x10, 0xc6, 0x4, 0x0,

    /* U+6B3A "欺" */
    0x44, 0x82, 0x24, 0x3f, 0xbe, 0x8a, 0x17, 0xd5,
    0x23, 0x29, 0xf1, 0x8, 0x88, 0x44, 0x47, 0xf5,
    0x2, 0x28, 0x9a, 0x2c, 0x70, 0x80,

    /* U+6B49 "歉" */
    0x44, 0x81, 0x44, 0x3f, 0xbc, 0x52, 0x2f, 0xd5,
    0x16, 0x2b, 0xf9, 0x5, 0x88, 0xfc, 0x43, 0x45,
    0x2b, 0x29, 0x52, 0x22, 0xa0, 0x0,

    /* U+6B4C "歌" */
    0x0, 0x87, 0xf4, 0x1, 0x20, 0xeb, 0xf5, 0x51,
    0x3b, 0xa8, 0x11, 0x1f, 0xc8, 0x74, 0x42, 0xa5,
    0x1d, 0x28, 0x8a, 0x20, 0xe0, 0x80,

    /* U+6B63 "正" */
    0x7f, 0xf8, 0x8, 0x0, 0x40, 0x42, 0x2, 0x10,
    0x10, 0xf8, 0x84, 0x4, 0x20, 0x21, 0x1, 0x8,
    0x3f, 0xfe,

    /* U+6B64 "此" */
    0x9, 0x0, 0x48, 0x2, 0x40, 0x92, 0x4, 0x93,
    0x27, 0xb1, 0x26, 0x9, 0x20, 0x49, 0x2, 0x48,
    0x12, 0x42, 0x9e, 0x1f, 0x1f, 0x80,

    /* U+6B65 "步" */
    0x2, 0x0, 0x20, 0x23, 0xe2, 0x20, 0x22, 0xf,
    0xff, 0x2, 0x1, 0x22, 0x22, 0x44, 0x28, 0x3,
    0x0, 0x60, 0x78, 0x8, 0x0,

    /* U+6B7B "死" */
    0xff, 0xf2, 0x10, 0x21, 0x3, 0xd3, 0x45, 0x48,
    0x58, 0xa9, 0x1, 0x90, 0x11, 0x1, 0x11, 0x61,
    0x1c, 0x1f,

    /* U+6B8A "殊" */
    0x0, 0x87, 0xd4, 0x10, 0xa0, 0x8f, 0xe7, 0xc8,
    0x28, 0x43, 0x5f, 0xd6, 0x38, 0x13, 0xc1, 0x15,
    0x9, 0x24, 0x91, 0x8, 0x8, 0x0,

    /* U+6BB5 "段" */
    0x0, 0x1, 0xcf, 0x10, 0x48, 0x82, 0x47, 0x92,
    0x21, 0x1d, 0x0, 0xf, 0x7e, 0x41, 0x12, 0x9,
    0x3e, 0x30, 0x81, 0xc4, 0x71, 0x80,

    /* U+6BCF "每" */
    0x0, 0x0, 0x80, 0xf, 0xfe, 0xc0, 0x7, 0xfe,
    0x52, 0x10, 0x8c, 0x9f, 0xff, 0x24, 0x21, 0x19,
    0xf, 0xfe, 0x0, 0x40, 0x1c, 0x0,

    /* U+6BD2 "毒" */
    0x2, 0x3, 0xff, 0x80, 0x80, 0x7f, 0xc0, 0x20,
    0x7f, 0xfc, 0x0, 0x7, 0xfc, 0xff, 0xf9, 0x11,
    0x8, 0x88, 0x7f, 0xe0, 0x1c, 0x0,

    /* U+6BD4 "比" */
    0x41, 0x4, 0x10, 0x41, 0x4, 0x12, 0x41, 0x27,
    0xd4, 0x41, 0x84, 0x10, 0x41, 0x4, 0x11, 0x41,
    0x17, 0xd1, 0x61, 0xf0,

    /* U+6BDB "毛" */
    0x0, 0x0, 0x1e, 0x1f, 0x0, 0x8, 0x0, 0x4e,
    0x3f, 0x80, 0x10, 0x0, 0x86, 0x3f, 0xc6, 0x20,
    0x1, 0x2, 0x8, 0x10, 0x7f, 0x0,

    /* U+6BEB "毫" */
    0x4, 0xf, 0xff, 0x0, 0x3, 0xfc, 0x20, 0x41,
    0xf8, 0xff, 0xf8, 0x39, 0x3c, 0x7, 0xfc, 0x4,
    0xf, 0xfe, 0x7, 0xf0,

    /* U+6C14 "气" */
    0x8, 0x0, 0xc0, 0x7, 0xfe, 0x60, 0x2, 0xff,
    0x20, 0x0, 0xff, 0x80, 0x4, 0x0, 0x20, 0x1,
    0x0, 0x8, 0x0, 0x30, 0x1, 0x80,

    /* U+6C34 "水" */
    0x2, 0x0, 0x10, 0x0, 0x80, 0x4, 0x2f, 0xa2,
    0x5, 0xa0, 0x2e, 0x2, 0x50, 0x32, 0x41, 0x11,
    0x10, 0x86, 0x4, 0x0, 0xe0, 0x0,

    /* U+6C38 "永" */
    0x8, 0x0, 0x38, 0x0, 0x20, 0x7c, 0x0, 0x21,
    0x1, 0x1b, 0xed, 0x82, 0x70, 0x12, 0x81, 0x12,
    0x18, 0x89, 0x84, 0x30, 0xe0, 0x0,

    /* U+6C57 "汗" */
    0x0, 0x3, 0x3f, 0x84, 0x20, 0x1, 0x8, 0x8,
    0x30, 0x40, 0xbf, 0xe0, 0x10, 0x10, 0x81, 0x4,
    0x8, 0x20, 0x81, 0x4, 0x8, 0x0,

    /* U+6C60 "池" */
    0x40, 0x81, 0x4, 0x1, 0x20, 0x9, 0x68, 0x4d,
    0x33, 0xc8, 0xf2, 0x40, 0x92, 0x14, 0x91, 0x21,
    0xc9, 0x2, 0x88, 0x24, 0x7f, 0x0,

    /* U+6C89 "沉" */
    0x0, 0x6, 0xff, 0x8, 0x10, 0x81, 0xc3, 0xc2,
    0x44, 0x4, 0x40, 0x44, 0x24, 0x42, 0x44, 0x44,
    0x54, 0x85, 0x98, 0x70,

    /* U+6C99 "沙" */
    0x60, 0x80, 0x84, 0x0, 0xa4, 0x9, 0x24, 0x48,
    0x92, 0x44, 0x22, 0x42, 0x12, 0x10, 0x21, 0x2,
    0x18, 0x60, 0x9e, 0x0,

    /* U+6CA1 "没" */
    0x63, 0xe0, 0x48, 0x80, 0x22, 0x31, 0xe, 0x28,
    0x0, 0x3f, 0xc0, 0x41, 0x4, 0x88, 0x21, 0x40,
    0x87, 0x4, 0x77, 0x2, 0x2,

    /* U+6CB3 "河" */
    0x40, 0x1, 0x7f, 0xc4, 0x4, 0x0, 0x28, 0x79,
    0x32, 0x48, 0x12, 0x40, 0x92, 0x17, 0x91, 0x20,
    0x88, 0x4, 0x80, 0x24, 0xf, 0x0,

    /* U+6CB9 "油" */
    0x40, 0x83, 0x8, 0x0, 0x80, 0x7f, 0x44, 0x92,
    0x49, 0x4, 0x90, 0x7f, 0x14, 0x93, 0x49, 0x24,
    0x94, 0x7f, 0x44, 0x10,

    /* U+6CBB "治" */
    0x0, 0x81, 0x88, 0x0, 0x90, 0x4, 0x40, 0x41,
    0x37, 0xfc, 0x0, 0x2, 0xfe, 0x14, 0x11, 0x20,
    0x89, 0x4, 0x88, 0x24, 0x7f, 0x0,

    /* U+6CD5 "法" */
    0x41, 0x6, 0x10, 0x1, 0x0, 0x7e, 0x81, 0x6,
    0x10, 0xf, 0xf0, 0x10, 0x22, 0x2, 0x24, 0x44,
    0x24, 0xff, 0x0, 0x10,

    /* U+6CE1 "泡" */
    0x42, 0x1, 0x90, 0x1, 0xfc, 0x8, 0x2c, 0xfd,
    0x12, 0x28, 0x11, 0x40, 0x8a, 0x17, 0x91, 0x21,
    0x89, 0x0, 0x88, 0x14, 0x7f, 0x0,

    /* U+6CE2 "波" */
    0x41, 0x2, 0x10, 0xf, 0xf0, 0x91, 0x89, 0x24,
    0x90, 0xf, 0xe0, 0xc2, 0x2a, 0x42, 0xa4, 0x49,
    0x85, 0x3c, 0x96, 0x70, 0x0,

    /* U+6CE8 "注" */
    0x0, 0x1, 0x84, 0x4, 0x20, 0x1f, 0xf0, 0x8,
    0x30, 0x40, 0x2, 0x0, 0xfe, 0x10, 0x80, 0x84,
    0x8, 0x20, 0xc1, 0x4, 0xff, 0x80,

    /* U+6CEA "泪" */
    0x40, 0x3, 0x7f, 0x14, 0x10, 0x41, 0xc7, 0xf2,
    0x41, 0x4, 0x10, 0x41, 0x17, 0xf3, 0x41, 0x24,
    0x14, 0x7f, 0x44, 0x10,

    /* U+6CFC "泼" */
    0xc5, 0x1, 0x49, 0x2, 0x40, 0x3f, 0xec, 0x20,
    0x1, 0xf0, 0x10, 0x84, 0xcc, 0x69, 0x42, 0x84,
    0x30, 0xd1, 0x1c, 0x60,

    /* U+6D01 "洁" */
    0x40, 0x81, 0x4, 0x3, 0xfe, 0x1, 0xc, 0x8,
    0x17, 0xf8, 0x0, 0x0, 0x0, 0x17, 0xf1, 0x20,
    0x89, 0x4, 0x88, 0x24, 0x7f, 0x0,

    /* U+6D0B "洋" */
    0x0, 0x3, 0x11, 0x4, 0x48, 0x1f, 0xf0, 0x8,
    0x30, 0x40, 0x9f, 0xc0, 0x10, 0x20, 0x81, 0x7f,
    0xd8, 0x20, 0x81, 0x0, 0x8, 0x0,

    /* U+6D3B "活" */
    0x40, 0x71, 0xbc, 0x0, 0x20, 0x1, 0xc, 0xff,
    0xb0, 0x40, 0x2, 0x0, 0x10, 0x17, 0xf1, 0x20,
    0x89, 0x4, 0x88, 0x24, 0x7f, 0x0,

    /* U+6D41 "流" */
    0x40, 0x83, 0x4, 0x3, 0xfe, 0x6, 0x48, 0x23,
    0x37, 0xf8, 0x0, 0x20, 0x94, 0x14, 0xa1, 0x25,
    0x9, 0x28, 0x91, 0x54, 0x83, 0x80,

    /* U+6D4B "测" */
    0x40, 0x9, 0x7c, 0x42, 0x2a, 0x15, 0x50, 0xaa,
    0xb5, 0x54, 0xaa, 0xa1, 0x55, 0x2a, 0xa9, 0x55,
    0x51, 0x2, 0x9a, 0x11, 0x8b, 0x80,

    /* U+6D51 "浑" */
    0x0, 0x1, 0x7f, 0xc6, 0x2, 0x12, 0x10, 0x7f,
    0x21, 0x0, 0x9a, 0x0, 0xfe, 0x10, 0x81, 0x4,
    0xb, 0xfe, 0x81, 0x4, 0x8, 0x0,

    /* U+6D6E "浮" */
    0x40, 0x31, 0x7e, 0x5, 0x44, 0x9, 0x28, 0x2a,
    0x33, 0xf8, 0x1, 0x80, 0x10, 0x2f, 0xf9, 0x4,
    0x8, 0x20, 0x81, 0x4, 0x38, 0x0,

    /* U+6D77 "海" */
    0x4, 0x6, 0x40, 0x2f, 0xf0, 0x80, 0x17, 0xec,
    0x92, 0x8, 0xa1, 0xff, 0x2a, 0x24, 0x92, 0x4f,
    0xf8, 0x2, 0x81, 0xc0,

    /* U+6D88 "消" */
    0x40, 0x81, 0xa4, 0x80, 0xa8, 0x1, 0xc, 0x7f,
    0x32, 0x8, 0x10, 0x40, 0xfe, 0x14, 0x11, 0x3f,
    0x89, 0x4, 0x88, 0x24, 0x47, 0x0,

    /* U+6DE1 "淡" */
    0x40, 0x81, 0xa4, 0x81, 0x2c, 0x1, 0x4c, 0x16,
    0x13, 0xc, 0x2, 0x0, 0x92, 0x24, 0x91, 0x47,
    0x18, 0x50, 0x8c, 0x60, 0x80, 0x80,

    /* U+6DF1 "深" */
    0x0, 0x6, 0xff, 0x8, 0x10, 0xa5, 0x2, 0x24,
    0x42, 0x29, 0x0, 0xff, 0x21, 0x82, 0x34, 0x45,
    0x25, 0x91, 0x1, 0x0,

    /* U+6E05 "清" */
    0x1, 0x6, 0xff, 0x21, 0x0, 0xfe, 0x1, 0xd,
    0xff, 0x0, 0x0, 0xfe, 0x2f, 0xe4, 0x82, 0x4f,
    0xec, 0x82, 0x88, 0xe0,

    /* U+6E10 "渐" */
    0x8, 0x4, 0x8f, 0x3f, 0x0, 0x90, 0x95, 0x5,
    0x5f, 0x1f, 0x20, 0x52, 0x25, 0x25, 0xf2, 0x45,
    0x28, 0x52, 0x86, 0x20,

    /* U+6E29 "温" */
    0x67, 0xf0, 0xa0, 0x81, 0xfd, 0x8, 0x26, 0x7f,
    0x0, 0x0, 0x3f, 0xc5, 0x4a, 0x2a, 0x53, 0x52,
    0x92, 0x95, 0xbf, 0xf0,

    /* U+6E32 "渲" */
    0x0, 0x83, 0x4, 0x7, 0xfe, 0x10, 0x10, 0x3e,
    0x30, 0x0, 0x9f, 0xc0, 0x82, 0x17, 0xf0, 0xa0,
    0x89, 0xfc, 0xc0, 0x4, 0xff, 0x80,

    /* U+6E38 "游" */
    0x44, 0x41, 0x22, 0x7, 0xff, 0x12, 0x6, 0xe3,
    0x5, 0x10, 0x28, 0x85, 0x5f, 0x4a, 0x22, 0x91,
    0x14, 0x88, 0x4d, 0xc0,

    /* U+6E83 "溃" */
    0x40, 0x81, 0xbf, 0x85, 0x24, 0xf, 0xe0, 0x8,
    0x37, 0xbc, 0x1f, 0xc0, 0x82, 0x14, 0x91, 0x24,
    0x89, 0x24, 0x86, 0xc4, 0xc1, 0x0,

    /* U+6EA2 "溢" */
    0x44, 0x21, 0x31, 0x0, 0x10, 0x3f, 0xfc, 0x24,
    0x12, 0x10, 0x60, 0x65, 0xfe, 0x2a, 0x52, 0x52,
    0x92, 0x94, 0x94, 0xa5, 0xff, 0x80,

    /* U+6EDA "滚" */
    0x40, 0x81, 0x7f, 0xc0, 0x88, 0x8, 0x2d, 0x90,
    0x91, 0x10, 0x3f, 0xc0, 0x30, 0x26, 0x51, 0xf3,
    0x10, 0x88, 0x8f, 0x30, 0x40, 0x0,

    /* U+6EE1 "满" */
    0x4, 0x87, 0xff, 0x4, 0x80, 0x0, 0x1f, 0xfc,
    0x28, 0x5f, 0xf1, 0x29, 0x32, 0x95, 0x4d, 0x59,
    0x19, 0x1, 0x90, 0x70,

    /* U+6EF4 "滴" */
    0x40, 0x81, 0x7f, 0xc0, 0x88, 0x4, 0x80, 0xff,
    0xb4, 0x44, 0x2f, 0xa1, 0x11, 0x2b, 0xc9, 0x52,
    0x4a, 0xf2, 0x94, 0x14, 0x83, 0x0,

    /* U+6F02 "漂" */
    0x6f, 0xf8, 0x8a, 0x1, 0xfe, 0x12, 0x94, 0x94,
    0x93, 0x58, 0x1f, 0xc0, 0x0, 0x2f, 0xf9, 0x4,
    0x13, 0x26, 0x7, 0x10,

    /* U+6F9C "澜" */
    0x0, 0x4, 0xbf, 0x1, 0x11, 0x7d, 0x91, 0x15,
    0x7d, 0x1d, 0xd1, 0xbd, 0x57, 0xd5, 0x39, 0x55,
    0x59, 0x11, 0x10, 0x70,

    /* U+706B "火" */
    0x2, 0x0, 0x10, 0x0, 0x80, 0x44, 0x22, 0x23,
    0x31, 0x11, 0x19, 0x0, 0xa0, 0x5, 0x0, 0x44,
    0x4, 0x10, 0xc0, 0x60, 0x0, 0x0,

    /* U+7070 "灰" */
    0x10, 0x1, 0x0, 0xff, 0xf1, 0x0, 0x11, 0x2,
    0x12, 0x29, 0x22, 0x94, 0x69, 0x84, 0x28, 0x86,
    0x48, 0xc2, 0x18, 0x10,

    /* U+70AD "炭" */
    0x4, 0x4, 0x42, 0x7f, 0xe1, 0x0, 0x10, 0xf,
    0xff, 0x11, 0x2, 0x10, 0x29, 0x24, 0xb4, 0xc2,
    0x88, 0x4c, 0x38, 0x70,

    /* U+70B9 "点" */
    0x2, 0x0, 0x10, 0x0, 0xfe, 0x4, 0x3, 0xfe,
    0x10, 0x10, 0x80, 0x84, 0x4, 0x3f, 0xe0, 0x0,
    0x9, 0x48, 0x89, 0x2c, 0x48, 0x80,

    /* U+70C8 "烈" */
    0x0, 0x17, 0xf0, 0x8c, 0x24, 0x7d, 0x24, 0x49,
    0x52, 0x48, 0x72, 0x43, 0x2, 0x30, 0x16, 0x3,
    0x90, 0x0, 0x92, 0x28, 0x89, 0xc0, 0x0,

    /* U+70E6 "烦" */
    0x10, 0x0, 0x9f, 0xc4, 0x10, 0xab, 0xe5, 0xa1,
    0x4d, 0x28, 0x49, 0x42, 0x4a, 0x32, 0x51, 0x42,
    0x19, 0x28, 0x82, 0x38, 0x20, 0x80,

    /* U+70ED "热" */
    0x21, 0x1, 0x8, 0x3f, 0xf8, 0x42, 0x42, 0x12,
    0x1e, 0x93, 0x8c, 0x84, 0x54, 0x26, 0x2b, 0x20,
    0xc0, 0x8, 0x92, 0x28, 0x89, 0x0, 0x0,

    /* U+7126 "焦" */
    0x11, 0x1, 0x8, 0xf, 0xfc, 0xc2, 0xb, 0xfe,
    0x10, 0x80, 0xff, 0x84, 0x20, 0x21, 0x1, 0xff,
    0x88, 0x0, 0x91, 0x24, 0x89, 0x4, 0x40,

    /* U+7130 "焰" */
    0x10, 0x80, 0x84, 0x4, 0x7c, 0xaa, 0x25, 0xa2,
    0x2e, 0x40, 0x4c, 0xe2, 0x41, 0x32, 0x9, 0xdd,
    0xcb, 0x82, 0x87, 0xfc, 0x20, 0x80,

    /* U+7136 "然" */
    0x10, 0x40, 0xf2, 0x88, 0x90, 0x7b, 0xf4, 0x44,
    0x14, 0x30, 0x62, 0x82, 0x32, 0x63, 0x18, 0x0,
    0x9, 0x24, 0x89, 0x34, 0x48, 0x80,

    /* U+7167 "照" */
    0x7b, 0xf2, 0x44, 0x92, 0x44, 0xf4, 0x44, 0xbf,
    0x25, 0x9, 0x28, 0x4e, 0x7e, 0x40, 0x1, 0x29,
    0x11, 0x24, 0x89, 0x30,

    /* U+719F "熟" */
    0x20, 0x8f, 0xc8, 0x3, 0xef, 0x8a, 0xfa, 0xa0,
    0x3a, 0x79, 0xaf, 0xd7, 0x22, 0x36, 0x41, 0x40,
    0x4, 0x92, 0x89, 0x90,

    /* U+7206 "爆" */
    0x20, 0x1, 0x3f, 0x89, 0xfc, 0xe8, 0x27, 0x7f,
    0x39, 0x12, 0x9f, 0xc5, 0xff, 0x26, 0x91, 0xd5,
    0x54, 0x70, 0x9d, 0x60, 0x18, 0x0,

    /* U+7231 "爱" */
    0x3f, 0xf0, 0x91, 0x4, 0x50, 0xff, 0xf4, 0x40,
    0x9f, 0xf8, 0x20, 0x1, 0xfc, 0x1c, 0x60, 0x9e,
    0x18, 0xf0, 0x98, 0x70,

    /* U+7247 "片" */
    0x1, 0x2, 0x10, 0x21, 0x2, 0x10, 0x3f, 0xf2,
    0x0, 0x20, 0x3, 0xfc, 0x20, 0x42, 0x4, 0x40,
    0x44, 0x4, 0x80, 0x40,

    /* U+7248 "版" */
    0x48, 0x72, 0x5c, 0x12, 0x80, 0x94, 0x7, 0xff,
    0x21, 0x89, 0xa, 0x4f, 0x52, 0x4a, 0xa2, 0x53,
    0x12, 0x99, 0x19, 0x68, 0xd1, 0x80,

    /* U+724C "牌" */
    0x50, 0x82, 0x9f, 0xd4, 0x92, 0xa4, 0x97, 0xff,
    0xa1, 0x25, 0xf, 0xef, 0x34, 0x4a, 0x22, 0x7f,
    0xd2, 0x8, 0x90, 0x48, 0x82, 0x0,

    /* U+7259 "牙" */
    0x7f, 0xf0, 0x4, 0x8, 0x20, 0x41, 0x2, 0x8,
    0x3f, 0xfc, 0x6, 0x0, 0xd0, 0xc, 0x81, 0x84,
    0x30, 0x20, 0x7, 0x0,

    /* U+7269 "物" */
    0x11, 0x2, 0x88, 0x14, 0x7e, 0xf5, 0x55, 0x2a,
    0xca, 0x54, 0x44, 0xa7, 0x29, 0xd2, 0x48, 0xa4,
    0x44, 0x22, 0x22, 0x21, 0x27, 0x0,

    /* U+7279 "特" */
    0x20, 0x8a, 0x8, 0xa7, 0xef, 0x8, 0xa0, 0x8a,
    0xff, 0x20, 0x43, 0xff, 0xe0, 0x42, 0x64, 0x22,
    0x42, 0x4, 0x21, 0xc0,

    /* U+72B6 "状" */
    0x10, 0x80, 0x84, 0xb4, 0x24, 0xa1, 0x1, 0x7f,
    0x88, 0x40, 0x43, 0x6, 0x28, 0x51, 0x44, 0x89,
    0x4, 0x88, 0x28, 0x21, 0xc0, 0x80,

    /* U+72EC "独" */
    0x0, 0x82, 0x84, 0x8, 0x20, 0xcf, 0xed, 0x49,
    0xa, 0x48, 0xd2, 0x46, 0xfe, 0x50, 0x80, 0x85,
    0x84, 0x24, 0x3f, 0xe6, 0x80, 0x80,

    /* U+732B "猫" */
    0x12, 0x22, 0x91, 0xb, 0xfe, 0xc4, 0x49, 0x22,
    0x8, 0x0, 0xdf, 0xce, 0x92, 0xd7, 0xf0, 0xa4,
    0x85, 0x24, 0x2f, 0xe6, 0x41, 0x0,

    /* U+7387 "率" */
    0x2, 0x7, 0xff, 0xc1, 0x0, 0x89, 0x62, 0xf6,
    0x1, 0x0, 0xd2, 0x99, 0xea, 0x2, 0x7, 0xff,
    0xc0, 0x80, 0x4, 0x0, 0x20, 0x0,

    /* U+738B "王" */
    0x7f, 0xf0, 0x10, 0x0, 0x80, 0x4, 0x0, 0x20,
    0x3f, 0xf8, 0x8, 0x0, 0x40, 0x2, 0x0, 0x10,
    0x3f, 0xfe,

    /* U+73A9 "玩" */
    0xfb, 0xf1, 0x0, 0x8, 0x0, 0x40, 0xf, 0xff,
    0x90, 0xa0, 0x85, 0x4, 0x28, 0x39, 0x47, 0x12,
    0x41, 0x92, 0x10, 0x70,

    /* U+73AF "环" */
    0xf7, 0xfa, 0x6, 0x10, 0x20, 0x83, 0x8f, 0x1a,
    0x21, 0x49, 0x12, 0x48, 0x10, 0x50, 0x87, 0x4,
    0x0, 0x20, 0x1, 0x0,

    /* U+73B0 "现" */
    0xfb, 0xf1, 0x20, 0x89, 0x24, 0x49, 0x2f, 0xc9,
    0x12, 0x48, 0x92, 0x44, 0x1a, 0x21, 0x43, 0xca,
    0x60, 0x92, 0x18, 0xf0,

    /* U+73CD "珍" */
    0x0, 0xc7, 0xc6, 0x8, 0x48, 0x44, 0x22, 0xc4,
    0xfc, 0xc0, 0x88, 0x84, 0x8, 0x21, 0x89, 0x58,
    0xbc, 0x18, 0x3, 0x80, 0x20, 0x0,

    /* U+73E0 "珠" */
    0x0, 0x83, 0xea, 0x2, 0x28, 0x8, 0xfe, 0x24,
    0x83, 0xf2, 0x2, 0x7f, 0x88, 0x70, 0x21, 0xe0,
    0xaa, 0x8f, 0x69, 0x3, 0x23, 0x0, 0x80,

    /* U+7403 "球" */
    0x0, 0xa7, 0x85, 0x90, 0x24, 0x9f, 0xf4, 0x8,
    0x7a, 0x49, 0xb, 0x88, 0x18, 0x43, 0xc2, 0xb5,
    0x3b, 0x24, 0x1, 0x10, 0x38, 0x0,

    /* U+7406 "理" */
    0xf7, 0xf2, 0x24, 0x91, 0x24, 0x8f, 0xef, 0x49,
    0x23, 0xf9, 0x2, 0x8, 0x10, 0x47, 0xf3, 0x84,
    0x20, 0x20, 0x3f, 0xf0,

    /* U+74F6 "瓶" */
    0x48, 0x4, 0xbf, 0x31, 0xf, 0xd0, 0x49, 0xe4,
    0xa2, 0x4a, 0xaf, 0xea, 0x4a, 0xa4, 0xa6, 0x4a,
    0x24, 0xaf, 0x8b, 0x30,

    /* U+751F "生" */
    0x24, 0x2, 0x40, 0x24, 0x7, 0xfe, 0x44, 0x8,
    0x40, 0x4, 0x7, 0xfe, 0x4, 0x0, 0x40, 0x4,
    0x0, 0x40, 0xff, 0xf0,

    /* U+7528 "用" */
    0x3f, 0xf2, 0x21, 0x22, 0x13, 0xff, 0x22, 0x12,
    0x21, 0x22, 0x13, 0xff, 0x22, 0x16, 0x21, 0x42,
    0x1c, 0x2f,

    /* U+7531 "由" */
    0x4, 0x0, 0x80, 0x10, 0x7f, 0xf8, 0x43, 0x8,
    0x61, 0xf, 0xff, 0x84, 0x30, 0x86, 0x10, 0xff,
    0xf8, 0x2,

    /* U+7535 "电" */
    0x4, 0x0, 0x83, 0xff, 0x42, 0x28, 0x45, 0xff,
    0xa1, 0x14, 0x22, 0xff, 0xd0, 0x84, 0x10, 0x82,
    0x10, 0x7e,

    /* U+753B "画" */
    0xff, 0xe0, 0x0, 0x0, 0x1f, 0xca, 0x4b, 0x7f,
    0x69, 0x2d, 0x25, 0xbf, 0xb0, 0x7, 0xff, 0x80,
    0x10,

    /* U+754C "界" */
    0x3f, 0xf0, 0x88, 0x43, 0xff, 0x8, 0x84, 0x3f,
    0xf0, 0x23, 0x1, 0x6, 0x1a, 0x16, 0x8, 0x40,
    0x21, 0x1, 0x4, 0x8, 0x10,

    /* U+7559 "留" */
    0x8, 0x7, 0x3f, 0x40, 0x94, 0x89, 0x49, 0x17,
    0xd1, 0x42, 0x70, 0x0, 0x3f, 0xe3, 0xfe, 0x22,
    0x22, 0x22, 0x3f, 0xe0,

    /* U+7565 "略" */
    0x0, 0x87, 0xc8, 0x2a, 0x7d, 0x56, 0x4a, 0xda,
    0x7c, 0x62, 0xa7, 0x95, 0xc3, 0xab, 0xf7, 0xd0,
    0xa0, 0x85, 0x4, 0x20, 0x3f, 0x0,

    /* U+7597 "疗" */
    0x2, 0x0, 0x10, 0xf, 0xff, 0x40, 0x6, 0xff,
    0x10, 0x30, 0x82, 0x1c, 0x20, 0xa1, 0x1, 0x8,
    0x10, 0x40, 0x82, 0x8, 0x70, 0x0,

    /* U+75C5 "病" */
    0x2, 0x0, 0x30, 0x3f, 0xfa, 0x0, 0xaf, 0xf6,
    0x10, 0x2f, 0xf6, 0x91, 0xa9, 0x92, 0xa5, 0x4c,
    0x14, 0x81, 0x88, 0x70,

    /* U+75D5 "痕" */
    0x0, 0x0, 0x8, 0xf, 0xff, 0x40, 0xa, 0xfe,
    0x34, 0x10, 0xbf, 0x85, 0x4, 0xef, 0xe1, 0x48,
    0x92, 0x38, 0x91, 0x8c, 0xe3, 0x0, 0x0,

    /* U+75DB "痛" */
    0x2, 0x1, 0xff, 0xc8, 0x1, 0x5f, 0xea, 0x4,
    0x11, 0xc0, 0xbf, 0xc5, 0x22, 0xef, 0xf1, 0x48,
    0x93, 0xfc, 0x92, 0x28, 0x97, 0x0,

    /* U+7626 "瘦" */
    0x3, 0x1, 0xff, 0xc8, 0x1, 0x4a, 0x7, 0x97,
    0x16, 0xb8, 0xc4, 0x4d, 0xfe, 0xe1, 0x5, 0x7f,
    0x92, 0x8, 0x8d, 0x84, 0x7c, 0xc, 0x18,

    /* U+767D "白" */
    0x8, 0x2, 0xf, 0xfe, 0x1, 0x80, 0x60, 0x1f,
    0xfe, 0x1, 0x80, 0x60, 0x1f, 0xfe, 0x1,

    /* U+7684 "的" */
    0x21, 0x2, 0x10, 0xf9, 0xf8, 0xa1, 0x8e, 0x18,
    0x91, 0xf9, 0x18, 0x89, 0x88, 0x58, 0x81, 0x88,
    0x1f, 0x83, 0x80, 0xe0,

    /* U+7686 "皆" */
    0x42, 0x4, 0x22, 0x7e, 0xc4, 0x30, 0x46, 0x1f,
    0xbe, 0x4, 0x7, 0xfc, 0x40, 0x47, 0xfc, 0x40,
    0x44, 0x4, 0x7f, 0xc0,

    /* U+76AE "皮" */
    0x1, 0x0, 0x4, 0x3, 0xff, 0x88, 0x42, 0x21,
    0x10, 0x84, 0x3, 0xff, 0x9, 0x4, 0x24, 0x20,
    0x89, 0x6, 0x18, 0x10, 0xf0, 0x5c, 0x38,

    /* U+76D6 "盖" */
    0x10, 0x40, 0x44, 0x1f, 0xfc, 0x4, 0x3, 0xfe,
    0x1, 0x3, 0xff, 0xe0, 0x0, 0x3f, 0xf2, 0x48,
    0x92, 0x44, 0x92, 0x2f, 0xff, 0x80,

    /* U+76EE "目" */
    0xff, 0xc0, 0x60, 0x3f, 0xf8, 0xc, 0x6, 0x3,
    0xff, 0x80, 0xc0, 0x7f, 0xf0, 0x10,

    /* U+76F4 "直" */
    0x2, 0x7, 0xff, 0xc0, 0x80, 0x7f, 0xc2, 0x2,
    0x1f, 0xf0, 0x80, 0x87, 0xfc, 0x20, 0x21, 0xff,
    0x8, 0x8, 0x40, 0x4f, 0xff, 0x80,

    /* U+76F8 "相" */
    0x20, 0x2, 0x3f, 0x22, 0x1f, 0xa1, 0x23, 0xf2,
    0x21, 0x72, 0x16, 0xa1, 0xab, 0xfa, 0x21, 0x22,
    0x12, 0x3f, 0x22, 0x10,

    /* U+7709 "眉" */
    0x3f, 0xf2, 0x11, 0x3f, 0xf2, 0x0, 0x2f, 0xf2,
    0x81, 0x2f, 0xf2, 0x81, 0x2f, 0xf4, 0x81, 0x48,
    0x14, 0xff,

    /* U+770B "看" */
    0x7f, 0xe0, 0x40, 0x7f, 0xe0, 0x80, 0xff, 0xf1,
    0x0, 0x3f, 0xe5, 0xfe, 0x90, 0x21, 0xfe, 0x10,
    0x21, 0xfe,

    /* U+771F "真" */
    0x2, 0xf, 0xff, 0x4, 0x3, 0xfc, 0x20, 0x43,
    0xfc, 0x3f, 0xc2, 0x4, 0x3f, 0xcf, 0xff, 0x0,
    0x3, 0xe, 0xc0, 0x10,

    /* U+7720 "眠" */
    0xf7, 0xf4, 0xa0, 0xa5, 0x5, 0xef, 0xe9, 0x48,
    0x4a, 0x43, 0xdf, 0xd2, 0x90, 0x94, 0x47, 0xa2,
    0x21, 0x7c, 0x1c, 0x60,

    /* U+772F "眯" */
    0x0, 0x87, 0xa4, 0xa5, 0x25, 0x25, 0x4f, 0x2a,
    0x48, 0x42, 0x5f, 0xde, 0x38, 0x92, 0xc4, 0x95,
    0x3d, 0x25, 0x11, 0x10, 0x8, 0x0,

    /* U+773C "眼" */
    0xf7, 0xf4, 0xa0, 0xa5, 0xfd, 0xe8, 0x29, 0x41,
    0x4b, 0xfb, 0xd2, 0x12, 0x93, 0x94, 0x67, 0xa2,
    0x21, 0x6c, 0xc, 0x30,

    /* U+7740 "着" */
    0x8, 0x0, 0x42, 0xf, 0xfc, 0x4, 0x3, 0xff,
    0x2, 0x1, 0xef, 0xe3, 0xfe, 0x38, 0x13, 0x7f,
    0x93, 0xfc, 0x10, 0x20, 0xff, 0x0,

    /* U+775B "睛" */
    0x0, 0x8f, 0x7f, 0x90, 0x89, 0x7e, 0xf0, 0x89,
    0xff, 0x90, 0xf, 0x7e, 0x97, 0xe9, 0x42, 0xf7,
    0xe8, 0x42, 0x4, 0x60,

    /* U+7761 "睡" */
    0x0, 0x2f, 0x7c, 0x90, 0x89, 0x8, 0xff, 0xf9,
    0x4a, 0x9f, 0xff, 0x4a, 0x94, 0xa9, 0xff, 0xf0,
    0x88, 0x8, 0x7, 0xf0,

    /* U+77E5 "知" */
    0x20, 0x4, 0x1f, 0x7f, 0x15, 0x11, 0x91, 0x11,
    0x11, 0xff, 0x11, 0x11, 0x11, 0x13, 0x91, 0x25,
    0x14, 0x3f, 0xc1, 0x10,

    /* U+77ED "短" */
    0x40, 0x2, 0x3f, 0xde, 0x1, 0x47, 0xea, 0x21,
    0x11, 0xb, 0xe8, 0x44, 0x7e, 0x20, 0x1, 0x91,
    0x12, 0x48, 0x82, 0x88, 0x7f, 0x80,

    /* U+77F3 "石" */
    0x7f, 0xf8, 0x20, 0x3, 0x0, 0x10, 0x1, 0x80,
    0xf, 0xf8, 0xc0, 0x4e, 0x2, 0x10, 0x10, 0x80,
    0x87, 0xfc, 0x20, 0x20,

    /* U+7801 "码" */
    0xfb, 0xe2, 0x2, 0x42, 0x24, 0x22, 0x7a, 0x2c,
    0xbf, 0xc8, 0x14, 0x81, 0x4f, 0xd7, 0x81, 0x40,
    0x24, 0x6,

    /* U+7840 "础" */
    0x0, 0x8f, 0x89, 0x24, 0x94, 0x49, 0x44, 0x97,
    0xbf, 0xc8, 0x8c, 0xc9, 0x4c, 0x94, 0xc9, 0x7c,
    0x94, 0x7f, 0x40, 0x10,

    /* U+786C "硬" */
    0xff, 0xf1, 0x4, 0x11, 0xfc, 0x89, 0x27, 0xff,
    0x26, 0x4b, 0x32, 0x59, 0xfe, 0x4a, 0x83, 0xc8,
    0x10, 0xe0, 0x88, 0xf0,

    /* U+786E "确" */
    0x1, 0xf, 0xbc, 0x22, 0x44, 0x44, 0x47, 0xf7,
    0xc9, 0xcb, 0xfc, 0xc9, 0x4c, 0x94, 0xff, 0x7c,
    0x94, 0x49, 0x48, 0xb0,

    /* U+788D "碍" */
    0xfb, 0xf1, 0x1f, 0x90, 0x84, 0x87, 0xe7, 0x80,
    0x67, 0xff, 0x20, 0x89, 0xff, 0x4a, 0x23, 0xc9,
    0x10, 0x8, 0x81, 0xc0,

    /* U+78B0 "碰" */
    0x2, 0x27, 0x91, 0x10, 0x50, 0x9f, 0xf4, 0x14,
    0x3c, 0xa7, 0x55, 0x5a, 0xaa, 0xd5, 0x52, 0xab,
    0x14, 0x50, 0xc2, 0x84, 0xff, 0x80,

    /* U+793A "示" */
    0x7f, 0xe0, 0x0, 0x0, 0x0, 0x0, 0xff, 0xf0,
    0x20, 0x22, 0x2, 0x24, 0x42, 0x2c, 0x22, 0x82,
    0x11, 0xc0,

    /* U+798F "福" */
    0x0, 0x0, 0x9f, 0xc4, 0x0, 0xfb, 0xe0, 0x91,
    0x4, 0xf8, 0x60, 0x7, 0x7f, 0xd6, 0x48, 0x9f,
    0xc4, 0x92, 0x24, 0x91, 0x3f, 0x80,

    /* U+79BB "离" */
    0x4, 0xf, 0xff, 0x0, 0x4, 0xd2, 0x47, 0x25,
    0x82, 0x7f, 0xe0, 0x40, 0x7f, 0xe4, 0x92, 0x57,
    0xa4, 0x82, 0x40, 0x60,

    /* U+79C1 "私" */
    0x8, 0x87, 0x84, 0x4, 0x20, 0x21, 0xf, 0xc8,
    0x18, 0x80, 0xe4, 0x8a, 0xa4, 0xd2, 0x24, 0x90,
    0x84, 0x9c, 0x2f, 0x31, 0x0, 0x0,

    /* U+79CD "种" */
    0x8, 0x8f, 0x8, 0x20, 0x82, 0x7f, 0xfc, 0x92,
    0x49, 0x74, 0x96, 0xc9, 0xaf, 0xfa, 0x8, 0x20,
    0x82, 0x8, 0x20, 0x80,

    /* U+79D2 "秒" */
    0x8, 0x87, 0x84, 0x8, 0xa8, 0x45, 0x2f, 0xc9,
    0x12, 0x49, 0xd2, 0xc, 0x12, 0xa0, 0x25, 0x2,
    0x8, 0x30, 0x46, 0x2, 0xc0, 0x0,

    /* U+79F0 "称" */
    0x1a, 0xe, 0x20, 0x23, 0xf2, 0x49, 0xfc, 0x82,
    0x4a, 0x32, 0xa6, 0xaa, 0xa4, 0x9a, 0x49, 0x24,
    0x82, 0x8, 0x21, 0x80,

    /* U+79FB "移" */
    0x38, 0x87, 0xf, 0x89, 0xc9, 0xf1, 0xc2, 0x1c,
    0x1b, 0x21, 0xa3, 0xed, 0x62, 0xa7, 0x95, 0x3,
    0x8, 0x20, 0x4e, 0x0,

    /* U+7A0B "程" */
    0x3b, 0xf7, 0x20, 0x89, 0x5, 0xf7, 0xe2, 0x0,
    0x1b, 0xfd, 0xa2, 0x14, 0x10, 0xa7, 0xf1, 0x4,
    0x8, 0x20, 0x4f, 0xf0,

    /* U+7A0D "稍" */
    0x10, 0x4e, 0x25, 0x21, 0x62, 0x4, 0xfb, 0xf2,
    0x21, 0x72, 0x16, 0xbf, 0xe2, 0x1a, 0x3f, 0x22,
    0x12, 0x21, 0x22, 0x30,

    /* U+7A33 "稳" */
    0x1a, 0x7, 0x9f, 0x9, 0x10, 0x4f, 0xef, 0x81,
    0x13, 0xf9, 0xc0, 0x4d, 0xfe, 0xa0, 0x5, 0x14,
    0x8a, 0x84, 0x54, 0x52, 0x3e, 0x0,

    /* U+7A7A "空" */
    0xc, 0x0, 0x40, 0xff, 0xf8, 0x1, 0x99, 0x12,
    0xe, 0xc0, 0x17, 0xfe, 0x4, 0x0, 0x40, 0x4,
    0x0, 0x40, 0xff, 0xf0,

    /* U+7A81 "突" */
    0x0, 0x0, 0x20, 0xff, 0xf8, 0x1, 0x99, 0x96,
    0x6, 0x4, 0x8f, 0xff, 0x6, 0x0, 0x90, 0x19,
    0x86, 0x6, 0x80, 0x10,

    /* U+7A97 "窗" */
    0x4, 0xf, 0xff, 0x80, 0x13, 0xc, 0xc4, 0x37,
    0xfe, 0x48, 0x24, 0xfa, 0x51, 0x24, 0x72, 0x45,
    0xa5, 0x82, 0x7f, 0xe0,

    /* U+7ACB "立" */
    0x4, 0x0, 0x40, 0x2, 0x7, 0xfe, 0x0, 0x1,
    0xc, 0x10, 0x81, 0x8, 0x10, 0x81, 0x10, 0x9,
    0x0, 0x10, 0xff, 0xf0,

    /* U+7AD6 "竖" */
    0x10, 0x5, 0x7e, 0x52, 0x25, 0x34, 0x51, 0x85,
    0x76, 0x14, 0x30, 0x20, 0x7f, 0xe1, 0x8, 0x10,
    0x81, 0x8, 0xff, 0xf0,

    /* U+7AD9 "站" */
    0x40, 0x81, 0x4, 0x0, 0x21, 0xf1, 0xf1, 0x8,
    0x48, 0x41, 0x42, 0xa, 0xfe, 0x54, 0x11, 0x60,
    0xbd, 0x4, 0xf, 0xe0, 0x41, 0x0,

    /* U+7AEF "端" */
    0x20, 0x81, 0x24, 0x41, 0x23, 0xff, 0xf8, 0x0,
    0x2b, 0xfd, 0x42, 0xa, 0xff, 0x55, 0x48, 0xea,
    0x7d, 0x52, 0xa, 0x90, 0x55, 0x80,

    /* U+7B11 "笑" */
    0x0, 0x4, 0x10, 0x7f, 0xfd, 0x28, 0x4, 0xe7,
    0xf0, 0x4, 0x0, 0x40, 0xff, 0xf0, 0x60, 0x9,
    0x1, 0x8, 0xe0, 0x70,

    /* U+7B26 "符" */
    0x21, 0x3, 0xef, 0xf4, 0x91, 0x0, 0x1, 0x2,
    0x17, 0xfd, 0x80, 0x94, 0x84, 0x22, 0x21, 0x1,
    0x8, 0x8, 0x43, 0xc0,

    /* U+7B28 "笨" */
    0x41, 0x7, 0xff, 0x96, 0x40, 0x40, 0xff, 0xf0,
    0xd0, 0x1c, 0x81, 0x4c, 0x64, 0x6d, 0xfb, 0x4,
    0x0, 0x40,

    /* U+7B2C "第" */
    0x20, 0x81, 0xff, 0xd2, 0x48, 0x94, 0x43, 0xff,
    0x1, 0x8, 0xff, 0xc4, 0x40, 0x22, 0x1, 0xff,
    0x81, 0x84, 0x34, 0x22, 0x27, 0x0,

    /* U+7B49 "等" */
    0x21, 0x3, 0xef, 0xd4, 0x91, 0x24, 0x87, 0xff,
    0x1, 0x0, 0x8, 0x1f, 0xff, 0x0, 0x47, 0xff,
    0xc4, 0x10, 0x18, 0x80, 0x1c, 0x0,

    /* U+7B7E "签" */
    0x41, 0x7, 0xff, 0x96, 0x49, 0x64, 0x9, 0x3,
    0xc, 0xdf, 0xb0, 0x0, 0x24, 0x42, 0x24, 0x12,
    0x80, 0x8, 0xff, 0xf0,

    /* U+7B80 "简" */
    0x21, 0x1, 0xef, 0xd2, 0x90, 0x0, 0x42, 0xff,
    0x8, 0x9, 0x0, 0x49, 0xf2, 0x4f, 0x92, 0x44,
    0x92, 0x24, 0x9f, 0x24, 0x7, 0x0,

    /* U+7B97 "算" */
    0x41, 0x7, 0xff, 0x96, 0x4b, 0xfe, 0x20, 0x23,
    0xfe, 0x20, 0x23, 0xfe, 0x3f, 0xe1, 0x8, 0xff,
    0xf1, 0x8, 0xe0, 0x80,

    /* U+7BA1 "管" */
    0x20, 0x83, 0xf7, 0xd2, 0x48, 0x4, 0x47, 0xff,
    0xa0, 0x5, 0x7f, 0xa2, 0x4, 0x1f, 0xe0, 0x80,
    0x7, 0xfc, 0x20, 0x21, 0xff, 0x0,

    /* U+7C3F "簿" */
    0x41, 0x7, 0xff, 0x96, 0x80, 0x52, 0xcb, 0xc2,
    0xfe, 0x9, 0x2c, 0xfe, 0x4f, 0xe2, 0x4, 0x5f,
    0xf4, 0x44, 0x81, 0xc0,

    /* U+7C73 "米" */
    0x4, 0x4, 0x42, 0x24, 0x22, 0x44, 0x14, 0xc0,
    0x40, 0xff, 0xf0, 0xd0, 0xd, 0x1, 0x48, 0x64,
    0x6c, 0x41, 0x4, 0x0,

    /* U+7C7B "类" */
    0x24, 0x42, 0x44, 0x14, 0x8f, 0xff, 0xd, 0x7,
    0x4e, 0xc0, 0x10, 0x40, 0x4, 0xf, 0xff, 0x6,
    0x1, 0x90, 0x70, 0xe8, 0x1,

    /* U+7C89 "粉" */
    0x20, 0xa5, 0x49, 0x2a, 0x49, 0x62, 0x22, 0x21,
    0x7f, 0x4, 0x9f, 0xce, 0x12, 0x68, 0x95, 0x48,
    0xa8, 0x44, 0x44, 0x22, 0x46, 0x0,

    /* U+7C92 "粒" */
    0x20, 0x85, 0x44, 0x2a, 0x20, 0xef, 0xe2, 0x0,
    0x7d, 0x10, 0x88, 0x8e, 0x24, 0x69, 0x25, 0x49,
    0x28, 0x50, 0x40, 0x82, 0x7f, 0x80,

    /* U+7CBE "精" */
    0x20, 0x85, 0xbf, 0xac, 0x21, 0x67, 0xe2, 0x8,
    0x7b, 0xfd, 0x8f, 0xcc, 0x42, 0xb3, 0xf5, 0x10,
    0xa8, 0xfc, 0x44, 0x22, 0x23, 0x0,

    /* U+7CCA "糊" */
    0x42, 0x2, 0x13, 0xf4, 0x93, 0xbf, 0x94, 0x27,
    0xf9, 0x25, 0x9d, 0x3b, 0x2f, 0xd9, 0x4e, 0x4a,
    0x51, 0xd2, 0x91, 0x14, 0x9, 0x80,

    /* U+7CD6 "糖" */
    0x41, 0x6, 0x84, 0x35, 0xfd, 0xd7, 0xe4, 0x89,
    0x7d, 0xfd, 0xa2, 0x4d, 0x7e, 0xd8, 0x86, 0x5f,
    0xb2, 0x84, 0x94, 0x25, 0x3f, 0x0,

    /* U+7CFB "系" */
    0x0, 0xe7, 0xf0, 0x8, 0x1, 0x8, 0x3f, 0x0,
    0x44, 0x18, 0x67, 0xff, 0x2, 0x11, 0x24, 0x22,
    0x24, 0x21, 0xe, 0x0,

    /* U+7D20 "素" */
    0x4, 0x7, 0xfe, 0x4, 0x7, 0xfe, 0x4, 0xf,
    0xff, 0x8, 0x83, 0xf0, 0x8, 0x47, 0xfe, 0x2,
    0x7, 0x2e, 0x8e, 0x0,

    /* U+7D22 "索" */
    0x2, 0xf, 0xff, 0x2, 0x0, 0x20, 0xff, 0xf8,
    0x41, 0x98, 0x92, 0xf4, 0x7f, 0xe6, 0x21, 0x12,
    0xc6, 0x22, 0x8e, 0x10,

    /* U+7D27 "紧" */
    0x10, 0x5, 0x7f, 0x52, 0x25, 0x1c, 0x53, 0x40,
    0xc3, 0x11, 0x83, 0xe0, 0x8, 0x67, 0xff, 0x12,
    0x12, 0x26, 0x4e, 0x10,

    /* U+7D2B "紫" */
    0x11, 0x2, 0x88, 0x97, 0x78, 0xa2, 0x1f, 0x9f,
    0x2, 0x0, 0x66, 0x7, 0xc8, 0x8, 0x61, 0xff,
    0x90, 0x84, 0x64, 0xc4, 0xe1, 0x0,

    /* U+7D2F "累" */
    0x7f, 0xe4, 0x22, 0x7f, 0xe4, 0x22, 0x7f, 0xe1,
    0x88, 0x7f, 0x0, 0x84, 0xff, 0xe0, 0x20, 0x72,
    0xe8, 0xe0,

    /* U+7EA2 "红" */
    0x30, 0x1, 0x3f, 0xd0, 0x30, 0x91, 0x8f, 0xc,
    0x10, 0x61, 0x3, 0x1f, 0x18, 0x0, 0xc0, 0xc6,
    0x39, 0xfe,

    /* U+7EA6 "约" */
    0x1, 0x2, 0x10, 0x22, 0x4, 0x3f, 0x92, 0x1f,
    0x41, 0x23, 0x14, 0x19, 0xf8, 0x90, 0x1, 0x8,
    0x1f, 0x1, 0x0, 0xe0,

    /* U+7EA7 "级" */
    0x10, 0x0, 0xbf, 0x8, 0x48, 0x52, 0x44, 0x92,
    0x78, 0xbc, 0xc4, 0x45, 0x32, 0x72, 0x90, 0x13,
    0x6, 0x98, 0xc9, 0xe0, 0x70, 0x80,

    /* U+7EAF "纯" */
    0x20, 0x81, 0x4, 0x9, 0xfe, 0x81, 0x5, 0x8,
    0x7a, 0x48, 0x92, 0x48, 0x92, 0xf7, 0xf0, 0x4,
    0x86, 0x23, 0xc1, 0x10, 0x7, 0x80,

    /* U+7EB9 "纹" */
    0x0, 0x81, 0x4, 0x8, 0x10, 0x8f, 0xf4, 0xa1,
    0x79, 0x10, 0x84, 0x84, 0x24, 0x78, 0xc0, 0x6,
    0x2, 0x31, 0xe6, 0x40, 0xc1, 0x80,

    /* U+7EBF "线" */
    0x10, 0xa0, 0x84, 0x88, 0x20, 0x57, 0xe4, 0x88,
    0x38, 0x4c, 0x8f, 0x84, 0x11, 0x78, 0x50, 0x3,
    0x6, 0x32, 0xc6, 0x50, 0x1, 0x80,

    /* U+7EC4 "组" */
    0x10, 0x0, 0x9f, 0x88, 0x84, 0x94, 0x27, 0xbf,
    0x9, 0x8, 0x88, 0x4d, 0x42, 0xf3, 0xf0, 0x10,
    0x82, 0x85, 0xe4, 0x20, 0x7f, 0x80,

    /* U+7EC6 "细" */
    0x10, 0x0, 0x9f, 0xc8, 0x92, 0x44, 0x94, 0xa4,
    0xbd, 0x24, 0x4f, 0xe4, 0x49, 0x7a, 0x48, 0x12,
    0x41, 0x93, 0xf7, 0xf0, 0x20, 0x80,

    /* U+7EC8 "终" */
    0x0, 0x0, 0x42, 0x2, 0x1f, 0x8, 0xc4, 0x4e,
    0xa3, 0xe1, 0x81, 0xa, 0x8, 0xc6, 0x58, 0x81,
    0x81, 0x80, 0x0, 0xf, 0x70, 0x40, 0x30, 0x0,
    0x0,

    /* U+7ECF "经" */
    0x10, 0x0, 0x9f, 0x88, 0x8, 0x50, 0x84, 0x8c,
    0x79, 0x9c, 0x90, 0x9, 0x7e, 0xf0, 0x80, 0x4,
    0x2, 0x21, 0xe1, 0x0, 0x7f, 0x80,

    /* U+7ED3 "结" */
    0x20, 0x82, 0x8, 0x47, 0xf4, 0x88, 0x90, 0x8f,
    0x7f, 0x20, 0x4, 0x0, 0xfb, 0xe8, 0x22, 0x2,
    0x27, 0xa2, 0x83, 0xe0,

    /* U+7ED8 "绘" */
    0x20, 0x81, 0x4, 0x8, 0x50, 0x84, 0x45, 0x61,
    0x73, 0xf0, 0x80, 0xa, 0xfe, 0xe1, 0x0, 0x12,
    0xc, 0x89, 0x8f, 0xe0, 0x1, 0x0,

    /* U+7ED9 "给" */
    0x0, 0x1, 0x6, 0x8, 0x30, 0x52, 0x44, 0xa1,
    0x7a, 0xf4, 0x80, 0x9, 0x7e, 0xf2, 0x10, 0x10,
    0x8e, 0x85, 0x87, 0xe0, 0x21, 0x0,

    /* U+7EDC "络" */
    0x1, 0x1, 0x8, 0x8, 0xfc, 0x84, 0x24, 0xd2,
    0x78, 0x60, 0x87, 0x88, 0xc3, 0xf3, 0xf0, 0x10,
    0x86, 0x85, 0xc7, 0xe0, 0x21, 0x0,

    /* U+7EDD "绝" */
    0x0, 0x0, 0x44, 0x2, 0x1f, 0xa, 0x88, 0x4f,
    0xfb, 0xc9, 0x23, 0x24, 0x88, 0x92, 0x7b, 0xf8,
    0x8, 0x0, 0x20, 0x3e, 0x81, 0x3, 0xf8,

    /* U+7EDF "统" */
    0x30, 0x81, 0x6, 0x9, 0xfe, 0x93, 0x9, 0x12,
    0x79, 0x8, 0x9f, 0xa8, 0x48, 0xf2, 0x40, 0x12,
    0x4, 0x93, 0xcc, 0x90, 0xc7, 0x80,

    /* U+7EE7 "继" */
    0x20, 0x41, 0x22, 0x11, 0x54, 0x8a, 0xa9, 0x44,
    0x73, 0xfc, 0x93, 0x88, 0x9c, 0xf5, 0x50, 0x22,
    0xf, 0x11, 0x8f, 0xf0,

    /* U+7EEA "绪" */
    0x10, 0x81, 0x4, 0x48, 0xfc, 0x41, 0x44, 0x8a,
    0x7b, 0xfc, 0x82, 0x4, 0x7e, 0xf5, 0x10, 0xf,
    0x82, 0x45, 0xe2, 0x20, 0x1f, 0x0,

    /* U+7EED "续" */
    0x10, 0x81, 0x1f, 0x88, 0x20, 0x81, 0xd, 0x7f,
    0x98, 0xa8, 0x89, 0xf, 0x8, 0xc7, 0xf8, 0x44,
    0x1c, 0x69, 0x6, 0x30, 0x40, 0x80,

    /* U+7EF3 "绳" */
    0x20, 0x1, 0x1f, 0x89, 0x4, 0xa7, 0xe9, 0x8,
    0x73, 0xfc, 0x92, 0x28, 0xff, 0xf4, 0x88, 0x3f,
    0xcd, 0x21, 0x81, 0x10, 0xf, 0x80,

    /* U+7EF4 "维" */
    0x0, 0x1, 0xa, 0x8, 0x90, 0x87, 0xf9, 0xe4,
    0x79, 0xf8, 0x89, 0x9, 0x48, 0xf3, 0xf0, 0x12,
    0x6, 0x91, 0xc7, 0xf0, 0x20, 0x0,

    /* U+7EFF "绿" */
    0x20, 0x1, 0x3f, 0x88, 0x4, 0x8f, 0xe9, 0x1,
    0x7b, 0xfc, 0x82, 0x8, 0xd2, 0xf2, 0xe0, 0xe,
    0xd, 0xad, 0x81, 0x10, 0x18, 0x0,

    /* U+7F00 "缀" */
    0x0, 0x0, 0x9f, 0xe2, 0x10, 0x91, 0xdc, 0x53,
    0x11, 0xd1, 0xa2, 0x0, 0xb, 0xfe, 0x71, 0x48,
    0x15, 0x41, 0xb3, 0x19, 0xec, 0x8, 0xcc,

    /* U+7F13 "缓" */
    0x20, 0x22, 0xfc, 0x45, 0x24, 0x42, 0x97, 0xfe,
    0x20, 0x2f, 0xf4, 0x20, 0xf3, 0xe8, 0x62, 0x5,
    0x4f, 0x88, 0x1b, 0x60, 0x1,

    /* U+7F16 "编" */
    0x0, 0x2, 0x8, 0x47, 0xf5, 0x41, 0x97, 0xfe,
    0x40, 0x27, 0xf4, 0x6d, 0xe6, 0xd0, 0x7f, 0x3a,
    0xdc, 0xad, 0xa, 0x90,

    /* U+7F18 "缘" */
    0x22, 0x2, 0x3c, 0x44, 0x45, 0x7c, 0x90, 0x4e,
    0xff, 0x23, 0x4, 0xd2, 0xe3, 0xc0, 0xca, 0x73,
    0xa8, 0xc9, 0x3, 0x80,

    /* U+7F29 "缩" */
    0x10, 0x41, 0x3f, 0xc9, 0x2, 0x93, 0xf7, 0x22,
    0x13, 0x7c, 0x9a, 0x2e, 0x51, 0x2, 0xf8, 0x54,
    0x5c, 0xa2, 0x5, 0xf0,

    /* U+7F51 "网" */
    0xff, 0xf8, 0x1, 0x88, 0x5a, 0xa9, 0xb9, 0x99,
    0x99, 0x98, 0x99, 0x55, 0xa7, 0x5e, 0x21, 0x80,
    0x18, 0x7,

    /* U+7F5A "罚" */
    0x7f, 0xf4, 0x91, 0x7f, 0xf0, 0x0, 0x30, 0x10,
    0x91, 0x1, 0x17, 0x11, 0x11, 0x11, 0x41, 0x18,
    0x12, 0x7,

    /* U+7F6E "置" */
    0x7f, 0xe4, 0x92, 0x36, 0xcf, 0xff, 0x4, 0x3,
    0xbc, 0x3f, 0xc2, 0x4, 0x3f, 0xc3, 0xfc, 0x20,
    0x4f, 0xff,

    /* U+7F8E "美" */
    0x30, 0x81, 0x8, 0x7f, 0xe0, 0x40, 0x7f, 0xe0,
    0x40, 0xff, 0xf0, 0x40, 0xff, 0xf0, 0x60, 0x9,
    0x3, 0xc, 0xc0, 0x30,

    /* U+7FC5 "翅" */
    0x20, 0x1, 0x3b, 0xbe, 0x44, 0x4a, 0xa2, 0x33,
    0x7c, 0x8a, 0x2c, 0xca, 0xaa, 0x51, 0x11, 0x8,
    0x8d, 0xdc, 0xb0, 0x8, 0x7f, 0x0,

    /* U+7FFB "翻" */
    0x4, 0xf, 0xbf, 0x54, 0x95, 0x89, 0xfe, 0xd3,
    0x9b, 0xd4, 0x9f, 0xdb, 0x96, 0xdf, 0xc9, 0x94,
    0x9f, 0xc9, 0x85, 0xb0,

    /* U+7FFC "翼" */
    0xfb, 0xf2, 0x48, 0x8e, 0x3d, 0xff, 0xe4, 0x42,
    0x3f, 0xf1, 0xff, 0x82, 0x10, 0x7f, 0xf7, 0xff,
    0xc4, 0x71, 0xc0, 0x70,

    /* U+8001 "老" */
    0x4, 0x0, 0x20, 0x9f, 0xf8, 0x8, 0x80, 0x48,
    0x7f, 0xfc, 0x18, 0x3, 0x0, 0x68, 0xe4, 0x78,
    0x2, 0x4, 0x10, 0x20, 0xff, 0x0,

    /* U+8005 "者" */
    0x4, 0x0, 0x42, 0x7f, 0xc0, 0x48, 0x5, 0xf,
    0xff, 0xc, 0x3, 0xfc, 0xd0, 0x41, 0xfc, 0x10,
    0x41, 0x4, 0x1f, 0xc0,

    /* U+800C "而" */
    0xff, 0xf8, 0x10, 0x1, 0x0, 0xff, 0xe4, 0x89,
    0x24, 0x49, 0x22, 0x49, 0x12, 0x48, 0x92, 0x44,
    0x92, 0x24, 0x91, 0xe0,

    /* U+800D "耍" */
    0xff, 0xf8, 0x10, 0x1f, 0xfc, 0x91, 0x24, 0x89,
    0x24, 0x48, 0x10, 0x9f, 0xff, 0x10, 0x41, 0xcc,
    0x1, 0xf1, 0xf0, 0x70,

    /* U+8017 "耗" */
    0x10, 0x0, 0x83, 0x3f, 0x60, 0x21, 0x7, 0x8b,
    0x9, 0xe3, 0xf2, 0x6, 0x1f, 0x5b, 0x82, 0xa4,
    0x24, 0x22, 0x21, 0x11, 0xf, 0x80,

    /* U+8033 "耳" */
    0xff, 0xf2, 0x4, 0x20, 0x43, 0xfc, 0x20, 0x42,
    0x4, 0x3f, 0xc2, 0x4, 0x20, 0x7f, 0xf4, 0x0,
    0x40, 0x4,

    /* U+8036 "耶" */
    0xfe, 0xfa, 0x44, 0x92, 0x24, 0xf1, 0x44, 0x8a,
    0x24, 0x49, 0xe2, 0x49, 0x11, 0x4c, 0x8f, 0xc5,
    0x82, 0x20, 0x11, 0x0,

    /* U+804A "聊" */
    0x0, 0x87, 0xc9, 0xd5, 0xaa, 0xa9, 0x57, 0x4a,
    0xaa, 0x55, 0x52, 0xae, 0x95, 0x54, 0xaa, 0x9d,
    0x7f, 0x4e, 0x22, 0x41, 0x62, 0x0,

    /* U+804C "职" */
    0xff, 0xf2, 0x50, 0x92, 0x84, 0xf4, 0x24, 0xa1,
    0x25, 0x9, 0xef, 0xc9, 0x0, 0x49, 0x27, 0xe8,
    0x82, 0x84, 0x1c, 0x10,

    /* U+8054 "联" */
    0xfa, 0x22, 0x89, 0x15, 0xfc, 0xe1, 0x5, 0x8,
    0x28, 0x41, 0xdf, 0xca, 0x10, 0x51, 0x47, 0xca,
    0x4, 0x88, 0x28, 0x20,

    /* U+809A "肚" */
    0x0, 0x43, 0xc2, 0x12, 0x10, 0x90, 0x87, 0x84,
    0x25, 0xfd, 0x21, 0xf, 0x8, 0x48, 0x42, 0x42,
    0x12, 0x11, 0x10, 0x89, 0xff, 0x80,

    /* U+80A2 "肢" */
    0x0, 0x41, 0xe1, 0x4, 0x84, 0x12, 0xfe, 0x78,
    0x41, 0x2f, 0xe4, 0x90, 0x9e, 0x44, 0x48, 0x91,
    0x22, 0x84, 0x8e, 0x22, 0x6c, 0x9e, 0x8,

    /* U+80CC "背" */
    0x9, 0x7, 0xcb, 0x82, 0x60, 0x72, 0x1c, 0x9f,
    0x80, 0x0, 0xff, 0x84, 0x4, 0x3f, 0xe1, 0x1,
    0xf, 0xf8, 0x40, 0x42, 0xe, 0x0,

    /* U+80D6 "胖" */
    0x0, 0x83, 0xc4, 0x92, 0xa4, 0x95, 0x47, 0x8a,
    0x25, 0xf9, 0x22, 0xf, 0x10, 0x4f, 0xfa, 0x44,
    0x12, 0x21, 0x11, 0x9, 0x88, 0x0,

    /* U+80DC "胜" */
    0x0, 0x41, 0xe5, 0x4, 0xa4, 0x12, 0xfe, 0x7a,
    0x41, 0x31, 0x4, 0x84, 0x1e, 0xfe, 0x48, 0x41,
    0x21, 0x4, 0x84, 0x22, 0x10, 0x9f, 0xfc,

    /* U+80FD "能" */
    0x21, 0x1, 0x48, 0x91, 0x78, 0xfa, 0x0, 0x10,
    0xbe, 0xfd, 0x10, 0xf, 0xa2, 0x45, 0x63, 0xec,
    0x11, 0x42, 0x8a, 0x15, 0xdf, 0x80,

    /* U+8106 "脆" */
    0x0, 0x3, 0xcf, 0x12, 0xc8, 0x94, 0x87, 0xff,
    0xa7, 0x1, 0x2b, 0xc9, 0x52, 0x7a, 0x92, 0x55,
    0x92, 0xa0, 0x99, 0x19, 0xcf, 0x80,

    /* U+811A "脚" */
    0x1, 0x3, 0xc9, 0xd2, 0x4a, 0x97, 0x57, 0x92,
    0xa4, 0x95, 0x2e, 0xaf, 0x55, 0x4a, 0xaa, 0x55,
    0x53, 0x2e, 0x96, 0xc9, 0x82, 0x0,

    /* U+8138 "脸" */
    0x78, 0x82, 0x4a, 0x12, 0x48, 0x94, 0x27, 0xfe,
    0xa4, 0x1, 0x32, 0x4f, 0x92, 0x4a, 0xa2, 0x41,
    0x33, 0xff, 0x30, 0x0,

    /* U+813E "脾" */
    0x0, 0x1, 0xe1, 0x4, 0xbf, 0x92, 0x92, 0x7b,
    0xf9, 0x29, 0x24, 0xbf, 0x92, 0x20, 0x7b, 0x21,
    0x3f, 0xf4, 0x82, 0x32, 0x8, 0x98, 0x20,

    /* U+8180 "膀" */
    0x0, 0x83, 0xff, 0xd2, 0x8, 0x92, 0x47, 0xff,
    0xa6, 0x5, 0x22, 0x9, 0xff, 0x79, 0x2, 0x4f,
    0x92, 0x45, 0x94, 0x29, 0xc6, 0x0,

    /* U+81EA "自" */
    0x8, 0x2, 0xf, 0xfe, 0x1, 0x80, 0x7f, 0xf8,
    0x6, 0x1, 0xff, 0xe0, 0x18, 0x7, 0xff, 0x80,
    0x40,

    /* U+81F3 "至" */
    0xff, 0xf0, 0x80, 0x10, 0x82, 0x4, 0x7f, 0xe0,
    0x2, 0x4, 0x7, 0xfe, 0x4, 0x0, 0x40, 0x4,
    0xf, 0xff,

    /* U+81F4 "致" */
    0x0, 0x7, 0xe8, 0x8, 0x40, 0x93, 0xe4, 0xb2,
    0x7f, 0x90, 0x1c, 0x84, 0x24, 0xfc, 0xc1, 0x6,
    0x8, 0x30, 0x7b, 0xcc, 0x33, 0x0, 0x0,

    /* U+820C "舌" */
    0x0, 0xe3, 0xf8, 0x0, 0x80, 0x4, 0xf, 0xff,
    0x81, 0x0, 0x8, 0x0, 0x40, 0x3f, 0xe1, 0x1,
    0x8, 0x8, 0x40, 0x43, 0xfe, 0x0,

    /* U+8212 "舒" */
    0x0, 0x0, 0x63, 0xe2, 0x40, 0x90, 0xb4, 0x3c,
    0x20, 0x20, 0x47, 0xee, 0xc2, 0xa, 0x7e, 0x21,
    0x8, 0x84, 0x22, 0x1f, 0x88, 0x40, 0xe0,

    /* U+8231 "舱" */
    0x0, 0x40, 0x83, 0x7, 0x8a, 0x12, 0x44, 0x6a,
    0x9, 0x27, 0xcf, 0x91, 0x12, 0x44, 0x69, 0x11,
    0xa5, 0xc4, 0x90, 0xa2, 0x42, 0x99, 0xf8,

    /* U+826F "良" */
    0x4, 0x7, 0xfc, 0x40, 0x47, 0xfc, 0x40, 0x44,
    0x4, 0x7f, 0xc4, 0xc2, 0x44, 0xc4, 0x30, 0x41,
    0x87, 0x86, 0x0, 0x0,

    /* U+8272 "色" */
    0x8, 0x0, 0xfe, 0x4, 0x20, 0x42, 0x7, 0xff,
    0x51, 0x8, 0x88, 0x44, 0x42, 0x3f, 0xf1, 0x0,
    0x8, 0x2, 0x40, 0x11, 0xff, 0x80,

    /* U+8282 "节" */
    0x10, 0x81, 0x8, 0xff, 0xf1, 0x8, 0x0, 0xf,
    0xfe, 0x8, 0x20, 0x82, 0x8, 0x20, 0x82, 0x9,
    0xe0, 0x80, 0x8, 0x0,

    /* U+82B1 "花" */
    0x10, 0x81, 0x8, 0xff, 0xf1, 0x8, 0x12, 0x1,
    0x20, 0x22, 0x66, 0x38, 0xa6, 0x2, 0xa0, 0x22,
    0x12, 0x21, 0x21, 0xf0,

    /* U+82E5 "若" */
    0x10, 0x81, 0x8, 0xff, 0xf0, 0x40, 0x4, 0xf,
    0xff, 0x8, 0x1, 0x0, 0x3f, 0xe5, 0x2, 0x90,
    0x21, 0xfe, 0x10, 0x20,

    /* U+82E6 "苦" */
    0x10, 0x81, 0x8, 0xff, 0xf1, 0x8, 0x4, 0xf,
    0xff, 0x4, 0x0, 0x40, 0x3f, 0xe2, 0x2, 0x20,
    0x23, 0xfe, 0x20, 0x20,

    /* U+8303 "范" */
    0x10, 0x8f, 0xff, 0x10, 0x84, 0x0, 0x27, 0xe1,
    0x42, 0x84, 0x26, 0x42, 0x4, 0xe1, 0x40, 0x24,
    0x14, 0x41, 0x87, 0xf0,

    /* U+8349 "草" */
    0x10, 0x8f, 0xff, 0x10, 0x83, 0xfc, 0x40, 0x43,
    0xfc, 0x40, 0x44, 0x4, 0x3f, 0xc0, 0x40, 0xff,
    0xf0, 0x40, 0x4, 0x0,

    /* U+8363 "荣" */
    0x10, 0x8f, 0xff, 0x10, 0x80, 0x0, 0xff, 0xf8,
    0x41, 0x84, 0x1f, 0xff, 0xe, 0x1, 0xd8, 0x34,
    0xcc, 0x43, 0x4, 0x0,

    /* U+836F "药" */
    0x10, 0x8f, 0xff, 0x10, 0x82, 0x10, 0x23, 0x4,
    0x3f, 0x96, 0x1e, 0x41, 0x41, 0x2f, 0x8a, 0x0,
    0x27, 0x82, 0x80, 0xe0,

    /* U+8377 "荷" */
    0x8, 0x43, 0xff, 0xc2, 0x10, 0x0, 0x1, 0x7f,
    0x90, 0x8, 0x9e, 0x4c, 0x92, 0x24, 0x91, 0x24,
    0x89, 0xe4, 0x40, 0x22, 0x7, 0x0,

    /* U+8393 "莓" */
    0x10, 0x47, 0xff, 0xc4, 0x10, 0x7f, 0xf4, 0x0,
    0x7f, 0xf2, 0x98, 0x84, 0x24, 0xff, 0xf9, 0x31,
    0x8, 0x48, 0x7f, 0xf0, 0x1e, 0x0,

    /* U+83B7 "获" */
    0x10, 0x8f, 0xff, 0x10, 0x80, 0x10, 0x51, 0x66,
    0x10, 0xbf, 0xf1, 0x18, 0x31, 0x8d, 0x18, 0x12,
    0x41, 0x42, 0x68, 0x10,

    /* U+83DC "菜" */
    0x10, 0x8f, 0xff, 0x10, 0x80, 0xe, 0x7f, 0x80,
    0x42, 0x24, 0x40, 0x40, 0xff, 0xf0, 0xd0, 0x14,
    0x86, 0x46, 0x84, 0x10,

    /* U+8404 "萄" */
    0x10, 0x8f, 0xff, 0x10, 0x82, 0x0, 0x7f, 0xe5,
    0x2, 0xbf, 0xa4, 0x42, 0x7f, 0xa2, 0x4a, 0x24,
    0xa3, 0xfa, 0x0, 0xe0,

    /* U+8425 "营" */
    0x10, 0x8f, 0xff, 0x10, 0x8f, 0xff, 0x80, 0x1b,
    0xfd, 0x20, 0x43, 0xfc, 0x0, 0x7, 0xfe, 0x40,
    0x24, 0x2, 0x7f, 0xe0,

    /* U+843D "落" */
    0x10, 0x8f, 0xff, 0x10, 0x84, 0x20, 0x27, 0xe0,
    0xc6, 0x9b, 0xc6, 0x3c, 0xc, 0x32, 0x7e, 0x24,
    0x24, 0x42, 0x87, 0xe0,

    /* U+8461 "葡" */
    0x10, 0x8f, 0xff, 0x10, 0x82, 0x0, 0x7f, 0xe4,
    0x12, 0xbe, 0x23, 0xfa, 0x48, 0xa7, 0xfa, 0x3f,
    0xa4, 0x8a, 0x49, 0xe0,

    /* U+84DD "蓝" */
    0x10, 0x8f, 0xff, 0x10, 0x80, 0x90, 0x49, 0xf4,
    0xa0, 0x4a, 0x44, 0x84, 0x0, 0x7, 0xfe, 0x49,
    0x24, 0x92, 0xff, 0xf0,

    /* U+8584 "薄" */
    0x10, 0x8f, 0xff, 0x10, 0xc7, 0xff, 0x1, 0x8,
    0xfe, 0x4f, 0xe0, 0x92, 0xf, 0xe3, 0xff, 0x44,
    0x44, 0x24, 0x80, 0xc0,

    /* U+85CF "藏" */
    0x8, 0x43, 0xff, 0xc2, 0x14, 0x0, 0xa5, 0xff,
    0xa8, 0x21, 0xfd, 0x42, 0xfa, 0x78, 0xd2, 0xbd,
    0x16, 0x88, 0xaf, 0xd6, 0x9, 0x80,

    /* U+8651 "虑" */
    0x2, 0x0, 0x3e, 0x2, 0x7, 0xff, 0x42, 0x14,
    0xfc, 0x52, 0x14, 0x3f, 0x40, 0x5, 0x52, 0x54,
    0x1a, 0x45, 0x87, 0xc0,

    /* U+865A "虚" */
    0x2, 0x0, 0x3e, 0x2, 0x7, 0xff, 0x42, 0x15,
    0xfc, 0x42, 0x14, 0x3f, 0x44, 0xa5, 0x4a, 0x54,
    0xc8, 0x48, 0xbf, 0xf0,

    /* U+866B "虫" */
    0x2, 0x0, 0x10, 0x1f, 0xfc, 0x84, 0x24, 0x21,
    0x21, 0x9, 0x8, 0x4f, 0xfe, 0x2, 0x0, 0x11,
    0x0, 0x85, 0xff, 0xf0, 0x0, 0x80,

    /* U+867D "虽" */
    0x3f, 0xe1, 0x1, 0xf, 0xf8, 0x4, 0x0, 0x20,
    0x3f, 0xf9, 0x8, 0x48, 0x42, 0x7f, 0xf2, 0x12,
    0x0, 0x89, 0xff, 0xe0, 0x0, 0x0,

    /* U+86CB "蛋" */
    0x7f, 0xf8, 0x48, 0x61, 0x3d, 0xa, 0x80, 0x67,
    0xf8, 0x8, 0x3, 0xff, 0x8, 0x84, 0x3f, 0xf0,
    0x9, 0x87, 0xff, 0x0, 0x2,

    /* U+86DB "蛛" */
    0x20, 0x81, 0x14, 0x8, 0xa1, 0xf7, 0xea, 0xa8,
    0x56, 0x42, 0xbf, 0xff, 0x38, 0xa1, 0xc1, 0x55,
    0xe, 0xa5, 0x89, 0x30, 0x8, 0x0,

    /* U+8774 "蝴" */
    0x21, 0x1, 0x9, 0xc8, 0x4a, 0xff, 0xd6, 0x93,
    0xb4, 0x95, 0xa4, 0xaf, 0x75, 0x64, 0xb9, 0x65,
    0x4a, 0xea, 0xf0, 0x90, 0x5, 0x80,

    /* U+8776 "蝶" */
    0x40, 0xa2, 0x25, 0x13, 0xfd, 0xe9, 0x4d, 0x4e,
    0x6a, 0x3, 0x5f, 0xde, 0x10, 0xcf, 0xf2, 0x8e,
    0xc, 0xa9, 0x89, 0x20, 0x88, 0x0,

    /* U+884C "行" */
    0x10, 0x1, 0x1f, 0xd0, 0x1, 0x10, 0x1, 0x0,
    0x13, 0xfd, 0x80, 0x94, 0x4, 0x20, 0x21, 0x1,
    0x8, 0x8, 0x40, 0x42, 0x1e, 0x0,

    /* U+8865 "补" */
    0x20, 0x80, 0x84, 0x4, 0x21, 0xf9, 0x0, 0x88,
    0x4, 0x60, 0x4a, 0xc7, 0x93, 0x54, 0x80, 0x84,
    0x4, 0x20, 0x21, 0x1, 0x8, 0x0,

    /* U+8868 "表" */
    0x4, 0x7, 0xff, 0x4, 0x0, 0x40, 0x7f, 0xe0,
    0x40, 0xff, 0xf0, 0xa0, 0x11, 0x27, 0x1c, 0x90,
    0x81, 0x26, 0x3c, 0x10, 0x0,

    /* U+8870 "衰" */
    0x4, 0xf, 0xff, 0x0, 0x3, 0xfc, 0x20, 0x4f,
    0xff, 0x20, 0x43, 0xfc, 0xa, 0x1, 0x16, 0xf0,
    0x81, 0x64, 0x18, 0x30,

    /* U+88AB "被" */
    0x40, 0x81, 0x4, 0x8, 0x21, 0xef, 0xe1, 0x49,
    0x12, 0x48, 0xbf, 0xce, 0xc4, 0xb5, 0x21, 0x2a,
    0x9, 0x30, 0x52, 0xc2, 0xe1, 0x0,

    /* U+88C2 "裂" */
    0x0, 0x17, 0xfa, 0x87, 0x94, 0xc4, 0xa9, 0x45,
    0xc, 0x9, 0x8c, 0x1f, 0xff, 0x5, 0x11, 0xc5,
    0x34, 0x10, 0x2e, 0x61, 0x80, 0x80,

    /* U+88C5 "装" */
    0x10, 0x46, 0x82, 0xd, 0xfe, 0x20, 0x87, 0x4,
    0x49, 0xfc, 0x8, 0x0, 0x60, 0xff, 0xf8, 0x28,
    0x8e, 0x29, 0xa0, 0x81, 0xf3, 0x0, 0x4,

    /* U+897F "西" */
    0xff, 0xf0, 0x90, 0x9, 0x7, 0xfe, 0x49, 0x24,
    0x92, 0x51, 0x27, 0x1e, 0x40, 0x24, 0x2, 0x7f,
    0xe4, 0x2,

    /* U+8981 "要" */
    0xff, 0xf0, 0x90, 0x7f, 0xe4, 0x92, 0x49, 0x27,
    0xfe, 0x8, 0xf, 0xff, 0x10, 0x83, 0x10, 0xf,
    0xf, 0x8e,

    /* U+8986 "覆" */
    0xff, 0xf7, 0xfe, 0x49, 0x23, 0x6c, 0x4f, 0xfb,
    0xfe, 0x27, 0xe4, 0x82, 0xc7, 0xc4, 0x7e, 0x5a,
    0x45, 0xff,

    /* U+89C1 "见" */
    0x3f, 0xe1, 0x1, 0x9, 0x88, 0x4c, 0x42, 0x62,
    0x13, 0x10, 0x98, 0x84, 0xe4, 0xf, 0x0, 0x78,
    0x4e, 0xc3, 0xc7, 0xe0,

    /* U+89C2 "观" */
    0xfb, 0xf0, 0x50, 0x82, 0xb4, 0x95, 0xa5, 0x2d,
    0x19, 0x68, 0x4b, 0x46, 0x5e, 0x28, 0xe2, 0x4f,
    0x70, 0xda, 0x8, 0xf0,

    /* U+89C4 "规" */
    0x20, 0x1, 0x1f, 0x88, 0x85, 0xf5, 0x22, 0x29,
    0x11, 0x4b, 0xea, 0x44, 0x52, 0x22, 0xd1, 0x8a,
    0x12, 0x52, 0x84, 0x98, 0xc7, 0x80,

    /* U+89C6 "视" */
    0x0, 0x1, 0x1f, 0x80, 0x84, 0xf5, 0x21, 0x29,
    0x9, 0x48, 0xca, 0x4f, 0x52, 0xaa, 0xd1, 0x6,
    0x8, 0x52, 0x44, 0x92, 0x47, 0x80,

    /* U+89C9 "觉" */
    0x44, 0x42, 0x44, 0xff, 0xf8, 0x1, 0xbf, 0xd2,
    0x4, 0x24, 0x42, 0x44, 0x26, 0x40, 0xa0, 0x12,
    0x1e, 0x3f,

    /* U+89D2 "角" */
    0x8, 0x1, 0xfc, 0x21, 0x87, 0xff, 0xe2, 0x12,
    0x21, 0x3f, 0xf2, 0x21, 0x22, 0x13, 0xff, 0x62,
    0x14, 0x21, 0xc2, 0x70,

    /* U+89E3 "解" */
    0x20, 0x1, 0xcf, 0xd2, 0x12, 0xf9, 0x1d, 0x5b,
    0x2a, 0x81, 0x52, 0x8f, 0xbf, 0x55, 0x23, 0xef,
    0xd5, 0x9, 0x28, 0x48, 0xc2, 0x0,

    /* U+89E6 "触" */
    0x20, 0x41, 0xc2, 0x12, 0x10, 0x93, 0xef, 0xd5,
    0x2a, 0xa9, 0xf5, 0x4a, 0xbe, 0x54, 0x43, 0xe2,
    0x15, 0x14, 0xab, 0xe9, 0xd0, 0x80,

    /* U+8A00 "言" */
    0x2, 0x0, 0x10, 0x3f, 0xfe, 0x0, 0x3, 0xfe,
    0x0, 0x0, 0xff, 0x80, 0x0, 0x0, 0x1, 0xff,
    0x8, 0x8, 0x40, 0x43, 0xfe, 0x0,

    /* U+8BA1 "计" */
    0x41, 0x2, 0x10, 0x11, 0x0, 0x10, 0x1, 0xe,
    0xff, 0x21, 0x2, 0x10, 0x21, 0x2, 0x10, 0x39,
    0x2, 0x10, 0x1, 0x0,

    /* U+8BA4 "认" */
    0x40, 0x83, 0x4, 0xc, 0x20, 0x1, 0x0, 0x8,
    0x70, 0x40, 0x82, 0x4, 0x30, 0x21, 0x41, 0xa,
    0xa, 0xc8, 0x64, 0x44, 0x41, 0x0, 0x0,

    /* U+8BA8 "讨" */
    0x40, 0x23, 0x1, 0xc, 0x8, 0xf, 0xf0, 0x7f,
    0xf0, 0x10, 0x88, 0x84, 0x24, 0x21, 0x21, 0x1,
    0xa, 0x8, 0x60, 0x40, 0xe, 0x0,

    /* U+8BA9 "让" */
    0x41, 0x2, 0x10, 0x11, 0x0, 0x10, 0x1, 0xe,
    0x1e, 0x21, 0x2, 0x10, 0x21, 0x2, 0x10, 0x29,
    0x3, 0x10, 0x4f, 0xf0,

    /* U+8BB0 "记" */
    0x40, 0x3, 0x3f, 0x8c, 0x4, 0x0, 0x20, 0x1,
    0x70, 0x8, 0x9f, 0xc4, 0x80, 0x24, 0x1, 0x20,
    0xf, 0x2, 0x68, 0x10, 0x7f, 0x0,

    /* U+8BB8 "许" */
    0x42, 0x1, 0x10, 0x1, 0xfc, 0x9, 0xe, 0x88,
    0x10, 0x40, 0xbf, 0xe4, 0x10, 0x20, 0x81, 0x44,
    0xc, 0x20, 0x1, 0x0,

    /* U+8BBA "论" */
    0x40, 0x81, 0xa, 0x4, 0x90, 0xc, 0x4e, 0xc1,
    0x91, 0x0, 0x89, 0x4, 0x70, 0x22, 0x1, 0x50,
    0x8c, 0x84, 0x7, 0xe0,

    /* U+8BBE "设" */
    0x63, 0xe1, 0x91, 0x0, 0x88, 0x8, 0x5e, 0x81,
    0x13, 0xf8, 0x90, 0x44, 0x44, 0x29, 0x41, 0x84,
    0x19, 0xdc, 0x10, 0x30,

    /* U+8BBF "访" */
    0x41, 0x2, 0x8, 0xf, 0xf0, 0x20, 0xe2, 0x2,
    0x3e, 0x22, 0x22, 0x22, 0x24, 0x23, 0x42, 0x6c,
    0x20, 0x9c,

    /* U+8BC1 "证" */
    0x40, 0x3, 0x3f, 0xcc, 0x20, 0x1, 0x0, 0x8,
    0x71, 0x40, 0x8b, 0xc4, 0x50, 0x22, 0x81, 0x14,
    0xa, 0xa0, 0x65, 0x6, 0xff, 0x80,

    /* U+8BCD "词" */
    0x4f, 0xf2, 0x1, 0x7, 0xd0, 0x1, 0xe0, 0x12,
    0x39, 0x24, 0x92, 0x49, 0x23, 0x93, 0xc1, 0x20,
    0x10, 0x7,

    /* U+8BD1 "译" */
    0x4f, 0xe2, 0x42, 0x22, 0x40, 0x18, 0xe3, 0xc2,
    0xd2, 0x27, 0xe2, 0x10, 0x21, 0x3, 0xff, 0x21,
    0x0, 0x10,

    /* U+8BD5 "试" */
    0x40, 0x51, 0x2, 0x44, 0x12, 0x1f, 0xf0, 0x2,
    0x30, 0x10, 0x9e, 0x84, 0x24, 0x21, 0x21, 0x9,
    0xa, 0x6a, 0x6e, 0x70, 0x1, 0x80,

    /* U+8BDD "话" */
    0x40, 0xf1, 0x34, 0x0, 0x20, 0x1, 0xe, 0x7f,
    0x90, 0x40, 0x82, 0x4, 0x7e, 0x22, 0x11, 0x50,
    0x8c, 0x84, 0x87, 0xe0,

    /* U+8BE5 "该" */
    0x41, 0x6, 0x8, 0x2f, 0xf0, 0x10, 0x2, 0xe,
    0x64, 0x2f, 0xc2, 0x9, 0x23, 0x22, 0x44, 0x20,
    0x83, 0x36, 0x6c, 0x30, 0x0,

    /* U+8BE6 "详" */
    0x0, 0x12, 0x8, 0x8c, 0x48, 0xf, 0xf0, 0x4,
    0x70, 0x20, 0x8f, 0xc4, 0x8, 0x20, 0x41, 0x3f,
    0xca, 0x10, 0x60, 0x80, 0x4, 0x0,

    /* U+8BED "语" */
    0x4f, 0xf1, 0x8, 0x1, 0xf8, 0x2, 0x4e, 0x22,
    0x17, 0xfc, 0x80, 0x4, 0xfe, 0x24, 0x11, 0x60,
    0x8d, 0x4, 0x4f, 0xe0,

    /* U+8BF4 "说" */
    0x42, 0x23, 0x11, 0xc, 0x58, 0xf, 0xe0, 0x41,
    0x72, 0x8, 0x90, 0x44, 0xfe, 0x21, 0x41, 0xa,
    0xe, 0x90, 0xcc, 0x90, 0xc7, 0x80,

    /* U+8BF7 "请" */
    0x41, 0x6, 0xff, 0x21, 0x0, 0xff, 0x1, 0xe,
    0xff, 0x20, 0x2, 0x7e, 0x27, 0xe2, 0x42, 0x37,
    0xe2, 0x42, 0x4, 0xe0,

    /* U+8BFB "读" */
    0x40, 0x83, 0x3f, 0x8c, 0x20, 0x1, 0x0, 0xff,
    0x71, 0x48, 0x86, 0x44, 0xd0, 0x2f, 0xf9, 0x4,
    0xc, 0x48, 0x4c, 0x20, 0x80, 0x80,

    /* U+8C03 "调" */
    0x67, 0xf3, 0x49, 0x4, 0x90, 0x5d, 0xe4, 0x92,
    0x45, 0x25, 0xd2, 0x65, 0x26, 0x53, 0xdd, 0x28,
    0x11, 0x83,

    /* U+8C05 "谅" */
    0x0, 0x82, 0x4, 0x9, 0xfe, 0x0, 0x0, 0x3f,
    0x71, 0x8, 0x88, 0x44, 0x7e, 0x20, 0x81, 0x14,
    0x8d, 0x24, 0xd9, 0x10, 0x18, 0x0,

    /* U+8C08 "谈" */
    0x0, 0x83, 0x4, 0x89, 0x24, 0x9, 0x40, 0x1c,
    0x71, 0x98, 0xba, 0x64, 0x10, 0x24, 0x91, 0x25,
    0x8, 0x58, 0x66, 0xc6, 0xe3, 0x0, 0x4,

    /* U+8C22 "谢" */
    0x42, 0x12, 0x20, 0x8b, 0xc4, 0x12, 0x2e, 0xf7,
    0x97, 0xa8, 0xa5, 0x45, 0x2a, 0x3f, 0x31, 0x18,
    0x8d, 0x44, 0x72, 0x20, 0x33, 0x0,

    /* U+8C46 "豆" */
    0xff, 0xf0, 0x0, 0x3f, 0xc4, 0x4, 0x40, 0x44,
    0x4, 0x3f, 0xc0, 0x8, 0x10, 0x81, 0x8, 0x1,
    0xf, 0xff,

    /* U+8C61 "象" */
    0xc, 0x0, 0x7c, 0xc, 0x40, 0xff, 0xe2, 0x21,
    0x1f, 0xf8, 0x30, 0x4e, 0x6c, 0xd, 0xc3, 0x95,
    0x3, 0x24, 0xe1, 0x10, 0x70, 0x0,

    /* U+8D1D "贝" */
    0x3f, 0xe2, 0x2, 0x22, 0x22, 0x22, 0x22, 0x22,
    0x22, 0x22, 0x22, 0x22, 0x4, 0x0, 0x98, 0x10,
    0x6e, 0x1,

    /* U+8D1F "负" */
    0x8, 0x1, 0xf8, 0x30, 0x86, 0x10, 0xff, 0xe2,
    0x2, 0x22, 0x22, 0x22, 0x22, 0x22, 0x62, 0x5,
    0x81, 0x86, 0xe0, 0x10,

    /* U+8D23 "责" */
    0x4, 0x7, 0xfe, 0x4, 0x7, 0xfe, 0x4, 0xf,
    0xbf, 0x3f, 0xc2, 0x44, 0x24, 0x42, 0x44, 0x7,
    0x3, 0x8e, 0xc0, 0x10,

    /* U+8D25 "败" */
    0x0, 0x83, 0xe4, 0x11, 0x20, 0xa9, 0xf5, 0x51,
    0x2a, 0x89, 0x5c, 0x4a, 0x94, 0x54, 0xa2, 0xa3,
    0xa, 0x18, 0x49, 0x6c, 0x51, 0x80,

    /* U+8D35 "贵" */
    0x4, 0x3, 0xfc, 0x24, 0x43, 0xfc, 0x4, 0xf,
    0xbf, 0x3f, 0xc2, 0x4, 0x24, 0x42, 0x44, 0xd,
    0x1, 0x8c, 0x60, 0x20,

    /* U+8D4C "赌" */
    0x0, 0x81, 0xf2, 0x4, 0x7e, 0x95, 0x24, 0x54,
    0xb1, 0x5f, 0xf5, 0x4c, 0x15, 0x7e, 0x57, 0x9,
    0x57, 0xe2, 0x90, 0x99, 0x7e, 0x41, 0x8,

    /* U+8D56 "赖" */
    0x10, 0x80, 0x87, 0x3f, 0x44, 0x26, 0x4f, 0xff,
    0x4a, 0x8a, 0x55, 0x5f, 0xaa, 0x31, 0x52, 0xca,
    0x95, 0x21, 0x21, 0x61, 0x70, 0x80,

    /* U+8D62 "赢" */
    0x2, 0x7, 0xff, 0xcf, 0xfc, 0x0, 0x3, 0xff,
    0x1f, 0xf8, 0x0, 0xf, 0xee, 0x7b, 0x52, 0xdb,
    0x9e, 0xed, 0x2b, 0x2b, 0x99, 0x80,

    /* U+8D70 "走" */
    0x4, 0x0, 0x40, 0x7f, 0xe0, 0x40, 0x4, 0xf,
    0xff, 0x4, 0x2, 0x40, 0x27, 0xe2, 0x40, 0x54,
    0x4, 0xc0, 0x87, 0xf0,

    /* U+8D77 "起" */
    0x10, 0x0, 0x8f, 0xbf, 0x4, 0x20, 0x21, 0x1,
    0x7e, 0xf8, 0x44, 0xa, 0x20, 0x5d, 0x2, 0x88,
    0x74, 0x7d, 0x60, 0x9, 0xff, 0x80,

    /* U+8D85 "超" */
    0x10, 0x0, 0x9f, 0xbf, 0x24, 0x21, 0x21, 0x11,
    0x7f, 0x38, 0x4f, 0xcb, 0xc2, 0x52, 0x12, 0x90,
    0xb4, 0xfd, 0x60, 0x9, 0xff, 0x80,

    /* U+8D8A "越" */
    0x10, 0x60, 0x82, 0x9f, 0x14, 0x27, 0xe1, 0x24,
    0x7f, 0x28, 0x49, 0x4a, 0x4c, 0x5e, 0xa2, 0x9b,
    0xac, 0x65, 0x60, 0x8, 0xff, 0x0,

    /* U+8DB3 "足" */
    0x3f, 0xf1, 0x0, 0x88, 0x4, 0x40, 0x23, 0xff,
    0x1, 0x0, 0x48, 0x2, 0x7e, 0x32, 0x1, 0x90,
    0x13, 0x81, 0x87, 0xf0,

    /* U+8DD1 "跑" */
    0x1, 0x3, 0xc8, 0x12, 0xfc, 0x94, 0x27, 0xbd,
    0x9, 0x29, 0x49, 0x4b, 0x4a, 0x53, 0xd2, 0x93,
    0x94, 0x81, 0xf4, 0x10, 0x3f, 0x0,

    /* U+8DDD "距" */
    0x7f, 0xfa, 0x30, 0x11, 0x80, 0xff, 0xe1, 0x21,
    0x29, 0x9, 0x78, 0x4a, 0x7e, 0x52, 0x2, 0xb0,
    0x1e, 0x81, 0x87, 0xf0,

    /* U+8DDF "跟" */
    0x7b, 0xf2, 0x50, 0x92, 0xfc, 0xf4, 0x21, 0x21,
    0x29, 0xf9, 0x6a, 0xa, 0x4a, 0x52, 0x62, 0xb1,
    0x3e, 0xb4, 0x6, 0x10,

    /* U+8DE8 "跨" */
    0x78, 0x42, 0x5f, 0xd2, 0x28, 0xf2, 0x21, 0x3e,
    0x88, 0x1, 0x6f, 0xea, 0x20, 0x51, 0xf2, 0xe0,
    0xb8, 0x4, 0x1, 0xe0,

    /* U+8DEF "路" */
    0x0, 0x83, 0xe4, 0x11, 0x7c, 0x8a, 0x47, 0xea,
    0x8, 0x21, 0x42, 0x8b, 0xa2, 0x53, 0xfa, 0x88,
    0x94, 0x44, 0xfa, 0x2c, 0x1f, 0x0,

    /* U+8DF3 "跳" */
    0x0, 0xa3, 0xc5, 0x12, 0x2a, 0x95, 0x67, 0xbb,
    0x10, 0x51, 0x82, 0x8b, 0x36, 0x66, 0xbb, 0x25,
    0x1a, 0x49, 0xe6, 0x50, 0x63, 0x80,

    /* U+8DF6 "跶" */
    0x0, 0x21, 0xf0, 0x84, 0xc2, 0x12, 0x88, 0x78,
    0xf8, 0x58, 0x85, 0x23, 0x16, 0x94, 0x52, 0x49,
    0x4a, 0x25, 0x20, 0x9d, 0xc0, 0x4, 0xfc,

    /* U+8E66 "蹦" */
    0x0, 0x43, 0xe2, 0x53, 0x12, 0x97, 0x67, 0xfb,
    0x8a, 0x55, 0x5e, 0xeb, 0x95, 0x54, 0xaa, 0xbd,
    0xd5, 0x33, 0xe9, 0x90, 0x9d, 0x80,

    /* U+8EAB "身" */
    0x4, 0x3, 0xfc, 0x20, 0x43, 0xfc, 0x20, 0x43,
    0xfd, 0x20, 0x6f, 0xfc, 0x1, 0x40, 0x64, 0x38,
    0x4e, 0x3c,

    /* U+8F68 "轨" */
    0x20, 0x81, 0x4, 0x3f, 0x20, 0x87, 0xc5, 0xa,
    0x28, 0x53, 0xf2, 0x82, 0x14, 0x11, 0x23, 0xe9,
    0x24, 0x4a, 0x24, 0x51, 0x41, 0x80,

    /* U+8F6E "轮" */
    0x20, 0x81, 0x6, 0x3e, 0x70, 0x82, 0x45, 0x21,
    0x2a, 0x3, 0xe4, 0x82, 0x28, 0x11, 0x83, 0xc8,
    0x24, 0x44, 0x22, 0x21, 0x1f, 0x0,

    /* U+8F6F "软" */
    0x10, 0x81, 0x4, 0x3f, 0x7e, 0x42, 0x15, 0x34,
    0xa9, 0x2b, 0xf1, 0x2, 0x8, 0x10, 0x67, 0xe5,
    0x24, 0x28, 0x22, 0x21, 0x60, 0x80,

    /* U+8F83 "较" */
    0x20, 0x82, 0x8, 0xff, 0xf4, 0x0, 0x53, 0x25,
    0x21, 0xfe, 0x31, 0x14, 0x11, 0x47, 0x88, 0x90,
    0xc1, 0x32, 0x16, 0x10,

    /* U+8F91 "辑" */
    0x23, 0xf7, 0xd0, 0x90, 0xfc, 0xaf, 0xf9, 0x21,
    0x7d, 0xf8, 0x48, 0x42, 0x42, 0x1b, 0xf7, 0x90,
    0x85, 0xfe, 0x20, 0x20,

    /* U+8F93 "输" */
    0x0, 0x82, 0xc, 0x3c, 0xd0, 0x8c, 0x66, 0xbe,
    0x50, 0x2, 0x9f, 0x5e, 0x9a, 0x27, 0xd1, 0xa6,
    0xb9, 0xf4, 0x49, 0x22, 0x5b, 0x0,

    /* U+8FA8 "辨" */
    0x42, 0x22, 0x11, 0x3c, 0xbf, 0x25, 0xa, 0xa5,
    0x35, 0x2b, 0xef, 0xe9, 0x44, 0x42, 0x27, 0xb7,
    0xd1, 0x8, 0x98, 0x48, 0x82, 0x0,

    /* U+8FB9 "边" */
    0x41, 0x3, 0x8, 0x8, 0x40, 0x1f, 0xe0, 0x11,
    0x70, 0x88, 0x88, 0x44, 0x42, 0x22, 0x11, 0x20,
    0x8a, 0x38, 0xa0, 0x8, 0xff, 0x80,

    /* U+8FBE "达" */
    0x0, 0x82, 0x4, 0x8, 0x20, 0x5f, 0xf0, 0x8,
    0x70, 0xc0, 0x85, 0x4, 0x64, 0x26, 0x11, 0x60,
    0x5c, 0x1, 0x90, 0x8, 0x7f, 0x80,

    /* U+8FC7 "过" */
    0x0, 0x44, 0x4, 0x20, 0x42, 0xff, 0x0, 0x4e,
    0x44, 0x22, 0x42, 0x24, 0x20, 0x42, 0x4, 0x21,
    0xcd, 0x0, 0x8f, 0xf0,

    /* U+8FD0 "运" */
    0xc7, 0xf1, 0x0, 0x0, 0x0, 0x1f, 0xfe, 0x10,
    0x11, 0x20, 0x88, 0x84, 0x82, 0x27, 0xf1, 0x0,
    0x16, 0x1, 0xf, 0xf0,

    /* U+8FD1 "近" */
    0x0, 0x32, 0x3e, 0x9, 0x0, 0x8, 0x0, 0x7f,
    0xf2, 0x20, 0x91, 0x4, 0x88, 0x24, 0x41, 0x42,
    0x1a, 0x11, 0xb0, 0x8, 0x7f, 0x80,

    /* U+8FD4 "返" */
    0x0, 0x12, 0x3f, 0x9, 0x0, 0x8, 0x0, 0x7f,
    0x72, 0x10, 0x96, 0x84, 0x98, 0x28, 0xa1, 0x58,
    0x98, 0x0, 0xa0, 0x8, 0xff, 0x80,

    /* U+8FD8 "还" */
    0x40, 0x3, 0x7f, 0x8c, 0x20, 0x2, 0x0, 0x10,
    0x71, 0xa0, 0x94, 0x85, 0x22, 0x21, 0x1, 0x8,
    0x8, 0x40, 0xa0, 0x8, 0xff, 0x0,

    /* U+8FD9 "这" */
    0x1, 0x2, 0x4, 0xb, 0xfe, 0x0, 0x40, 0xc4,
    0x71, 0x20, 0x86, 0x4, 0x38, 0x22, 0x61, 0x60,
    0x88, 0x0, 0xb0, 0x8, 0x7f, 0x80,

    /* U+8FDB "进" */
    0x42, 0x44, 0x24, 0x22, 0x40, 0xff, 0x2, 0x4e,
    0x24, 0x2f, 0xf2, 0x24, 0x24, 0x42, 0xc4, 0x70,
    0xd, 0x80, 0x8f, 0xf0,

    /* U+8FDC "远" */
    0xc7, 0xf1, 0x0, 0x0, 0x0, 0x1f, 0xfe, 0x24,
    0x11, 0x20, 0x89, 0x4, 0x49, 0x24, 0x49, 0x43,
    0xd4, 0x1, 0x1f, 0xf0,

    /* U+8FDE "连" */
    0x41, 0x1, 0x7f, 0xc8, 0x80, 0x9, 0x0, 0x48,
    0x31, 0xf8, 0x82, 0x5, 0xff, 0x20, 0x81, 0x4,
    0x16, 0x21, 0x1f, 0xf0,

    /* U+8FF9 "迹" */
    0x1, 0x2, 0x4, 0xb, 0xfe, 0x2, 0x80, 0x55,
    0x74, 0xa8, 0xa5, 0x25, 0x49, 0x22, 0x41, 0x22,
    0xb, 0x30, 0xb0, 0x8, 0x7f, 0x80,

    /* U+8FFD "追" */
    0x0, 0x6, 0x8, 0x9, 0xf8, 0x8, 0x40, 0x7e,
    0x72, 0x0, 0x90, 0x4, 0xfc, 0x24, 0x21, 0x21,
    0x9, 0xf8, 0xe0, 0x8, 0xff, 0x0,

    /* U+9000 "退" */
    0x47, 0xe1, 0x21, 0x9, 0xf8, 0x8, 0x4e, 0x7e,
    0x12, 0x8, 0x92, 0x84, 0x88, 0x27, 0xa1, 0x0,
    0x16, 0x1, 0x1f, 0xe0,

    /* U+9001 "送" */
    0x0, 0x2, 0x11, 0x8, 0x88, 0x1f, 0xf0, 0x8,
    0x70, 0x40, 0xbf, 0xe4, 0x10, 0x21, 0x41, 0x11,
    0xb, 0x4, 0xa0, 0x8, 0xff, 0x80,

    /* U+9002 "适" */
    0xc1, 0xf3, 0x34, 0x8, 0x20, 0x1f, 0xfe, 0x8,
    0x13, 0xf8, 0x90, 0x44, 0x82, 0x24, 0x11, 0x3f,
    0x94, 0x1, 0x1f, 0xf0,

    /* U+9009 "选" */
    0x0, 0x82, 0x24, 0x9, 0xfc, 0x49, 0x0, 0x8,
    0x7, 0xff, 0x85, 0x4, 0x48, 0x22, 0x41, 0x32,
    0x4b, 0x1e, 0xe0, 0xc, 0xff, 0x80,

    /* U+900F "透" */
    0x0, 0x12, 0x7f, 0x18, 0x20, 0x5f, 0xf0, 0x1c,
    0x3, 0x53, 0xa0, 0x64, 0xf8, 0x22, 0x71, 0x10,
    0x8b, 0x1c, 0xf0, 0xc, 0xff, 0x80,

    /* U+9010 "逐" */
    0x4f, 0xf9, 0xc, 0x9, 0xc6, 0x11, 0x6e, 0x34,
    0x12, 0x70, 0x87, 0x44, 0x49, 0x2c, 0x41, 0xe,
    0x14, 0x1, 0x1f, 0xf0,

    /* U+901A "通" */
    0x8f, 0xf2, 0x11, 0x8, 0x70, 0x1f, 0xe0, 0x89,
    0x77, 0xf8, 0xa2, 0x45, 0xfe, 0x28, 0x91, 0x45,
    0x96, 0x1, 0x1f, 0xf0,

    /* U+901F "速" */
    0x1, 0x6, 0x8, 0x13, 0xfe, 0x42, 0x0, 0xff,
    0x74, 0x88, 0xbf, 0xc4, 0x70, 0x23, 0x41, 0x29,
    0x8a, 0x44, 0xe2, 0x8, 0xff, 0x80,

    /* U+903B "逻" */
    0x4f, 0xf8, 0xa5, 0x20, 0x94, 0x81, 0xec, 0xe3,
    0xf0, 0x90, 0x42, 0xb2, 0x8, 0x30, 0x20, 0x80,
    0x9c, 0xd, 0x80, 0x23, 0xfe,

    /* U+9047 "遇" */
    0x7, 0xf3, 0xbf, 0x81, 0x24, 0xf, 0xee, 0x8,
    0x17, 0xfc, 0xa2, 0x25, 0x15, 0x2b, 0xe9, 0x40,
    0x5c, 0xf, 0x9f, 0xf0,

    /* U+904D "遍" */
    0x41, 0x1, 0x7f, 0x8a, 0x4, 0x1f, 0xc6, 0xff,
    0x16, 0xa8, 0xb5, 0x46, 0xfe, 0x35, 0x53, 0xaa,
    0xb6, 0x1, 0x1f, 0xf0,

    /* U+9053 "道" */
    0x2, 0x44, 0x24, 0x6f, 0xf0, 0x10, 0x7, 0xee,
    0x42, 0x27, 0xe2, 0x42, 0x27, 0xe2, 0x42, 0x27,
    0xe5, 0x0, 0x8f, 0xf0,

    /* U+9057 "遗" */
    0x0, 0x82, 0x3f, 0x89, 0x24, 0x4f, 0xe0, 0x8,
    0x77, 0xbc, 0x9f, 0xc4, 0x92, 0x24, 0x91, 0x28,
    0x89, 0x9c, 0xa0, 0x8, 0xff, 0x80,

    /* U+9075 "遵" */
    0x2, 0x46, 0x7f, 0x98, 0x60, 0x5f, 0xe0, 0x99,
    0x7, 0x3b, 0xbf, 0xc5, 0xfe, 0x2f, 0xf1, 0x32,
    0x8, 0xd0, 0xe1, 0x8c, 0xff, 0x0,

    /* U+907F "避" */
    0x0, 0x42, 0x79, 0xa, 0x7e, 0x52, 0x80, 0xf5,
    0x4, 0x7f, 0xa0, 0x85, 0xe4, 0x39, 0xf9, 0xc9,
    0x9, 0xc8, 0xf0, 0x8, 0xff, 0x80,

    /* U+90A3 "那" */
    0xfd, 0xf2, 0x51, 0x25, 0x2f, 0xd2, 0x25, 0x42,
    0x52, 0x25, 0x1f, 0xd1, 0x45, 0x14, 0x56, 0xc5,
    0x9, 0x90,

    /* U+90BB "邻" */
    0x8, 0x1, 0xf, 0x28, 0x92, 0x6a, 0x52, 0xa8,
    0x8a, 0x0, 0xa7, 0xe9, 0x4, 0x90, 0x89, 0x38,
    0xf1, 0x8, 0x8, 0x80,

    /* U+90E8 "部" */
    0x10, 0x1, 0xf, 0xfe, 0x94, 0x4a, 0x24, 0xa2,
    0x8c, 0xfe, 0xa0, 0x9, 0x7c, 0x94, 0x49, 0x44,
    0xe7, 0xc8, 0x44, 0x80,

    /* U+90FD "都" */
    0x10, 0x0, 0x97, 0xdf, 0x22, 0x29, 0x2f, 0xea,
    0x8, 0x50, 0x82, 0x4f, 0x91, 0xc4, 0x8b, 0xe4,
    0x51, 0x3c, 0xf9, 0x4, 0x48, 0x0,

    /* U+914D "配" */
    0xfd, 0xf3, 0x1, 0xfc, 0x1b, 0x41, 0xb5, 0xfd,
    0x51, 0xdd, 0x8, 0x50, 0xfd, 0x8, 0x51, 0xfd,
    0x18, 0x5f,

    /* U+9171 "酱" */
    0x11, 0x5, 0x3f, 0x14, 0x23, 0x1c, 0xd7, 0x0,
    0x0, 0xff, 0xf0, 0x90, 0x7f, 0xe7, 0x1e, 0x40,
    0x27, 0xfe, 0x7f, 0xe0,

    /* U+9192 "醒" */
    0xfd, 0xf1, 0x88, 0x8c, 0x7d, 0xfa, 0x2b, 0x5f,
    0x6a, 0xa3, 0x37, 0xf0, 0xc8, 0xfc, 0x44, 0x2f,
    0xbf, 0x11, 0xf, 0xf0,

    /* U+91C7 "采" */
    0x0, 0x67, 0xf8, 0x4, 0x24, 0x42, 0x24, 0x42,
    0x4, 0x4, 0xf, 0xff, 0xf, 0x1, 0xd8, 0x24,
    0x4c, 0x43, 0x4, 0x0,

    /* U+91CA "释" */
    0x8, 0xf, 0x3f, 0x2a, 0x2a, 0x94, 0x20, 0x8f,
    0xf7, 0x30, 0x86, 0xbf, 0x68, 0x8a, 0x8, 0xa7,
    0xf2, 0x8, 0x20, 0x80,

    /* U+91CC "里" */
    0x7f, 0xf2, 0x10, 0x9f, 0xfc, 0x84, 0x24, 0x21,
    0x3f, 0xf8, 0x8, 0x0, 0x40, 0x7f, 0xf0, 0x10,
    0x0, 0x81, 0xff, 0xf0,

    /* U+91CD "重" */
    0x0, 0x23, 0xfe, 0x0, 0x81, 0xff, 0xf0, 0x20,
    0x3f, 0xf8, 0xff, 0xc8, 0x42, 0x3f, 0xf0, 0x10,
    0x1f, 0xfc, 0x4, 0xf, 0xff, 0x80,

    /* U+91CF "量" */
    0x3f, 0xe1, 0xff, 0x8, 0x8, 0x3f, 0x8f, 0xff,
    0x9f, 0xf8, 0xff, 0xc8, 0x42, 0x3f, 0xe3, 0xff,
    0x80, 0x81, 0xff, 0xf0,

    /* U+91D1 "金" */
    0x3, 0x0, 0x1e, 0x0, 0xcc, 0xc, 0xc, 0x7f,
    0xf8, 0x8, 0x0, 0x20, 0xf, 0xfc, 0x12, 0x0,
    0x48, 0x80, 0xa4, 0x2, 0x90, 0x7f, 0xf8,

    /* U+9488 "针" */
    0x60, 0x84, 0x8, 0x78, 0x88, 0x8, 0x78, 0x82,
    0x7f, 0x20, 0x8f, 0x88, 0x20, 0x82, 0x8, 0x20,
    0x83, 0x88, 0x20, 0x80,

    /* U+949F "钟" */
    0x20, 0x84, 0x8, 0x78, 0x88, 0x7f, 0x7c, 0x92,
    0x49, 0x24, 0x9f, 0xc9, 0xff, 0xf2, 0x8, 0x20,
    0x83, 0x88, 0x0, 0x80,

    /* U+94A2 "钢" */
    0x20, 0x4, 0x7f, 0x7c, 0x18, 0x45, 0x7d, 0x52,
    0x4d, 0x24, 0x9f, 0xcd, 0x25, 0x52, 0x55, 0x25,
    0x13, 0xc1, 0x24, 0x70,

    /* U+94AE "钮" */
    0x0, 0x2, 0x3f, 0x9e, 0x25, 0x1, 0x27, 0x91,
    0x10, 0x88, 0x9f, 0xdf, 0x22, 0x21, 0x11, 0x9,
    0xa, 0x48, 0x62, 0x42, 0xff, 0x80,

    /* U+94F6 "银" */
    0x0, 0x2, 0x1f, 0x9e, 0x85, 0x7, 0xe7, 0xa1,
    0x11, 0x8, 0x8f, 0xdf, 0x50, 0x22, 0xb1, 0x13,
    0x8, 0x98, 0x77, 0x62, 0x60, 0x80,

    /* U+94FA "铺" */
    0x20, 0xa4, 0x9, 0x7f, 0xf8, 0x8, 0x7b, 0xf2,
    0x49, 0x24, 0x92, 0x3f, 0xfc, 0x92, 0x3f, 0x2c,
    0x93, 0x49, 0x4, 0xb0,

    /* U+9501 "锁" */
    0x20, 0x40, 0x85, 0x27, 0xd5, 0x10, 0x10, 0x3d,
    0xf8, 0x48, 0x21, 0x24, 0x9f, 0x92, 0x12, 0x48,
    0x49, 0x21, 0x48, 0x86, 0x6c, 0x26, 0xc,

    /* U+9519 "错" */
    0x21, 0x22, 0x9, 0x1e, 0xff, 0x2, 0x47, 0x92,
    0x13, 0xfc, 0x80, 0x1f, 0x7e, 0x22, 0x11, 0x1f,
    0x8a, 0x84, 0x74, 0x26, 0x3f, 0x0,

    /* U+952E "键" */
    0x40, 0x42, 0x7f, 0x9c, 0x95, 0xb, 0xf7, 0x85,
    0x27, 0xf9, 0x9, 0x1f, 0xbf, 0x4c, 0x42, 0x2f,
    0xd5, 0x10, 0xd6, 0x5, 0x8f, 0x80,

    /* U+952F "锯" */
    0x0, 0x4, 0x7f, 0xf4, 0x18, 0x7f, 0x74, 0x82,
    0x48, 0x27, 0xff, 0x48, 0x24, 0x82, 0x7f, 0x26,
    0x13, 0xa1, 0x4b, 0xf0,

    /* U+955C "镜" */
    0x0, 0x82, 0x1f, 0x9e, 0x1, 0x2, 0xc7, 0xab,
    0x11, 0xf8, 0x88, 0x5f, 0x7e, 0x22, 0x11, 0x1f,
    0x88, 0x50, 0x74, 0x92, 0x67, 0x80,

    /* U+957F "长" */
    0x10, 0x1, 0x4, 0x11, 0x81, 0x30, 0x16, 0x1,
    0x0, 0xff, 0xf1, 0x20, 0x13, 0x1, 0x10, 0x10,
    0x81, 0x66, 0x38, 0x30,

    /* U+95EA "闪" */
    0x4f, 0xf2, 0x1, 0x10, 0x18, 0x21, 0x82, 0x18,
    0x61, 0x8d, 0x18, 0x89, 0xb0, 0xd8, 0x1, 0x80,
    0x18, 0x7,

    /* U+95ED "闭" */
    0x0, 0x4, 0xff, 0x60, 0x10, 0x11, 0x81, 0x1b,
    0xfd, 0x83, 0x18, 0x51, 0x89, 0x1b, 0x11, 0x81,
    0x18, 0x71, 0x80, 0x70,

    /* U+95EE "问" */
    0x0, 0xb, 0xfd, 0x0, 0x80, 0x19, 0xf3, 0x22,
    0x64, 0x4c, 0x89, 0x91, 0x33, 0xe6, 0x0, 0xc0,
    0x18, 0xe,

    /* U+95F2 "闲" */
    0x4f, 0xf2, 0x1, 0x20, 0x18, 0x41, 0x84, 0x1b,
    0xfd, 0x8d, 0x18, 0xc9, 0xb4, 0x58, 0x41, 0x84,
    0x18, 0x7,

    /* U+95F4 "间" */
    0x0, 0xb, 0xfd, 0x80, 0x80, 0x19, 0xf3, 0x22,
    0x64, 0x4c, 0xf9, 0x91, 0x32, 0x26, 0x7c, 0xc0,
    0x18, 0x6,

    /* U+95F9 "闹" */
    0x40, 0x4, 0xff, 0x20, 0x18, 0x21, 0xbf, 0xd8,
    0x41, 0x9f, 0x99, 0x49, 0x94, 0x99, 0x49, 0x95,
    0x98, 0x41, 0x80, 0x70,

    /* U+9608 "阈" */
    0x0, 0x6, 0xff, 0x22, 0x18, 0x29, 0xbf, 0xd8,
    0x21, 0xbe, 0x9a, 0x69, 0xbd, 0x98, 0x11, 0xbf,
    0x58, 0x4d, 0x80, 0x70,

    /* U+961F "队" */
    0x1, 0xf, 0x10, 0x91, 0xa, 0x10, 0xa1, 0xa,
    0x10, 0x91, 0x9, 0x28, 0x92, 0x8b, 0x28, 0x84,
    0x48, 0xc2, 0x98, 0x30,

    /* U+9632 "防" */
    0x0, 0xf, 0x10, 0x90, 0x8a, 0xff, 0xa2, 0xa,
    0x20, 0xa3, 0xe9, 0x22, 0x92, 0x2f, 0x42, 0x84,
    0x28, 0x82, 0x91, 0xc0,

    /* U+9634 "阴" */
    0xf3, 0xf9, 0x21, 0xa2, 0x1a, 0x3f, 0xa2, 0x19,
    0x21, 0x92, 0x19, 0x3f, 0xb2, 0x18, 0x41, 0x8c,
    0x19, 0x87,

    /* U+9635 "阵" */
    0x1, 0xf, 0x10, 0x9f, 0xfa, 0x20, 0xa2, 0x8a,
    0x48, 0x97, 0xf9, 0x8, 0xb0, 0x88, 0xff, 0x80,
    0x88, 0x8, 0x80, 0x80,

    /* U+9636 "阶" */
    0x1, 0xf, 0x10, 0x91, 0x8a, 0x24, 0xa4, 0x2a,
    0x81, 0x92, 0x49, 0x24, 0x92, 0x4b, 0x24, 0x82,
    0x48, 0x44, 0x88, 0x40,

    /* U+963B "阻" */
    0xf7, 0xea, 0x42, 0xa4, 0x2a, 0x7e, 0xa4, 0x29,
    0x42, 0x94, 0x29, 0x7e, 0xb4, 0x28, 0x42, 0x84,
    0x29, 0xff,

    /* U+9644 "附" */
    0x2, 0x2f, 0x22, 0x94, 0x2a, 0x5f, 0xac, 0x2a,
    0xc2, 0x95, 0x29, 0x4a, 0x94, 0xab, 0x42, 0x84,
    0x28, 0x42, 0x84, 0xe0,

    /* U+9645 "际" */
    0xf7, 0xe9, 0x0, 0xa0, 0xa, 0x0, 0xaf, 0xf9,
    0x10, 0x95, 0x9, 0x52, 0xb5, 0x28, 0x92, 0x89,
    0x8, 0x30,

    /* U+9646 "陆" */
    0x0, 0x87, 0x84, 0x25, 0xfd, 0x41, 0xa, 0x8,
    0x50, 0x42, 0x7f, 0xf2, 0x10, 0x94, 0x97, 0xa4,
    0xa1, 0x25, 0xf, 0xe8, 0x1, 0x0,

    /* U+9650 "限" */
    0xf7, 0xe9, 0x42, 0xa7, 0xea, 0x42, 0xa4, 0x29,
    0x7e, 0x95, 0x9, 0x4b, 0xb4, 0xc8, 0x44, 0x85,
    0xa8, 0x61,

    /* U+9664 "除" */
    0x0, 0x87, 0x8c, 0x28, 0xd1, 0x48, 0x6a, 0xfe,
    0x50, 0x42, 0x42, 0x13, 0xfe, 0x90, 0x87, 0xa5,
    0x22, 0x25, 0x11, 0x18, 0x30, 0x0,

    /* U+9669 "险" */
    0xf1, 0x9, 0x28, 0xa2, 0x4a, 0x42, 0xaf, 0xd9,
    0x0, 0x99, 0x29, 0x92, 0xb5, 0x48, 0x4, 0x8f,
    0xf8, 0x0,

    /* U+966A "陪" */
    0x1, 0xf, 0x10, 0x9f, 0xfa, 0x42, 0xa2, 0x4a,
    0x24, 0x9f, 0xf9, 0x0, 0x97, 0xeb, 0x42, 0x84,
    0x28, 0x7e, 0x84, 0x20,

    /* U+968F "随" */
    0x0, 0x8f, 0x8, 0x9b, 0xfa, 0x50, 0xa1, 0xea,
    0x32, 0x9d, 0xe9, 0x52, 0x95, 0xee, 0x52, 0x85,
    0x28, 0xa0, 0x91, 0xf0,

    /* U+9690 "隐" */
    0xf3, 0xe4, 0xa3, 0x2b, 0x11, 0x4f, 0xea, 0x1,
    0x4b, 0xfa, 0x40, 0x52, 0xfe, 0xb3, 0x84, 0x52,
    0xa2, 0x8b, 0x7, 0xc0,

    /* U+9694 "隔" */
    0xff, 0xfc, 0xbf, 0xa9, 0x5, 0x4f, 0xea, 0x0,
    0x4b, 0xfe, 0x68, 0xb3, 0x29, 0xab, 0xec, 0x44,
    0x62, 0x23, 0x11, 0x70,

    /* U+96BE "难" */
    0x1, 0x47, 0xd2, 0x2, 0xff, 0x2c, 0x85, 0xbf,
    0x19, 0x20, 0xc9, 0x6, 0x7e, 0x4a, 0x46, 0x12,
    0x20, 0xfe, 0x4, 0x0,

    /* U+96F6 "零" */
    0x3f, 0xf1, 0xff, 0xe4, 0x20, 0x96, 0xba, 0x3a,
    0xf0, 0x8, 0x1, 0xdc, 0x18, 0xcf, 0x3f, 0xf0,
    0x1, 0x80, 0xd8, 0x0, 0xf0,

    /* U+96F7 "雷" */
    0x7f, 0xe0, 0x40, 0xff, 0xf8, 0x41, 0xb5, 0xf7,
    0x5e, 0x4, 0x7, 0xfe, 0x44, 0x27, 0xfe, 0x44,
    0x27, 0xfe,

    /* U+9700 "需" */
    0x7f, 0xe0, 0x40, 0xff, 0xfb, 0xdd, 0x4, 0x3,
    0xc, 0xff, 0xf0, 0x40, 0x7f, 0xe4, 0x92, 0x49,
    0x24, 0x96,

    /* U+971C "霜" */
    0x7f, 0xff, 0xff, 0x82, 0x1b, 0x2d, 0x7a, 0xe2,
    0x3f, 0xfd, 0x12, 0x1f, 0x71, 0x16, 0xdf, 0xa5,
    0x12, 0x1f,

    /* U+9759 "静" */
    0x21, 0x7, 0xef, 0x8, 0x89, 0xfc, 0x82, 0x3f,
    0x7e, 0x48, 0x2, 0x4f, 0x7e, 0x78, 0x92, 0x5f,
    0x9e, 0x20, 0x91, 0x5, 0x98, 0x0,

    /* U+975E "非" */
    0x9, 0x0, 0x90, 0xf9, 0xf0, 0x90, 0x9, 0x0,
    0x90, 0xf9, 0xf0, 0x90, 0x9, 0xf, 0x9f, 0x9,
    0x0, 0x90, 0x9, 0x0,

    /* U+9760 "靠" */
    0x22, 0x3, 0xfe, 0x42, 0xb, 0xdf, 0x7f, 0xe4,
    0x2, 0x7f, 0xe0, 0x90, 0xf9, 0xf0, 0x90, 0x79,
    0xef, 0x9f, 0x9, 0x0,

    /* U+9762 "面" */
    0xff, 0xf0, 0x40, 0x4, 0x7, 0xfe, 0x51, 0x24,
    0xf2, 0x51, 0x25, 0x12, 0x4f, 0x25, 0x12, 0x7f,
    0xe4, 0x2,

    /* U+97F3 "音" */
    0x6, 0x7, 0xfe, 0x10, 0x81, 0x8, 0x10, 0x8f,
    0xff, 0x0, 0x3, 0xfc, 0x20, 0x43, 0xfc, 0x20,
    0x42, 0x4, 0x3f, 0xc0,

    /* U+9875 "页" */
    0xff, 0xf0, 0x40, 0x4, 0x7, 0xfe, 0x40, 0x24,
    0x42, 0x44, 0x24, 0x42, 0x44, 0x24, 0x52, 0x8,
    0xc7, 0x2, 0x80, 0x0,

    /* U+9876 "顶" */
    0xff, 0xf9, 0x2, 0x8, 0xfe, 0x44, 0x12, 0x24,
    0x91, 0x24, 0x89, 0x24, 0x49, 0x22, 0x49, 0x5,
    0x8, 0x65, 0xc6, 0x10, 0x40, 0x80,

    /* U+9879 "项" */
    0xf, 0xff, 0x84, 0x11, 0xfc, 0x88, 0x24, 0x49,
    0x22, 0x49, 0x12, 0x46, 0x92, 0xc4, 0x90, 0xb,
    0x1, 0x8c, 0x10, 0x10,

    /* U+987A "顺" */
    0x45, 0xfd, 0x51, 0x5, 0x5f, 0x95, 0x42, 0x55,
    0x49, 0x55, 0x25, 0x54, 0x95, 0x52, 0x55, 0x49,
    0x52, 0x84, 0x49, 0x21, 0x42,

    /* U+987B "须" */
    0x17, 0xfb, 0x4, 0x10, 0xfc, 0x14, 0x21, 0x25,
    0x31, 0x28, 0x9, 0x41, 0x52, 0x12, 0x91, 0x85,
    0x10, 0xc6, 0x8, 0x10,

    /* U+987E "顾" */
    0x7f, 0xfa, 0x2, 0x17, 0x7e, 0xaa, 0x15, 0x54,
    0xaa, 0xa5, 0x55, 0x2b, 0xa9, 0x51, 0x4a, 0xa3,
    0x26, 0x25, 0x2, 0x10,

    /* U+9884 "预" */
    0xfb, 0xf8, 0xc2, 0x18, 0x7c, 0x64, 0x2f, 0xe5,
    0x13, 0x28, 0xa9, 0x44, 0x4a, 0x20, 0x51, 0x5,
    0x8, 0x44, 0xcc, 0x10,

    /* U+988A "颊" */
    0x20, 0x1, 0x1f, 0xff, 0x10, 0x43, 0xea, 0x91,
    0x34, 0xa8, 0xa5, 0x5f, 0xaa, 0x21, 0x51, 0x8a,
    0x92, 0x28, 0x83, 0x28, 0x20, 0x0,

    /* U+9891 "频" */
    0x10, 0x0, 0x9f, 0x97, 0x10, 0xa0, 0x85, 0x1f,
    0x7e, 0xa8, 0x45, 0x4a, 0xaa, 0x59, 0x54, 0xca,
    0x84, 0x20, 0x43, 0x6c, 0x71, 0x80,

    /* U+9897 "颗" */
    0xff, 0xfd, 0x22, 0x3f, 0x7d, 0x4a, 0x2f, 0xd5,
    0x10, 0xab, 0xf5, 0x46, 0x2a, 0x69, 0x57, 0x25,
    0x28, 0x64, 0x44, 0x10,

    /* U+9898 "题" */
    0x7b, 0xfa, 0x42, 0x1e, 0x7c, 0xf2, 0xa0, 0x15,
    0x7e, 0xa9, 0x45, 0x4b, 0xb2, 0x50, 0xa6, 0x98,
    0xac, 0x1, 0x1f, 0xf0,

    /* U+98CE "风" */
    0x3f, 0xf0, 0x80, 0x42, 0x5, 0xb, 0x24, 0x24,
    0x90, 0x8c, 0x42, 0x31, 0x8, 0xa4, 0x24, 0xd1,
    0x21, 0x54, 0x1, 0x70, 0x3,

    /* U+98DE "飞" */
    0xff, 0x0, 0x12, 0x1, 0x60, 0x1c, 0x1, 0x80,
    0x1c, 0x1, 0x20, 0x10, 0x0, 0x80, 0x9, 0x0,
    0xd0, 0x7,

    /* U+98DF "食" */
    0x1, 0x0, 0xc, 0x0, 0x4c, 0x6, 0x88, 0x7f,
    0xfc, 0x40, 0x81, 0xfe, 0x4, 0x8, 0x1f, 0xf0,
    0x40, 0xc1, 0x1c, 0x4, 0x98, 0x1c, 0x10,

    /* U+9910 "餐" */
    0x10, 0x0, 0x7b, 0xe3, 0xe9, 0x11, 0x18, 0x3b,
    0x99, 0x92, 0x3, 0x97, 0x15, 0xba, 0x1f, 0xe0,
    0x40, 0x81, 0xff, 0x4, 0x6c, 0x16, 0x60, 0x60,
    0x40,

    /* U+9965 "饥" */
    0x20, 0x2, 0x1f, 0x1e, 0x88, 0x94, 0x48, 0xa2,
    0x51, 0x10, 0x88, 0x84, 0x44, 0x22, 0x21, 0x11,
    0x4f, 0xa, 0x48, 0x50, 0x83, 0x80,

    /* U+996D "饭" */
    0x20, 0x1a, 0x1f, 0x1e, 0x80, 0x94, 0x8, 0xbf,
    0xd1, 0x88, 0x8a, 0x44, 0x52, 0x22, 0x61, 0x53,
    0xd, 0x38, 0x4b, 0x20, 0x20, 0x80,

    /* U+9970 "饰" */
    0x21, 0x2, 0x8, 0x1f, 0xfe, 0x94, 0x88, 0x84,
    0x51, 0xfc, 0x89, 0x24, 0x49, 0x22, 0x49, 0x12,
    0x4a, 0x96, 0x60, 0x80, 0x4, 0x0,

    /* U+9971 "饱" */
    0x0, 0x2, 0x8, 0x10, 0xfc, 0xfc, 0x24, 0xfd,
    0x51, 0x28, 0x89, 0x44, 0x4a, 0x23, 0xd1, 0x13,
    0x8a, 0x80, 0x64, 0x14, 0x3f, 0x0,

    /* U+9972 "饲" */
    0x20, 0x1, 0x3f, 0xdf, 0x2, 0x97, 0xd4, 0x80,
    0xcc, 0x6, 0x8f, 0x24, 0x49, 0x22, 0x49, 0x1e,
    0x4a, 0x82, 0x64, 0x10, 0x3, 0x80,

    /* U+997F "饿" */
    0x20, 0xc2, 0x3a, 0x9e, 0x92, 0x94, 0x85, 0x7f,
    0xc1, 0x20, 0x89, 0x44, 0x3a, 0x26, 0x71, 0x11,
    0xa, 0x9a, 0x65, 0xd0, 0x69, 0x80,

    /* U+9999 "香" */
    0x3, 0xc7, 0xc0, 0x4, 0xf, 0xff, 0xd, 0x1,
    0x48, 0x64, 0x6b, 0xfd, 0x20, 0x42, 0x4, 0x3f,
    0xc2, 0x4, 0x3f, 0xc0,

    /* U+9A82 "骂" */
    0x79, 0xf1, 0x25, 0xe7, 0x80, 0x7, 0xfc, 0x0,
    0x88, 0x21, 0xff, 0x0, 0x3f, 0xf4, 0x0, 0x80,
    0x70,

    /* U+9A8C "验" */
    0xf0, 0x80, 0x86, 0x14, 0x48, 0xa4, 0x25, 0x5e,
    0xa8, 0x1, 0xe9, 0x21, 0x2a, 0x79, 0x54, 0x41,
    0x2, 0xfe, 0x60, 0x0,

    /* U+9AD8 "高" */
    0x4, 0xf, 0xff, 0x0, 0x3, 0xfc, 0x20, 0x43,
    0xfc, 0x0, 0x7, 0xff, 0x80, 0x19, 0xf9, 0x90,
    0x99, 0xf9, 0x90, 0x60,

    /* U+9B03 "鬃" */
    0x7c, 0x67, 0xd9, 0x7c, 0xef, 0xe3, 0x44, 0xcb,
    0xc0, 0xff, 0xfb, 0xfd, 0xff, 0xf1, 0x28, 0x62,
    0x60, 0xe0,

    /* U+9EA6 "麦" */
    0x2, 0x3, 0xff, 0x80, 0x80, 0x7f, 0xe0, 0x20,
    0x7f, 0xfc, 0x20, 0x3, 0xfc, 0x70, 0x44, 0x44,
    0x1, 0xc0, 0x3b, 0x8e, 0x3, 0x80,

    /* U+9EBB "麻" */
    0x1, 0x0, 0x8, 0x1f, 0xfe, 0x88, 0x44, 0x42,
    0x2f, 0xfd, 0x10, 0x89, 0xce, 0x5d, 0xb2, 0xa5,
    0x59, 0x4b, 0x8, 0x48, 0x42, 0x0,

    /* U+9EC4 "黄" */
    0x8, 0x83, 0xff, 0x82, 0x20, 0x11, 0xf, 0xff,
    0x81, 0x0, 0xff, 0x84, 0x44, 0x3f, 0xe1, 0x11,
    0xf, 0xf8, 0x11, 0x7, 0x7, 0x0, 0x0,

    /* U+9ED1 "黑" */
    0x7f, 0xe5, 0x4a, 0x55, 0x24, 0x52, 0x7f, 0xe0,
    0x40, 0x7f, 0xe0, 0x40, 0xff, 0xf0, 0x0, 0x49,
    0x2c, 0x91,

    /* U+9ED8 "默" */
    0x0, 0x21, 0xf8, 0x85, 0x22, 0x9d, 0x88, 0x53,
    0xfd, 0xf8, 0x81, 0x2, 0x1f, 0x88, 0x10, 0x51,
    0xf9, 0x40, 0x5, 0x16, 0xa2, 0x9b, 0x84, 0x4,
    0x0,

    /* U+9F7F "齿" */
    0x2, 0x2, 0x20, 0x23, 0xe2, 0x20, 0xff, 0xf0,
    0x0, 0x42, 0x24, 0x42, 0x4f, 0x25, 0x8a, 0x40,
    0x27, 0xfe, 0x0, 0x20,

    /* U+9F99 "龙" */
    0x8, 0x0, 0x88, 0x8, 0x40, 0x80, 0xff, 0xf0,
    0xa0, 0xa, 0x21, 0x24, 0x12, 0x81, 0x30, 0x22,
    0x14, 0xe1, 0x81, 0xf0,

    /* U+FF08 "（" */
    0x32, 0x44, 0x88, 0x88, 0x88, 0x44, 0x20,

    /* U+FF09 "）" */
    0xc4, 0x22, 0x11, 0x11, 0x13, 0x22, 0x40
};


/*---------------------
 *  GLYPH DESCRIPTION
 *--------------------*/

static const lv_font_fmt_txt_glyph_dsc_t glyph_dsc[] = {
    {.bitmap_index = 0, .adv_w = 0, .box_w = 0, .box_h = 0, .ofs_x = 0, .ofs_y = 0} /* id = 0 reserved */,
    {.bitmap_index = 0, .adv_w = 60, .box_w = 1, .box_h = 1, .ofs_x = 0, .ofs_y = 0},
    {.bitmap_index = 1, .adv_w = 60, .box_w = 2, .box_h = 10, .ofs_x = 1, .ofs_y = 0},
    {.bitmap_index = 4, .adv_w = 88, .box_w = 4, .box_h = 4, .ofs_x = 1, .ofs_y = 6},
    {.bitmap_index = 6, .adv_w = 157, .box_w = 9, .box_h = 10, .ofs_x = 1, .ofs_y = 0},
    {.bitmap_index = 18, .adv_w = 139, .box_w = 7, .box_h = 15, .ofs_x = 1, .ofs_y = -2},
    {.bitmap_index = 32, .adv_w = 189, .box_w = 11, .box_h = 10, .ofs_x = 1, .ofs_y = 0},
    {.bitmap_index = 46, .adv_w = 154, .box_w = 8, .box_h = 10, .ofs_x = 1, .ofs_y = 0},
    {.bitmap_index = 56, .adv_w = 47, .box_w = 1, .box_h = 4, .ofs_x = 1, .ofs_y = 6},
    {.bitmap_index = 57, .adv_w = 75, .box_w = 3, .box_h = 14, .ofs_x = 1, .ofs_y = -3},
    {.bitmap_index = 63, .adv_w = 76, .box_w = 3, .box_h = 14, .ofs_x = 0, .ofs_y = -3},
    {.bitmap_index = 69, .adv_w = 90, .box_w = 5, .box_h = 5, .ofs_x = 0, .ofs_y = 6},
    {.bitmap_index = 73, .adv_w = 130, .box_w = 6, .box_h = 6, .ofs_x = 1, .ofs_y = 2},
    {.bitmap_index = 78, .adv_w = 51, .box_w = 2, .box_h = 4, .ofs_x = 1, .ofs_y = -2},
    {.bitmap_index = 79, .adv_w = 86, .box_w = 4, .box_h = 1, .ofs_x = 1, .ofs_y = 4},
    {.bitmap_index = 80, .adv_w = 51, .box_w = 2, .box_h = 2, .ofs_x = 1, .ofs_y = 0},
    {.bitmap_index = 81, .adv_w = 79, .box_w = 5, .box_h = 14, .ofs_x = 0, .ofs_y = -1},
    {.bitmap_index = 90, .adv_w = 149, .box_w = 8, .box_h = 10, .ofs_x = 1, .ofs_y = 0},
    {.bitmap_index = 100, .adv_w = 83, .box_w = 3, .box_h = 10, .ofs_x = 0, .ofs_y = 0},
    {.bitmap_index = 104, .adv_w = 129, .box_w = 7, .box_h = 10, .ofs_x = 1, .ofs_y = 0},
    {.bitmap_index = 113, .adv_w = 128, .box_w = 7, .box_h = 10, .ofs_x = 1, .ofs_y = 0},
    {.bitmap_index = 122, .adv_w = 150, .box_w = 9, .box_h = 10, .ofs_x = 1, .ofs_y = 0},
    {.bitmap_index = 134, .adv_w = 129, .box_w = 7, .box_h = 10, .ofs_x = 0, .ofs_y = 0},
    {.bitmap_index = 143, .adv_w = 138, .box_w = 7, .box_h = 10, .ofs_x = 1, .ofs_y = 0},
    {.bitmap_index = 152, .adv_w = 134, .box_w = 8, .box_h = 10, .ofs_x = 1, .ofs_y = 0},
    {.bitmap_index = 162, .adv_w = 144, .box_w = 8, .box_h = 10, .ofs_x = 1, .ofs_y = 0},
    {.bitmap_index = 172, .adv_w = 138, .box_w = 7, .box_h = 10, .ofs_x = 1, .ofs_y = 0},
    {.bitmap_index = 181, .adv_w = 51, .box_w = 2, .box_h = 8, .ofs_x = 1, .ofs_y = 0},
    {.bitmap_index = 183, .adv_w = 51, .box_w = 2, .box_h = 10, .ofs_x = 1, .ofs_y = -2},
    {.bitmap_index = 186, .adv_w = 130, .box_w = 7, .box_h = 7, .ofs_x = 1, .ofs_y = 2},
    {.bitmap_index = 193, .adv_w = 130, .box_w = 6, .box_h = 4, .ofs_x = 1, .ofs_y = 4},
    {.bitmap_index = 196, .adv_w = 130, .box_w = 7, .box_h = 7, .ofs_x = 1, .ofs_y = 2},
    {.bitmap_index = 203, .adv_w = 128, .box_w = 7, .box_h = 10, .ofs_x = 0, .ofs_y = 0},
    {.bitmap_index = 212, .adv_w = 232, .box_w = 13, .box_h = 13, .ofs_x = 1, .ofs_y = -3},
    {.bitmap_index = 234, .adv_w = 164, .box_w = 10, .box_h = 10, .ofs_x = 0, .ofs_y = 0},
    {.bitmap_index = 247, .adv_w = 170, .box_w = 8, .box_h = 10, .ofs_x = 1, .ofs_y = 0},
    {.bitmap_index = 257, .adv_w = 162, .box_w = 9, .box_h = 10, .ofs_x = 1, .ofs_y = 0},
    {.bitmap_index = 269, .adv_w = 185, .box_w = 9, .box_h = 10, .ofs_x = 1, .ofs_y = 0},
    {.bitmap_index = 281, .adv_w = 150, .box_w = 7, .box_h = 10, .ofs_x = 1, .ofs_y = 0},
    {.bitmap_index = 290, .adv_w = 142, .box_w = 7, .box_h = 10, .ofs_x = 1, .ofs_y = 0},
    {.bitmap_index = 299, .adv_w = 173, .box_w = 9, .box_h = 10, .ofs_x = 1, .ofs_y = 0},
    {.bitmap_index = 311, .adv_w = 182, .box_w = 8, .box_h = 10, .ofs_x = 1, .ofs_y = 0},
    {.bitmap_index = 321, .adv_w = 69, .box_w = 1, .box_h = 10, .ofs_x = 1, .ofs_y = 0},
    {.bitmap_index = 323, .adv_w = 115, .box_w = 6, .box_h = 10, .ofs_x = -1, .ofs_y = 0},
    {.bitmap_index = 331, .adv_w = 161, .box_w = 8, .box_h = 10, .ofs_x = 1, .ofs_y = 0},
    {.bitmap_index = 341, .adv_w = 133, .box_w = 6, .box_h = 10, .ofs_x = 1, .ofs_y = 0},
    {.bitmap_index = 349, .adv_w = 214, .box_w = 10, .box_h = 10, .ofs_x = 1, .ofs_y = 0},
    {.bitmap_index = 362, .adv_w = 182, .box_w = 8, .box_h = 10, .ofs_x = 1, .ofs_y = 0},
    {.bitmap_index = 372, .adv_w = 188, .box_w = 10, .box_h = 10, .ofs_x = 1, .ofs_y = 0},
    {.bitmap_index = 385, .adv_w = 162, .box_w = 8, .box_h = 10, .ofs_x = 1, .ofs_y = 0},
    {.bitmap_index = 395, .adv_w = 188, .box_w = 11, .box_h = 12, .ofs_x = 1, .ofs_y = -2},
    {.bitmap_index = 412, .adv_w = 163, .box_w = 8, .box_h = 10, .ofs_x = 1, .ofs_y = 0},
    {.bitmap_index = 422, .adv_w = 139, .box_w = 7, .box_h = 10, .ofs_x = 1, .ofs_y = 0},
    {.bitmap_index = 431, .adv_w = 131, .box_w = 8, .box_h = 10, .ofs_x = 1, .ofs_y = 0},
    {.bitmap_index = 441, .adv_w = 177, .box_w = 8, .box_h = 10, .ofs_x = 1, .ofs_y = 0},
    {.bitmap_index = 451, .adv_w = 159, .box_w = 10, .box_h = 10, .ofs_x = 0, .ofs_y = 0},
    {.bitmap_index = 464, .adv_w = 252, .box_w = 15, .box_h = 10, .ofs_x = 0, .ofs_y = 0},
    {.bitmap_index = 483, .adv_w = 151, .box_w = 9, .box_h = 10, .ofs_x = 0, .ofs_y = 0},
    {.bitmap_index = 495, .adv_w = 145, .box_w = 9, .box_h = 10, .ofs_x = 0, .ofs_y = 0},
    {.bitmap_index = 507, .adv_w = 147, .box_w = 8, .box_h = 10, .ofs_x = 1, .ofs_y = 0},
    {.bitmap_index = 517, .adv_w = 75, .box_w = 3, .box_h = 14, .ofs_x = 1, .ofs_y = -3},
    {.bitmap_index = 523, .adv_w = 79, .box_w = 6, .box_h = 14, .ofs_x = -1, .ofs_y = -1},
    {.bitmap_index = 534, .adv_w = 75, .box_w = 3, .box_h = 14, .ofs_x = 0, .ofs_y = -3},
    {.bitmap_index = 540, .adv_w = 131, .box_w = 6, .box_h = 6, .ofs_x = 1, .ofs_y = 2},
    {.bitmap_index = 545, .adv_w = 112, .box_w = 7, .box_h = 1, .ofs_x = 0, .ofs_y = -1},
    {.bitmap_index = 546, .adv_w = 134, .box_w = 3, .box_h = 2, .ofs_x = 2, .ofs_y = 9},
    {.bitmap_index = 547, .adv_w = 134, .box_w = 6, .box_h = 8, .ofs_x = 1, .ofs_y = 0},
    {.bitmap_index = 553, .adv_w = 153, .box_w = 8, .box_h = 11, .ofs_x = 1, .ofs_y = 0},
    {.bitmap_index = 564, .adv_w = 128, .box_w = 7, .box_h = 8, .ofs_x = 1, .ofs_y = 0},
    {.bitmap_index = 571, .adv_w = 153, .box_w = 8, .box_h = 11, .ofs_x = 1, .ofs_y = 0},
    {.bitmap_index = 582, .adv_w = 137, .box_w = 7, .box_h = 8, .ofs_x = 1, .ofs_y = 0},
    {.bitmap_index = 589, .adv_w = 79, .box_w = 6, .box_h = 11, .ofs_x = 1, .ofs_y = 0},
    {.bitmap_index = 598, .adv_w = 155, .box_w = 8, .box_h = 11, .ofs_x = 1, .ofs_y = -3},
    {.bitmap_index = 609, .adv_w = 153, .box_w = 7, .box_h = 11, .ofs_x = 1, .ofs_y = 0},
    {.bitmap_index = 619, .adv_w = 62, .box_w = 1, .box_h = 11, .ofs_x = 1, .ofs_y = 0},
    {.bitmap_index = 621, .adv_w = 64, .box_w = 4, .box_h = 14, .ofs_x = -2, .ofs_y = -3},
    {.bitmap_index = 628, .adv_w = 138, .box_w = 7, .box_h = 11, .ofs_x = 1, .ofs_y = 0},
    {.bitmap_index = 638, .adv_w = 62, .box_w = 1, .box_h = 11, .ofs_x = 1, .ofs_y = 0},
    {.bitmap_index = 640, .adv_w = 237, .box_w = 13, .box_h = 8, .ofs_x = 1, .ofs_y = 0},
    {.bitmap_index = 653, .adv_w = 153, .box_w = 7, .box_h = 8, .ofs_x = 1, .ofs_y = 0},
    {.bitmap_index = 660, .adv_w = 142, .box_w = 8, .box_h = 8, .ofs_x = 1, .ofs_y = 0},
    {.bitmap_index = 668, .adv_w = 153, .box_w = 8, .box_h = 11, .ofs_x = 1, .ofs_y = -3},
    {.bitmap_index = 679, .adv_w = 153, .box_w = 8, .box_h = 11, .ofs_x = 1, .ofs_y = -3},
    {.bitmap_index = 690, .adv_w = 92, .box_w = 4, .box_h = 8, .ofs_x = 1, .ofs_y = 0},
    {.bitmap_index = 694, .adv_w = 112, .box_w = 6, .box_h = 8, .ofs_x = 1, .ofs_y = 0},
    {.bitmap_index = 700, .adv_w = 93, .box_w = 6, .box_h = 10, .ofs_x = 1, .ofs_y = 0},
    {.bitmap_index = 708, .adv_w = 152, .box_w = 7, .box_h = 8, .ofs_x = 1, .ofs_y = 0},
    {.bitmap_index = 715, .adv_w = 125, .box_w = 8, .box_h = 8, .ofs_x = 0, .ofs_y = 0},
    {.bitmap_index = 723, .adv_w = 201, .box_w = 13, .box_h = 8, .ofs_x = 0, .ofs_y = 0},
    {.bitmap_index = 736, .adv_w = 124, .box_w = 8, .box_h = 8, .ofs_x = 0, .ofs_y = 0},
    {.bitmap_index = 744, .adv_w = 125, .box_w = 8, .box_h = 11, .ofs_x = 0, .ofs_y = -3},
    {.bitmap_index = 755, .adv_w = 117, .box_w = 6, .box_h = 8, .ofs_x = 1, .ofs_y = 0},
    {.bitmap_index = 761, .adv_w = 79, .box_w = 3, .box_h = 14, .ofs_x = 1, .ofs_y = -3},
    {.bitmap_index = 767, .adv_w = 67, .box_w = 1, .box_h = 14, .ofs_x = 1, .ofs_y = -3},
    {.bitmap_index = 769, .adv_w = 79, .box_w = 4, .box_h = 14, .ofs_x = 1, .ofs_y = -3},
    {.bitmap_index = 776, .adv_w = 130, .box_w = 7, .box_h = 2, .ofs_x = 1, .ofs_y = 4},
    {.bitmap_index = 778, .adv_w = 224, .box_w = 3, .box_h = 3, .ofs_x = 6, .ofs_y = 4},
    {.bitmap_index = 780, .adv_w = 224, .box_w = 12, .box_h = 2, .ofs_x = 1, .ofs_y = 5},
    {.bitmap_index = 783, .adv_w = 224, .box_w = 4, .box_h = 13, .ofs_x = 10, .ofs_y = -1},
    {.bitmap_index = 790, .adv_w = 224, .box_w = 4, .box_h = 13, .ofs_x = 0, .ofs_y = -1},
    {.bitmap_index = 797, .adv_w = 224, .box_w = 13, .box_h = 1, .ofs_x = 1, .ofs_y = 5},
    {.bitmap_index = 799, .adv_w = 224, .box_w = 12, .box_h = 11, .ofs_x = 1, .ofs_y = -1},
    {.bitmap_index = 816, .adv_w = 224, .box_w = 12, .box_h = 12, .ofs_x = 1, .ofs_y = -1},
    {.bitmap_index = 834, .adv_w = 224, .box_w = 12, .box_h = 10, .ofs_x = 1, .ofs_y = 0},
    {.bitmap_index = 849, .adv_w = 224, .box_w = 13, .box_h = 12, .ofs_x = 0, .ofs_y = 0},
    {.bitmap_index = 869, .adv_w = 224, .box_w = 12, .box_h = 12, .ofs_x = 1, .ofs_y = -1},
    {.bitmap_index = 887, .adv_w = 224, .box_w = 12, .box_h = 12, .ofs_x = 1, .ofs_y = -1},
    {.bitmap_index = 905, .adv_w = 224, .box_w = 12, .box_h = 13, .ofs_x = 1, .ofs_y = -1},
    {.bitmap_index = 925, .adv_w = 224, .box_w = 13, .box_h = 12, .ofs_x = 1, .ofs_y = -1},
    {.bitmap_index = 945, .adv_w = 224, .box_w = 12, .box_h = 13, .ofs_x = 1, .ofs_y = -1},
    {.bitmap_index = 965, .adv_w = 224, .box_w = 12, .box_h = 12, .ofs_x = 1, .ofs_y = -1},
    {.bitmap_index = 983, .adv_w = 224, .box_w = 13, .box_h = 12, .ofs_x = 0, .ofs_y = 0},
    {.bitmap_index = 1003, .adv_w = 224, .box_w = 12, .box_h = 13, .ofs_x = 1, .ofs_y = -1},
    {.bitmap_index = 1023, .adv_w = 224, .box_w = 12, .box_h = 13, .ofs_x = 1, .ofs_y = -1},
    {.bitmap_index = 1043, .adv_w = 224, .box_w = 12, .box_h = 12, .ofs_x = 1, .ofs_y = -1},
    {.bitmap_index = 1061, .adv_w = 224, .box_w = 12, .box_h = 13, .ofs_x = 1, .ofs_y = -2},
    {.bitmap_index = 1081, .adv_w = 224, .box_w = 13, .box_h = 13, .ofs_x = 0, .ofs_y = -1},
    {.bitmap_index = 1103, .adv_w = 224, .box_w = 11, .box_h = 13, .ofs_x = 1, .ofs_y = -1},
    {.bitmap_index = 1121, .adv_w = 224, .box_w = 11, .box_h = 13, .ofs_x = 1, .ofs_y = -1},
    {.bitmap_index = 1139, .adv_w = 224, .box_w = 12, .box_h = 13, .ofs_x = 1, .ofs_y = -1},
    {.bitmap_index = 1159, .adv_w = 224, .box_w = 12, .box_h = 13, .ofs_x = 1, .ofs_y = -1},
    {.bitmap_index = 1179, .adv_w = 224, .box_w = 12, .box_h = 13, .ofs_x = 1, .ofs_y = -1},
    {.bitmap_index = 1199, .adv_w = 224, .box_w = 12, .box_h = 13, .ofs_x = 1, .ofs_y = -1},
    {.bitmap_index = 1219, .adv_w = 224, .box_w = 14, .box_h = 13, .ofs_x = 0, .ofs_y = -2},
    {.bitmap_index = 1242, .adv_w = 224, .box_w = 12, .box_h = 13, .ofs_x = 1, .ofs_y = -1},
    {.bitmap_index = 1262, .adv_w = 224, .box_w = 12, .box_h = 13, .ofs_x = 1, .ofs_y = -1},
    {.bitmap_index = 1282, .adv_w = 224, .box_w = 12, .box_h = 13, .ofs_x = 1, .ofs_y = -1},
    {.bitmap_index = 1302, .adv_w = 224, .box_w = 12, .box_h = 13, .ofs_x = 1, .ofs_y = -1},
    {.bitmap_index = 1322, .adv_w = 224, .box_w = 12, .box_h = 13, .ofs_x = 1, .ofs_y = -1},
    {.bitmap_index = 1342, .adv_w = 224, .box_w = 13, .box_h = 13, .ofs_x = 0, .ofs_y = -1},
    {.bitmap_index = 1364, .adv_w = 224, .box_w = 11, .box_h = 12, .ofs_x = 1, .ofs_y = -1},
    {.bitmap_index = 1381, .adv_w = 224, .box_w = 13, .box_h = 13, .ofs_x = 1, .ofs_y = -1},
    {.bitmap_index = 1403, .adv_w = 224, .box_w = 11, .box_h = 12, .ofs_x = 2, .ofs_y = -1},
    {.bitmap_index = 1420, .adv_w = 224, .box_w = 13, .box_h = 13, .ofs_x = 1, .ofs_y = -1},
    {.bitmap_index = 1442, .adv_w = 224, .box_w = 12, .box_h = 10, .ofs_x = 1, .ofs_y = 0},
    {.bitmap_index = 1457, .adv_w = 224, .box_w = 12, .box_h = 12, .ofs_x = 1, .ofs_y = -1},
    {.bitmap_index = 1475, .adv_w = 224, .box_w = 12, .box_h = 12, .ofs_x = 1, .ofs_y = -1},
    {.bitmap_index = 1493, .adv_w = 224, .box_w = 12, .box_h = 10, .ofs_x = 1, .ofs_y = 0},
    {.bitmap_index = 1508, .adv_w = 224, .box_w = 12, .box_h = 12, .ofs_x = 1, .ofs_y = 0},
    {.bitmap_index = 1526, .adv_w = 224, .box_w = 12, .box_h = 13, .ofs_x = 1, .ofs_y = -1},
    {.bitmap_index = 1546, .adv_w = 224, .box_w = 12, .box_h = 13, .ofs_x = 1, .ofs_y = -1},
    {.bitmap_index = 1566, .adv_w = 224, .box_w = 12, .box_h = 13, .ofs_x = 1, .ofs_y = -1},
    {.bitmap_index = 1586, .adv_w = 224, .box_w = 12, .box_h = 13, .ofs_x = 1, .ofs_y = -1},
    {.bitmap_index = 1606, .adv_w = 224, .box_w = 13, .box_h = 13, .ofs_x = 0, .ofs_y = -1},
    {.bitmap_index = 1628, .adv_w = 224, .box_w = 13, .box_h = 13, .ofs_x = 1, .ofs_y = -1},
    {.bitmap_index = 1650, .adv_w = 224, .box_w = 13, .box_h = 13, .ofs_x = 0, .ofs_y = -1},
    {.bitmap_index = 1672, .adv_w = 224, .box_w = 12, .box_h = 13, .ofs_x = 1, .ofs_y = -1},
    {.bitmap_index = 1692, .adv_w = 224, .box_w = 12, .box_h = 12, .ofs_x = 1, .ofs_y = -1},
    {.bitmap_index = 1710, .adv_w = 224, .box_w = 13, .box_h = 13, .ofs_x = 0, .ofs_y = -1},
    {.bitmap_index = 1732, .adv_w = 224, .box_w = 13, .box_h = 13, .ofs_x = 0, .ofs_y = -1},
    {.bitmap_index = 1754, .adv_w = 224, .box_w = 14, .box_h = 13, .ofs_x = 0, .ofs_y = -1},
    {.bitmap_index = 1777, .adv_w = 224, .box_w = 14, .box_h = 13, .ofs_x = 0, .ofs_y = -1},
    {.bitmap_index = 1800, .adv_w = 224, .box_w = 13, .box_h = 14, .ofs_x = 1, .ofs_y = -2},
    {.bitmap_index = 1823, .adv_w = 224, .box_w = 12, .box_h = 12, .ofs_x = 1, .ofs_y = -1},
    {.bitmap_index = 1841, .adv_w = 224, .box_w = 13, .box_h = 13, .ofs_x = 0, .ofs_y = -1},
    {.bitmap_index = 1863, .adv_w = 224, .box_w = 13, .box_h = 13, .ofs_x = 0, .ofs_y = -1},
    {.bitmap_index = 1885, .adv_w = 224, .box_w = 13, .box_h = 13, .ofs_x = 1, .ofs_y = -1},
    {.bitmap_index = 1907, .adv_w = 224, .box_w = 14, .box_h = 12, .ofs_x = 0, .ofs_y = -1},
    {.bitmap_index = 1928, .adv_w = 224, .box_w = 13, .box_h = 13, .ofs_x = 1, .ofs_y = -1},
    {.bitmap_index = 1950, .adv_w = 224, .box_w = 13, .box_h = 13, .ofs_x = 0, .ofs_y = -1},
    {.bitmap_index = 1972, .adv_w = 224, .box_w = 14, .box_h = 12, .ofs_x = 0, .ofs_y = -1},
    {.bitmap_index = 1993, .adv_w = 224, .box_w = 12, .box_h = 13, .ofs_x = 0, .ofs_y = -1},
    {.bitmap_index = 2013, .adv_w = 224, .box_w = 13, .box_h = 13, .ofs_x = 0, .ofs_y = -1},
    {.bitmap_index = 2035, .adv_w = 224, .box_w = 13, .box_h = 13, .ofs_x = 0, .ofs_y = -1},
    {.bitmap_index = 2057, .adv_w = 224, .box_w = 13, .box_h = 13, .ofs_x = 1, .ofs_y = -1},
    {.bitmap_index = 2079, .adv_w = 224, .box_w = 13, .box_h = 12, .ofs_x = 0, .ofs_y = -1},
    {.bitmap_index = 2099, .adv_w = 224, .box_w = 13, .box_h = 13, .ofs_x = 1, .ofs_y = -1},
    {.bitmap_index = 2121, .adv_w = 224, .box_w = 13, .box_h = 13, .ofs_x = 0, .ofs_y = -1},
    {.bitmap_index = 2143, .adv_w = 224, .box_w = 13, .box_h = 12, .ofs_x = 0, .ofs_y = -1},
    {.bitmap_index = 2163, .adv_w = 224, .box_w = 14, .box_h = 13, .ofs_x = 0, .ofs_y = -1},
    {.bitmap_index = 2186, .adv_w = 224, .box_w = 13, .box_h = 12, .ofs_x = 1, .ofs_y = -1},
    {.bitmap_index = 2206, .adv_w = 224, .box_w = 13, .box_h = 13, .ofs_x = 0, .ofs_y = -1},
    {.bitmap_index = 2228, .adv_w = 224, .box_w = 13, .box_h = 13, .ofs_x = 0, .ofs_y = -1},
    {.bitmap_index = 2250, .adv_w = 224, .box_w = 13, .box_h = 13, .ofs_x = 0, .ofs_y = -1},
    {.bitmap_index = 2272, .adv_w = 224, .box_w = 13, .box_h = 13, .ofs_x = 0, .ofs_y = -1},
    {.bitmap_index = 2294, .adv_w = 224, .box_w = 13, .box_h = 13, .ofs_x = 0, .ofs_y = -1},
    {.bitmap_index = 2316, .adv_w = 224, .box_w = 13, .box_h = 13, .ofs_x = 0, .ofs_y = -1},
    {.bitmap_index = 2338, .adv_w = 224, .box_w = 13, .box_h = 13, .ofs_x = 0, .ofs_y = -1},
    {.bitmap_index = 2360, .adv_w = 224, .box_w = 13, .box_h = 13, .ofs_x = 0, .ofs_y = -1},
    {.bitmap_index = 2382, .adv_w = 224, .box_w = 13, .box_h = 13, .ofs_x = 0, .ofs_y = -1},
    {.bitmap_index = 2404, .adv_w = 224, .box_w = 13, .box_h = 12, .ofs_x = 0, .ofs_y = -1},
    {.bitmap_index = 2424, .adv_w = 224, .box_w = 14, .box_h = 13, .ofs_x = 0, .ofs_y = -1},
    {.bitmap_index = 2447, .adv_w = 224, .box_w = 13, .box_h = 13, .ofs_x = 0, .ofs_y = -1},
    {.bitmap_index = 2469, .adv_w = 224, .box_w = 13, .box_h = 13, .ofs_x = 0, .ofs_y = -1},
    {.bitmap_index = 2491, .adv_w = 224, .box_w = 13, .box_h = 13, .ofs_x = 0, .ofs_y = -1},
    {.bitmap_index = 2513, .adv_w = 224, .box_w = 14, .box_h = 13, .ofs_x = 0, .ofs_y = -1},
    {.bitmap_index = 2536, .adv_w = 224, .box_w = 14, .box_h = 13, .ofs_x = 0, .ofs_y = -1},
    {.bitmap_index = 2559, .adv_w = 224, .box_w = 13, .box_h = 13, .ofs_x = 0, .ofs_y = -1},
    {.bitmap_index = 2581, .adv_w = 224, .box_w = 13, .box_h = 13, .ofs_x = 0, .ofs_y = -1},
    {.bitmap_index = 2603, .adv_w = 224, .box_w = 13, .box_h = 13, .ofs_x = 0, .ofs_y = -1},
    {.bitmap_index = 2625, .adv_w = 224, .box_w = 13, .box_h = 13, .ofs_x = 0, .ofs_y = -1},
    {.bitmap_index = 2647, .adv_w = 224, .box_w = 13, .box_h = 13, .ofs_x = 1, .ofs_y = -1},
    {.bitmap_index = 2669, .adv_w = 224, .box_w = 12, .box_h = 13, .ofs_x = 1, .ofs_y = -1},
    {.bitmap_index = 2689, .adv_w = 224, .box_w = 12, .box_h = 13, .ofs_x = 1, .ofs_y = -1},
    {.bitmap_index = 2709, .adv_w = 224, .box_w = 12, .box_h = 13, .ofs_x = 1, .ofs_y = -1},
    {.bitmap_index = 2729, .adv_w = 224, .box_w = 12, .box_h = 13, .ofs_x = 1, .ofs_y = -1},
    {.bitmap_index = 2749, .adv_w = 224, .box_w = 13, .box_h = 13, .ofs_x = 0, .ofs_y = -1},
    {.bitmap_index = 2771, .adv_w = 224, .box_w = 12, .box_h = 13, .ofs_x = 1, .ofs_y = -1},
    {.bitmap_index = 2791, .adv_w = 224, .box_w = 13, .box_h = 13, .ofs_x = 1, .ofs_y = -1},
    {.bitmap_index = 2813, .adv_w = 224, .box_w = 12, .box_h = 12, .ofs_x = 1, .ofs_y = -1},
    {.bitmap_index = 2831, .adv_w = 224, .box_w = 14, .box_h = 13, .ofs_x = 0, .ofs_y = -1},
    {.bitmap_index = 2854, .adv_w = 224, .box_w = 12, .box_h = 12, .ofs_x = 1, .ofs_y = -1},
    {.bitmap_index = 2872, .adv_w = 224, .box_w = 13, .box_h = 14, .ofs_x = 1, .ofs_y = -2},
    {.bitmap_index = 2895, .adv_w = 224, .box_w = 12, .box_h = 13, .ofs_x = 1, .ofs_y = -1},
    {.bitmap_index = 2915, .adv_w = 224, .box_w = 12, .box_h = 13, .ofs_x = 1, .ofs_y = -1},
    {.bitmap_index = 2935, .adv_w = 224, .box_w = 12, .box_h = 13, .ofs_x = 1, .ofs_y = -1},
    {.bitmap_index = 2955, .adv_w = 224, .box_w = 13, .box_h = 12, .ofs_x = 0, .ofs_y = -1},
    {.bitmap_index = 2975, .adv_w = 224, .box_w = 13, .box_h = 13, .ofs_x = 0, .ofs_y = -1},
    {.bitmap_index = 2997, .adv_w = 224, .box_w = 12, .box_h = 13, .ofs_x = 1, .ofs_y = -1},
    {.bitmap_index = 3017, .adv_w = 224, .box_w = 11, .box_h = 13, .ofs_x = 1, .ofs_y = -1},
    {.bitmap_index = 3035, .adv_w = 224, .box_w = 13, .box_h = 12, .ofs_x = 0, .ofs_y = -1},
    {.bitmap_index = 3055, .adv_w = 224, .box_w = 13, .box_h = 12, .ofs_x = 1, .ofs_y = -1},
    {.bitmap_index = 3075, .adv_w = 224, .box_w = 11, .box_h = 12, .ofs_x = 2, .ofs_y = -1},
    {.bitmap_index = 3092, .adv_w = 224, .box_w = 12, .box_h = 12, .ofs_x = 1, .ofs_y = -1},
    {.bitmap_index = 3110, .adv_w = 224, .box_w = 13, .box_h = 12, .ofs_x = 1, .ofs_y = -1},
    {.bitmap_index = 3130, .adv_w = 224, .box_w = 13, .box_h = 13, .ofs_x = 1, .ofs_y = -1},
    {.bitmap_index = 3152, .adv_w = 224, .box_w = 12, .box_h = 13, .ofs_x = 1, .ofs_y = -1},
    {.bitmap_index = 3172, .adv_w = 224, .box_w = 13, .box_h = 13, .ofs_x = 0, .ofs_y = -1},
    {.bitmap_index = 3194, .adv_w = 224, .box_w = 12, .box_h = 13, .ofs_x = 1, .ofs_y = -1},
    {.bitmap_index = 3214, .adv_w = 224, .box_w = 14, .box_h = 13, .ofs_x = 0, .ofs_y = -1},
    {.bitmap_index = 3237, .adv_w = 224, .box_w = 13, .box_h = 13, .ofs_x = 0, .ofs_y = -1},
    {.bitmap_index = 3259, .adv_w = 224, .box_w = 13, .box_h = 12, .ofs_x = 1, .ofs_y = -1},
    {.bitmap_index = 3279, .adv_w = 224, .box_w = 13, .box_h = 12, .ofs_x = 0, .ofs_y = -1},
    {.bitmap_index = 3299, .adv_w = 224, .box_w = 13, .box_h = 13, .ofs_x = 0, .ofs_y = -1},
    {.bitmap_index = 3321, .adv_w = 224, .box_w = 12, .box_h = 12, .ofs_x = 1, .ofs_y = -1},
    {.bitmap_index = 3339, .adv_w = 224, .box_w = 11, .box_h = 13, .ofs_x = 2, .ofs_y = -1},
    {.bitmap_index = 3357, .adv_w = 224, .box_w = 12, .box_h = 13, .ofs_x = 1, .ofs_y = -1},
    {.bitmap_index = 3377, .adv_w = 224, .box_w = 12, .box_h = 12, .ofs_x = 1, .ofs_y = -1},
    {.bitmap_index = 3395, .adv_w = 224, .box_w = 12, .box_h = 11, .ofs_x = 0, .ofs_y = -1},
    {.bitmap_index = 3412, .adv_w = 224, .box_w = 13, .box_h = 12, .ofs_x = 0, .ofs_y = -1},
    {.bitmap_index = 3432, .adv_w = 224, .box_w = 13, .box_h = 12, .ofs_x = 0, .ofs_y = -1},
    {.bitmap_index = 3452, .adv_w = 224, .box_w = 12, .box_h = 13, .ofs_x = 1, .ofs_y = -1},
    {.bitmap_index = 3472, .adv_w = 224, .box_w = 12, .box_h = 13, .ofs_x = 0, .ofs_y = -1},
    {.bitmap_index = 3492, .adv_w = 224, .box_w = 12, .box_h = 13, .ofs_x = 1, .ofs_y = -1},
    {.bitmap_index = 3512, .adv_w = 224, .box_w = 13, .box_h = 13, .ofs_x = 0, .ofs_y = -1},
    {.bitmap_index = 3534, .adv_w = 224, .box_w = 13, .box_h = 13, .ofs_x = 0, .ofs_y = -1},
    {.bitmap_index = 3556, .adv_w = 224, .box_w = 12, .box_h = 13, .ofs_x = 0, .ofs_y = -1},
    {.bitmap_index = 3576, .adv_w = 224, .box_w = 12, .box_h = 13, .ofs_x = 1, .ofs_y = -1},
    {.bitmap_index = 3596, .adv_w = 224, .box_w = 12, .box_h = 13, .ofs_x = 1, .ofs_y = -1},
    {.bitmap_index = 3616, .adv_w = 224, .box_w = 12, .box_h = 13, .ofs_x = 1, .ofs_y = -1},
    {.bitmap_index = 3636, .adv_w = 224, .box_w = 12, .box_h = 13, .ofs_x = 1, .ofs_y = -1},
    {.bitmap_index = 3656, .adv_w = 224, .box_w = 12, .box_h = 13, .ofs_x = 1, .ofs_y = -1},
    {.bitmap_index = 3676, .adv_w = 224, .box_w = 12, .box_h = 13, .ofs_x = 0, .ofs_y = -1},
    {.bitmap_index = 3696, .adv_w = 224, .box_w = 12, .box_h = 13, .ofs_x = 1, .ofs_y = -1},
    {.bitmap_index = 3716, .adv_w = 224, .box_w = 12, .box_h = 13, .ofs_x = 1, .ofs_y = -1},
    {.bitmap_index = 3736, .adv_w = 224, .box_w = 12, .box_h = 13, .ofs_x = 1, .ofs_y = -1},
    {.bitmap_index = 3756, .adv_w = 224, .box_w = 12, .box_h = 12, .ofs_x = 1, .ofs_y = -1},
    {.bitmap_index = 3774, .adv_w = 224, .box_w = 12, .box_h = 13, .ofs_x = 1, .ofs_y = -1},
    {.bitmap_index = 3794, .adv_w = 224, .box_w = 12, .box_h = 13, .ofs_x = 1, .ofs_y = -1},
    {.bitmap_index = 3814, .adv_w = 224, .box_w = 13, .box_h = 13, .ofs_x = 0, .ofs_y = -1},
    {.bitmap_index = 3836, .adv_w = 224, .box_w = 12, .box_h = 13, .ofs_x = 1, .ofs_y = -1},
    {.bitmap_index = 3856, .adv_w = 224, .box_w = 12, .box_h = 13, .ofs_x = 1, .ofs_y = -1},
    {.bitmap_index = 3876, .adv_w = 224, .box_w = 12, .box_h = 12, .ofs_x = 1, .ofs_y = -1},
    {.bitmap_index = 3894, .adv_w = 224, .box_w = 12, .box_h = 13, .ofs_x = 1, .ofs_y = -1},
    {.bitmap_index = 3914, .adv_w = 224, .box_w = 13, .box_h = 13, .ofs_x = 1, .ofs_y = -1},
    {.bitmap_index = 3936, .adv_w = 224, .box_w = 13, .box_h = 13, .ofs_x = 0, .ofs_y = -1},
    {.bitmap_index = 3958, .adv_w = 224, .box_w = 12, .box_h = 13, .ofs_x = 1, .ofs_y = -1},
    {.bitmap_index = 3978, .adv_w = 224, .box_w = 12, .box_h = 13, .ofs_x = 1, .ofs_y = -1},
    {.bitmap_index = 3998, .adv_w = 224, .box_w = 12, .box_h = 11, .ofs_x = 1, .ofs_y = 0},
    {.bitmap_index = 4015, .adv_w = 224, .box_w = 12, .box_h = 12, .ofs_x = 1, .ofs_y = -1},
    {.bitmap_index = 4033, .adv_w = 224, .box_w = 12, .box_h = 12, .ofs_x = 1, .ofs_y = -1},
    {.bitmap_index = 4051, .adv_w = 224, .box_w = 13, .box_h = 13, .ofs_x = 0, .ofs_y = -1},
    {.bitmap_index = 4073, .adv_w = 224, .box_w = 13, .box_h = 13, .ofs_x = 0, .ofs_y = -1},
    {.bitmap_index = 4095, .adv_w = 224, .box_w = 13, .box_h = 12, .ofs_x = 1, .ofs_y = -1},
    {.bitmap_index = 4115, .adv_w = 224, .box_w = 11, .box_h = 13, .ofs_x = 2, .ofs_y = -1},
    {.bitmap_index = 4133, .adv_w = 224, .box_w = 13, .box_h = 13, .ofs_x = 0, .ofs_y = -1},
    {.bitmap_index = 4155, .adv_w = 224, .box_w = 12, .box_h = 12, .ofs_x = 1, .ofs_y = -1},
    {.bitmap_index = 4173, .adv_w = 224, .box_w = 13, .box_h = 13, .ofs_x = 1, .ofs_y = -2},
    {.bitmap_index = 4195, .adv_w = 224, .box_w = 13, .box_h = 12, .ofs_x = 1, .ofs_y = -1},
    {.bitmap_index = 4215, .adv_w = 224, .box_w = 12, .box_h = 12, .ofs_x = 1, .ofs_y = -1},
    {.bitmap_index = 4233, .adv_w = 224, .box_w = 13, .box_h = 13, .ofs_x = 1, .ofs_y = -1},
    {.bitmap_index = 4255, .adv_w = 224, .box_w = 13, .box_h = 14, .ofs_x = 0, .ofs_y = -2},
    {.bitmap_index = 4278, .adv_w = 224, .box_w = 13, .box_h = 12, .ofs_x = 1, .ofs_y = -1},
    {.bitmap_index = 4298, .adv_w = 224, .box_w = 13, .box_h = 12, .ofs_x = 0, .ofs_y = -2},
    {.bitmap_index = 4318, .adv_w = 224, .box_w = 13, .box_h = 12, .ofs_x = 1, .ofs_y = -1},
    {.bitmap_index = 4338, .adv_w = 224, .box_w = 12, .box_h = 12, .ofs_x = 1, .ofs_y = -1},
    {.bitmap_index = 4356, .adv_w = 224, .box_w = 13, .box_h = 14, .ofs_x = 0, .ofs_y = -2},
    {.bitmap_index = 4379, .adv_w = 224, .box_w = 13, .box_h = 13, .ofs_x = 0, .ofs_y = -1},
    {.bitmap_index = 4401, .adv_w = 224, .box_w = 13, .box_h = 12, .ofs_x = 0, .ofs_y = -1},
    {.bitmap_index = 4421, .adv_w = 224, .box_w = 12, .box_h = 13, .ofs_x = 1, .ofs_y = -1},
    {.bitmap_index = 4441, .adv_w = 224, .box_w = 12, .box_h = 13, .ofs_x = 1, .ofs_y = -1},
    {.bitmap_index = 4461, .adv_w = 224, .box_w = 12, .box_h = 12, .ofs_x = 1, .ofs_y = -1},
    {.bitmap_index = 4479, .adv_w = 224, .box_w = 10, .box_h = 11, .ofs_x = 2, .ofs_y = -1},
    {.bitmap_index = 4493, .adv_w = 224, .box_w = 13, .box_h = 13, .ofs_x = 1, .ofs_y = -1},
    {.bitmap_index = 4515, .adv_w = 224, .box_w = 13, .box_h = 13, .ofs_x = 0, .ofs_y = -1},
    {.bitmap_index = 4537, .adv_w = 224, .box_w = 11, .box_h = 12, .ofs_x = 1, .ofs_y = -1},
    {.bitmap_index = 4554, .adv_w = 224, .box_w = 13, .box_h = 13, .ofs_x = 0, .ofs_y = -2},
    {.bitmap_index = 4576, .adv_w = 224, .box_w = 11, .box_h = 13, .ofs_x = 1, .ofs_y = -1},
    {.bitmap_index = 4594, .adv_w = 224, .box_w = 12, .box_h = 12, .ofs_x = 1, .ofs_y = -1},
    {.bitmap_index = 4612, .adv_w = 224, .box_w = 11, .box_h = 12, .ofs_x = 2, .ofs_y = -1},
    {.bitmap_index = 4629, .adv_w = 224, .box_w = 12, .box_h = 13, .ofs_x = 1, .ofs_y = -1},
    {.bitmap_index = 4649, .adv_w = 224, .box_w = 12, .box_h = 13, .ofs_x = 1, .ofs_y = -1},
    {.bitmap_index = 4669, .adv_w = 224, .box_w = 12, .box_h = 12, .ofs_x = 1, .ofs_y = -1},
    {.bitmap_index = 4687, .adv_w = 224, .box_w = 12, .box_h = 12, .ofs_x = 1, .ofs_y = -1},
    {.bitmap_index = 4705, .adv_w = 224, .box_w = 13, .box_h = 13, .ofs_x = 1, .ofs_y = -1},
    {.bitmap_index = 4727, .adv_w = 224, .box_w = 12, .box_h = 13, .ofs_x = 1, .ofs_y = -1},
    {.bitmap_index = 4747, .adv_w = 224, .box_w = 13, .box_h = 13, .ofs_x = 1, .ofs_y = -1},
    {.bitmap_index = 4769, .adv_w = 224, .box_w = 11, .box_h = 12, .ofs_x = 2, .ofs_y = -1},
    {.bitmap_index = 4786, .adv_w = 224, .box_w = 12, .box_h = 12, .ofs_x = 1, .ofs_y = -1},
    {.bitmap_index = 4804, .adv_w = 224, .box_w = 11, .box_h = 12, .ofs_x = 1, .ofs_y = -1},
    {.bitmap_index = 4821, .adv_w = 224, .box_w = 13, .box_h = 13, .ofs_x = 0, .ofs_y = -1},
    {.bitmap_index = 4843, .adv_w = 224, .box_w = 11, .box_h = 12, .ofs_x = 1, .ofs_y = -1},
    {.bitmap_index = 4860, .adv_w = 224, .box_w = 12, .box_h = 12, .ofs_x = 1, .ofs_y = -1},
    {.bitmap_index = 4878, .adv_w = 224, .box_w = 12, .box_h = 12, .ofs_x = 1, .ofs_y = -1},
    {.bitmap_index = 4896, .adv_w = 224, .box_w = 13, .box_h = 12, .ofs_x = 1, .ofs_y = -1},
    {.bitmap_index = 4916, .adv_w = 224, .box_w = 13, .box_h = 12, .ofs_x = 1, .ofs_y = -1},
    {.bitmap_index = 4936, .adv_w = 224, .box_w = 12, .box_h = 13, .ofs_x = 0, .ofs_y = -1},
    {.bitmap_index = 4956, .adv_w = 224, .box_w = 13, .box_h = 14, .ofs_x = 1, .ofs_y = -2},
    {.bitmap_index = 4979, .adv_w = 224, .box_w = 13, .box_h = 13, .ofs_x = 1, .ofs_y = -2},
    {.bitmap_index = 5001, .adv_w = 224, .box_w = 13, .box_h = 13, .ofs_x = 1, .ofs_y = -1},
    {.bitmap_index = 5023, .adv_w = 224, .box_w = 13, .box_h = 12, .ofs_x = 1, .ofs_y = -1},
    {.bitmap_index = 5043, .adv_w = 224, .box_w = 12, .box_h = 12, .ofs_x = 1, .ofs_y = -1},
    {.bitmap_index = 5061, .adv_w = 224, .box_w = 12, .box_h = 13, .ofs_x = 1, .ofs_y = -1},
    {.bitmap_index = 5081, .adv_w = 224, .box_w = 13, .box_h = 13, .ofs_x = 1, .ofs_y = -2},
    {.bitmap_index = 5103, .adv_w = 224, .box_w = 12, .box_h = 12, .ofs_x = 1, .ofs_y = -1},
    {.bitmap_index = 5121, .adv_w = 224, .box_w = 12, .box_h = 12, .ofs_x = 1, .ofs_y = -1},
    {.bitmap_index = 5139, .adv_w = 224, .box_w = 12, .box_h = 12, .ofs_x = 0, .ofs_y = -1},
    {.bitmap_index = 5157, .adv_w = 224, .box_w = 13, .box_h = 13, .ofs_x = 1, .ofs_y = -2},
    {.bitmap_index = 5179, .adv_w = 224, .box_w = 12, .box_h = 13, .ofs_x = 1, .ofs_y = -1},
    {.bitmap_index = 5199, .adv_w = 224, .box_w = 13, .box_h = 12, .ofs_x = 1, .ofs_y = -1},
    {.bitmap_index = 5219, .adv_w = 224, .box_w = 13, .box_h = 13, .ofs_x = 1, .ofs_y = -1},
    {.bitmap_index = 5241, .adv_w = 224, .box_w = 12, .box_h = 12, .ofs_x = 1, .ofs_y = -1},
    {.bitmap_index = 5259, .adv_w = 224, .box_w = 13, .box_h = 13, .ofs_x = 1, .ofs_y = -1},
    {.bitmap_index = 5281, .adv_w = 224, .box_w = 12, .box_h = 13, .ofs_x = 1, .ofs_y = -1},
    {.bitmap_index = 5301, .adv_w = 224, .box_w = 13, .box_h = 13, .ofs_x = 1, .ofs_y = -1},
    {.bitmap_index = 5323, .adv_w = 224, .box_w = 13, .box_h = 13, .ofs_x = 1, .ofs_y = -1},
    {.bitmap_index = 5345, .adv_w = 224, .box_w = 13, .box_h = 13, .ofs_x = 1, .ofs_y = -1},
    {.bitmap_index = 5367, .adv_w = 224, .box_w = 13, .box_h = 13, .ofs_x = 1, .ofs_y = -1},
    {.bitmap_index = 5389, .adv_w = 224, .box_w = 12, .box_h = 12, .ofs_x = 1, .ofs_y = -1},
    {.bitmap_index = 5407, .adv_w = 224, .box_w = 12, .box_h = 12, .ofs_x = 1, .ofs_y = -1},
    {.bitmap_index = 5425, .adv_w = 224, .box_w = 13, .box_h = 13, .ofs_x = 1, .ofs_y = -1},
    {.bitmap_index = 5447, .adv_w = 224, .box_w = 12, .box_h = 12, .ofs_x = 1, .ofs_y = -1},
    {.bitmap_index = 5465, .adv_w = 224, .box_w = 13, .box_h = 13, .ofs_x = 1, .ofs_y = -1},
    {.bitmap_index = 5487, .adv_w = 224, .box_w = 13, .box_h = 12, .ofs_x = 1, .ofs_y = -1},
    {.bitmap_index = 5507, .adv_w = 224, .box_w = 12, .box_h = 12, .ofs_x = 1, .ofs_y = -1},
    {.bitmap_index = 5525, .adv_w = 224, .box_w = 13, .box_h = 12, .ofs_x = 0, .ofs_y = -1},
    {.bitmap_index = 5545, .adv_w = 224, .box_w = 12, .box_h = 12, .ofs_x = 1, .ofs_y = -1},
    {.bitmap_index = 5563, .adv_w = 224, .box_w = 12, .box_h = 12, .ofs_x = 1, .ofs_y = -1},
    {.bitmap_index = 5581, .adv_w = 224, .box_w = 12, .box_h = 13, .ofs_x = 1, .ofs_y = -1},
    {.bitmap_index = 5601, .adv_w = 224, .box_w = 12, .box_h = 12, .ofs_x = 1, .ofs_y = -1},
    {.bitmap_index = 5619, .adv_w = 224, .box_w = 13, .box_h = 13, .ofs_x = 1, .ofs_y = -1},
    {.bitmap_index = 5641, .adv_w = 224, .box_w = 12, .box_h = 13, .ofs_x = 1, .ofs_y = -1},
    {.bitmap_index = 5661, .adv_w = 224, .box_w = 13, .box_h = 13, .ofs_x = 1, .ofs_y = -1},
    {.bitmap_index = 5683, .adv_w = 224, .box_w = 12, .box_h = 12, .ofs_x = 1, .ofs_y = -1},
    {.bitmap_index = 5701, .adv_w = 224, .box_w = 13, .box_h = 12, .ofs_x = 1, .ofs_y = -1},
    {.bitmap_index = 5721, .adv_w = 224, .box_w = 13, .box_h = 13, .ofs_x = 0, .ofs_y = -1},
    {.bitmap_index = 5743, .adv_w = 224, .box_w = 13, .box_h = 12, .ofs_x = 1, .ofs_y = -1},
    {.bitmap_index = 5763, .adv_w = 224, .box_w = 13, .box_h = 12, .ofs_x = 1, .ofs_y = -1},
    {.bitmap_index = 5783, .adv_w = 224, .box_w = 13, .box_h = 12, .ofs_x = 1, .ofs_y = -1},
    {.bitmap_index = 5803, .adv_w = 224, .box_w = 12, .box_h = 12, .ofs_x = 1, .ofs_y = -1},
    {.bitmap_index = 5821, .adv_w = 224, .box_w = 13, .box_h = 13, .ofs_x = 1, .ofs_y = -1},
    {.bitmap_index = 5843, .adv_w = 224, .box_w = 13, .box_h = 13, .ofs_x = 1, .ofs_y = -1},
    {.bitmap_index = 5865, .adv_w = 224, .box_w = 13, .box_h = 12, .ofs_x = 1, .ofs_y = -1},
    {.bitmap_index = 5885, .adv_w = 224, .box_w = 12, .box_h = 13, .ofs_x = 1, .ofs_y = -1},
    {.bitmap_index = 5905, .adv_w = 224, .box_w = 13, .box_h = 12, .ofs_x = 0, .ofs_y = -1},
    {.bitmap_index = 5925, .adv_w = 224, .box_w = 13, .box_h = 12, .ofs_x = 1, .ofs_y = -1},
    {.bitmap_index = 5945, .adv_w = 224, .box_w = 12, .box_h = 12, .ofs_x = 1, .ofs_y = -1},
    {.bitmap_index = 5963, .adv_w = 224, .box_w = 12, .box_h = 12, .ofs_x = 1, .ofs_y = -1},
    {.bitmap_index = 5981, .adv_w = 224, .box_w = 12, .box_h = 12, .ofs_x = 1, .ofs_y = -1},
    {.bitmap_index = 5999, .adv_w = 224, .box_w = 12, .box_h = 12, .ofs_x = 1, .ofs_y = -1},
    {.bitmap_index = 6017, .adv_w = 224, .box_w = 12, .box_h = 12, .ofs_x = 1, .ofs_y = -1},
    {.bitmap_index = 6035, .adv_w = 224, .box_w = 12, .box_h = 12, .ofs_x = 1, .ofs_y = -1},
    {.bitmap_index = 6053, .adv_w = 224, .box_w = 12, .box_h = 12, .ofs_x = 1, .ofs_y = -1},
    {.bitmap_index = 6071, .adv_w = 224, .box_w = 12, .box_h = 12, .ofs_x = 1, .ofs_y = -1},
    {.bitmap_index = 6089, .adv_w = 224, .box_w = 13, .box_h = 12, .ofs_x = 0, .ofs_y = 0},
    {.bitmap_index = 6109, .adv_w = 224, .box_w = 12, .box_h = 13, .ofs_x = 1, .ofs_y = -1},
    {.bitmap_index = 6129, .adv_w = 224, .box_w = 13, .box_h = 13, .ofs_x = 1, .ofs_y = -1},
    {.bitmap_index = 6151, .adv_w = 224, .box_w = 13, .box_h = 13, .ofs_x = 1, .ofs_y = -1},
    {.bitmap_index = 6173, .adv_w = 224, .box_w = 13, .box_h = 13, .ofs_x = 0, .ofs_y = -1},
    {.bitmap_index = 6195, .adv_w = 224, .box_w = 12, .box_h = 13, .ofs_x = 1, .ofs_y = -1},
    {.bitmap_index = 6215, .adv_w = 224, .box_w = 13, .box_h = 13, .ofs_x = 1, .ofs_y = -1},
    {.bitmap_index = 6237, .adv_w = 224, .box_w = 13, .box_h = 13, .ofs_x = 0, .ofs_y = -1},
    {.bitmap_index = 6259, .adv_w = 224, .box_w = 13, .box_h = 13, .ofs_x = 1, .ofs_y = -1},
    {.bitmap_index = 6281, .adv_w = 224, .box_w = 13, .box_h = 13, .ofs_x = 0, .ofs_y = -1},
    {.bitmap_index = 6303, .adv_w = 224, .box_w = 12, .box_h = 13, .ofs_x = 1, .ofs_y = -1},
    {.bitmap_index = 6323, .adv_w = 224, .box_w = 13, .box_h = 13, .ofs_x = 0, .ofs_y = -1},
    {.bitmap_index = 6345, .adv_w = 224, .box_w = 13, .box_h = 13, .ofs_x = 0, .ofs_y = -1},
    {.bitmap_index = 6367, .adv_w = 224, .box_w = 13, .box_h = 13, .ofs_x = 1, .ofs_y = -1},
    {.bitmap_index = 6389, .adv_w = 224, .box_w = 13, .box_h = 13, .ofs_x = 0, .ofs_y = -1},
    {.bitmap_index = 6411, .adv_w = 224, .box_w = 12, .box_h = 13, .ofs_x = 1, .ofs_y = -1},
    {.bitmap_index = 6431, .adv_w = 224, .box_w = 13, .box_h = 14, .ofs_x = 1, .ofs_y = -2},
    {.bitmap_index = 6454, .adv_w = 224, .box_w = 13, .box_h = 13, .ofs_x = 1, .ofs_y = -1},
    {.bitmap_index = 6476, .adv_w = 224, .box_w = 13, .box_h = 12, .ofs_x = 0, .ofs_y = 0},
    {.bitmap_index = 6496, .adv_w = 224, .box_w = 13, .box_h = 14, .ofs_x = 0, .ofs_y = -2},
    {.bitmap_index = 6519, .adv_w = 224, .box_w = 12, .box_h = 13, .ofs_x = 1, .ofs_y = -1},
    {.bitmap_index = 6539, .adv_w = 224, .box_w = 13, .box_h = 13, .ofs_x = 1, .ofs_y = -1},
    {.bitmap_index = 6561, .adv_w = 224, .box_w = 13, .box_h = 13, .ofs_x = 0, .ofs_y = -1},
    {.bitmap_index = 6583, .adv_w = 224, .box_w = 14, .box_h = 12, .ofs_x = 0, .ofs_y = -1},
    {.bitmap_index = 6604, .adv_w = 224, .box_w = 13, .box_h = 13, .ofs_x = 1, .ofs_y = -1},
    {.bitmap_index = 6626, .adv_w = 224, .box_w = 12, .box_h = 13, .ofs_x = 1, .ofs_y = -1},
    {.bitmap_index = 6646, .adv_w = 224, .box_w = 13, .box_h = 13, .ofs_x = 0, .ofs_y = -1},
    {.bitmap_index = 6668, .adv_w = 224, .box_w = 13, .box_h = 13, .ofs_x = 0, .ofs_y = -1},
    {.bitmap_index = 6690, .adv_w = 224, .box_w = 12, .box_h = 13, .ofs_x = 1, .ofs_y = -1},
    {.bitmap_index = 6710, .adv_w = 224, .box_w = 12, .box_h = 12, .ofs_x = 1, .ofs_y = -1},
    {.bitmap_index = 6728, .adv_w = 224, .box_w = 12, .box_h = 13, .ofs_x = 1, .ofs_y = -1},
    {.bitmap_index = 6748, .adv_w = 224, .box_w = 12, .box_h = 14, .ofs_x = 1, .ofs_y = -2},
    {.bitmap_index = 6769, .adv_w = 224, .box_w = 12, .box_h = 13, .ofs_x = 1, .ofs_y = -1},
    {.bitmap_index = 6789, .adv_w = 224, .box_w = 12, .box_h = 13, .ofs_x = 1, .ofs_y = -1},
    {.bitmap_index = 6809, .adv_w = 224, .box_w = 13, .box_h = 13, .ofs_x = 1, .ofs_y = -1},
    {.bitmap_index = 6831, .adv_w = 224, .box_w = 13, .box_h = 13, .ofs_x = 0, .ofs_y = -1},
    {.bitmap_index = 6853, .adv_w = 224, .box_w = 12, .box_h = 13, .ofs_x = 1, .ofs_y = -1},
    {.bitmap_index = 6873, .adv_w = 224, .box_w = 12, .box_h = 14, .ofs_x = 1, .ofs_y = -2},
    {.bitmap_index = 6894, .adv_w = 224, .box_w = 12, .box_h = 13, .ofs_x = 1, .ofs_y = -1},
    {.bitmap_index = 6914, .adv_w = 224, .box_w = 12, .box_h = 12, .ofs_x = 1, .ofs_y = -1},
    {.bitmap_index = 6932, .adv_w = 224, .box_w = 12, .box_h = 13, .ofs_x = 0, .ofs_y = -1},
    {.bitmap_index = 6952, .adv_w = 224, .box_w = 13, .box_h = 13, .ofs_x = 0, .ofs_y = -1},
    {.bitmap_index = 6974, .adv_w = 224, .box_w = 13, .box_h = 13, .ofs_x = 0, .ofs_y = -1},
    {.bitmap_index = 6996, .adv_w = 224, .box_w = 13, .box_h = 13, .ofs_x = 0, .ofs_y = -1},
    {.bitmap_index = 7018, .adv_w = 224, .box_w = 13, .box_h = 13, .ofs_x = 0, .ofs_y = -1},
    {.bitmap_index = 7040, .adv_w = 224, .box_w = 13, .box_h = 13, .ofs_x = 1, .ofs_y = -1},
    {.bitmap_index = 7062, .adv_w = 224, .box_w = 13, .box_h = 13, .ofs_x = 0, .ofs_y = -1},
    {.bitmap_index = 7084, .adv_w = 224, .box_w = 13, .box_h = 12, .ofs_x = 1, .ofs_y = -1},
    {.bitmap_index = 7104, .adv_w = 224, .box_w = 12, .box_h = 13, .ofs_x = 1, .ofs_y = -1},
    {.bitmap_index = 7124, .adv_w = 224, .box_w = 12, .box_h = 13, .ofs_x = 1, .ofs_y = -1},
    {.bitmap_index = 7144, .adv_w = 224, .box_w = 13, .box_h = 13, .ofs_x = 1, .ofs_y = -1},
    {.bitmap_index = 7166, .adv_w = 224, .box_w = 12, .box_h = 12, .ofs_x = 1, .ofs_y = -1},
    {.bitmap_index = 7184, .adv_w = 224, .box_w = 12, .box_h = 13, .ofs_x = 1, .ofs_y = -1},
    {.bitmap_index = 7204, .adv_w = 224, .box_w = 12, .box_h = 13, .ofs_x = 1, .ofs_y = -1},
    {.bitmap_index = 7224, .adv_w = 224, .box_w = 12, .box_h = 12, .ofs_x = 1, .ofs_y = -1},
    {.bitmap_index = 7242, .adv_w = 224, .box_w = 12, .box_h = 13, .ofs_x = 1, .ofs_y = -1},
    {.bitmap_index = 7262, .adv_w = 224, .box_w = 12, .box_h = 13, .ofs_x = 1, .ofs_y = -1},
    {.bitmap_index = 7282, .adv_w = 224, .box_w = 12, .box_h = 13, .ofs_x = 1, .ofs_y = -1},
    {.bitmap_index = 7302, .adv_w = 224, .box_w = 12, .box_h = 13, .ofs_x = 1, .ofs_y = -1},
    {.bitmap_index = 7322, .adv_w = 224, .box_w = 12, .box_h = 13, .ofs_x = 1, .ofs_y = -1},
    {.bitmap_index = 7342, .adv_w = 224, .box_w = 14, .box_h = 13, .ofs_x = 0, .ofs_y = -1},
    {.bitmap_index = 7365, .adv_w = 224, .box_w = 12, .box_h = 13, .ofs_x = 1, .ofs_y = -1},
    {.bitmap_index = 7385, .adv_w = 224, .box_w = 12, .box_h = 13, .ofs_x = 1, .ofs_y = -1},
    {.bitmap_index = 7405, .adv_w = 224, .box_w = 13, .box_h = 13, .ofs_x = 0, .ofs_y = -1},
    {.bitmap_index = 7427, .adv_w = 224, .box_w = 12, .box_h = 12, .ofs_x = 1, .ofs_y = -1},
    {.bitmap_index = 7445, .adv_w = 224, .box_w = 13, .box_h = 13, .ofs_x = 1, .ofs_y = -1},
    {.bitmap_index = 7467, .adv_w = 224, .box_w = 12, .box_h = 13, .ofs_x = 1, .ofs_y = -1},
    {.bitmap_index = 7487, .adv_w = 224, .box_w = 13, .box_h = 13, .ofs_x = 0, .ofs_y = -1},
    {.bitmap_index = 7509, .adv_w = 224, .box_w = 13, .box_h = 12, .ofs_x = 0, .ofs_y = -1},
    {.bitmap_index = 7529, .adv_w = 224, .box_w = 12, .box_h = 13, .ofs_x = 1, .ofs_y = -1},
    {.bitmap_index = 7549, .adv_w = 224, .box_w = 13, .box_h = 13, .ofs_x = 1, .ofs_y = -1},
    {.bitmap_index = 7571, .adv_w = 224, .box_w = 13, .box_h = 13, .ofs_x = 0, .ofs_y = -1},
    {.bitmap_index = 7593, .adv_w = 224, .box_w = 13, .box_h = 13, .ofs_x = 1, .ofs_y = -1},
    {.bitmap_index = 7615, .adv_w = 224, .box_w = 12, .box_h = 13, .ofs_x = 1, .ofs_y = -1},
    {.bitmap_index = 7635, .adv_w = 224, .box_w = 13, .box_h = 13, .ofs_x = 1, .ofs_y = -1},
    {.bitmap_index = 7657, .adv_w = 224, .box_w = 13, .box_h = 13, .ofs_x = 0, .ofs_y = -1},
    {.bitmap_index = 7679, .adv_w = 224, .box_w = 13, .box_h = 13, .ofs_x = 1, .ofs_y = -1},
    {.bitmap_index = 7701, .adv_w = 224, .box_w = 13, .box_h = 12, .ofs_x = 0, .ofs_y = 0},
    {.bitmap_index = 7721, .adv_w = 224, .box_w = 13, .box_h = 12, .ofs_x = 1, .ofs_y = -1},
    {.bitmap_index = 7741, .adv_w = 224, .box_w = 12, .box_h = 13, .ofs_x = 1, .ofs_y = -1},
    {.bitmap_index = 7761, .adv_w = 224, .box_w = 11, .box_h = 13, .ofs_x = 2, .ofs_y = -1},
    {.bitmap_index = 7779, .adv_w = 224, .box_w = 12, .box_h = 14, .ofs_x = 1, .ofs_y = -2},
    {.bitmap_index = 7800, .adv_w = 224, .box_w = 13, .box_h = 13, .ofs_x = 1, .ofs_y = -1},
    {.bitmap_index = 7822, .adv_w = 224, .box_w = 13, .box_h = 12, .ofs_x = 0, .ofs_y = -1},
    {.bitmap_index = 7842, .adv_w = 224, .box_w = 14, .box_h = 12, .ofs_x = 1, .ofs_y = -1},
    {.bitmap_index = 7863, .adv_w = 224, .box_w = 13, .box_h = 12, .ofs_x = 1, .ofs_y = -1},
    {.bitmap_index = 7883, .adv_w = 224, .box_w = 13, .box_h = 12, .ofs_x = 0, .ofs_y = -1},
    {.bitmap_index = 7903, .adv_w = 224, .box_w = 12, .box_h = 13, .ofs_x = 1, .ofs_y = -2},
    {.bitmap_index = 7923, .adv_w = 224, .box_w = 12, .box_h = 12, .ofs_x = 1, .ofs_y = -1},
    {.bitmap_index = 7941, .adv_w = 224, .box_w = 11, .box_h = 12, .ofs_x = 1, .ofs_y = -1},
    {.bitmap_index = 7958, .adv_w = 224, .box_w = 12, .box_h = 12, .ofs_x = 1, .ofs_y = -1},
    {.bitmap_index = 7976, .adv_w = 224, .box_w = 13, .box_h = 12, .ofs_x = 1, .ofs_y = -1},
    {.bitmap_index = 7996, .adv_w = 224, .box_w = 12, .box_h = 12, .ofs_x = 1, .ofs_y = -1},
    {.bitmap_index = 8014, .adv_w = 224, .box_w = 13, .box_h = 12, .ofs_x = 1, .ofs_y = -1},
    {.bitmap_index = 8034, .adv_w = 224, .box_w = 12, .box_h = 13, .ofs_x = 1, .ofs_y = -1},
    {.bitmap_index = 8054, .adv_w = 224, .box_w = 12, .box_h = 13, .ofs_x = 1, .ofs_y = -1},
    {.bitmap_index = 8074, .adv_w = 224, .box_w = 13, .box_h = 10, .ofs_x = 0, .ofs_y = 0},
    {.bitmap_index = 8091, .adv_w = 224, .box_w = 13, .box_h = 13, .ofs_x = 0, .ofs_y = -1},
    {.bitmap_index = 8113, .adv_w = 224, .box_w = 12, .box_h = 13, .ofs_x = 1, .ofs_y = -1},
    {.bitmap_index = 8133, .adv_w = 224, .box_w = 11, .box_h = 12, .ofs_x = 2, .ofs_y = -1},
    {.bitmap_index = 8150, .adv_w = 224, .box_w = 12, .box_h = 12, .ofs_x = 1, .ofs_y = -1},
    {.bitmap_index = 8168, .adv_w = 224, .box_w = 12, .box_h = 12, .ofs_x = 2, .ofs_y = -1},
    {.bitmap_index = 8186, .adv_w = 224, .box_w = 11, .box_h = 13, .ofs_x = 2, .ofs_y = -1},
    {.bitmap_index = 8204, .adv_w = 224, .box_w = 12, .box_h = 13, .ofs_x = 1, .ofs_y = -1},
    {.bitmap_index = 8224, .adv_w = 224, .box_w = 12, .box_h = 13, .ofs_x = 1, .ofs_y = -1},
    {.bitmap_index = 8244, .adv_w = 224, .box_w = 13, .box_h = 13, .ofs_x = 1, .ofs_y = -1},
    {.bitmap_index = 8266, .adv_w = 224, .box_w = 12, .box_h = 13, .ofs_x = 1, .ofs_y = -1},
    {.bitmap_index = 8286, .adv_w = 224, .box_w = 12, .box_h = 13, .ofs_x = 1, .ofs_y = -1},
    {.bitmap_index = 8306, .adv_w = 224, .box_w = 12, .box_h = 13, .ofs_x = 1, .ofs_y = -1},
    {.bitmap_index = 8326, .adv_w = 224, .box_w = 12, .box_h = 13, .ofs_x = 1, .ofs_y = -1},
    {.bitmap_index = 8346, .adv_w = 224, .box_w = 13, .box_h = 13, .ofs_x = 0, .ofs_y = -1},
    {.bitmap_index = 8368, .adv_w = 224, .box_w = 13, .box_h = 12, .ofs_x = 0, .ofs_y = -1},
    {.bitmap_index = 8388, .adv_w = 224, .box_w = 13, .box_h = 13, .ofs_x = 0, .ofs_y = -1},
    {.bitmap_index = 8410, .adv_w = 224, .box_w = 13, .box_h = 13, .ofs_x = 0, .ofs_y = -1},
    {.bitmap_index = 8432, .adv_w = 224, .box_w = 13, .box_h = 13, .ofs_x = 1, .ofs_y = -1},
    {.bitmap_index = 8454, .adv_w = 224, .box_w = 12, .box_h = 13, .ofs_x = 1, .ofs_y = -1},
    {.bitmap_index = 8474, .adv_w = 224, .box_w = 11, .box_h = 13, .ofs_x = 1, .ofs_y = -1},
    {.bitmap_index = 8492, .adv_w = 224, .box_w = 12, .box_h = 13, .ofs_x = 1, .ofs_y = -1},
    {.bitmap_index = 8512, .adv_w = 224, .box_w = 13, .box_h = 13, .ofs_x = 1, .ofs_y = -1},
    {.bitmap_index = 8534, .adv_w = 224, .box_w = 13, .box_h = 13, .ofs_x = 1, .ofs_y = -1},
    {.bitmap_index = 8556, .adv_w = 224, .box_w = 13, .box_h = 13, .ofs_x = 1, .ofs_y = -1},
    {.bitmap_index = 8578, .adv_w = 224, .box_w = 13, .box_h = 12, .ofs_x = 1, .ofs_y = -1},
    {.bitmap_index = 8598, .adv_w = 224, .box_w = 13, .box_h = 13, .ofs_x = 1, .ofs_y = -1},
    {.bitmap_index = 8620, .adv_w = 224, .box_w = 13, .box_h = 12, .ofs_x = 1, .ofs_y = -1},
    {.bitmap_index = 8640, .adv_w = 224, .box_w = 13, .box_h = 12, .ofs_x = 1, .ofs_y = -1},
    {.bitmap_index = 8660, .adv_w = 224, .box_w = 14, .box_h = 13, .ofs_x = 1, .ofs_y = -1},
    {.bitmap_index = 8683, .adv_w = 224, .box_w = 13, .box_h = 13, .ofs_x = 0, .ofs_y = -1},
    {.bitmap_index = 8705, .adv_w = 224, .box_w = 12, .box_h = 13, .ofs_x = 1, .ofs_y = -1},
    {.bitmap_index = 8725, .adv_w = 224, .box_w = 13, .box_h = 12, .ofs_x = 0, .ofs_y = -1},
    {.bitmap_index = 8745, .adv_w = 224, .box_w = 13, .box_h = 12, .ofs_x = 0, .ofs_y = -1},
    {.bitmap_index = 8765, .adv_w = 224, .box_w = 12, .box_h = 13, .ofs_x = 1, .ofs_y = -1},
    {.bitmap_index = 8785, .adv_w = 224, .box_w = 10, .box_h = 13, .ofs_x = 2, .ofs_y = -1},
    {.bitmap_index = 8802, .adv_w = 224, .box_w = 13, .box_h = 13, .ofs_x = 1, .ofs_y = -1},
    {.bitmap_index = 8824, .adv_w = 224, .box_w = 13, .box_h = 13, .ofs_x = 1, .ofs_y = -1},
    {.bitmap_index = 8846, .adv_w = 224, .box_w = 12, .box_h = 13, .ofs_x = 1, .ofs_y = -1},
    {.bitmap_index = 8866, .adv_w = 224, .box_w = 12, .box_h = 12, .ofs_x = 0, .ofs_y = -1},
    {.bitmap_index = 8884, .adv_w = 224, .box_w = 12, .box_h = 12, .ofs_x = 1, .ofs_y = -1},
    {.bitmap_index = 8902, .adv_w = 224, .box_w = 11, .box_h = 13, .ofs_x = 1, .ofs_y = -1},
    {.bitmap_index = 8920, .adv_w = 224, .box_w = 10, .box_h = 13, .ofs_x = 2, .ofs_y = -1},
    {.bitmap_index = 8937, .adv_w = 224, .box_w = 12, .box_h = 12, .ofs_x = 1, .ofs_y = -1},
    {.bitmap_index = 8955, .adv_w = 224, .box_w = 13, .box_h = 13, .ofs_x = 0, .ofs_y = -1},
    {.bitmap_index = 8977, .adv_w = 224, .box_w = 13, .box_h = 13, .ofs_x = 1, .ofs_y = -1},
    {.bitmap_index = 8999, .adv_w = 224, .box_w = 12, .box_h = 12, .ofs_x = 1, .ofs_y = -1},
    {.bitmap_index = 9017, .adv_w = 224, .box_w = 13, .box_h = 13, .ofs_x = 1, .ofs_y = -1},
    {.bitmap_index = 9039, .adv_w = 224, .box_w = 13, .box_h = 13, .ofs_x = 1, .ofs_y = -1},
    {.bitmap_index = 9061, .adv_w = 224, .box_w = 13, .box_h = 13, .ofs_x = 1, .ofs_y = -1},
    {.bitmap_index = 9083, .adv_w = 224, .box_w = 13, .box_h = 12, .ofs_x = 1, .ofs_y = -1},
    {.bitmap_index = 9103, .adv_w = 224, .box_w = 14, .box_h = 13, .ofs_x = 0, .ofs_y = -1},
    {.bitmap_index = 9126, .adv_w = 224, .box_w = 14, .box_h = 13, .ofs_x = 0, .ofs_y = -1},
    {.bitmap_index = 9149, .adv_w = 224, .box_w = 13, .box_h = 12, .ofs_x = 1, .ofs_y = -1},
    {.bitmap_index = 9169, .adv_w = 224, .box_w = 14, .box_h = 13, .ofs_x = 0, .ofs_y = -1},
    {.bitmap_index = 9192, .adv_w = 224, .box_w = 13, .box_h = 13, .ofs_x = 1, .ofs_y = -1},
    {.bitmap_index = 9214, .adv_w = 224, .box_w = 12, .box_h = 13, .ofs_x = 1, .ofs_y = -1},
    {.bitmap_index = 9234, .adv_w = 224, .box_w = 12, .box_h = 13, .ofs_x = 1, .ofs_y = -1},
    {.bitmap_index = 9254, .adv_w = 224, .box_w = 13, .box_h = 13, .ofs_x = 0, .ofs_y = -1},
    {.bitmap_index = 9276, .adv_w = 224, .box_w = 13, .box_h = 13, .ofs_x = 1, .ofs_y = -1},
    {.bitmap_index = 9298, .adv_w = 224, .box_w = 13, .box_h = 13, .ofs_x = 1, .ofs_y = -1},
    {.bitmap_index = 9320, .adv_w = 224, .box_w = 12, .box_h = 13, .ofs_x = 1, .ofs_y = -1},
    {.bitmap_index = 9340, .adv_w = 224, .box_w = 12, .box_h = 13, .ofs_x = 1, .ofs_y = -1},
    {.bitmap_index = 9360, .adv_w = 224, .box_w = 12, .box_h = 13, .ofs_x = 1, .ofs_y = -1},
    {.bitmap_index = 9380, .adv_w = 224, .box_w = 13, .box_h = 13, .ofs_x = 1, .ofs_y = -1},
    {.bitmap_index = 9402, .adv_w = 224, .box_w = 13, .box_h = 13, .ofs_x = 0, .ofs_y = -1},
    {.bitmap_index = 9424, .adv_w = 224, .box_w = 13, .box_h = 13, .ofs_x = 1, .ofs_y = -1},
    {.bitmap_index = 9446, .adv_w = 224, .box_w = 13, .box_h = 13, .ofs_x = 0, .ofs_y = -1},
    {.bitmap_index = 9468, .adv_w = 224, .box_w = 13, .box_h = 13, .ofs_x = 1, .ofs_y = -1},
    {.bitmap_index = 9490, .adv_w = 224, .box_w = 12, .box_h = 12, .ofs_x = 1, .ofs_y = -1},
    {.bitmap_index = 9508, .adv_w = 224, .box_w = 12, .box_h = 13, .ofs_x = 1, .ofs_y = -1},
    {.bitmap_index = 9528, .adv_w = 224, .box_w = 13, .box_h = 13, .ofs_x = 0, .ofs_y = -1},
    {.bitmap_index = 9550, .adv_w = 224, .box_w = 13, .box_h = 13, .ofs_x = 0, .ofs_y = -1},
    {.bitmap_index = 9572, .adv_w = 224, .box_w = 13, .box_h = 13, .ofs_x = 0, .ofs_y = -1},
    {.bitmap_index = 9594, .adv_w = 224, .box_w = 13, .box_h = 13, .ofs_x = 1, .ofs_y = -1},
    {.bitmap_index = 9616, .adv_w = 224, .box_w = 12, .box_h = 13, .ofs_x = 1, .ofs_y = -1},
    {.bitmap_index = 9636, .adv_w = 224, .box_w = 14, .box_h = 13, .ofs_x = 0, .ofs_y = -1},
    {.bitmap_index = 9659, .adv_w = 224, .box_w = 12, .box_h = 13, .ofs_x = 1, .ofs_y = -1},
    {.bitmap_index = 9679, .adv_w = 224, .box_w = 13, .box_h = 13, .ofs_x = 1, .ofs_y = -1},
    {.bitmap_index = 9701, .adv_w = 224, .box_w = 13, .box_h = 12, .ofs_x = 1, .ofs_y = -1},
    {.bitmap_index = 9721, .adv_w = 224, .box_w = 13, .box_h = 13, .ofs_x = 0, .ofs_y = -1},
    {.bitmap_index = 9743, .adv_w = 224, .box_w = 13, .box_h = 13, .ofs_x = 0, .ofs_y = -1},
    {.bitmap_index = 9765, .adv_w = 224, .box_w = 14, .box_h = 13, .ofs_x = 0, .ofs_y = -1},
    {.bitmap_index = 9788, .adv_w = 224, .box_w = 14, .box_h = 13, .ofs_x = 0, .ofs_y = -1},
    {.bitmap_index = 9811, .adv_w = 224, .box_w = 13, .box_h = 13, .ofs_x = 1, .ofs_y = -1},
    {.bitmap_index = 9833, .adv_w = 224, .box_w = 13, .box_h = 13, .ofs_x = 1, .ofs_y = -1},
    {.bitmap_index = 9855, .adv_w = 224, .box_w = 12, .box_h = 13, .ofs_x = 1, .ofs_y = -1},
    {.bitmap_index = 9875, .adv_w = 224, .box_w = 12, .box_h = 13, .ofs_x = 1, .ofs_y = -1},
    {.bitmap_index = 9895, .adv_w = 224, .box_w = 13, .box_h = 13, .ofs_x = 1, .ofs_y = -1},
    {.bitmap_index = 9917, .adv_w = 224, .box_w = 12, .box_h = 13, .ofs_x = 1, .ofs_y = -1},
    {.bitmap_index = 9937, .adv_w = 224, .box_w = 11, .box_h = 13, .ofs_x = 0, .ofs_y = -1},
    {.bitmap_index = 9955, .adv_w = 224, .box_w = 13, .box_h = 13, .ofs_x = 0, .ofs_y = -1},
    {.bitmap_index = 9977, .adv_w = 224, .box_w = 12, .box_h = 12, .ofs_x = 0, .ofs_y = -1},
    {.bitmap_index = 9995, .adv_w = 224, .box_w = 13, .box_h = 13, .ofs_x = 1, .ofs_y = -1},
    {.bitmap_index = 10017, .adv_w = 224, .box_w = 12, .box_h = 13, .ofs_x = 1, .ofs_y = -1},
    {.bitmap_index = 10037, .adv_w = 224, .box_w = 13, .box_h = 13, .ofs_x = 1, .ofs_y = -1},
    {.bitmap_index = 10059, .adv_w = 224, .box_w = 13, .box_h = 13, .ofs_x = 1, .ofs_y = -1},
    {.bitmap_index = 10081, .adv_w = 224, .box_w = 12, .box_h = 13, .ofs_x = 1, .ofs_y = -1},
    {.bitmap_index = 10101, .adv_w = 224, .box_w = 13, .box_h = 13, .ofs_x = 1, .ofs_y = -1},
    {.bitmap_index = 10123, .adv_w = 224, .box_w = 12, .box_h = 13, .ofs_x = 1, .ofs_y = -1},
    {.bitmap_index = 10143, .adv_w = 224, .box_w = 12, .box_h = 13, .ofs_x = 1, .ofs_y = -1},
    {.bitmap_index = 10163, .adv_w = 224, .box_w = 13, .box_h = 13, .ofs_x = 0, .ofs_y = -1},
    {.bitmap_index = 10185, .adv_w = 224, .box_w = 13, .box_h = 13, .ofs_x = 1, .ofs_y = -1},
    {.bitmap_index = 10207, .adv_w = 224, .box_w = 13, .box_h = 13, .ofs_x = 1, .ofs_y = -1},
    {.bitmap_index = 10229, .adv_w = 224, .box_w = 13, .box_h = 13, .ofs_x = 1, .ofs_y = -1},
    {.bitmap_index = 10251, .adv_w = 224, .box_w = 13, .box_h = 13, .ofs_x = 1, .ofs_y = -1},
    {.bitmap_index = 10273, .adv_w = 224, .box_w = 13, .box_h = 13, .ofs_x = 0, .ofs_y = -1},
    {.bitmap_index = 10295, .adv_w = 224, .box_w = 13, .box_h = 13, .ofs_x = 0, .ofs_y = -1},
    {.bitmap_index = 10317, .adv_w = 224, .box_w = 13, .box_h = 13, .ofs_x = 0, .ofs_y = -1},
    {.bitmap_index = 10339, .adv_w = 224, .box_w = 13, .box_h = 13, .ofs_x = 1, .ofs_y = -1},
    {.bitmap_index = 10361, .adv_w = 224, .box_w = 12, .box_h = 13, .ofs_x = 1, .ofs_y = -1},
    {.bitmap_index = 10381, .adv_w = 224, .box_w = 13, .box_h = 13, .ofs_x = 1, .ofs_y = -1},
    {.bitmap_index = 10403, .adv_w = 224, .box_w = 13, .box_h = 13, .ofs_x = 1, .ofs_y = -1},
    {.bitmap_index = 10425, .adv_w = 224, .box_w = 12, .box_h = 13, .ofs_x = 1, .ofs_y = -1},
    {.bitmap_index = 10445, .adv_w = 224, .box_w = 12, .box_h = 13, .ofs_x = 1, .ofs_y = -1},
    {.bitmap_index = 10465, .adv_w = 224, .box_w = 13, .box_h = 13, .ofs_x = 1, .ofs_y = -1},
    {.bitmap_index = 10487, .adv_w = 224, .box_w = 13, .box_h = 13, .ofs_x = 0, .ofs_y = -1},
    {.bitmap_index = 10509, .adv_w = 224, .box_w = 12, .box_h = 13, .ofs_x = 1, .ofs_y = -1},
    {.bitmap_index = 10529, .adv_w = 224, .box_w = 13, .box_h = 13, .ofs_x = 1, .ofs_y = -1},
    {.bitmap_index = 10551, .adv_w = 224, .box_w = 13, .box_h = 13, .ofs_x = 1, .ofs_y = -1},
    {.bitmap_index = 10573, .adv_w = 224, .box_w = 12, .box_h = 13, .ofs_x = 1, .ofs_y = -1},
    {.bitmap_index = 10593, .adv_w = 224, .box_w = 13, .box_h = 13, .ofs_x = 1, .ofs_y = -1},
    {.bitmap_index = 10615, .adv_w = 224, .box_w = 12, .box_h = 13, .ofs_x = 1, .ofs_y = -1},
    {.bitmap_index = 10635, .adv_w = 224, .box_w = 13, .box_h = 13, .ofs_x = 1, .ofs_y = -1},
    {.bitmap_index = 10657, .adv_w = 224, .box_w = 12, .box_h = 13, .ofs_x = 1, .ofs_y = -1},
    {.bitmap_index = 10677, .adv_w = 224, .box_w = 13, .box_h = 13, .ofs_x = 1, .ofs_y = -1},
    {.bitmap_index = 10699, .adv_w = 224, .box_w = 13, .box_h = 13, .ofs_x = 1, .ofs_y = -1},
    {.bitmap_index = 10721, .adv_w = 224, .box_w = 12, .box_h = 13, .ofs_x = 1, .ofs_y = -1},
    {.bitmap_index = 10741, .adv_w = 224, .box_w = 13, .box_h = 13, .ofs_x = 1, .ofs_y = -1},
    {.bitmap_index = 10763, .adv_w = 224, .box_w = 13, .box_h = 13, .ofs_x = 1, .ofs_y = -1},
    {.bitmap_index = 10785, .adv_w = 224, .box_w = 12, .box_h = 13, .ofs_x = 1, .ofs_y = -1},
    {.bitmap_index = 10805, .adv_w = 224, .box_w = 12, .box_h = 13, .ofs_x = 1, .ofs_y = -1},
    {.bitmap_index = 10825, .adv_w = 224, .box_w = 13, .box_h = 13, .ofs_x = 0, .ofs_y = -1},
    {.bitmap_index = 10847, .adv_w = 224, .box_w = 13, .box_h = 13, .ofs_x = 1, .ofs_y = -1},
    {.bitmap_index = 10869, .adv_w = 224, .box_w = 13, .box_h = 13, .ofs_x = 1, .ofs_y = -1},
    {.bitmap_index = 10891, .adv_w = 224, .box_w = 13, .box_h = 13, .ofs_x = 1, .ofs_y = -1},
    {.bitmap_index = 10913, .adv_w = 224, .box_w = 13, .box_h = 13, .ofs_x = 0, .ofs_y = -1},
    {.bitmap_index = 10935, .adv_w = 224, .box_w = 13, .box_h = 13, .ofs_x = 0, .ofs_y = -1},
    {.bitmap_index = 10957, .adv_w = 224, .box_w = 13, .box_h = 13, .ofs_x = 1, .ofs_y = -1},
    {.bitmap_index = 10979, .adv_w = 224, .box_w = 13, .box_h = 13, .ofs_x = 1, .ofs_y = -1},
    {.bitmap_index = 11001, .adv_w = 224, .box_w = 13, .box_h = 13, .ofs_x = 1, .ofs_y = -1},
    {.bitmap_index = 11023, .adv_w = 224, .box_w = 13, .box_h = 13, .ofs_x = 1, .ofs_y = -1},
    {.bitmap_index = 11045, .adv_w = 224, .box_w = 12, .box_h = 13, .ofs_x = 1, .ofs_y = -1},
    {.bitmap_index = 11065, .adv_w = 224, .box_w = 14, .box_h = 13, .ofs_x = 0, .ofs_y = -1},
    {.bitmap_index = 11088, .adv_w = 224, .box_w = 13, .box_h = 13, .ofs_x = 0, .ofs_y = -1},
    {.bitmap_index = 11110, .adv_w = 224, .box_w = 14, .box_h = 13, .ofs_x = 0, .ofs_y = -1},
    {.bitmap_index = 11133, .adv_w = 224, .box_w = 13, .box_h = 13, .ofs_x = 1, .ofs_y = -1},
    {.bitmap_index = 11155, .adv_w = 224, .box_w = 13, .box_h = 13, .ofs_x = 1, .ofs_y = -1},
    {.bitmap_index = 11177, .adv_w = 224, .box_w = 13, .box_h = 13, .ofs_x = 1, .ofs_y = -1},
    {.bitmap_index = 11199, .adv_w = 224, .box_w = 13, .box_h = 13, .ofs_x = 1, .ofs_y = -1},
    {.bitmap_index = 11221, .adv_w = 224, .box_w = 12, .box_h = 13, .ofs_x = 1, .ofs_y = -1},
    {.bitmap_index = 11241, .adv_w = 224, .box_w = 13, .box_h = 13, .ofs_x = 1, .ofs_y = -1},
    {.bitmap_index = 11263, .adv_w = 224, .box_w = 13, .box_h = 13, .ofs_x = 1, .ofs_y = -1},
    {.bitmap_index = 11285, .adv_w = 224, .box_w = 12, .box_h = 13, .ofs_x = 1, .ofs_y = -1},
    {.bitmap_index = 11305, .adv_w = 224, .box_w = 12, .box_h = 13, .ofs_x = 1, .ofs_y = -1},
    {.bitmap_index = 11325, .adv_w = 224, .box_w = 13, .box_h = 12, .ofs_x = 1, .ofs_y = -1},
    {.bitmap_index = 11345, .adv_w = 224, .box_w = 9, .box_h = 12, .ofs_x = 3, .ofs_y = -1},
    {.bitmap_index = 11359, .adv_w = 224, .box_w = 11, .box_h = 12, .ofs_x = 2, .ofs_y = -1},
    {.bitmap_index = 11376, .adv_w = 224, .box_w = 12, .box_h = 13, .ofs_x = 1, .ofs_y = -1},
    {.bitmap_index = 11396, .adv_w = 224, .box_w = 12, .box_h = 12, .ofs_x = 1, .ofs_y = -1},
    {.bitmap_index = 11414, .adv_w = 224, .box_w = 12, .box_h = 12, .ofs_x = 1, .ofs_y = -1},
    {.bitmap_index = 11432, .adv_w = 224, .box_w = 13, .box_h = 13, .ofs_x = 1, .ofs_y = -1},
    {.bitmap_index = 11454, .adv_w = 224, .box_w = 12, .box_h = 13, .ofs_x = 1, .ofs_y = -1},
    {.bitmap_index = 11474, .adv_w = 224, .box_w = 12, .box_h = 12, .ofs_x = 1, .ofs_y = -1},
    {.bitmap_index = 11492, .adv_w = 224, .box_w = 13, .box_h = 11, .ofs_x = 0, .ofs_y = 0},
    {.bitmap_index = 11510, .adv_w = 224, .box_w = 13, .box_h = 12, .ofs_x = 1, .ofs_y = -1},
    {.bitmap_index = 11530, .adv_w = 224, .box_w = 13, .box_h = 13, .ofs_x = 1, .ofs_y = -1},
    {.bitmap_index = 11552, .adv_w = 224, .box_w = 13, .box_h = 13, .ofs_x = 0, .ofs_y = -1},
    {.bitmap_index = 11574, .adv_w = 224, .box_w = 12, .box_h = 12, .ofs_x = 1, .ofs_y = -1},
    {.bitmap_index = 11592, .adv_w = 224, .box_w = 13, .box_h = 13, .ofs_x = 1, .ofs_y = -1},
    {.bitmap_index = 11614, .adv_w = 224, .box_w = 12, .box_h = 13, .ofs_x = 1, .ofs_y = -1},
    {.bitmap_index = 11634, .adv_w = 224, .box_w = 13, .box_h = 13, .ofs_x = 1, .ofs_y = -1},
    {.bitmap_index = 11656, .adv_w = 224, .box_w = 12, .box_h = 12, .ofs_x = 1, .ofs_y = -1},
    {.bitmap_index = 11674, .adv_w = 224, .box_w = 13, .box_h = 13, .ofs_x = 1, .ofs_y = -1},
    {.bitmap_index = 11696, .adv_w = 224, .box_w = 13, .box_h = 12, .ofs_x = 0, .ofs_y = -1},
    {.bitmap_index = 11716, .adv_w = 224, .box_w = 12, .box_h = 12, .ofs_x = 0, .ofs_y = -1},
    {.bitmap_index = 11734, .adv_w = 224, .box_w = 12, .box_h = 13, .ofs_x = 1, .ofs_y = -1},
    {.bitmap_index = 11754, .adv_w = 224, .box_w = 13, .box_h = 12, .ofs_x = 0, .ofs_y = -1},
    {.bitmap_index = 11774, .adv_w = 224, .box_w = 13, .box_h = 12, .ofs_x = 1, .ofs_y = -1},
    {.bitmap_index = 11794, .adv_w = 224, .box_w = 13, .box_h = 13, .ofs_x = 0, .ofs_y = -1},
    {.bitmap_index = 11816, .adv_w = 224, .box_w = 13, .box_h = 13, .ofs_x = 0, .ofs_y = -1},
    {.bitmap_index = 11838, .adv_w = 224, .box_w = 12, .box_h = 13, .ofs_x = 1, .ofs_y = -1},
    {.bitmap_index = 11858, .adv_w = 224, .box_w = 12, .box_h = 13, .ofs_x = 1, .ofs_y = -1},
    {.bitmap_index = 11878, .adv_w = 224, .box_w = 12, .box_h = 12, .ofs_x = 1, .ofs_y = -1},
    {.bitmap_index = 11896, .adv_w = 224, .box_w = 13, .box_h = 13, .ofs_x = 1, .ofs_y = -1},
    {.bitmap_index = 11918, .adv_w = 224, .box_w = 12, .box_h = 13, .ofs_x = 1, .ofs_y = -1},
    {.bitmap_index = 11938, .adv_w = 224, .box_w = 13, .box_h = 13, .ofs_x = 1, .ofs_y = -1},
    {.bitmap_index = 11960, .adv_w = 224, .box_w = 12, .box_h = 13, .ofs_x = 1, .ofs_y = -1},
    {.bitmap_index = 11980, .adv_w = 224, .box_w = 13, .box_h = 13, .ofs_x = 1, .ofs_y = -1},
    {.bitmap_index = 12002, .adv_w = 224, .box_w = 14, .box_h = 13, .ofs_x = 0, .ofs_y = -1},
    {.bitmap_index = 12025, .adv_w = 224, .box_w = 12, .box_h = 13, .ofs_x = 1, .ofs_y = -1},
    {.bitmap_index = 12045, .adv_w = 224, .box_w = 13, .box_h = 13, .ofs_x = 1, .ofs_y = -1},
    {.bitmap_index = 12067, .adv_w = 224, .box_w = 13, .box_h = 13, .ofs_x = 1, .ofs_y = -1},
    {.bitmap_index = 12089, .adv_w = 224, .box_w = 13, .box_h = 13, .ofs_x = 1, .ofs_y = -1},
    {.bitmap_index = 12111, .adv_w = 224, .box_w = 13, .box_h = 13, .ofs_x = 1, .ofs_y = -1},
    {.bitmap_index = 12133, .adv_w = 224, .box_w = 12, .box_h = 13, .ofs_x = 1, .ofs_y = -1},
    {.bitmap_index = 12153, .adv_w = 224, .box_w = 13, .box_h = 13, .ofs_x = 1, .ofs_y = -1},
    {.bitmap_index = 12175, .adv_w = 224, .box_w = 13, .box_h = 13, .ofs_x = 1, .ofs_y = -1},
    {.bitmap_index = 12197, .adv_w = 224, .box_w = 12, .box_h = 12, .ofs_x = 1, .ofs_y = -1},
    {.bitmap_index = 12215, .adv_w = 224, .box_w = 12, .box_h = 13, .ofs_x = 1, .ofs_y = -1},
    {.bitmap_index = 12235, .adv_w = 224, .box_w = 12, .box_h = 12, .ofs_x = 1, .ofs_y = -1},
    {.bitmap_index = 12253, .adv_w = 224, .box_w = 12, .box_h = 13, .ofs_x = 1, .ofs_y = -1},
    {.bitmap_index = 12273, .adv_w = 224, .box_w = 12, .box_h = 13, .ofs_x = 1, .ofs_y = -1},
    {.bitmap_index = 12293, .adv_w = 224, .box_w = 12, .box_h = 13, .ofs_x = 1, .ofs_y = -1},
    {.bitmap_index = 12313, .adv_w = 224, .box_w = 13, .box_h = 13, .ofs_x = 1, .ofs_y = -1},
    {.bitmap_index = 12335, .adv_w = 224, .box_w = 13, .box_h = 13, .ofs_x = 1, .ofs_y = -1},
    {.bitmap_index = 12357, .adv_w = 224, .box_w = 12, .box_h = 13, .ofs_x = 1, .ofs_y = -1},
    {.bitmap_index = 12377, .adv_w = 224, .box_w = 12, .box_h = 13, .ofs_x = 1, .ofs_y = -1},
    {.bitmap_index = 12397, .adv_w = 224, .box_w = 13, .box_h = 13, .ofs_x = 1, .ofs_y = -1},
    {.bitmap_index = 12419, .adv_w = 224, .box_w = 13, .box_h = 13, .ofs_x = 1, .ofs_y = -1},
    {.bitmap_index = 12441, .adv_w = 224, .box_w = 13, .box_h = 13, .ofs_x = 1, .ofs_y = -1},
    {.bitmap_index = 12463, .adv_w = 224, .box_w = 13, .box_h = 13, .ofs_x = 0, .ofs_y = -1},
    {.bitmap_index = 12485, .adv_w = 224, .box_w = 13, .box_h = 13, .ofs_x = 0, .ofs_y = -1},
    {.bitmap_index = 12507, .adv_w = 224, .box_w = 12, .box_h = 13, .ofs_x = 1, .ofs_y = -1},
    {.bitmap_index = 12527, .adv_w = 224, .box_w = 13, .box_h = 13, .ofs_x = 1, .ofs_y = -1},
    {.bitmap_index = 12549, .adv_w = 224, .box_w = 13, .box_h = 13, .ofs_x = 1, .ofs_y = -1},
    {.bitmap_index = 12571, .adv_w = 224, .box_w = 12, .box_h = 13, .ofs_x = 1, .ofs_y = -1},
    {.bitmap_index = 12591, .adv_w = 224, .box_w = 13, .box_h = 13, .ofs_x = 1, .ofs_y = -1},
    {.bitmap_index = 12613, .adv_w = 224, .box_w = 12, .box_h = 13, .ofs_x = 1, .ofs_y = -1},
    {.bitmap_index = 12633, .adv_w = 224, .box_w = 13, .box_h = 13, .ofs_x = 1, .ofs_y = -1},
    {.bitmap_index = 12655, .adv_w = 224, .box_w = 12, .box_h = 13, .ofs_x = 1, .ofs_y = -1},
    {.bitmap_index = 12675, .adv_w = 224, .box_w = 13, .box_h = 13, .ofs_x = 1, .ofs_y = -1},
    {.bitmap_index = 12697, .adv_w = 224, .box_w = 13, .box_h = 13, .ofs_x = 1, .ofs_y = -1},
    {.bitmap_index = 12719, .adv_w = 224, .box_w = 13, .box_h = 13, .ofs_x = 1, .ofs_y = -1},
    {.bitmap_index = 12741, .adv_w = 224, .box_w = 12, .box_h = 13, .ofs_x = 1, .ofs_y = -2},
    {.bitmap_index = 12761, .adv_w = 224, .box_w = 14, .box_h = 13, .ofs_x = 0, .ofs_y = -1},
    {.bitmap_index = 12784, .adv_w = 224, .box_w = 13, .box_h = 13, .ofs_x = 1, .ofs_y = -1},
    {.bitmap_index = 12806, .adv_w = 224, .box_w = 13, .box_h = 13, .ofs_x = 1, .ofs_y = -1},
    {.bitmap_index = 12828, .adv_w = 224, .box_w = 13, .box_h = 13, .ofs_x = 1, .ofs_y = -1},
    {.bitmap_index = 12850, .adv_w = 224, .box_w = 13, .box_h = 11, .ofs_x = 0, .ofs_y = 0},
    {.bitmap_index = 12868, .adv_w = 224, .box_w = 13, .box_h = 13, .ofs_x = 1, .ofs_y = -1},
    {.bitmap_index = 12890, .adv_w = 224, .box_w = 12, .box_h = 14, .ofs_x = 1, .ofs_y = -2},
    {.bitmap_index = 12911, .adv_w = 224, .box_w = 12, .box_h = 12, .ofs_x = 1, .ofs_y = -1},
    {.bitmap_index = 12929, .adv_w = 224, .box_w = 13, .box_h = 13, .ofs_x = 1, .ofs_y = -1},
    {.bitmap_index = 12951, .adv_w = 224, .box_w = 13, .box_h = 13, .ofs_x = 1, .ofs_y = -1},
    {.bitmap_index = 12973, .adv_w = 224, .box_w = 13, .box_h = 13, .ofs_x = 0, .ofs_y = -1},
    {.bitmap_index = 12995, .adv_w = 224, .box_w = 13, .box_h = 13, .ofs_x = 0, .ofs_y = -1},
    {.bitmap_index = 13017, .adv_w = 224, .box_w = 12, .box_h = 13, .ofs_x = 1, .ofs_y = -1},
    {.bitmap_index = 13037, .adv_w = 224, .box_w = 13, .box_h = 13, .ofs_x = 1, .ofs_y = -1},
    {.bitmap_index = 13059, .adv_w = 224, .box_w = 12, .box_h = 13, .ofs_x = 1, .ofs_y = -1},
    {.bitmap_index = 13079, .adv_w = 224, .box_w = 13, .box_h = 13, .ofs_x = 0, .ofs_y = -1},
    {.bitmap_index = 13101, .adv_w = 224, .box_w = 13, .box_h = 13, .ofs_x = 1, .ofs_y = -1},
    {.bitmap_index = 13123, .adv_w = 224, .box_w = 13, .box_h = 13, .ofs_x = 1, .ofs_y = -1},
    {.bitmap_index = 13145, .adv_w = 224, .box_w = 13, .box_h = 13, .ofs_x = 0, .ofs_y = -1},
    {.bitmap_index = 13167, .adv_w = 224, .box_w = 13, .box_h = 13, .ofs_x = 1, .ofs_y = -1},
    {.bitmap_index = 13189, .adv_w = 224, .box_w = 12, .box_h = 13, .ofs_x = 1, .ofs_y = -1},
    {.bitmap_index = 13209, .adv_w = 224, .box_w = 13, .box_h = 12, .ofs_x = 0, .ofs_y = 0},
    {.bitmap_index = 13229, .adv_w = 224, .box_w = 14, .box_h = 12, .ofs_x = 0, .ofs_y = -1},
    {.bitmap_index = 13250, .adv_w = 224, .box_w = 13, .box_h = 13, .ofs_x = 0, .ofs_y = -1},
    {.bitmap_index = 13272, .adv_w = 224, .box_w = 12, .box_h = 13, .ofs_x = 0, .ofs_y = -1},
    {.bitmap_index = 13292, .adv_w = 224, .box_w = 13, .box_h = 13, .ofs_x = 0, .ofs_y = -1},
    {.bitmap_index = 13314, .adv_w = 224, .box_w = 12, .box_h = 13, .ofs_x = 1, .ofs_y = -1},
    {.bitmap_index = 13334, .adv_w = 224, .box_w = 13, .box_h = 13, .ofs_x = 0, .ofs_y = -1},
    {.bitmap_index = 13356, .adv_w = 224, .box_w = 12, .box_h = 14, .ofs_x = 1, .ofs_y = -2},
    {.bitmap_index = 13377, .adv_w = 224, .box_w = 13, .box_h = 13, .ofs_x = 0, .ofs_y = -1},
    {.bitmap_index = 13399, .adv_w = 224, .box_w = 12, .box_h = 13, .ofs_x = 0, .ofs_y = -1},
    {.bitmap_index = 13419, .adv_w = 224, .box_w = 13, .box_h = 12, .ofs_x = 1, .ofs_y = -1},
    {.bitmap_index = 13439, .adv_w = 224, .box_w = 13, .box_h = 13, .ofs_x = 0, .ofs_y = -1},
    {.bitmap_index = 13461, .adv_w = 224, .box_w = 13, .box_h = 13, .ofs_x = 0, .ofs_y = -1},
    {.bitmap_index = 13483, .adv_w = 224, .box_w = 13, .box_h = 13, .ofs_x = 0, .ofs_y = -1},
    {.bitmap_index = 13505, .adv_w = 224, .box_w = 13, .box_h = 13, .ofs_x = 0, .ofs_y = -1},
    {.bitmap_index = 13527, .adv_w = 224, .box_w = 13, .box_h = 13, .ofs_x = 0, .ofs_y = -1},
    {.bitmap_index = 13549, .adv_w = 224, .box_w = 13, .box_h = 13, .ofs_x = 0, .ofs_y = -1},
    {.bitmap_index = 13571, .adv_w = 224, .box_w = 13, .box_h = 13, .ofs_x = 0, .ofs_y = -1},
    {.bitmap_index = 13593, .adv_w = 224, .box_w = 12, .box_h = 13, .ofs_x = 1, .ofs_y = -1},
    {.bitmap_index = 13613, .adv_w = 224, .box_w = 13, .box_h = 13, .ofs_x = 0, .ofs_y = -1},
    {.bitmap_index = 13635, .adv_w = 224, .box_w = 13, .box_h = 13, .ofs_x = 0, .ofs_y = -1},
    {.bitmap_index = 13657, .adv_w = 224, .box_w = 12, .box_h = 13, .ofs_x = 1, .ofs_y = -1},
    {.bitmap_index = 13677, .adv_w = 224, .box_w = 12, .box_h = 13, .ofs_x = 1, .ofs_y = -1},
    {.bitmap_index = 13697, .adv_w = 224, .box_w = 12, .box_h = 13, .ofs_x = 1, .ofs_y = -1},
    {.bitmap_index = 13717, .adv_w = 224, .box_w = 13, .box_h = 12, .ofs_x = 0, .ofs_y = -1},
    {.bitmap_index = 13737, .adv_w = 224, .box_w = 13, .box_h = 13, .ofs_x = 0, .ofs_y = -1},
    {.bitmap_index = 13759, .adv_w = 224, .box_w = 13, .box_h = 12, .ofs_x = 1, .ofs_y = -1},
    {.bitmap_index = 13779, .adv_w = 224, .box_w = 13, .box_h = 13, .ofs_x = 0, .ofs_y = -1},
    {.bitmap_index = 13801, .adv_w = 224, .box_w = 13, .box_h = 13, .ofs_x = 0, .ofs_y = -1},
    {.bitmap_index = 13823, .adv_w = 224, .box_w = 13, .box_h = 13, .ofs_x = 0, .ofs_y = -2},
    {.bitmap_index = 13845, .adv_w = 224, .box_w = 12, .box_h = 13, .ofs_x = 1, .ofs_y = -1},
    {.bitmap_index = 13865, .adv_w = 224, .box_w = 13, .box_h = 13, .ofs_x = 0, .ofs_y = -1},
    {.bitmap_index = 13887, .adv_w = 224, .box_w = 13, .box_h = 12, .ofs_x = 0, .ofs_y = -1},
    {.bitmap_index = 13907, .adv_w = 224, .box_w = 12, .box_h = 13, .ofs_x = 1, .ofs_y = -1},
    {.bitmap_index = 13927, .adv_w = 224, .box_w = 13, .box_h = 13, .ofs_x = 1, .ofs_y = -1},
    {.bitmap_index = 13949, .adv_w = 224, .box_w = 12, .box_h = 13, .ofs_x = 1, .ofs_y = -1},
    {.bitmap_index = 13969, .adv_w = 224, .box_w = 12, .box_h = 13, .ofs_x = 1, .ofs_y = -1},
    {.bitmap_index = 13989, .adv_w = 224, .box_w = 13, .box_h = 13, .ofs_x = 0, .ofs_y = -1},
    {.bitmap_index = 14011, .adv_w = 224, .box_w = 13, .box_h = 14, .ofs_x = 1, .ofs_y = -2},
    {.bitmap_index = 14034, .adv_w = 224, .box_w = 13, .box_h = 13, .ofs_x = 0, .ofs_y = -1},
    {.bitmap_index = 14056, .adv_w = 224, .box_w = 13, .box_h = 14, .ofs_x = 1, .ofs_y = -2},
    {.bitmap_index = 14079, .adv_w = 224, .box_w = 13, .box_h = 14, .ofs_x = 1, .ofs_y = -2},
    {.bitmap_index = 14102, .adv_w = 224, .box_w = 13, .box_h = 13, .ofs_x = 0, .ofs_y = -1},
    {.bitmap_index = 14124, .adv_w = 224, .box_w = 13, .box_h = 13, .ofs_x = 0, .ofs_y = -1},
    {.bitmap_index = 14146, .adv_w = 224, .box_w = 13, .box_h = 12, .ofs_x = 0, .ofs_y = -1},
    {.bitmap_index = 14166, .adv_w = 224, .box_w = 12, .box_h = 13, .ofs_x = 1, .ofs_y = -1},
    {.bitmap_index = 14186, .adv_w = 224, .box_w = 13, .box_h = 13, .ofs_x = 0, .ofs_y = -1},
    {.bitmap_index = 14208, .adv_w = 224, .box_w = 13, .box_h = 12, .ofs_x = 0, .ofs_y = -1},
    {.bitmap_index = 14228, .adv_w = 224, .box_w = 12, .box_h = 13, .ofs_x = 1, .ofs_y = -1},
    {.bitmap_index = 14248, .adv_w = 224, .box_w = 13, .box_h = 13, .ofs_x = 0, .ofs_y = -1},
    {.bitmap_index = 14270, .adv_w = 224, .box_w = 13, .box_h = 13, .ofs_x = 0, .ofs_y = -1},
    {.bitmap_index = 14292, .adv_w = 224, .box_w = 13, .box_h = 12, .ofs_x = 1, .ofs_y = -1},
    {.bitmap_index = 14312, .adv_w = 224, .box_w = 13, .box_h = 13, .ofs_x = 0, .ofs_y = -1},
    {.bitmap_index = 14334, .adv_w = 224, .box_w = 12, .box_h = 13, .ofs_x = 1, .ofs_y = -1},
    {.bitmap_index = 14354, .adv_w = 224, .box_w = 13, .box_h = 13, .ofs_x = 0, .ofs_y = -1},
    {.bitmap_index = 14376, .adv_w = 224, .box_w = 13, .box_h = 13, .ofs_x = 0, .ofs_y = -1},
    {.bitmap_index = 14398, .adv_w = 224, .box_w = 13, .box_h = 13, .ofs_x = 1, .ofs_y = -1},
    {.bitmap_index = 14420, .adv_w = 224, .box_w = 13, .box_h = 13, .ofs_x = 0, .ofs_y = -1},
    {.bitmap_index = 14442, .adv_w = 224, .box_w = 13, .box_h = 11, .ofs_x = 0, .ofs_y = 0},
    {.bitmap_index = 14460, .adv_w = 224, .box_w = 13, .box_h = 12, .ofs_x = 1, .ofs_y = -1},
    {.bitmap_index = 14480, .adv_w = 224, .box_w = 13, .box_h = 12, .ofs_x = 1, .ofs_y = -1},
    {.bitmap_index = 14500, .adv_w = 224, .box_w = 13, .box_h = 12, .ofs_x = 1, .ofs_y = -1},
    {.bitmap_index = 14520, .adv_w = 224, .box_w = 13, .box_h = 13, .ofs_x = 0, .ofs_y = -1},
    {.bitmap_index = 14542, .adv_w = 224, .box_w = 14, .box_h = 13, .ofs_x = 0, .ofs_y = -1},
    {.bitmap_index = 14565, .adv_w = 224, .box_w = 13, .box_h = 13, .ofs_x = 1, .ofs_y = -1},
    {.bitmap_index = 14587, .adv_w = 224, .box_w = 13, .box_h = 12, .ofs_x = 1, .ofs_y = -1},
    {.bitmap_index = 14607, .adv_w = 224, .box_w = 12, .box_h = 13, .ofs_x = 1, .ofs_y = -1},
    {.bitmap_index = 14627, .adv_w = 224, .box_w = 12, .box_h = 13, .ofs_x = 1, .ofs_y = -1},
    {.bitmap_index = 14647, .adv_w = 224, .box_w = 12, .box_h = 12, .ofs_x = 0, .ofs_y = -1},
    {.bitmap_index = 14665, .adv_w = 224, .box_w = 11, .box_h = 13, .ofs_x = 2, .ofs_y = -1},
    {.bitmap_index = 14683, .adv_w = 224, .box_w = 11, .box_h = 13, .ofs_x = 2, .ofs_y = -1},
    {.bitmap_index = 14701, .adv_w = 224, .box_w = 11, .box_h = 12, .ofs_x = 1, .ofs_y = -1},
    {.bitmap_index = 14718, .adv_w = 224, .box_w = 14, .box_h = 12, .ofs_x = 0, .ofs_y = -1},
    {.bitmap_index = 14739, .adv_w = 224, .box_w = 12, .box_h = 13, .ofs_x = 1, .ofs_y = -1},
    {.bitmap_index = 14759, .adv_w = 224, .box_w = 13, .box_h = 13, .ofs_x = 1, .ofs_y = -1},
    {.bitmap_index = 14781, .adv_w = 224, .box_w = 13, .box_h = 13, .ofs_x = 1, .ofs_y = -1},
    {.bitmap_index = 14803, .adv_w = 224, .box_w = 12, .box_h = 13, .ofs_x = 1, .ofs_y = -1},
    {.bitmap_index = 14823, .adv_w = 224, .box_w = 13, .box_h = 14, .ofs_x = 1, .ofs_y = -2},
    {.bitmap_index = 14846, .adv_w = 224, .box_w = 13, .box_h = 13, .ofs_x = 1, .ofs_y = -1},
    {.bitmap_index = 14868, .adv_w = 224, .box_w = 13, .box_h = 14, .ofs_x = 1, .ofs_y = -2},
    {.bitmap_index = 14891, .adv_w = 224, .box_w = 10, .box_h = 12, .ofs_x = 2, .ofs_y = -1},
    {.bitmap_index = 14906, .adv_w = 224, .box_w = 12, .box_h = 13, .ofs_x = 1, .ofs_y = -1},
    {.bitmap_index = 14926, .adv_w = 224, .box_w = 12, .box_h = 13, .ofs_x = 1, .ofs_y = -1},
    {.bitmap_index = 14946, .adv_w = 224, .box_w = 14, .box_h = 13, .ofs_x = 0, .ofs_y = -1},
    {.bitmap_index = 14969, .adv_w = 224, .box_w = 13, .box_h = 13, .ofs_x = 1, .ofs_y = -1},
    {.bitmap_index = 14991, .adv_w = 224, .box_w = 9, .box_h = 12, .ofs_x = 2, .ofs_y = -1},
    {.bitmap_index = 15005, .adv_w = 224, .box_w = 13, .box_h = 13, .ofs_x = 1, .ofs_y = -1},
    {.bitmap_index = 15027, .adv_w = 224, .box_w = 12, .box_h = 13, .ofs_x = 1, .ofs_y = -1},
    {.bitmap_index = 15047, .adv_w = 224, .box_w = 12, .box_h = 12, .ofs_x = 0, .ofs_y = -1},
    {.bitmap_index = 15065, .adv_w = 224, .box_w = 12, .box_h = 12, .ofs_x = 1, .ofs_y = -1},
    {.bitmap_index = 15083, .adv_w = 224, .box_w = 12, .box_h = 13, .ofs_x = 1, .ofs_y = -1},
    {.bitmap_index = 15103, .adv_w = 224, .box_w = 13, .box_h = 12, .ofs_x = 1, .ofs_y = -1},
    {.bitmap_index = 15123, .adv_w = 224, .box_w = 13, .box_h = 13, .ofs_x = 1, .ofs_y = -1},
    {.bitmap_index = 15145, .adv_w = 224, .box_w = 13, .box_h = 12, .ofs_x = 1, .ofs_y = -1},
    {.bitmap_index = 15165, .adv_w = 224, .box_w = 13, .box_h = 13, .ofs_x = 0, .ofs_y = -1},
    {.bitmap_index = 15187, .adv_w = 224, .box_w = 12, .box_h = 13, .ofs_x = 1, .ofs_y = -1},
    {.bitmap_index = 15207, .adv_w = 224, .box_w = 12, .box_h = 13, .ofs_x = 1, .ofs_y = -1},
    {.bitmap_index = 15227, .adv_w = 224, .box_w = 12, .box_h = 13, .ofs_x = 0, .ofs_y = -1},
    {.bitmap_index = 15247, .adv_w = 224, .box_w = 13, .box_h = 13, .ofs_x = 1, .ofs_y = -1},
    {.bitmap_index = 15269, .adv_w = 224, .box_w = 13, .box_h = 12, .ofs_x = 0, .ofs_y = -1},
    {.bitmap_index = 15289, .adv_w = 224, .box_w = 12, .box_h = 12, .ofs_x = 1, .ofs_y = -1},
    {.bitmap_index = 15307, .adv_w = 224, .box_w = 12, .box_h = 13, .ofs_x = 1, .ofs_y = -1},
    {.bitmap_index = 15327, .adv_w = 224, .box_w = 13, .box_h = 12, .ofs_x = 1, .ofs_y = -1},
    {.bitmap_index = 15347, .adv_w = 224, .box_w = 12, .box_h = 13, .ofs_x = 1, .ofs_y = -1},
    {.bitmap_index = 15367, .adv_w = 224, .box_w = 13, .box_h = 12, .ofs_x = 1, .ofs_y = -1},
    {.bitmap_index = 15387, .adv_w = 224, .box_w = 13, .box_h = 13, .ofs_x = 1, .ofs_y = -1},
    {.bitmap_index = 15409, .adv_w = 224, .box_w = 12, .box_h = 12, .ofs_x = 1, .ofs_y = -1},
    {.bitmap_index = 15427, .adv_w = 224, .box_w = 13, .box_h = 13, .ofs_x = 0, .ofs_y = -1},
    {.bitmap_index = 15449, .adv_w = 224, .box_w = 12, .box_h = 13, .ofs_x = 1, .ofs_y = -1},
    {.bitmap_index = 15469, .adv_w = 224, .box_w = 13, .box_h = 13, .ofs_x = 1, .ofs_y = -1},
    {.bitmap_index = 15491, .adv_w = 224, .box_w = 12, .box_h = 13, .ofs_x = 1, .ofs_y = -1},
    {.bitmap_index = 15511, .adv_w = 224, .box_w = 13, .box_h = 13, .ofs_x = 1, .ofs_y = -1},
    {.bitmap_index = 15533, .adv_w = 224, .box_w = 12, .box_h = 13, .ofs_x = 1, .ofs_y = -1},
    {.bitmap_index = 15553, .adv_w = 224, .box_w = 13, .box_h = 12, .ofs_x = 1, .ofs_y = -1},
    {.bitmap_index = 15573, .adv_w = 224, .box_w = 13, .box_h = 12, .ofs_x = 1, .ofs_y = -1},
    {.bitmap_index = 15593, .adv_w = 224, .box_w = 12, .box_h = 13, .ofs_x = 1, .ofs_y = -1},
    {.bitmap_index = 15613, .adv_w = 224, .box_w = 13, .box_h = 13, .ofs_x = 1, .ofs_y = -1},
    {.bitmap_index = 15635, .adv_w = 224, .box_w = 12, .box_h = 13, .ofs_x = 1, .ofs_y = -1},
    {.bitmap_index = 15655, .adv_w = 224, .box_w = 12, .box_h = 13, .ofs_x = 1, .ofs_y = -1},
    {.bitmap_index = 15675, .adv_w = 224, .box_w = 12, .box_h = 13, .ofs_x = 1, .ofs_y = -1},
    {.bitmap_index = 15695, .adv_w = 224, .box_w = 12, .box_h = 13, .ofs_x = 1, .ofs_y = -1},
    {.bitmap_index = 15715, .adv_w = 224, .box_w = 12, .box_h = 13, .ofs_x = 1, .ofs_y = -1},
    {.bitmap_index = 15735, .adv_w = 224, .box_w = 13, .box_h = 13, .ofs_x = 1, .ofs_y = -1},
    {.bitmap_index = 15757, .adv_w = 224, .box_w = 13, .box_h = 13, .ofs_x = 1, .ofs_y = -1},
    {.bitmap_index = 15779, .adv_w = 224, .box_w = 12, .box_h = 13, .ofs_x = 1, .ofs_y = -1},
    {.bitmap_index = 15799, .adv_w = 224, .box_w = 13, .box_h = 12, .ofs_x = 1, .ofs_y = -1},
    {.bitmap_index = 15819, .adv_w = 224, .box_w = 12, .box_h = 12, .ofs_x = 1, .ofs_y = -1},
    {.bitmap_index = 15837, .adv_w = 224, .box_w = 13, .box_h = 13, .ofs_x = 0, .ofs_y = -1},
    {.bitmap_index = 15859, .adv_w = 224, .box_w = 13, .box_h = 13, .ofs_x = 1, .ofs_y = -1},
    {.bitmap_index = 15881, .adv_w = 224, .box_w = 12, .box_h = 13, .ofs_x = 1, .ofs_y = -1},
    {.bitmap_index = 15901, .adv_w = 224, .box_w = 13, .box_h = 13, .ofs_x = 1, .ofs_y = -1},
    {.bitmap_index = 15923, .adv_w = 224, .box_w = 12, .box_h = 13, .ofs_x = 1, .ofs_y = -1},
    {.bitmap_index = 15943, .adv_w = 224, .box_w = 13, .box_h = 13, .ofs_x = 0, .ofs_y = -1},
    {.bitmap_index = 15965, .adv_w = 224, .box_w = 12, .box_h = 13, .ofs_x = 1, .ofs_y = -1},
    {.bitmap_index = 15985, .adv_w = 224, .box_w = 12, .box_h = 13, .ofs_x = 1, .ofs_y = -1},
    {.bitmap_index = 16005, .adv_w = 224, .box_w = 12, .box_h = 14, .ofs_x = 1, .ofs_y = -2},
    {.bitmap_index = 16026, .adv_w = 224, .box_w = 13, .box_h = 13, .ofs_x = 1, .ofs_y = -1},
    {.bitmap_index = 16048, .adv_w = 224, .box_w = 13, .box_h = 13, .ofs_x = 1, .ofs_y = -1},
    {.bitmap_index = 16070, .adv_w = 224, .box_w = 13, .box_h = 13, .ofs_x = 1, .ofs_y = -1},
    {.bitmap_index = 16092, .adv_w = 224, .box_w = 13, .box_h = 13, .ofs_x = 1, .ofs_y = -1},
    {.bitmap_index = 16114, .adv_w = 224, .box_w = 13, .box_h = 13, .ofs_x = 1, .ofs_y = -1},
    {.bitmap_index = 16136, .adv_w = 224, .box_w = 12, .box_h = 13, .ofs_x = 1, .ofs_y = -1},
    {.bitmap_index = 16156, .adv_w = 224, .box_w = 12, .box_h = 13, .ofs_x = 1, .ofs_y = -1},
    {.bitmap_index = 16176, .adv_w = 224, .box_w = 12, .box_h = 13, .ofs_x = 1, .ofs_y = -1},
    {.bitmap_index = 16196, .adv_w = 224, .box_w = 12, .box_h = 13, .ofs_x = 1, .ofs_y = -1},
    {.bitmap_index = 16216, .adv_w = 224, .box_w = 13, .box_h = 13, .ofs_x = 1, .ofs_y = -1},
    {.bitmap_index = 16238, .adv_w = 224, .box_w = 12, .box_h = 12, .ofs_x = 1, .ofs_y = -1},
    {.bitmap_index = 16256, .adv_w = 224, .box_w = 13, .box_h = 11, .ofs_x = 1, .ofs_y = 0},
    {.bitmap_index = 16274, .adv_w = 224, .box_w = 12, .box_h = 13, .ofs_x = 1, .ofs_y = -1},
    {.bitmap_index = 16294, .adv_w = 224, .box_w = 13, .box_h = 13, .ofs_x = 0, .ofs_y = -1},
    {.bitmap_index = 16316, .adv_w = 224, .box_w = 13, .box_h = 13, .ofs_x = 1, .ofs_y = -1},
    {.bitmap_index = 16338, .adv_w = 224, .box_w = 13, .box_h = 13, .ofs_x = 0, .ofs_y = -1},
    {.bitmap_index = 16360, .adv_w = 224, .box_w = 13, .box_h = 13, .ofs_x = 0, .ofs_y = -1},
    {.bitmap_index = 16382, .adv_w = 224, .box_w = 13, .box_h = 13, .ofs_x = 0, .ofs_y = -1},
    {.bitmap_index = 16404, .adv_w = 224, .box_w = 13, .box_h = 13, .ofs_x = 0, .ofs_y = -1},
    {.bitmap_index = 16426, .adv_w = 224, .box_w = 14, .box_h = 14, .ofs_x = 0, .ofs_y = -2},
    {.bitmap_index = 16451, .adv_w = 224, .box_w = 13, .box_h = 13, .ofs_x = 0, .ofs_y = -1},
    {.bitmap_index = 16473, .adv_w = 224, .box_w = 12, .box_h = 13, .ofs_x = 1, .ofs_y = -1},
    {.bitmap_index = 16493, .adv_w = 224, .box_w = 13, .box_h = 13, .ofs_x = 1, .ofs_y = -1},
    {.bitmap_index = 16515, .adv_w = 224, .box_w = 13, .box_h = 13, .ofs_x = 0, .ofs_y = -1},
    {.bitmap_index = 16537, .adv_w = 224, .box_w = 13, .box_h = 13, .ofs_x = 1, .ofs_y = -1},
    {.bitmap_index = 16559, .adv_w = 224, .box_w = 14, .box_h = 13, .ofs_x = 0, .ofs_y = -1},
    {.bitmap_index = 16582, .adv_w = 224, .box_w = 13, .box_h = 13, .ofs_x = 0, .ofs_y = -1},
    {.bitmap_index = 16604, .adv_w = 224, .box_w = 13, .box_h = 12, .ofs_x = 1, .ofs_y = 0},
    {.bitmap_index = 16624, .adv_w = 224, .box_w = 13, .box_h = 13, .ofs_x = 0, .ofs_y = -1},
    {.bitmap_index = 16646, .adv_w = 224, .box_w = 13, .box_h = 13, .ofs_x = 0, .ofs_y = -1},
    {.bitmap_index = 16668, .adv_w = 224, .box_w = 13, .box_h = 13, .ofs_x = 1, .ofs_y = -1},
    {.bitmap_index = 16690, .adv_w = 224, .box_w = 13, .box_h = 13, .ofs_x = 0, .ofs_y = -1},
    {.bitmap_index = 16712, .adv_w = 224, .box_w = 13, .box_h = 13, .ofs_x = 1, .ofs_y = -1},
    {.bitmap_index = 16734, .adv_w = 224, .box_w = 14, .box_h = 13, .ofs_x = 0, .ofs_y = -1},
    {.bitmap_index = 16757, .adv_w = 224, .box_w = 12, .box_h = 14, .ofs_x = 1, .ofs_y = -2},
    {.bitmap_index = 16778, .adv_w = 224, .box_w = 12, .box_h = 13, .ofs_x = 1, .ofs_y = -1},
    {.bitmap_index = 16798, .adv_w = 224, .box_w = 12, .box_h = 13, .ofs_x = 1, .ofs_y = -1},
    {.bitmap_index = 16818, .adv_w = 224, .box_w = 13, .box_h = 12, .ofs_x = 0, .ofs_y = -1},
    {.bitmap_index = 16838, .adv_w = 224, .box_w = 12, .box_h = 12, .ofs_x = 1, .ofs_y = -1},
    {.bitmap_index = 16856, .adv_w = 224, .box_w = 12, .box_h = 12, .ofs_x = 1, .ofs_y = -1},
    {.bitmap_index = 16874, .adv_w = 224, .box_w = 12, .box_h = 12, .ofs_x = 1, .ofs_y = -1},
    {.bitmap_index = 16892, .adv_w = 224, .box_w = 12, .box_h = 13, .ofs_x = 1, .ofs_y = -1},
    {.bitmap_index = 16912, .adv_w = 224, .box_w = 13, .box_h = 13, .ofs_x = 1, .ofs_y = -1},
    {.bitmap_index = 16934, .adv_w = 224, .box_w = 12, .box_h = 13, .ofs_x = 1, .ofs_y = -1},
    {.bitmap_index = 16954, .adv_w = 224, .box_w = 13, .box_h = 12, .ofs_x = 1, .ofs_y = -1},
    {.bitmap_index = 16974, .adv_w = 224, .box_w = 13, .box_h = 13, .ofs_x = 0, .ofs_y = -1},
    {.bitmap_index = 16996, .adv_w = 224, .box_w = 12, .box_h = 13, .ofs_x = 1, .ofs_y = -1},
    {.bitmap_index = 17016, .adv_w = 224, .box_w = 13, .box_h = 12, .ofs_x = 1, .ofs_y = -1},
    {.bitmap_index = 17036, .adv_w = 224, .box_w = 13, .box_h = 12, .ofs_x = 1, .ofs_y = -1},
    {.bitmap_index = 17056, .adv_w = 224, .box_w = 13, .box_h = 13, .ofs_x = 0, .ofs_y = -1},
    {.bitmap_index = 17078, .adv_w = 224, .box_w = 12, .box_h = 12, .ofs_x = 1, .ofs_y = -1},
    {.bitmap_index = 17096, .adv_w = 224, .box_w = 13, .box_h = 12, .ofs_x = 1, .ofs_y = -1},
    {.bitmap_index = 17116, .adv_w = 224, .box_w = 13, .box_h = 13, .ofs_x = 0, .ofs_y = -1},
    {.bitmap_index = 17138, .adv_w = 224, .box_w = 13, .box_h = 12, .ofs_x = 1, .ofs_y = -1},
    {.bitmap_index = 17158, .adv_w = 224, .box_w = 13, .box_h = 12, .ofs_x = 1, .ofs_y = -1},
    {.bitmap_index = 17178, .adv_w = 224, .box_w = 13, .box_h = 13, .ofs_x = 0, .ofs_y = -1},
    {.bitmap_index = 17200, .adv_w = 224, .box_w = 14, .box_h = 13, .ofs_x = 0, .ofs_y = -1},
    {.bitmap_index = 17223, .adv_w = 224, .box_w = 13, .box_h = 13, .ofs_x = 1, .ofs_y = -1},
    {.bitmap_index = 17245, .adv_w = 224, .box_w = 13, .box_h = 13, .ofs_x = 0, .ofs_y = -1},
    {.bitmap_index = 17267, .adv_w = 224, .box_w = 14, .box_h = 13, .ofs_x = 0, .ofs_y = -1},
    {.bitmap_index = 17290, .adv_w = 224, .box_w = 13, .box_h = 13, .ofs_x = 0, .ofs_y = -1},
    {.bitmap_index = 17312, .adv_w = 224, .box_w = 13, .box_h = 13, .ofs_x = 0, .ofs_y = -1},
    {.bitmap_index = 17334, .adv_w = 224, .box_w = 13, .box_h = 13, .ofs_x = 0, .ofs_y = -1},
    {.bitmap_index = 17356, .adv_w = 224, .box_w = 13, .box_h = 12, .ofs_x = 0, .ofs_y = -1},
    {.bitmap_index = 17376, .adv_w = 224, .box_w = 14, .box_h = 13, .ofs_x = 0, .ofs_y = -1},
    {.bitmap_index = 17399, .adv_w = 224, .box_w = 13, .box_h = 13, .ofs_x = 0, .ofs_y = -1},
    {.bitmap_index = 17421, .adv_w = 224, .box_w = 10, .box_h = 13, .ofs_x = 2, .ofs_y = -1},
    {.bitmap_index = 17438, .adv_w = 224, .box_w = 12, .box_h = 12, .ofs_x = 1, .ofs_y = -1},
    {.bitmap_index = 17456, .adv_w = 224, .box_w = 13, .box_h = 14, .ofs_x = 1, .ofs_y = -2},
    {.bitmap_index = 17479, .adv_w = 224, .box_w = 13, .box_h = 13, .ofs_x = 1, .ofs_y = -1},
    {.bitmap_index = 17501, .adv_w = 224, .box_w = 14, .box_h = 13, .ofs_x = 0, .ofs_y = -1},
    {.bitmap_index = 17524, .adv_w = 224, .box_w = 14, .box_h = 13, .ofs_x = 0, .ofs_y = -1},
    {.bitmap_index = 17547, .adv_w = 224, .box_w = 12, .box_h = 13, .ofs_x = 2, .ofs_y = -2},
    {.bitmap_index = 17567, .adv_w = 224, .box_w = 13, .box_h = 13, .ofs_x = 0, .ofs_y = -1},
    {.bitmap_index = 17589, .adv_w = 224, .box_w = 12, .box_h = 13, .ofs_x = 1, .ofs_y = -1},
    {.bitmap_index = 17609, .adv_w = 224, .box_w = 12, .box_h = 13, .ofs_x = 1, .ofs_y = -1},
    {.bitmap_index = 17629, .adv_w = 224, .box_w = 12, .box_h = 13, .ofs_x = 1, .ofs_y = -1},
    {.bitmap_index = 17649, .adv_w = 224, .box_w = 12, .box_h = 13, .ofs_x = 1, .ofs_y = -1},
    {.bitmap_index = 17669, .adv_w = 224, .box_w = 12, .box_h = 13, .ofs_x = 1, .ofs_y = -1},
    {.bitmap_index = 17689, .adv_w = 224, .box_w = 12, .box_h = 13, .ofs_x = 1, .ofs_y = -1},
    {.bitmap_index = 17709, .adv_w = 224, .box_w = 12, .box_h = 13, .ofs_x = 1, .ofs_y = -1},
    {.bitmap_index = 17729, .adv_w = 224, .box_w = 12, .box_h = 13, .ofs_x = 1, .ofs_y = -1},
    {.bitmap_index = 17749, .adv_w = 224, .box_w = 13, .box_h = 13, .ofs_x = 0, .ofs_y = -1},
    {.bitmap_index = 17771, .adv_w = 224, .box_w = 13, .box_h = 13, .ofs_x = 0, .ofs_y = -1},
    {.bitmap_index = 17793, .adv_w = 224, .box_w = 12, .box_h = 13, .ofs_x = 1, .ofs_y = -1},
    {.bitmap_index = 17813, .adv_w = 224, .box_w = 12, .box_h = 13, .ofs_x = 1, .ofs_y = -1},
    {.bitmap_index = 17833, .adv_w = 224, .box_w = 12, .box_h = 13, .ofs_x = 1, .ofs_y = -1},
    {.bitmap_index = 17853, .adv_w = 224, .box_w = 12, .box_h = 13, .ofs_x = 1, .ofs_y = -1},
    {.bitmap_index = 17873, .adv_w = 224, .box_w = 12, .box_h = 13, .ofs_x = 1, .ofs_y = -1},
    {.bitmap_index = 17893, .adv_w = 224, .box_w = 12, .box_h = 13, .ofs_x = 1, .ofs_y = -1},
    {.bitmap_index = 17913, .adv_w = 224, .box_w = 12, .box_h = 13, .ofs_x = 1, .ofs_y = -1},
    {.bitmap_index = 17933, .adv_w = 224, .box_w = 12, .box_h = 13, .ofs_x = 1, .ofs_y = -1},
    {.bitmap_index = 17953, .adv_w = 224, .box_w = 13, .box_h = 13, .ofs_x = 0, .ofs_y = -1},
    {.bitmap_index = 17975, .adv_w = 224, .box_w = 12, .box_h = 13, .ofs_x = 1, .ofs_y = -1},
    {.bitmap_index = 17995, .adv_w = 224, .box_w = 12, .box_h = 13, .ofs_x = 1, .ofs_y = -1},
    {.bitmap_index = 18015, .adv_w = 224, .box_w = 13, .box_h = 13, .ofs_x = 1, .ofs_y = -1},
    {.bitmap_index = 18037, .adv_w = 224, .box_w = 13, .box_h = 13, .ofs_x = 1, .ofs_y = -2},
    {.bitmap_index = 18059, .adv_w = 224, .box_w = 14, .box_h = 12, .ofs_x = 0, .ofs_y = -1},
    {.bitmap_index = 18080, .adv_w = 224, .box_w = 13, .box_h = 13, .ofs_x = 1, .ofs_y = -1},
    {.bitmap_index = 18102, .adv_w = 224, .box_w = 13, .box_h = 13, .ofs_x = 0, .ofs_y = -1},
    {.bitmap_index = 18124, .adv_w = 224, .box_w = 13, .box_h = 13, .ofs_x = 1, .ofs_y = -1},
    {.bitmap_index = 18146, .adv_w = 224, .box_w = 13, .box_h = 13, .ofs_x = 1, .ofs_y = -1},
    {.bitmap_index = 18168, .adv_w = 224, .box_w = 13, .box_h = 13, .ofs_x = 0, .ofs_y = -1},
    {.bitmap_index = 18190, .adv_w = 224, .box_w = 12, .box_h = 14, .ofs_x = 1, .ofs_y = -2},
    {.bitmap_index = 18211, .adv_w = 224, .box_w = 12, .box_h = 13, .ofs_x = 1, .ofs_y = -1},
    {.bitmap_index = 18231, .adv_w = 224, .box_w = 13, .box_h = 13, .ofs_x = 1, .ofs_y = -1},
    {.bitmap_index = 18253, .adv_w = 224, .box_w = 13, .box_h = 13, .ofs_x = 0, .ofs_y = -1},
    {.bitmap_index = 18275, .adv_w = 224, .box_w = 13, .box_h = 14, .ofs_x = 0, .ofs_y = -2},
    {.bitmap_index = 18298, .adv_w = 224, .box_w = 12, .box_h = 12, .ofs_x = 1, .ofs_y = -1},
    {.bitmap_index = 18316, .adv_w = 224, .box_w = 12, .box_h = 12, .ofs_x = 1, .ofs_y = -1},
    {.bitmap_index = 18334, .adv_w = 224, .box_w = 12, .box_h = 12, .ofs_x = 1, .ofs_y = -1},
    {.bitmap_index = 18352, .adv_w = 224, .box_w = 13, .box_h = 12, .ofs_x = 1, .ofs_y = -1},
    {.bitmap_index = 18372, .adv_w = 224, .box_w = 13, .box_h = 12, .ofs_x = 0, .ofs_y = -1},
    {.bitmap_index = 18392, .adv_w = 224, .box_w = 13, .box_h = 13, .ofs_x = 1, .ofs_y = -1},
    {.bitmap_index = 18414, .adv_w = 224, .box_w = 13, .box_h = 13, .ofs_x = 1, .ofs_y = -1},
    {.bitmap_index = 18436, .adv_w = 224, .box_w = 12, .box_h = 12, .ofs_x = 1, .ofs_y = -1},
    {.bitmap_index = 18454, .adv_w = 224, .box_w = 12, .box_h = 13, .ofs_x = 1, .ofs_y = -1},
    {.bitmap_index = 18474, .adv_w = 224, .box_w = 13, .box_h = 13, .ofs_x = 0, .ofs_y = -1},
    {.bitmap_index = 18496, .adv_w = 224, .box_w = 13, .box_h = 13, .ofs_x = 0, .ofs_y = -1},
    {.bitmap_index = 18518, .adv_w = 224, .box_w = 13, .box_h = 13, .ofs_x = 1, .ofs_y = -1},
    {.bitmap_index = 18540, .adv_w = 224, .box_w = 12, .box_h = 13, .ofs_x = 1, .ofs_y = -1},
    {.bitmap_index = 18560, .adv_w = 224, .box_w = 13, .box_h = 14, .ofs_x = 1, .ofs_y = -2},
    {.bitmap_index = 18583, .adv_w = 224, .box_w = 13, .box_h = 13, .ofs_x = 1, .ofs_y = -1},
    {.bitmap_index = 18605, .adv_w = 224, .box_w = 12, .box_h = 13, .ofs_x = 1, .ofs_y = -1},
    {.bitmap_index = 18625, .adv_w = 224, .box_w = 13, .box_h = 13, .ofs_x = 1, .ofs_y = -1},
    {.bitmap_index = 18647, .adv_w = 224, .box_w = 13, .box_h = 12, .ofs_x = 1, .ofs_y = -1},
    {.bitmap_index = 18667, .adv_w = 224, .box_w = 13, .box_h = 12, .ofs_x = 1, .ofs_y = -1},
    {.bitmap_index = 18687, .adv_w = 224, .box_w = 13, .box_h = 12, .ofs_x = 1, .ofs_y = -1},
    {.bitmap_index = 18707, .adv_w = 224, .box_w = 12, .box_h = 12, .ofs_x = 1, .ofs_y = -1},
    {.bitmap_index = 18725, .adv_w = 224, .box_w = 13, .box_h = 13, .ofs_x = 1, .ofs_y = -1},
    {.bitmap_index = 18747, .adv_w = 224, .box_w = 12, .box_h = 12, .ofs_x = 1, .ofs_y = -1},
    {.bitmap_index = 18765, .adv_w = 224, .box_w = 12, .box_h = 12, .ofs_x = 1, .ofs_y = -1},
    {.bitmap_index = 18783, .adv_w = 224, .box_w = 13, .box_h = 13, .ofs_x = 1, .ofs_y = -1},
    {.bitmap_index = 18805, .adv_w = 224, .box_w = 13, .box_h = 12, .ofs_x = 1, .ofs_y = -1},
    {.bitmap_index = 18825, .adv_w = 224, .box_w = 12, .box_h = 14, .ofs_x = 1, .ofs_y = -2},
    {.bitmap_index = 18846, .adv_w = 224, .box_w = 13, .box_h = 13, .ofs_x = 1, .ofs_y = -1},
    {.bitmap_index = 18868, .adv_w = 224, .box_w = 13, .box_h = 12, .ofs_x = 1, .ofs_y = -1},
    {.bitmap_index = 18888, .adv_w = 224, .box_w = 13, .box_h = 13, .ofs_x = 1, .ofs_y = -1},
    {.bitmap_index = 18910, .adv_w = 224, .box_w = 12, .box_h = 13, .ofs_x = 1, .ofs_y = -1},
    {.bitmap_index = 18930, .adv_w = 224, .box_w = 13, .box_h = 13, .ofs_x = 1, .ofs_y = -1},
    {.bitmap_index = 18952, .adv_w = 224, .box_w = 12, .box_h = 12, .ofs_x = 1, .ofs_y = -1},
    {.bitmap_index = 18970, .adv_w = 224, .box_w = 13, .box_h = 13, .ofs_x = 1, .ofs_y = -1},
    {.bitmap_index = 18992, .adv_w = 224, .box_w = 13, .box_h = 14, .ofs_x = 1, .ofs_y = -2},
    {.bitmap_index = 19015, .adv_w = 224, .box_w = 13, .box_h = 13, .ofs_x = 0, .ofs_y = -1},
    {.bitmap_index = 19037, .adv_w = 224, .box_w = 12, .box_h = 12, .ofs_x = 1, .ofs_y = -1},
    {.bitmap_index = 19055, .adv_w = 224, .box_w = 13, .box_h = 13, .ofs_x = 0, .ofs_y = -1},
    {.bitmap_index = 19077, .adv_w = 224, .box_w = 12, .box_h = 12, .ofs_x = 1, .ofs_y = -1},
    {.bitmap_index = 19095, .adv_w = 224, .box_w = 12, .box_h = 13, .ofs_x = 1, .ofs_y = -1},
    {.bitmap_index = 19115, .adv_w = 224, .box_w = 12, .box_h = 13, .ofs_x = 1, .ofs_y = -1},
    {.bitmap_index = 19135, .adv_w = 224, .box_w = 13, .box_h = 13, .ofs_x = 0, .ofs_y = -1},
    {.bitmap_index = 19157, .adv_w = 224, .box_w = 12, .box_h = 13, .ofs_x = 1, .ofs_y = -1},
    {.bitmap_index = 19177, .adv_w = 224, .box_w = 14, .box_h = 13, .ofs_x = 0, .ofs_y = -1},
    {.bitmap_index = 19200, .adv_w = 224, .box_w = 13, .box_h = 13, .ofs_x = 1, .ofs_y = -1},
    {.bitmap_index = 19222, .adv_w = 224, .box_w = 13, .box_h = 13, .ofs_x = 0, .ofs_y = -1},
    {.bitmap_index = 19244, .adv_w = 224, .box_w = 12, .box_h = 13, .ofs_x = 1, .ofs_y = -1},
    {.bitmap_index = 19264, .adv_w = 224, .box_w = 13, .box_h = 13, .ofs_x = 1, .ofs_y = -1},
    {.bitmap_index = 19286, .adv_w = 224, .box_w = 13, .box_h = 13, .ofs_x = 1, .ofs_y = -1},
    {.bitmap_index = 19308, .adv_w = 224, .box_w = 13, .box_h = 13, .ofs_x = 1, .ofs_y = -1},
    {.bitmap_index = 19330, .adv_w = 224, .box_w = 13, .box_h = 12, .ofs_x = 0, .ofs_y = -1},
    {.bitmap_index = 19350, .adv_w = 224, .box_w = 13, .box_h = 13, .ofs_x = 0, .ofs_y = -1},
    {.bitmap_index = 19372, .adv_w = 224, .box_w = 13, .box_h = 12, .ofs_x = 0, .ofs_y = -1},
    {.bitmap_index = 19392, .adv_w = 224, .box_w = 13, .box_h = 12, .ofs_x = 0, .ofs_y = -1},
    {.bitmap_index = 19412, .adv_w = 224, .box_w = 13, .box_h = 12, .ofs_x = 0, .ofs_y = -1},
    {.bitmap_index = 19432, .adv_w = 224, .box_w = 13, .box_h = 13, .ofs_x = 0, .ofs_y = -1},
    {.bitmap_index = 19454, .adv_w = 224, .box_w = 13, .box_h = 13, .ofs_x = 0, .ofs_y = -1},
    {.bitmap_index = 19476, .adv_w = 224, .box_w = 14, .box_h = 13, .ofs_x = 0, .ofs_y = -1},
    {.bitmap_index = 19499, .adv_w = 224, .box_w = 13, .box_h = 13, .ofs_x = 0, .ofs_y = -1},
    {.bitmap_index = 19521, .adv_w = 224, .box_w = 12, .box_h = 12, .ofs_x = 1, .ofs_y = -1},
    {.bitmap_index = 19539, .adv_w = 224, .box_w = 13, .box_h = 13, .ofs_x = 1, .ofs_y = -1},
    {.bitmap_index = 19561, .adv_w = 224, .box_w = 13, .box_h = 13, .ofs_x = 1, .ofs_y = -1},
    {.bitmap_index = 19583, .adv_w = 224, .box_w = 13, .box_h = 13, .ofs_x = 1, .ofs_y = -1},
    {.bitmap_index = 19605, .adv_w = 224, .box_w = 12, .box_h = 13, .ofs_x = 1, .ofs_y = -1},
    {.bitmap_index = 19625, .adv_w = 224, .box_w = 13, .box_h = 12, .ofs_x = 1, .ofs_y = -1},
    {.bitmap_index = 19645, .adv_w = 224, .box_w = 13, .box_h = 13, .ofs_x = 1, .ofs_y = -1},
    {.bitmap_index = 19667, .adv_w = 224, .box_w = 13, .box_h = 13, .ofs_x = 1, .ofs_y = -1},
    {.bitmap_index = 19689, .adv_w = 224, .box_w = 13, .box_h = 13, .ofs_x = 0, .ofs_y = -1},
    {.bitmap_index = 19711, .adv_w = 224, .box_w = 13, .box_h = 13, .ofs_x = 1, .ofs_y = -1},
    {.bitmap_index = 19733, .adv_w = 224, .box_w = 12, .box_h = 13, .ofs_x = 1, .ofs_y = -1},
    {.bitmap_index = 19753, .adv_w = 224, .box_w = 13, .box_h = 12, .ofs_x = 1, .ofs_y = -1},
    {.bitmap_index = 19773, .adv_w = 224, .box_w = 13, .box_h = 13, .ofs_x = 1, .ofs_y = -1},
    {.bitmap_index = 19795, .adv_w = 224, .box_w = 13, .box_h = 13, .ofs_x = 0, .ofs_y = -1},
    {.bitmap_index = 19817, .adv_w = 224, .box_w = 13, .box_h = 13, .ofs_x = 0, .ofs_y = -1},
    {.bitmap_index = 19839, .adv_w = 224, .box_w = 13, .box_h = 13, .ofs_x = 1, .ofs_y = -1},
    {.bitmap_index = 19861, .adv_w = 224, .box_w = 12, .box_h = 13, .ofs_x = 1, .ofs_y = -1},
    {.bitmap_index = 19881, .adv_w = 224, .box_w = 13, .box_h = 12, .ofs_x = 1, .ofs_y = -1},
    {.bitmap_index = 19901, .adv_w = 224, .box_w = 13, .box_h = 12, .ofs_x = 0, .ofs_y = -1},
    {.bitmap_index = 19921, .adv_w = 224, .box_w = 13, .box_h = 13, .ofs_x = 0, .ofs_y = -1},
    {.bitmap_index = 19943, .adv_w = 224, .box_w = 13, .box_h = 13, .ofs_x = 1, .ofs_y = -1},
    {.bitmap_index = 19965, .adv_w = 224, .box_w = 13, .box_h = 12, .ofs_x = 1, .ofs_y = -1},
    {.bitmap_index = 19985, .adv_w = 224, .box_w = 13, .box_h = 13, .ofs_x = 0, .ofs_y = -1},
    {.bitmap_index = 20007, .adv_w = 224, .box_w = 13, .box_h = 12, .ofs_x = 0, .ofs_y = -1},
    {.bitmap_index = 20027, .adv_w = 224, .box_w = 13, .box_h = 13, .ofs_x = 1, .ofs_y = -1},
    {.bitmap_index = 20049, .adv_w = 224, .box_w = 13, .box_h = 13, .ofs_x = 1, .ofs_y = -1},
    {.bitmap_index = 20071, .adv_w = 224, .box_w = 13, .box_h = 12, .ofs_x = 0, .ofs_y = -1},
    {.bitmap_index = 20091, .adv_w = 224, .box_w = 13, .box_h = 12, .ofs_x = 1, .ofs_y = -1},
    {.bitmap_index = 20111, .adv_w = 224, .box_w = 13, .box_h = 13, .ofs_x = 1, .ofs_y = -1},
    {.bitmap_index = 20133, .adv_w = 224, .box_w = 14, .box_h = 12, .ofs_x = 1, .ofs_y = -1},
    {.bitmap_index = 20154, .adv_w = 224, .box_w = 13, .box_h = 12, .ofs_x = 1, .ofs_y = -1},
    {.bitmap_index = 20174, .adv_w = 224, .box_w = 13, .box_h = 12, .ofs_x = 0, .ofs_y = -1},
    {.bitmap_index = 20194, .adv_w = 224, .box_w = 12, .box_h = 13, .ofs_x = 1, .ofs_y = -1},
    {.bitmap_index = 20214, .adv_w = 224, .box_w = 13, .box_h = 13, .ofs_x = 0, .ofs_y = -1},
    {.bitmap_index = 20236, .adv_w = 224, .box_w = 13, .box_h = 13, .ofs_x = 1, .ofs_y = -1},
    {.bitmap_index = 20258, .adv_w = 224, .box_w = 13, .box_h = 13, .ofs_x = 0, .ofs_y = -1},
    {.bitmap_index = 20280, .adv_w = 224, .box_w = 12, .box_h = 12, .ofs_x = 1, .ofs_y = -1},
    {.bitmap_index = 20298, .adv_w = 224, .box_w = 12, .box_h = 13, .ofs_x = 1, .ofs_y = -1},
    {.bitmap_index = 20318, .adv_w = 224, .box_w = 12, .box_h = 13, .ofs_x = 1, .ofs_y = -1},
    {.bitmap_index = 20338, .adv_w = 224, .box_w = 13, .box_h = 13, .ofs_x = 1, .ofs_y = -1},
    {.bitmap_index = 20360, .adv_w = 224, .box_w = 12, .box_h = 12, .ofs_x = 1, .ofs_y = -1},
    {.bitmap_index = 20378, .adv_w = 224, .box_w = 12, .box_h = 13, .ofs_x = 1, .ofs_y = -1},
    {.bitmap_index = 20398, .adv_w = 224, .box_w = 13, .box_h = 12, .ofs_x = 1, .ofs_y = -1},
    {.bitmap_index = 20418, .adv_w = 224, .box_w = 12, .box_h = 13, .ofs_x = 1, .ofs_y = -1},
    {.bitmap_index = 20438, .adv_w = 224, .box_w = 12, .box_h = 13, .ofs_x = 1, .ofs_y = -1},
    {.bitmap_index = 20458, .adv_w = 224, .box_w = 13, .box_h = 12, .ofs_x = 1, .ofs_y = -1},
    {.bitmap_index = 20478, .adv_w = 224, .box_w = 13, .box_h = 13, .ofs_x = 0, .ofs_y = -1},
    {.bitmap_index = 20500, .adv_w = 224, .box_w = 13, .box_h = 12, .ofs_x = 0, .ofs_y = -1},
    {.bitmap_index = 20520, .adv_w = 224, .box_w = 14, .box_h = 13, .ofs_x = 0, .ofs_y = -1},
    {.bitmap_index = 20543, .adv_w = 224, .box_w = 12, .box_h = 13, .ofs_x = 1, .ofs_y = -1},
    {.bitmap_index = 20563, .adv_w = 224, .box_w = 12, .box_h = 13, .ofs_x = 1, .ofs_y = -1},
    {.bitmap_index = 20583, .adv_w = 224, .box_w = 12, .box_h = 13, .ofs_x = 1, .ofs_y = -1},
    {.bitmap_index = 20603, .adv_w = 224, .box_w = 13, .box_h = 13, .ofs_x = 1, .ofs_y = -1},
    {.bitmap_index = 20625, .adv_w = 224, .box_w = 13, .box_h = 13, .ofs_x = 1, .ofs_y = -1},
    {.bitmap_index = 20647, .adv_w = 224, .box_w = 12, .box_h = 13, .ofs_x = 1, .ofs_y = -1},
    {.bitmap_index = 20667, .adv_w = 224, .box_w = 14, .box_h = 13, .ofs_x = 0, .ofs_y = -1},
    {.bitmap_index = 20690, .adv_w = 224, .box_w = 13, .box_h = 13, .ofs_x = 1, .ofs_y = -1},
    {.bitmap_index = 20712, .adv_w = 224, .box_w = 13, .box_h = 13, .ofs_x = 1, .ofs_y = -1},
    {.bitmap_index = 20734, .adv_w = 224, .box_w = 12, .box_h = 13, .ofs_x = 1, .ofs_y = -1},
    {.bitmap_index = 20754, .adv_w = 224, .box_w = 13, .box_h = 13, .ofs_x = 1, .ofs_y = -1},
    {.bitmap_index = 20776, .adv_w = 224, .box_w = 12, .box_h = 13, .ofs_x = 1, .ofs_y = -1},
    {.bitmap_index = 20796, .adv_w = 224, .box_w = 12, .box_h = 12, .ofs_x = 1, .ofs_y = -1},
    {.bitmap_index = 20814, .adv_w = 224, .box_w = 12, .box_h = 13, .ofs_x = 1, .ofs_y = -1},
    {.bitmap_index = 20834, .adv_w = 224, .box_w = 11, .box_h = 13, .ofs_x = 1, .ofs_y = -1},
    {.bitmap_index = 20852, .adv_w = 224, .box_w = 12, .box_h = 12, .ofs_x = 1, .ofs_y = -1},
    {.bitmap_index = 20870, .adv_w = 224, .box_w = 11, .box_h = 13, .ofs_x = 1, .ofs_y = -1},
    {.bitmap_index = 20888, .adv_w = 224, .box_w = 12, .box_h = 13, .ofs_x = 1, .ofs_y = -1},
    {.bitmap_index = 20908, .adv_w = 224, .box_w = 12, .box_h = 13, .ofs_x = 1, .ofs_y = -1},
    {.bitmap_index = 20928, .adv_w = 224, .box_w = 12, .box_h = 13, .ofs_x = 1, .ofs_y = -1},
    {.bitmap_index = 20948, .adv_w = 224, .box_w = 12, .box_h = 13, .ofs_x = 1, .ofs_y = -1},
    {.bitmap_index = 20968, .adv_w = 224, .box_w = 12, .box_h = 12, .ofs_x = 1, .ofs_y = -1},
    {.bitmap_index = 20986, .adv_w = 224, .box_w = 12, .box_h = 13, .ofs_x = 1, .ofs_y = -1},
    {.bitmap_index = 21006, .adv_w = 224, .box_w = 12, .box_h = 13, .ofs_x = 1, .ofs_y = -1},
    {.bitmap_index = 21026, .adv_w = 224, .box_w = 12, .box_h = 12, .ofs_x = 1, .ofs_y = -1},
    {.bitmap_index = 21044, .adv_w = 224, .box_w = 12, .box_h = 13, .ofs_x = 1, .ofs_y = -1},
    {.bitmap_index = 21064, .adv_w = 224, .box_w = 12, .box_h = 12, .ofs_x = 1, .ofs_y = -1},
    {.bitmap_index = 21082, .adv_w = 224, .box_w = 13, .box_h = 13, .ofs_x = 1, .ofs_y = -1},
    {.bitmap_index = 21104, .adv_w = 224, .box_w = 12, .box_h = 12, .ofs_x = 1, .ofs_y = -1},
    {.bitmap_index = 21122, .adv_w = 224, .box_w = 13, .box_h = 13, .ofs_x = 1, .ofs_y = -1},
    {.bitmap_index = 21144, .adv_w = 224, .box_w = 12, .box_h = 12, .ofs_x = 1, .ofs_y = -1},
    {.bitmap_index = 21162, .adv_w = 224, .box_w = 12, .box_h = 13, .ofs_x = 1, .ofs_y = -1},
    {.bitmap_index = 21182, .adv_w = 224, .box_w = 12, .box_h = 13, .ofs_x = 1, .ofs_y = -1},
    {.bitmap_index = 21202, .adv_w = 224, .box_w = 13, .box_h = 12, .ofs_x = 1, .ofs_y = -1},
    {.bitmap_index = 21222, .adv_w = 224, .box_w = 13, .box_h = 12, .ofs_x = 1, .ofs_y = -1},
    {.bitmap_index = 21242, .adv_w = 224, .box_w = 13, .box_h = 12, .ofs_x = 1, .ofs_y = -1},
    {.bitmap_index = 21262, .adv_w = 224, .box_w = 14, .box_h = 12, .ofs_x = 0, .ofs_y = -1},
    {.bitmap_index = 21283, .adv_w = 224, .box_w = 12, .box_h = 12, .ofs_x = 1, .ofs_y = -1},
    {.bitmap_index = 21301, .adv_w = 224, .box_w = 12, .box_h = 12, .ofs_x = 1, .ofs_y = -1},
    {.bitmap_index = 21319, .adv_w = 224, .box_w = 12, .box_h = 12, .ofs_x = 1, .ofs_y = -1},
    {.bitmap_index = 21337, .adv_w = 224, .box_w = 13, .box_h = 13, .ofs_x = 1, .ofs_y = -1},
    {.bitmap_index = 21359, .adv_w = 224, .box_w = 12, .box_h = 13, .ofs_x = 1, .ofs_y = -1},
    {.bitmap_index = 21379, .adv_w = 224, .box_w = 12, .box_h = 13, .ofs_x = 1, .ofs_y = -1},
    {.bitmap_index = 21399, .adv_w = 224, .box_w = 12, .box_h = 12, .ofs_x = 1, .ofs_y = -1},
    {.bitmap_index = 21417, .adv_w = 224, .box_w = 12, .box_h = 13, .ofs_x = 1, .ofs_y = -1},
    {.bitmap_index = 21437, .adv_w = 224, .box_w = 12, .box_h = 13, .ofs_x = 1, .ofs_y = -2},
    {.bitmap_index = 21457, .adv_w = 224, .box_w = 13, .box_h = 13, .ofs_x = 1, .ofs_y = -2},
    {.bitmap_index = 21479, .adv_w = 224, .box_w = 13, .box_h = 12, .ofs_x = 1, .ofs_y = -1},
    {.bitmap_index = 21499, .adv_w = 224, .box_w = 14, .box_h = 12, .ofs_x = 0, .ofs_y = -1},
    {.bitmap_index = 21520, .adv_w = 224, .box_w = 13, .box_h = 12, .ofs_x = 0, .ofs_y = -1},
    {.bitmap_index = 21540, .adv_w = 224, .box_w = 13, .box_h = 12, .ofs_x = 0, .ofs_y = -1},
    {.bitmap_index = 21560, .adv_w = 224, .box_w = 13, .box_h = 12, .ofs_x = 1, .ofs_y = -1},
    {.bitmap_index = 21580, .adv_w = 224, .box_w = 13, .box_h = 13, .ofs_x = 1, .ofs_y = -1},
    {.bitmap_index = 21602, .adv_w = 224, .box_w = 13, .box_h = 13, .ofs_x = 1, .ofs_y = -1},
    {.bitmap_index = 21624, .adv_w = 224, .box_w = 13, .box_h = 12, .ofs_x = 1, .ofs_y = -1},
    {.bitmap_index = 21644, .adv_w = 224, .box_w = 13, .box_h = 12, .ofs_x = 1, .ofs_y = -1},
    {.bitmap_index = 21664, .adv_w = 224, .box_w = 14, .box_h = 12, .ofs_x = 0, .ofs_y = -1},
    {.bitmap_index = 21685, .adv_w = 224, .box_w = 12, .box_h = 12, .ofs_x = 1, .ofs_y = -1},
    {.bitmap_index = 21703, .adv_w = 224, .box_w = 14, .box_h = 13, .ofs_x = 0, .ofs_y = -1},
    {.bitmap_index = 21726, .adv_w = 224, .box_w = 14, .box_h = 14, .ofs_x = 0, .ofs_y = -2},
    {.bitmap_index = 21751, .adv_w = 224, .box_w = 13, .box_h = 13, .ofs_x = 1, .ofs_y = -1},
    {.bitmap_index = 21773, .adv_w = 224, .box_w = 13, .box_h = 13, .ofs_x = 0, .ofs_y = -1},
    {.bitmap_index = 21795, .adv_w = 224, .box_w = 13, .box_h = 13, .ofs_x = 0, .ofs_y = -1},
    {.bitmap_index = 21817, .adv_w = 224, .box_w = 13, .box_h = 13, .ofs_x = 0, .ofs_y = -1},
    {.bitmap_index = 21839, .adv_w = 224, .box_w = 13, .box_h = 13, .ofs_x = 0, .ofs_y = -1},
    {.bitmap_index = 21861, .adv_w = 224, .box_w = 13, .box_h = 13, .ofs_x = 0, .ofs_y = -1},
    {.bitmap_index = 21883, .adv_w = 224, .box_w = 12, .box_h = 13, .ofs_x = 1, .ofs_y = -1},
    {.bitmap_index = 21903, .adv_w = 224, .box_w = 11, .box_h = 12, .ofs_x = 1, .ofs_y = -1},
    {.bitmap_index = 21920, .adv_w = 224, .box_w = 13, .box_h = 12, .ofs_x = 0, .ofs_y = -1},
    {.bitmap_index = 21940, .adv_w = 224, .box_w = 12, .box_h = 13, .ofs_x = 1, .ofs_y = -1},
    {.bitmap_index = 21960, .adv_w = 224, .box_w = 12, .box_h = 12, .ofs_x = 1, .ofs_y = -1},
    {.bitmap_index = 21978, .adv_w = 224, .box_w = 13, .box_h = 13, .ofs_x = 0, .ofs_y = -1},
    {.bitmap_index = 22000, .adv_w = 224, .box_w = 13, .box_h = 13, .ofs_x = 0, .ofs_y = -1},
    {.bitmap_index = 22022, .adv_w = 224, .box_w = 13, .box_h = 14, .ofs_x = 1, .ofs_y = -2},
    {.bitmap_index = 22045, .adv_w = 224, .box_w = 12, .box_h = 12, .ofs_x = 1, .ofs_y = -1},
    {.bitmap_index = 22063, .adv_w = 224, .box_w = 14, .box_h = 14, .ofs_x = 0, .ofs_y = -2},
    {.bitmap_index = 22088, .adv_w = 224, .box_w = 12, .box_h = 13, .ofs_x = 1, .ofs_y = -1},
    {.bitmap_index = 22108, .adv_w = 224, .box_w = 12, .box_h = 13, .ofs_x = 1, .ofs_y = -1},
    {.bitmap_index = 22128, .adv_w = 224, .box_w = 4, .box_h = 13, .ofs_x = 10, .ofs_y = -1},
    {.bitmap_index = 22135, .adv_w = 224, .box_w = 4, .box_h = 13, .ofs_x = 0, .ofs_y = -1}
};

/*---------------------
 *  CHARACTER MAPPING
 *--------------------*/

static const uint16_t unicode_list_1[] = {
    0x0, 0x1f6f, 0x2f59, 0x2f5a, 0x4d49, 0x4d4a, 0x4d50, 0x4d52,
    0x4d53, 0x4d54, 0x4d56, 0x4d57, 0x4d5a, 0x4d5c, 0x4d5d, 0x4d5f,
    0x4d65, 0x4d6b, 0x4d6d, 0x4d6e, 0x4d73, 0x4d76, 0x4d7b, 0x4d7d,
    0x4d83, 0x4d84, 0x4d87, 0x4d8e, 0x4d91, 0x4d92, 0x4d94, 0x4d9f,
    0x4da1, 0x4da8, 0x4da9, 0x4dba, 0x4dcf, 0x4dd4, 0x4dd5, 0x4dd7,
    0x4dda, 0x4ddd, 0x4dea, 0x4ded, 0x4df0, 0x4df7, 0x4dfb, 0x4e03,
    0x4e09, 0x4e10, 0x4e13, 0x4e17, 0x4e1c, 0x4e1d, 0x4e1f, 0x4e2c,
    0x4e2d, 0x4e2e, 0x4e35, 0x4e3f, 0x4e44, 0x4e46, 0x4e5a, 0x4e61,
    0x4e63, 0x4e6d, 0x4e7d, 0x4e8f, 0x4e96, 0x4e97, 0x4e98, 0x4e9c,
    0x4e9e, 0x4ea2, 0x4ea5, 0x4ea9, 0x4ec8, 0x4ed4, 0x4ee6, 0x4f08,
    0x4f26, 0x4f2a, 0x4f32, 0x4f56, 0x4f5b, 0x4f62, 0x4f85, 0x4f87,
    0x4f98, 0x4fa3, 0x4fae, 0x4fbf, 0x4fc0, 0x5004, 0x5018, 0x508a,
    0x508e, 0x5091, 0x5092, 0x5094, 0x5096, 0x50a3, 0x50a5, 0x50ae,
    0x50b1, 0x50b5, 0x50ba, 0x50bc, 0x50bd, 0x50bf, 0x50c0, 0x50c1,
    0x50c4, 0x50ce, 0x50d5, 0x50d6, 0x50db, 0x50e2, 0x50e9, 0x50f9,
    0x50fb, 0x50fc, 0x5100, 0x5118, 0x5126, 0x5129, 0x512a, 0x5136,
    0x513f, 0x5143, 0x5144, 0x5146, 0x5149, 0x514f, 0x5150, 0x5160,
    0x5162, 0x5163, 0x5164, 0x5166, 0x5169, 0x516d, 0x5172, 0x5174,
    0x5179, 0x517f, 0x5180, 0x5184, 0x5196, 0x51b2, 0x51b3, 0x51b8,
    0x51e4, 0x51e7, 0x51e8, 0x51e9, 0x51ea, 0x51f1, 0x51f3, 0x51fa,
    0x524e, 0x525f, 0x5282, 0x5283, 0x5284, 0x5290, 0x5293, 0x529e,
    0x52a9, 0x52aa, 0x52bc, 0x52d4, 0x52d5, 0x52e8, 0x5304, 0x530b,
    0x5311, 0x5312, 0x5313, 0x5315, 0x5316, 0x531a, 0x531f, 0x5320,
    0x5321, 0x5329, 0x532c, 0x532d, 0x532e, 0x532f, 0x5333, 0x5334,
    0x5338, 0x5339, 0x533c, 0x533f, 0x5340, 0x5346, 0x534c, 0x534d,
    0x5351, 0x5353, 0x5355, 0x5356, 0x5357, 0x535a, 0x5360, 0x536f,
    0x5370, 0x5375, 0x5378, 0x537e, 0x5381, 0x5382, 0x5389, 0x538f,
    0x5393, 0x53a0, 0x53a5, 0x53ab, 0x53b1, 0x53ba, 0x53bb, 0x53c5,
    0x53c6, 0x53d5, 0x53de, 0x53df, 0x53f3, 0x53fc, 0x540d, 0x5410,
    0x5411, 0x5416, 0x541b, 0x5428, 0x542f, 0x5432, 0x5433, 0x5436,
    0x5445, 0x545d, 0x546d, 0x5493, 0x54aa, 0x54af, 0x54c7, 0x54cb,
    0x54dd, 0x54e5, 0x54e6, 0x5538, 0x5557, 0x5564, 0x557d, 0x5584,
    0x5588, 0x55a5, 0x55b1, 0x55b3, 0x5627, 0x5629, 0x562b, 0x563d,
    0x5643, 0x5647, 0x564f, 0x5651, 0x5668, 0x5671, 0x5679, 0x5687,
    0x5689, 0x5690, 0x5698, 0x5699, 0x56a0, 0x56cb, 0x56cc, 0x56d4,
    0x5728, 0x5742, 0x5743, 0x57a7, 0x57b4, 0x57cc, 0x5834, 0x5839,
    0x583c, 0x584d, 0x5850, 0x5856, 0x585f, 0x5863, 0x5865, 0x5868,
    0x5870, 0x5872, 0x5873, 0x587a, 0x587d, 0x5881, 0x5890, 0x5894,
    0x5898, 0x589a, 0x589f, 0x58a0, 0x58bf, 0x58c6, 0x58cb, 0x5914,
    0x591d, 0x5950, 0x5a32, 0x5a99, 0x5aa0, 0x5aa1, 0x5aad, 0x5aaf,
    0x5abe, 0x5acc, 0x5ad0, 0x5ad1, 0x5ad2, 0x5ad5, 0x5ad8, 0x5ae2,
    0x5ae3, 0x5ae6, 0x5ae7, 0x5ae9, 0x5afc, 0x5aff, 0x5b06, 0x5b08,
    0x5b0b, 0x5b27, 0x5b28, 0x5b41, 0x5b42, 0x5b4a, 0x5b4d, 0x5b4f,
    0x5b58, 0x5b5a, 0x5b5d, 0x5b5f, 0x5b63, 0x5b66, 0x5b7a, 0x5b83,
    0x5b86, 0x5b87, 0x5b89, 0x5b8b, 0x5b8e, 0x5b91, 0x5b98, 0x5b9e,
    0x5ba7, 0x5bae, 0x5bf2, 0x5c72, 0x5d2e, 0x5d2f, 0x5d37, 0x5d3a,
    0x5d3b, 0x5d3d, 0x5d47, 0x5d4c, 0x5d51, 0x5d6f, 0x5d70, 0x5d77,
    0x5d81, 0x5d86, 0x5d9e, 0x5dbc, 0x5dbd, 0x5dbf, 0x5dc1, 0x5dc5,
    0x5dc6, 0x5dc8, 0x5dcf, 0x5dd3, 0x5dd8, 0x5ddc, 0x5ddd, 0x5dde,
    0x5def, 0x5e00, 0x5e1c, 0x5e43, 0x5e49, 0x5e4b, 0x5e58, 0x5e5e,
    0x5e69, 0x5e70, 0x5e78, 0x5e7a, 0x5e83, 0x5e9b, 0x5e9c, 0x5e9e,
    0x5eab, 0x5eb2, 0x5eba, 0x5eca, 0x5ece, 0x5ed1, 0x5ee0, 0x5ef3,
    0x5ef7, 0x5f0c, 0x5f0e, 0x5f0f, 0x5f20, 0x5f21, 0x5f34, 0x5f46,
    0x5f49, 0x5f4a, 0x5f57, 0x5f5e, 0x5f6e, 0x5f70, 0x5f84, 0x5fab,
    0x5fb8, 0x5fbf, 0x5ffb, 0x600e, 0x6032, 0x6038, 0x603c, 0x6042,
    0x6051, 0x6058, 0x6068, 0x6088, 0x60ab, 0x60b9, 0x6107, 0x610b,
    0x6158, 0x6159, 0x615a, 0x615f, 0x6161, 0x617d, 0x6180, 0x6189,
    0x618a, 0x6194, 0x6196, 0x619a, 0x619c, 0x61ac, 0x61b0, 0x61b2,
    0x61b4, 0x61b9, 0x61c7, 0x61d3, 0x61f4, 0x61fa, 0x6206, 0x620e,
    0x620f, 0x6212, 0x621f, 0x6228, 0x6232, 0x6240, 0x6248, 0x624a,
    0x6250, 0x6252, 0x625a, 0x6283, 0x62a8, 0x62ab, 0x62b7, 0x62d2,
    0x62db, 0x62ee, 0x62f0, 0x62f1, 0x6318, 0x6319, 0x631b, 0x63c1,
    0x63db, 0x63f6, 0x63f7, 0x6416, 0x642f, 0x647f, 0x6482, 0x6484,
    0x6487, 0x648e, 0x6491, 0x64a2, 0x64a4, 0x64ac, 0x64b9, 0x64bd,
    0x64d0, 0x64da, 0x64e0, 0x64e5, 0x64f6, 0x64f9, 0x6502, 0x6529,
    0x652e, 0x6530, 0x653f, 0x6557, 0x6568, 0x6569, 0x6571, 0x6578,
    0x6587, 0x659e, 0x65a3, 0x65b7, 0x65b8, 0x65b9, 0x65cb, 0x65df,
    0x663d, 0x6648, 0x6649, 0x6651, 0x6652, 0x6656, 0x6664, 0x6668,
    0x6671, 0x6673, 0x6675, 0x667e, 0x6683, 0x6689, 0x668c, 0x6698,
    0x66a8, 0x66aa, 0x66ae, 0x66b8, 0x66c7, 0x66c8, 0x66ca, 0x66cd,
    0x66e0, 0x66e3, 0x66e5, 0x671c, 0x671d, 0x6729, 0x672e, 0x6750,
    0x6751, 0x675a, 0x6780, 0x6781, 0x6782, 0x6785, 0x678c, 0x678f,
    0x6791, 0x67ac, 0x67ef, 0x6809, 0x681b, 0x6837, 0x6876, 0x68cb,
    0x696a, 0x6973, 0x697a, 0x69a2, 0x6a6a, 0x6a6b, 0x6a83, 0x6a92,
    0x6a95, 0x6aac, 0x6aad, 0x6aae, 0x6ac4, 0x6ad3, 0x6afe, 0x6b18,
    0x6b1b, 0x6b1d, 0x6b24, 0x6b34, 0x6b5d, 0x6b7d, 0x6b81, 0x6ba0,
    0x6ba9, 0x6bd2, 0x6be2, 0x6bea, 0x6bfc, 0x6c02, 0x6c04, 0x6c1e,
    0x6c2a, 0x6c2b, 0x6c31, 0x6c33, 0x6c45, 0x6c4a, 0x6c54, 0x6c84,
    0x6c8a, 0x6c94, 0x6c9a, 0x6cb7, 0x6cc0, 0x6cd1, 0x6d2a, 0x6d3a,
    0x6d4e, 0x6d59, 0x6d72, 0x6d7b, 0x6d81, 0x6dcc, 0x6deb, 0x6e23,
    0x6e2a, 0x6e3d, 0x6e4b, 0x6ee5, 0x6fb4, 0x6fb9, 0x6ff6, 0x7002,
    0x7011, 0x702f, 0x7036, 0x706f, 0x7079, 0x707f, 0x70b0, 0x70e8,
    0x714f, 0x717a, 0x7190, 0x7191, 0x7195, 0x71a2, 0x71b2, 0x71c2,
    0x71ff, 0x7235, 0x7274, 0x72d0, 0x72d4, 0x72f2, 0x72f8, 0x72f9,
    0x7316, 0x7329, 0x734c, 0x734f, 0x743f, 0x7468, 0x7471, 0x747a,
    0x747e, 0x7484, 0x7495, 0x74a2, 0x74ae, 0x74e0, 0x750e, 0x751e,
    0x7524, 0x756f, 0x75c6, 0x75cd, 0x75cf, 0x75f7, 0x761f, 0x7637,
    0x763d, 0x7641, 0x7652, 0x7654, 0x7668, 0x7669, 0x7678, 0x7685,
    0x7689, 0x76a4, 0x76aa, 0x772e, 0x7736, 0x773c, 0x774a, 0x7789,
    0x77b5, 0x77b7, 0x77d6, 0x77f9, 0x7883, 0x78d8, 0x7904, 0x790a,
    0x7916, 0x791b, 0x7939, 0x7944, 0x7954, 0x7956, 0x797c, 0x79c3,
    0x79ca, 0x79e0, 0x7a14, 0x7a1f, 0x7a22, 0x7a38, 0x7a5a, 0x7a6f,
    0x7a71, 0x7a75, 0x7a92, 0x7ac7, 0x7ac9, 0x7ae0, 0x7aea, 0x7b88,
    0x7bbc, 0x7bc4, 0x7bd2, 0x7bdb, 0x7c07, 0x7c13, 0x7c1f, 0x7c44,
    0x7c69, 0x7c6b, 0x7c70, 0x7c74, 0x7c78, 0x7deb, 0x7def, 0x7df0,
    0x7df8, 0x7e02, 0x7e08, 0x7e0d, 0x7e0f, 0x7e11, 0x7e18, 0x7e1c,
    0x7e21, 0x7e22, 0x7e25, 0x7e26, 0x7e28, 0x7e30, 0x7e33, 0x7e36,
    0x7e3c, 0x7e3d, 0x7e48, 0x7e49, 0x7e5c, 0x7e5f, 0x7e61, 0x7e72,
    0x7e9a, 0x7ea3, 0x7eb7, 0x7ed7, 0x7f0e, 0x7f44, 0x7f45, 0x7f4a,
    0x7f4e, 0x7f55, 0x7f56, 0x7f60, 0x7f7c, 0x7f7f, 0x7f93, 0x7f95,
    0x7f9d, 0x7fe3, 0x7feb, 0x8015, 0x801f, 0x8025, 0x8046, 0x804f,
    0x8063, 0x8081, 0x8087, 0x80c9, 0x8133, 0x813c, 0x813d, 0x8155,
    0x815b, 0x817a, 0x81b8, 0x81bb, 0x81cb, 0x81fa, 0x822e, 0x822f,
    0x824c, 0x8292, 0x82ac, 0x82b8, 0x82c0, 0x82dc, 0x8300, 0x8325,
    0x834d, 0x836e, 0x8386, 0x83aa, 0x8426, 0x84cd, 0x8518, 0x859a,
    0x85a3, 0x85b4, 0x85c6, 0x8614, 0x8624, 0x86bd, 0x86bf, 0x8795,
    0x87ae, 0x87b1, 0x87b9, 0x87f4, 0x880b, 0x880e, 0x88c8, 0x88ca,
    0x88cf, 0x890a, 0x890b, 0x890d, 0x890f, 0x8912, 0x891b, 0x892c,
    0x892f, 0x8949, 0x8aea, 0x8aed, 0x8af1, 0x8af2, 0x8af9, 0x8b01,
    0x8b03, 0x8b07, 0x8b08, 0x8b0a, 0x8b16, 0x8b1a, 0x8b1e, 0x8b26,
    0x8b2e, 0x8b2f, 0x8b36, 0x8b3d, 0x8b40, 0x8b44, 0x8b4c, 0x8b4e,
    0x8b51, 0x8b6b, 0x8b8f, 0x8baa, 0x8c66, 0x8c68, 0x8c6c, 0x8c6e,
    0x8c7e, 0x8c95, 0x8c9f, 0x8cab, 0x8cb9, 0x8cc0, 0x8cce, 0x8cd3,
    0x8cfc, 0x8d1a, 0x8d26, 0x8d28, 0x8d31, 0x8d38, 0x8d3c, 0x8d3f,
    0x8daf, 0x8df4, 0x8eb1, 0x8eb7, 0x8eb8, 0x8ecc, 0x8eda, 0x8edc,
    0x8ef1, 0x8f02, 0x8f07, 0x8f10, 0x8f19, 0x8f1a, 0x8f1d, 0x8f21,
    0x8f22, 0x8f24, 0x8f25, 0x8f27, 0x8f42, 0x8f46, 0x8f49, 0x8f4a,
    0x8f4b, 0x8f52, 0x8f58, 0x8f59, 0x8f63, 0x8f68, 0x8f84, 0x8f90,
    0x8f96, 0x8f9c, 0x8fa0, 0x8fbe, 0x8fc8, 0x8fec, 0x9004, 0x9031,
    0x9046, 0x9096, 0x90ba, 0x90db, 0x9110, 0x9113, 0x9115, 0x9116,
    0x9118, 0x911a, 0x93d1, 0x93e8, 0x93eb, 0x93f7, 0x943f, 0x9443,
    0x944a, 0x9462, 0x9477, 0x9478, 0x94a5, 0x94c8, 0x9533, 0x9536,
    0x9537, 0x953b, 0x953d, 0x9542, 0x9551, 0x9568, 0x957b, 0x957d,
    0x957e, 0x957f, 0x9584, 0x958d, 0x958e, 0x958f, 0x9599, 0x95ad,
    0x95b2, 0x95b3, 0x95d8, 0x95d9, 0x95dd, 0x9607, 0x963f, 0x9640,
    0x9649, 0x9665, 0x96a2, 0x96a7, 0x96a9, 0x96ab, 0x973c, 0x97be,
    0x97bf, 0x97c2, 0x97c3, 0x97c4, 0x97c7, 0x97cd, 0x97d3, 0x97da,
    0x97e0, 0x97e1, 0x9817, 0x9827, 0x9828, 0x9859, 0x98ae, 0x98b6,
    0x98b9, 0x98ba, 0x98bb, 0x98c8, 0x98e2, 0x99cb, 0x99d5, 0x9a21,
    0x9a4c, 0x9def, 0x9e04, 0x9e0d, 0x9e1a, 0x9e21, 0x9ec8, 0x9ee2,
    0xfe51, 0xfe52
};

/*Collect the unicode lists and glyph_id offsets*/
static const lv_font_fmt_txt_cmap_t cmaps[] =
{
    {
        .range_start = 32, .range_length = 95, .glyph_id_start = 1,
        .unicode_list = NULL, .glyph_id_ofs_list = NULL, .list_length = 0, .type = LV_FONT_FMT_TXT_CMAP_FORMAT0_TINY
    },
    {
        .range_start = 183, .range_length = 65107, .glyph_id_start = 96,
        .unicode_list = unicode_list_1, .glyph_id_ofs_list = NULL, .list_length = 1042, .type = LV_FONT_FMT_TXT_CMAP_SPARSE_TINY
    }
};



/*--------------------
 *  ALL CUSTOM DATA
 *--------------------*/

#if LVGL_VERSION_MAJOR == 8
/*Store all the custom data of the font*/
static  lv_font_fmt_txt_glyph_cache_t cache;
#endif

#if LVGL_VERSION_MAJOR >= 8
static const lv_font_fmt_txt_dsc_t font_dsc = {
#else
static lv_font_fmt_txt_dsc_t font_dsc = {
#endif
    .glyph_bitmap = glyph_bitmap,
    .glyph_dsc = glyph_dsc,
    .cmaps = cmaps,
    .kern_dsc = NULL,
    .kern_scale = 0,
    .cmap_num = 2,
    .bpp = 1,
    .kern_classes = 0,
    .bitmap_format = 0,
#if LVGL_VERSION_MAJOR == 8
    .cache = &cache
#endif
};



/*-----------------
 *  PUBLIC FONT
 *----------------*/

/*Initialize a public general font descriptor*/
#if LVGL_VERSION_MAJOR >= 8
const lv_font_t yygz_font_12 = {
#else
lv_font_t yygz_font_12 = {
#endif
    .get_glyph_dsc = lv_font_get_glyph_dsc_fmt_txt,    /*Function pointer to get glyph's data*/
    .get_glyph_bitmap = lv_font_get_bitmap_fmt_txt,    /*Function pointer to get glyph's bitmap*/
    .line_height = 16,          /*The maximum line height required by the font*/
    .base_line = 3,             /*Baseline measured from the bottom of the line*/
#if !(LVGL_VERSION_MAJOR == 6 && LVGL_VERSION_MINOR == 0)
    .subpx = LV_FONT_SUBPX_NONE,
#endif
#if LV_VERSION_CHECK(7, 4, 0) || LVGL_VERSION_MAJOR >= 8
    .underline_position = -1,
    .underline_thickness = 1,
#endif
    .dsc = &font_dsc,          /*The custom font data. Will be accessed by `get_glyph_bitmap/dsc` */
#if LV_VERSION_CHECK(8, 2, 0) || LVGL_VERSION_MAJOR >= 9
    .fallback = NULL,
#endif
    .user_data = NULL,
};



#endif /*#if YYGZ_FONT_12*/

